data_snapshot;analista;area;xp_exposicao;conhecimento_k;aprendizado_marginal;conhecimento_total_area;share_conhecimento;contribuicao_hhi;cenario;n_analistas_cenario;execucao
2026-01-01 09:00:00;Jacó;Concorrencial;0,0;0,15519807333141483;0,009256481174413592;1,0863865133199038;0,14285714285714288;0,020408163265306128;cenario_2_concentrado_societario;7;cenario_2_concentrado_societario_7_analistas
2026-01-01 09:00:00;Jacó;Contencioso;0,0;0,15519807333141483;0,009256481174413592;1,0863865133199038;0,14285714285714288;0,020408163265306128;cenario_2_concentrado_societario;7;cenario_2_concentrado_societario_7_analistas
2026-01-01 09:00:00;Jacó;Contratos;0,0;0,15519807333141483;0,009256481174413592;1,0863865133199038;0,14285714285714288;0,020408163265306128;cenario_2_concentrado_societario;7;cenario_2_concentrado_societario_7_analistas
2026-01-01 09:00:00;Jacó;Direito digital;0,0;0,15519807333141483;0,009256481174413592;1,0863865133199038;0,14285714285714288;0,020408163265306128;cenario_2_concentrado_societario;7;cenario_2_concentrado_societario_7_analistas
2026-01-01 09:00:00;Jacó;Direito financeiro;0,0;0,15519807333141483;0,009256481174413592;1,0863865133199038;0,14285714285714288;0,020408163265306128;cenario_2_concentrado_societario;7;cenario_2_concentrado_societario_7_analistas
2026-01-01 09:00:00;Jacó;Governança;0,0;0,15519807333141483;0,009256481174413592;1,0863865133199038;0,14285714285714288;0,020408163265306128;cenario_2_concentrado_societario;7;cenario_2_concentrado_societario_7_analistas
2026-01-01 09:00:00;Jacó;Propriedade intelectual;0,0;0,15519807333141483;0,009256481174413592;1,0863865133199038;0,14285714285714288;0,020408163265306128;cenario_2_concentrado_societario;7;cenario_2_concentrado_societario_7_analistas
2026-01-01 09:00:00;Jacó;Regulatório;0,0;0,15519807333141483;0,009256481174413592;1,0863865133199038;0,14285714285714288;0,020408163265306128;cenario_2_concentrado_societario;7;cenario_2_concentrado_societario_7_analistas
2026-01-01 09:00:00;Jacó;Societário;0,0;0,15519807333141483;0,009256481174413592;1,0863865133199038;0,14285714285714288;0,020408163265306128;cenario_2_concentrado_societario;7;cenario_2_concentrado_societario_7_analistas
2026-01-01 09:00:00;Jacó;Trabalhista;0,0;0,15519807333141483;0,009256481174413592;1,0863865133199038;0,14285714285714288;0,020408163265306128;cenario_2_concentrado_societario;7;cenario_2_concentrado_societario_7_analistas
2026-01-01 09:00:00;Jacó;Tributário;0,0;0,15519807333141483;0,009256481174413592;1,0863865133199038;0,14285714285714288;0,020408163265306128;cenario_2_concentrado_societario;7;cenario_2_concentrado_societario_7_analistas
2026-01-01 09:00:00;Eva;Concorrencial;0,0;0,15519807333141483;0,009256481174413592;1,0863865133199038;0,14285714285714288;0,020408163265306128;cenario_2_concentrado_societario;7;cenario_2_concentrado_societario_7_analistas
2026-01-01 09:00:00;Eva;Contencioso;0,0;0,15519807333141483;0,009256481174413592;1,0863865133199038;0,14285714285714288;0,020408163265306128;cenario_2_concentrado_societario;7;cenario_2_concentrado_societario_7_analistas
2026-01-01 09:00:00;Eva;Contratos;0,0;0,15519807333141483;0,009256481174413592;1,0863865133199038;0,14285714285714288;0,020408163265306128;cenario_2_concentrado_societario;7;cenario_2_concentrado_societario_7_analistas
2026-01-01 09:00:00;Eva;Direito digital;0,0;0,15519807333141483;0,009256481174413592;1,0863865133199038;0,14285714285714288;0,020408163265306128;cenario_2_concentrado_societario;7;cenario_2_concentrado_societario_7_analistas
2026-01-01 09:00:00;Eva;Direito financeiro;0,0;0,15519807333141483;0,009256481174413592;1,0863865133199038;0,14285714285714288;0,020408163265306128;cenario_2_concentrado_societario;7;cenario_2_concentrado_societario_7_analistas
2026-01-01 09:00:00;Eva;Governança;0,0;0,15519807333141483;0,009256481174413592;1,0863865133199038;0,14285714285714288;0,020408163265306128;cenario_2_concentrado_societario;7;cenario_2_concentrado_societario_7_analistas
2026-01-01 09:00:00;Eva;Propriedade intelectual;0,0;0,15519807333141483;0,009256481174413592;1,0863865133199038;0,14285714285714288;0,020408163265306128;cenario_2_concentrado_societario;7;cenario_2_concentrado_societario_7_analistas
2026-01-01 09:00:00;Eva;Regulatório;0,0;0,15519807333141483;0,009256481174413592;1,0863865133199038;0,14285714285714288;0,020408163265306128;cenario_2_concentrado_societario;7;cenario_2_concentrado_societario_7_analistas
2026-01-01 09:00:00;Eva;Societário;0,0;0,15519807333141483;0,009256481174413592;1,0863865133199038;0,14285714285714288;0,020408163265306128;cenario_2_concentrado_societario;7;cenario_2_concentrado_societario_7_analistas
2026-01-01 09:00:00;Eva;Trabalhista;0,0;0,15519807333141483;0,009256481174413592;1,0863865133199038;0,14285714285714288;0,020408163265306128;cenario_2_concentrado_societario;7;cenario_2_concentrado_societario_7_analistas
2026-01-01 09:00:00;Eva;Tributário;0,0;0,15519807333141483;0,009256481174413592;1,0863865133199038;0,14285714285714288;0,020408163265306128;cenario_2_concentrado_societario;7;cenario_2_concentrado_societario_7_analistas
2026-01-01 09:00:00;Abraão;Concorrencial;0,0;0,15519807333141483;0,009256481174413592;1,0863865133199038;0,14285714285714288;0,020408163265306128;cenario_2_concentrado_societario;7;cenario_2_concentrado_societario_7_analistas
2026-01-01 09:00:00;Abraão;Contencioso;0,0;0,15519807333141483;0,009256481174413592;1,0863865133199038;0,14285714285714288;0,020408163265306128;cenario_2_concentrado_societario;7;cenario_2_concentrado_societario_7_analistas
2026-01-01 09:00:00;Abraão;Contratos;0,0;0,15519807333141483;0,009256481174413592;1,0863865133199038;0,14285714285714288;0,020408163265306128;cenario_2_concentrado_societario;7;cenario_2_concentrado_societario_7_analistas
2026-01-01 09:00:00;Abraão;Direito digital;0,0;0,15519807333141483;0,009256481174413592;1,0863865133199038;0,14285714285714288;0,020408163265306128;cenario_2_concentrado_societario;7;cenario_2_concentrado_societario_7_analistas
2026-01-01 09:00:00;Abraão;Direito financeiro;0,0;0,15519807333141483;0,009256481174413592;1,0863865133199038;0,14285714285714288;0,020408163265306128;cenario_2_concentrado_societario;7;cenario_2_concentrado_societario_7_analistas
2026-01-01 09:00:00;Abraão;Governança;0,0;0,15519807333141483;0,009256481174413592;1,0863865133199038;0,14285714285714288;0,020408163265306128;cenario_2_concentrado_societario;7;cenario_2_concentrado_societario_7_analistas
2026-01-01 09:00:00;Abraão;Propriedade intelectual;0,0;0,15519807333141483;0,009256481174413592;1,0863865133199038;0,14285714285714288;0,020408163265306128;cenario_2_concentrado_societario;7;cenario_2_concentrado_societario_7_analistas
2026-01-01 09:00:00;Abraão;Regulatório;0,0;0,15519807333141483;0,009256481174413592;1,0863865133199038;0,14285714285714288;0,020408163265306128;cenario_2_concentrado_societario;7;cenario_2_concentrado_societario_7_analistas
2026-01-01 09:00:00;Abraão;Societário;0,0;0,15519807333141483;0,009256481174413592;1,0863865133199038;0,14285714285714288;0,020408163265306128;cenario_2_concentrado_societario;7;cenario_2_concentrado_societario_7_analistas
2026-01-01 09:00:00;Abraão;Trabalhista;0,0;0,15519807333141483;0,009256481174413592;1,0863865133199038;0,14285714285714288;0,020408163265306128;cenario_2_concentrado_societario;7;cenario_2_concentrado_societario_7_analistas
2026-01-01 09:00:00;Abraão;Tributário;0,0;0,15519807333141483;0,009256481174413592;1,0863865133199038;0,14285714285714288;0,020408163265306128;cenario_2_concentrado_societario;7;cenario_2_concentrado_societario_7_analistas
2026-01-01 09:00:00;Adão;Concorrencial;0,0;0,15519807333141483;0,009256481174413592;1,0863865133199038;0,14285714285714288;0,020408163265306128;cenario_2_concentrado_societario;7;cenario_2_concentrado_societario_7_analistas
2026-01-01 09:00:00;Adão;Contencioso;0,0;0,15519807333141483;0,009256481174413592;1,0863865133199038;0,14285714285714288;0,020408163265306128;cenario_2_concentrado_societario;7;cenario_2_concentrado_societario_7_analistas
2026-01-01 09:00:00;Adão;Contratos;0,0;0,15519807333141483;0,009256481174413592;1,0863865133199038;0,14285714285714288;0,020408163265306128;cenario_2_concentrado_societario;7;cenario_2_concentrado_societario_7_analistas
2026-01-01 09:00:00;Adão;Direito digital;0,0;0,15519807333141483;0,009256481174413592;1,0863865133199038;0,14285714285714288;0,020408163265306128;cenario_2_concentrado_societario;7;cenario_2_concentrado_societario_7_analistas
2026-01-01 09:00:00;Adão;Direito financeiro;0,0;0,15519807333141483;0,009256481174413592;1,0863865133199038;0,14285714285714288;0,020408163265306128;cenario_2_concentrado_societario;7;cenario_2_concentrado_societario_7_analistas
2026-01-01 09:00:00;Adão;Governança;0,0;0,15519807333141483;0,009256481174413592;1,0863865133199038;0,14285714285714288;0,020408163265306128;cenario_2_concentrado_societario;7;cenario_2_concentrado_societario_7_analistas
2026-01-01 09:00:00;Adão;Propriedade intelectual;0,0;0,15519807333141483;0,009256481174413592;1,0863865133199038;0,14285714285714288;0,020408163265306128;cenario_2_concentrado_societario;7;cenario_2_concentrado_societario_7_analistas
2026-01-01 09:00:00;Adão;Regulatório;0,0;0,15519807333141483;0,009256481174413592;1,0863865133199038;0,14285714285714288;0,020408163265306128;cenario_2_concentrado_societario;7;cenario_2_concentrado_societario_7_analistas
2026-01-01 09:00:00;Adão;Societário;0,0;0,15519807333141483;0,009256481174413592;1,0863865133199038;0,14285714285714288;0,020408163265306128;cenario_2_concentrado_societario;7;cenario_2_concentrado_societario_7_analistas
2026-01-01 09:00:00;Adão;Trabalhista;0,0;0,15519807333141483;0,009256481174413592;1,0863865133199038;0,14285714285714288;0,020408163265306128;cenario_2_concentrado_societario;7;cenario_2_concentrado_societario_7_analistas
2026-01-01 09:00:00;Adão;Tributário;0,0;0,15519807333141483;0,009256481174413592;1,0863865133199038;0,14285714285714288;0,020408163265306128;cenario_2_concentrado_societario;7;cenario_2_concentrado_societario_7_analistas
2026-01-01 09:00:00;Esaú;Concorrencial;0,0;0,15519807333141483;0,009256481174413592;1,0863865133199038;0,14285714285714288;0,020408163265306128;cenario_2_concentrado_societario;7;cenario_2_concentrado_societario_7_analistas
2026-01-01 09:00:00;Esaú;Contencioso;0,0;0,15519807333141483;0,009256481174413592;1,0863865133199038;0,14285714285714288;0,020408163265306128;cenario_2_concentrado_societario;7;cenario_2_concentrado_societario_7_analistas
2026-01-01 09:00:00;Esaú;Contratos;0,0;0,15519807333141483;0,009256481174413592;1,0863865133199038;0,14285714285714288;0,020408163265306128;cenario_2_concentrado_societario;7;cenario_2_concentrado_societario_7_analistas
2026-01-01 09:00:00;Esaú;Direito digital;0,0;0,15519807333141483;0,009256481174413592;1,0863865133199038;0,14285714285714288;0,020408163265306128;cenario_2_concentrado_societario;7;cenario_2_concentrado_societario_7_analistas
2026-01-01 09:00:00;Esaú;Direito financeiro;0,0;0,15519807333141483;0,009256481174413592;1,0863865133199038;0,14285714285714288;0,020408163265306128;cenario_2_concentrado_societario;7;cenario_2_concentrado_societario_7_analistas
2026-01-01 09:00:00;Esaú;Governança;0,0;0,15519807333141483;0,009256481174413592;1,0863865133199038;0,14285714285714288;0,020408163265306128;cenario_2_concentrado_societario;7;cenario_2_concentrado_societario_7_analistas
2026-01-01 09:00:00;Esaú;Propriedade intelectual;0,0;0,15519807333141483;0,009256481174413592;1,0863865133199038;0,14285714285714288;0,020408163265306128;cenario_2_concentrado_societario;7;cenario_2_concentrado_societario_7_analistas
2026-01-01 09:00:00;Esaú;Regulatório;0,0;0,15519807333141483;0,009256481174413592;1,0863865133199038;0,14285714285714288;0,020408163265306128;cenario_2_concentrado_societario;7;cenario_2_concentrado_societario_7_analistas
2026-01-01 09:00:00;Esaú;Societário;0,0;0,15519807333141483;0,009256481174413592;1,0863865133199038;0,14285714285714288;0,020408163265306128;cenario_2_concentrado_societario;7;cenario_2_concentrado_societario_7_analistas
2026-01-01 09:00:00;Esaú;Trabalhista;0,0;0,15519807333141483;0,009256481174413592;1,0863865133199038;0,14285714285714288;0,020408163265306128;cenario_2_concentrado_societario;7;cenario_2_concentrado_societario_7_analistas
2026-01-01 09:00:00;Esaú;Tributário;0,0;0,15519807333141483;0,009256481174413592;1,0863865133199038;0,14285714285714288;0,020408163265306128;cenario_2_concentrado_societario;7;cenario_2_concentrado_societario_7_analistas
2026-01-01 09:00:00;Caim;Concorrencial;0,0;0,15519807333141483;0,009256481174413592;1,0863865133199038;0,14285714285714288;0,020408163265306128;cenario_2_concentrado_societario;7;cenario_2_concentrado_societario_7_analistas
2026-01-01 09:00:00;Caim;Contencioso;0,0;0,15519807333141483;0,009256481174413592;1,0863865133199038;0,14285714285714288;0,020408163265306128;cenario_2_concentrado_societario;7;cenario_2_concentrado_societario_7_analistas
2026-01-01 09:00:00;Caim;Contratos;0,0;0,15519807333141483;0,009256481174413592;1,0863865133199038;0,14285714285714288;0,020408163265306128;cenario_2_concentrado_societario;7;cenario_2_concentrado_societario_7_analistas
2026-01-01 09:00:00;Caim;Direito digital;0,0;0,15519807333141483;0,009256481174413592;1,0863865133199038;0,14285714285714288;0,020408163265306128;cenario_2_concentrado_societario;7;cenario_2_concentrado_societario_7_analistas
2026-01-01 09:00:00;Caim;Direito financeiro;0,0;0,15519807333141483;0,009256481174413592;1,0863865133199038;0,14285714285714288;0,020408163265306128;cenario_2_concentrado_societario;7;cenario_2_concentrado_societario_7_analistas
2026-01-01 09:00:00;Caim;Governança;0,0;0,15519807333141483;0,009256481174413592;1,0863865133199038;0,14285714285714288;0,020408163265306128;cenario_2_concentrado_societario;7;cenario_2_concentrado_societario_7_analistas
2026-01-01 09:00:00;Caim;Propriedade intelectual;0,0;0,15519807333141483;0,009256481174413592;1,0863865133199038;0,14285714285714288;0,020408163265306128;cenario_2_concentrado_societario;7;cenario_2_concentrado_societario_7_analistas
2026-01-01 09:00:00;Caim;Regulatório;0,0;0,15519807333141483;0,009256481174413592;1,0863865133199038;0,14285714285714288;0,020408163265306128;cenario_2_concentrado_societario;7;cenario_2_concentrado_societario_7_analistas
2026-01-01 09:00:00;Caim;Societário;0,0;0,15519807333141483;0,009256481174413592;1,0863865133199038;0,14285714285714288;0,020408163265306128;cenario_2_concentrado_societario;7;cenario_2_concentrado_societario_7_analistas
2026-01-01 09:00:00;Caim;Trabalhista;0,0;0,15519807333141483;0,009256481174413592;1,0863865133199038;0,14285714285714288;0,020408163265306128;cenario_2_concentrado_societario;7;cenario_2_concentrado_societario_7_analistas
2026-01-01 09:00:00;Caim;Tributário;0,0;0,15519807333141483;0,009256481174413592;1,0863865133199038;0,14285714285714288;0,020408163265306128;cenario_2_concentrado_societario;7;cenario_2_concentrado_societario_7_analistas
2026-01-01 09:00:00;Davi;Concorrencial;0,0;0,15519807333141483;0,009256481174413592;1,0863865133199038;0,14285714285714288;0,020408163265306128;cenario_2_concentrado_societario;7;cenario_2_concentrado_societario_7_analistas
2026-01-01 09:00:00;Davi;Contencioso;0,0;0,15519807333141483;0,009256481174413592;1,0863865133199038;0,14285714285714288;0,020408163265306128;cenario_2_concentrado_societario;7;cenario_2_concentrado_societario_7_analistas
2026-01-01 09:00:00;Davi;Contratos;0,0;0,15519807333141483;0,009256481174413592;1,0863865133199038;0,14285714285714288;0,020408163265306128;cenario_2_concentrado_societario;7;cenario_2_concentrado_societario_7_analistas
2026-01-01 09:00:00;Davi;Direito digital;0,0;0,15519807333141483;0,009256481174413592;1,0863865133199038;0,14285714285714288;0,020408163265306128;cenario_2_concentrado_societario;7;cenario_2_concentrado_societario_7_analistas
2026-01-01 09:00:00;Davi;Direito financeiro;0,0;0,15519807333141483;0,009256481174413592;1,0863865133199038;0,14285714285714288;0,020408163265306128;cenario_2_concentrado_societario;7;cenario_2_concentrado_societario_7_analistas
2026-01-01 09:00:00;Davi;Governança;0,0;0,15519807333141483;0,009256481174413592;1,0863865133199038;0,14285714285714288;0,020408163265306128;cenario_2_concentrado_societario;7;cenario_2_concentrado_societario_7_analistas
2026-01-01 09:00:00;Davi;Propriedade intelectual;0,0;0,15519807333141483;0,009256481174413592;1,0863865133199038;0,14285714285714288;0,020408163265306128;cenario_2_concentrado_societario;7;cenario_2_concentrado_societario_7_analistas
2026-01-01 09:00:00;Davi;Regulatório;0,0;0,15519807333141483;0,009256481174413592;1,0863865133199038;0,14285714285714288;0,020408163265306128;cenario_2_concentrado_societario;7;cenario_2_concentrado_societario_7_analistas
2026-01-01 09:00:00;Davi;Societário;0,0;0,15519807333141483;0,009256481174413592;1,0863865133199038;0,14285714285714288;0,020408163265306128;cenario_2_concentrado_societario;7;cenario_2_concentrado_societario_7_analistas
2026-01-01 09:00:00;Davi;Trabalhista;0,0;0,15519807333141483;0,009256481174413592;1,0863865133199038;0,14285714285714288;0,020408163265306128;cenario_2_concentrado_societario;7;cenario_2_concentrado_societario_7_analistas
2026-01-01 09:00:00;Davi;Tributário;0,0;0,15519807333141483;0,009256481174413592;1,0863865133199038;0,14285714285714288;0,020408163265306128;cenario_2_concentrado_societario;7;cenario_2_concentrado_societario_7_analistas
2026-01-29 09:00:00;Jacó;Concorrencial;0,0;0,15519807333141483;0,009256481174413592;1,1467063038231686;0,13534247855268408;0,01831758650078375;cenario_2_concentrado_societario;7;cenario_2_concentrado_societario_7_analistas
2026-01-29 09:00:00;Jacó;Contencioso;1,2000000000000002;0,16663304610682908;0,009803973068070385;1,0978214860953182;0,15178519296384146;0,02303874480307059;cenario_2_concentrado_societario;7;cenario_2_concentrado_societario_7_analistas
2026-01-29 09:00:00;Jacó;Contratos;0,0;0,15519807333141483;0,009256481174413592;1,5108799655340974;0,10272031986111628;0,01055146411237004;cenario_2_concentrado_societario;7;cenario_2_concentrado_societario_7_analistas
2026-01-29 09:00:00;Jacó;Direito digital;0,0;0,15519807333141483;0,009256481174413592;1,0939367272567102;0,14187116079428885;0,020127426265118962;cenario_2_concentrado_societario;7;cenario_2_concentrado_societario_7_analistas
2026-01-29 09:00:00;Jacó;Direito financeiro;0,0;0,15519807333141483;0,009256481174413592;1,1361578244709993;0,13659904459459743;0,018659298984156816;cenario_2_concentrado_societario;7;cenario_2_concentrado_societario_7_analistas
2026-01-29 09:00:00;Jacó;Governança;0,0;0,15519807333141483;0,009256481174413592;1,1226966259265296;0,13823687516949137;0,01910943365662554;cenario_2_concentrado_societario;7;cenario_2_concentrado_societario_7_analistas
2026-01-29 09:00:00;Jacó;Propriedade intelectual;0,0;0,15519807333141483;0,009256481174413592;1,0978214860953182;0,1413691345060264;0,01998523219098298;cenario_2_concentrado_societario;7;cenario_2_concentrado_societario_7_analistas
2026-01-29 09:00:00;Jacó;Regulatório;0,0;0,15519807333141483;0,009256481174413592;1,1527343811217907;0,1346347223376671;0,01812650845894072;cenario_2_concentrado_societario;7;cenario_2_concentrado_societario_7_analistas
2026-01-29 09:00:00;Jacó;Societário;0,0;0,15519807333141483;0,009256481174413592;1,8665480025469692;0,08314711066612897;0,006913442012125497;cenario_2_concentrado_societario;7;cenario_2_concentrado_societario_7_analistas
2026-01-29 09:00:00;Jacó;Trabalhista;0,0;0,15519807333141483;0,009256481174413592;1,0978214860953182;0,1413691345060264;0,01998523219098298;cenario_2_concentrado_societario;7;cenario_2_concentrado_societario_7_analistas
2026-01-29 09:00:00;Jacó;Tributário;0,0;0,15519807333141483;0,009256481174413592;1,0863865133199038;0,14285714285714288;0,020408163265306128;cenario_2_concentrado_societario;7;cenario_2_concentrado_societario_7_analistas
2026-01-29 09:00:00;Eva;Concorrencial;0,0;0,15519807333141483;0,009256481174413592;1,1467063038231686;0,13534247855268408;0,01831758650078375;cenario_2_concentrado_societario;7;cenario_2_concentrado_societario_7_analistas
2026-01-29 09:00:00;Eva;Contencioso;0,0;0,15519807333141483;0,009256481174413592;1,0978214860953182;0,1413691345060264;0,01998523219098298;cenario_2_concentrado_societario;7;cenario_2_concentrado_societario_7_analistas
2026-01-29 09:00:00;Eva;Contratos;0,0;0,15519807333141483;0,009256481174413592;1,5108799655340974;0,10272031986111628;0,01055146411237004;cenario_2_concentrado_societario;7;cenario_2_concentrado_societario_7_analistas
2026-01-29 09:00:00;Eva;Direito digital;0,0;0,15519807333141483;0,009256481174413592;1,0939367272567102;0,14187116079428885;0,020127426265118962;cenario_2_concentrado_societario;7;cenario_2_concentrado_societario_7_analistas
2026-01-29 09:00:00;Eva;Direito financeiro;0,0;0,15519807333141483;0,009256481174413592;1,1361578244709993;0,13659904459459743;0,018659298984156816;cenario_2_concentrado_societario;7;cenario_2_concentrado_societario_7_analistas
2026-01-29 09:00:00;Eva;Governança;0,0;0,15519807333141483;0,009256481174413592;1,1226966259265296;0,13823687516949137;0,01910943365662554;cenario_2_concentrado_societario;7;cenario_2_concentrado_societario_7_analistas
2026-01-29 09:00:00;Eva;Propriedade intelectual;1,2000000000000002;0,16663304610682908;0,009803973068070385;1,0978214860953182;0,15178519296384146;0,02303874480307059;cenario_2_concentrado_societario;7;cenario_2_concentrado_societario_7_analistas
2026-01-29 09:00:00;Eva;Regulatório;0,0;0,15519807333141483;0,009256481174413592;1,1527343811217907;0,1346347223376671;0,01812650845894072;cenario_2_concentrado_societario;7;cenario_2_concentrado_societario_7_analistas
2026-01-29 09:00:00;Eva;Societário;0,0;0,15519807333141483;0,009256481174413592;1,8665480025469692;0,08314711066612897;0,006913442012125497;cenario_2_concentrado_societario;7;cenario_2_concentrado_societario_7_analistas
2026-01-29 09:00:00;Eva;Trabalhista;0,0;0,15519807333141483;0,009256481174413592;1,0978214860953182;0,1413691345060264;0,01998523219098298;cenario_2_concentrado_societario;7;cenario_2_concentrado_societario_7_analistas
2026-01-29 09:00:00;Eva;Tributário;0,0;0,15519807333141483;0,009256481174413592;1,0863865133199038;0,14285714285714288;0,020408163265306128;cenario_2_concentrado_societario;7;cenario_2_concentrado_societario_7_analistas
2026-01-29 09:00:00;Abraão;Concorrencial;0,0;0,15519807333141483;0,009256481174413592;1,1467063038231686;0,13534247855268408;0,01831758650078375;cenario_2_concentrado_societario;7;cenario_2_concentrado_societario_7_analistas
2026-01-29 09:00:00;Abraão;Contencioso;0,0;0,15519807333141483;0,009256481174413592;1,0978214860953182;0,1413691345060264;0,01998523219098298;cenario_2_concentrado_societario;7;cenario_2_concentrado_societario_7_analistas
2026-01-29 09:00:00;Abraão;Contratos;0,0;0,15519807333141483;0,009256481174413592;1,5108799655340974;0,10272031986111628;0,01055146411237004;cenario_2_concentrado_societario;7;cenario_2_concentrado_societario_7_analistas
2026-01-29 09:00:00;Abraão;Direito digital;0,0;0,15519807333141483;0,009256481174413592;1,0939367272567102;0,14187116079428885;0,020127426265118962;cenario_2_concentrado_societario;7;cenario_2_concentrado_societario_7_analistas
2026-01-29 09:00:00;Abraão;Direito financeiro;0,0;0,15519807333141483;0,009256481174413592;1,1361578244709993;0,13659904459459743;0,018659298984156816;cenario_2_concentrado_societario;7;cenario_2_concentrado_societario_7_analistas
2026-01-29 09:00:00;Abraão;Governança;0,0;0,15519807333141483;0,009256481174413592;1,1226966259265296;0,13823687516949137;0,01910943365662554;cenario_2_concentrado_societario;7;cenario_2_concentrado_societario_7_analistas
2026-01-29 09:00:00;Abraão;Propriedade intelectual;0,0;0,15519807333141483;0,009256481174413592;1,0978214860953182;0,1413691345060264;0,01998523219098298;cenario_2_concentrado_societario;7;cenario_2_concentrado_societario_7_analistas
2026-01-29 09:00:00;Abraão;Regulatório;0,0;0,15519807333141483;0,009256481174413592;1,1527343811217907;0,1346347223376671;0,01812650845894072;cenario_2_concentrado_societario;7;cenario_2_concentrado_societario_7_analistas
2026-01-29 09:00:00;Abraão;Societário;28,700000000000003;0,5822021448706434;0,0171729422009338;1,8665480025469692;0,311913834563166;0,0972902401918981;cenario_2_concentrado_societario;7;cenario_2_concentrado_societario_7_analistas
2026-01-29 09:00:00;Abraão;Trabalhista;0,0;0,15519807333141483;0,009256481174413592;1,0978214860953182;0,1413691345060264;0,01998523219098298;cenario_2_concentrado_societario;7;cenario_2_concentrado_societario_7_analistas
2026-01-29 09:00:00;Abraão;Tributário;0,0;0,15519807333141483;0,009256481174413592;1,0863865133199038;0,14285714285714288;0,020408163265306128;cenario_2_concentrado_societario;7;cenario_2_concentrado_societario_7_analistas
2026-01-29 09:00:00;Adão;Concorrencial;0,0;0,15519807333141483;0,009256481174413592;1,1467063038231686;0,13534247855268408;0,01831758650078375;cenario_2_concentrado_societario;7;cenario_2_concentrado_societario_7_analistas
2026-01-29 09:00:00;Adão;Contencioso;0,0;0,15519807333141483;0,009256481174413592;1,0978214860953182;0,1413691345060264;0,01998523219098298;cenario_2_concentrado_societario;7;cenario_2_concentrado_societario_7_analistas
2026-01-29 09:00:00;Adão;Contratos;28,5;0,5787636224864293;0,017212018199160753;1,5108799655340974;0,383063933395818;0,1467379770686757;cenario_2_concentrado_societario;7;cenario_2_concentrado_societario_7_analistas
2026-01-29 09:00:00;Adão;Direito digital;0,0;0,15519807333141483;0,009256481174413592;1,0939367272567102;0,14187116079428885;0,020127426265118962;cenario_2_concentrado_societario;7;cenario_2_concentrado_societario_7_analistas
2026-01-29 09:00:00;Adão;Direito financeiro;0,0;0,15519807333141483;0,009256481174413592;1,1361578244709993;0,13659904459459743;0,018659298984156816;cenario_2_concentrado_societario;7;cenario_2_concentrado_societario_7_analistas
2026-01-29 09:00:00;Adão;Governança;0,0;0,15519807333141483;0,009256481174413592;1,1226966259265296;0,13823687516949137;0,01910943365662554;cenario_2_concentrado_societario;7;cenario_2_concentrado_societario_7_analistas
2026-01-29 09:00:00;Adão;Propriedade intelectual;0,0;0,15519807333141483;0,009256481174413592;1,0978214860953182;0,1413691345060264;0,01998523219098298;cenario_2_concentrado_societario;7;cenario_2_concentrado_societario_7_analistas
2026-01-29 09:00:00;Adão;Regulatório;0,0;0,15519807333141483;0,009256481174413592;1,1527343811217907;0,1346347223376671;0,01812650845894072;cenario_2_concentrado_societario;7;cenario_2_concentrado_societario_7_analistas
2026-01-29 09:00:00;Adão;Societário;0,0;0,15519807333141483;0,009256481174413592;1,8665480025469692;0,08314711066612897;0,006913442012125497;cenario_2_concentrado_societario;7;cenario_2_concentrado_societario_7_analistas
2026-01-29 09:00:00;Adão;Trabalhista;0,0;0,15519807333141483;0,009256481174413592;1,0978214860953182;0,1413691345060264;0,01998523219098298;cenario_2_concentrado_societario;7;cenario_2_concentrado_societario_7_analistas
2026-01-29 09:00:00;Adão;Tributário;0,0;0,15519807333141483;0,009256481174413592;1,0863865133199038;0,14285714285714288;0,020408163265306128;cenario_2_concentrado_societario;7;cenario_2_concentrado_societario_7_analistas
2026-01-29 09:00:00;Esaú;Concorrencial;5,700000000000001;0,21551786383467972;0,01193633594271882;1,1467063038231686;0,1879451286838956;0,035323371396006074;cenario_2_concentrado_societario;7;cenario_2_concentrado_societario_7_analistas
2026-01-29 09:00:00;Esaú;Contencioso;0,0;0,15519807333141483;0,009256481174413592;1,0978214860953182;0,1413691345060264;0,01998523219098298;cenario_2_concentrado_societario;7;cenario_2_concentrado_societario_7_analistas
2026-01-29 09:00:00;Esaú;Contratos;0,0;0,15519807333141483;0,009256481174413592;1,5108799655340974;0,10272031986111628;0,01055146411237004;cenario_2_concentrado_societario;7;cenario_2_concentrado_societario_7_analistas
2026-01-29 09:00:00;Esaú;Direito digital;0,0;0,15519807333141483;0,009256481174413592;1,0939367272567102;0,14187116079428885;0,020127426265118962;cenario_2_concentrado_societario;7;cenario_2_concentrado_societario_7_analistas
2026-01-29 09:00:00;Esaú;Direito financeiro;0,0;0,15519807333141483;0,009256481174413592;1,1361578244709993;0,13659904459459743;0,018659298984156816;cenario_2_concentrado_societario;7;cenario_2_concentrado_societario_7_analistas
2026-01-29 09:00:00;Esaú;Governança;0,0;0,15519807333141483;0,009256481174413592;1,1226966259265296;0,13823687516949137;0,01910943365662554;cenario_2_concentrado_societario;7;cenario_2_concentrado_societario_7_analistas
2026-01-29 09:00:00;Esaú;Propriedade intelectual;0,0;0,15519807333141483;0,009256481174413592;1,0978214860953182;0,1413691345060264;0,01998523219098298;cenario_2_concentrado_societario;7;cenario_2_concentrado_societario_7_analistas
2026-01-29 09:00:00;Esaú;Regulatório;0,0;0,15519807333141483;0,009256481174413592;1,1527343811217907;0,1346347223376671;0,01812650845894072;cenario_2_concentrado_societario;7;cenario_2_concentrado_societario_7_analistas
2026-01-29 09:00:00;Esaú;Societário;0,7;0,1617885716817928;0,009574279900700047;1,8665480025469692;0,08667795923867305;0,007513068617781067;cenario_2_concentrado_societario;7;cenario_2_concentrado_societario_7_analistas
2026-01-29 09:00:00;Esaú;Trabalhista;1,2000000000000002;0,16663304610682908;0,009803973068070385;1,0978214860953182;0,15178519296384146;0,02303874480307059;cenario_2_concentrado_societario;7;cenario_2_concentrado_societario_7_analistas
2026-01-29 09:00:00;Esaú;Tributário;0,0;0,15519807333141483;0,009256481174413592;1,0863865133199038;0,14285714285714288;0,020408163265306128;cenario_2_concentrado_societario;7;cenario_2_concentrado_societario_7_analistas
2026-01-29 09:00:00;Caim;Concorrencial;0,0;0,15519807333141483;0,009256481174413592;1,1467063038231686;0,13534247855268408;0,01831758650078375;cenario_2_concentrado_societario;7;cenario_2_concentrado_societario_7_analistas
2026-01-29 09:00:00;Caim;Contencioso;0,0;0,15519807333141483;0,009256481174413592;1,0978214860953182;0,1413691345060264;0,01998523219098298;cenario_2_concentrado_societario;7;cenario_2_concentrado_societario_7_analistas
2026-01-29 09:00:00;Caim;Contratos;0,1;0,15612597639059406;0,009301596305599447;1,5108799655340974;0,10333446729860064;0,010678012131885566;cenario_2_concentrado_societario;7;cenario_2_concentrado_societario_7_analistas
2026-01-29 09:00:00;Caim;Direito digital;0,8;0,1627482872682211;0,009620046527519407;1,0939367272567102;0,14877303523426685;0,022133416012816407;cenario_2_concentrado_societario;7;cenario_2_concentrado_societario_7_analistas
2026-01-29 09:00:00;Caim;Direito financeiro;4,800000000000001;0,20496938448251042;0,011504759675060408;1,1361578244709993;0,18040573243241553;0,03254622829447631;cenario_2_concentrado_societario;7;cenario_2_concentrado_societario_7_analistas
2026-01-29 09:00:00;Caim;Governança;3,6000000000000005;0,19150818593804064;0,010931195726367362;1,1226966259265296;0,17057874898305175;0,02909710960462298;cenario_2_concentrado_societario;7;cenario_2_concentrado_societario_7_analistas
2026-01-29 09:00:00;Caim;Propriedade intelectual;0,0;0,15519807333141483;0,009256481174413592;1,0978214860953182;0,1413691345060264;0,01998523219098298;cenario_2_concentrado_societario;7;cenario_2_concentrado_societario_7_analistas
2026-01-29 09:00:00;Caim;Regulatório;6,200000000000001;0,22154594113330162;0,012175911599306683;1,1527343811217907;0,19219166597399723;0,03693763646986052;cenario_2_concentrado_societario;7;cenario_2_concentrado_societario_7_analistas
2026-01-29 09:00:00;Caim;Societário;0,0;0,15519807333141483;0,009256481174413592;1,8665480025469692;0,08314711066612897;0,006913442012125497;cenario_2_concentrado_societario;7;cenario_2_concentrado_societario_7_analistas
2026-01-29 09:00:00;Caim;Trabalhista;0,0;0,15519807333141483;0,009256481174413592;1,0978214860953182;0,1413691345060264;0,01998523219098298;cenario_2_concentrado_societario;7;cenario_2_concentrado_societario_7_analistas
2026-01-29 09:00:00;Caim;Tributário;0,0;0,15519807333141483;0,009256481174413592;1,0863865133199038;0,14285714285714288;0,020408163265306128;cenario_2_concentrado_societario;7;cenario_2_concentrado_societario_7_analistas
2026-01-29 09:00:00;Davi;Concorrencial;0,0;0,15519807333141483;0,009256481174413592;1,1467063038231686;0,13534247855268408;0,01831758650078375;cenario_2_concentrado_societario;7;cenario_2_concentrado_societario_7_analistas
2026-01-29 09:00:00;Davi;Contencioso;0,0;0,15519807333141483;0,009256481174413592;1,0978214860953182;0,1413691345060264;0,01998523219098298;cenario_2_concentrado_societario;7;cenario_2_concentrado_societario_7_analistas
2026-01-29 09:00:00;Davi;Contratos;0,0;0,15519807333141483;0,009256481174413592;1,5108799655340974;0,10272031986111628;0,01055146411237004;cenario_2_concentrado_societario;7;cenario_2_concentrado_societario_7_analistas
2026-01-29 09:00:00;Davi;Direito digital;0,0;0,15519807333141483;0,009256481174413592;1,0939367272567102;0,14187116079428885;0,020127426265118962;cenario_2_concentrado_societario;7;cenario_2_concentrado_societario_7_analistas
2026-01-29 09:00:00;Davi;Direito financeiro;0,0;0,15519807333141483;0,009256481174413592;1,1361578244709993;0,13659904459459743;0,018659298984156816;cenario_2_concentrado_societario;7;cenario_2_concentrado_societario_7_analistas
2026-01-29 09:00:00;Davi;Governança;0,0;0,15519807333141483;0,009256481174413592;1,1226966259265296;0,13823687516949137;0,01910943365662554;cenario_2_concentrado_societario;7;cenario_2_concentrado_societario_7_analistas
2026-01-29 09:00:00;Davi;Propriedade intelectual;0,0;0,15519807333141483;0,009256481174413592;1,0978214860953182;0,1413691345060264;0,01998523219098298;cenario_2_concentrado_societario;7;cenario_2_concentrado_societario_7_analistas
2026-01-29 09:00:00;Davi;Regulatório;0,0;0,15519807333141483;0,009256481174413592;1,1527343811217907;0,1346347223376671;0,01812650845894072;cenario_2_concentrado_societario;7;cenario_2_concentrado_societario_7_analistas
2026-01-29 09:00:00;Davi;Societário;24,1;0,5017649926688738;0,017649780066942046;1,8665480025469692;0,26881976353364506;0,07226406526628484;cenario_2_concentrado_societario;7;cenario_2_concentrado_societario_7_analistas
2026-01-29 09:00:00;Davi;Trabalhista;0,0;0,15519807333141483;0,009256481174413592;1,0978214860953182;0,1413691345060264;0,01998523219098298;cenario_2_concentrado_societario;7;cenario_2_concentrado_societario_7_analistas
2026-01-29 09:00:00;Davi;Tributário;0,0;0,15519807333141483;0,009256481174413592;1,0863865133199038;0,14285714285714288;0,020408163265306128;cenario_2_concentrado_societario;7;cenario_2_concentrado_societario_7_analistas
2026-02-26 09:00:00;Jacó;Concorrencial;0,0;0,15519807333141483;0,009256481174413592;1,2223890763214564;0,12696290922236758;0,01611958031820715;cenario_2_concentrado_societario;7;cenario_2_concentrado_societario_7_analistas
2026-02-26 09:00:00;Jacó;Contencioso;5,6000000000000005;0,214326627719249;0,011888385140503886;1,145515067707738;0,1871006621921899;0,03500665779275596;cenario_2_concentrado_societario;7;cenario_2_concentrado_societario_7_analistas
2026-02-26 09:00:00;Jacó;Contratos;0,0;0,15519807333141483;0,009256481174413592;1,8401842347673;0,08433833439021955;0,00711295464771649;cenario_2_concentrado_societario;7;cenario_2_concentrado_societario_7_analistas
2026-02-26 09:00:00;Jacó;Direito digital;0,0;0,15519807333141483;0,009256481174413592;1,1141036738222445;0,13930308011548367;0,01940534812966086;cenario_2_concentrado_societario;7;cenario_2_concentrado_societario_7_analistas
2026-02-26 09:00:00;Jacó;Direito financeiro;0,0;0,15519807333141483;0,009256481174413592;1,3627850454394315;0,11388301761219508;0,012969341700459533;cenario_2_concentrado_societario;7;cenario_2_concentrado_societario_7_analistas
2026-02-26 09:00:00;Jacó;Governança;0,0;0,15519807333141483;0,009256481174413592;1,1676893277919167;0,13291041515716523;0,017665178457250016;cenario_2_concentrado_societario;7;cenario_2_concentrado_societario_7_analistas
2026-02-26 09:00:00;Jacó;Propriedade intelectual;0,0;0,15519807333141483;0,009256481174413592;1,1099207350543576;0,1398280691853316;0,019551888932097885;cenario_2_concentrado_societario;7;cenario_2_concentrado_societario_7_analistas
2026-02-26 09:00:00;Jacó;Regulatório;0,0;0,15519807333141483;0,009256481174413592;1,2554534190899589;0,12361914107806034;0,015281692040877384;cenario_2_concentrado_societario;7;cenario_2_concentrado_societario_7_analistas
2026-02-26 09:00:00;Jacó;Societário;0,0;0,15519807333141483;0,009256481174413592;2,6016521952634015;0,059653659168573826;0,0035585590522003723;cenario_2_concentrado_societario;7;cenario_2_concentrado_societario_7_analistas
2026-02-26 09:00:00;Jacó;Trabalhista;0,0;0,15519807333141483;0,009256481174413592;1,0988041921885903;0,14124270223459234;0,019949500934529716;cenario_2_concentrado_societario;7;cenario_2_concentrado_societario_7_analistas
2026-02-26 09:00:00;Jacó;Tributário;0,0;0,15519807333141483;0,009256481174413592;1,0863865133199038;0,14285714285714288;0,020408163265306128;cenario_2_concentrado_societario;7;cenario_2_concentrado_societario_7_analistas
2026-02-26 09:00:00;Eva;Concorrencial;0,0;0,15519807333141483;0,009256481174413592;1,2223890763214564;0,12696290922236758;0,01611958031820715;cenario_2_concentrado_societario;7;cenario_2_concentrado_societario_7_analistas
2026-02-26 09:00:00;Eva;Contencioso;0,0;0,15519807333141483;0,009256481174413592;1,145515067707738;0,13548322296796836;0,018355703705788227;cenario_2_concentrado_societario;7;cenario_2_concentrado_societario_7_analistas
2026-02-26 09:00:00;Eva;Contratos;0,0;0,15519807333141483;0,009256481174413592;1,8401842347673;0,08433833439021955;0,00711295464771649;cenario_2_concentrado_societario;7;cenario_2_concentrado_societario_7_analistas
2026-02-26 09:00:00;Eva;Direito digital;0,0;0,15519807333141483;0,009256481174413592;1,1141036738222445;0,13930308011548367;0,01940534812966086;cenario_2_concentrado_societario;7;cenario_2_concentrado_societario_7_analistas
2026-02-26 09:00:00;Eva;Direito financeiro;0,0;0,15519807333141483;0,009256481174413592;1,3627850454394315;0,11388301761219508;0,012969341700459533;cenario_2_concentrado_societario;7;cenario_2_concentrado_societario_7_analistas
2026-02-26 09:00:00;Eva;Governança;0,0;0,15519807333141483;0,009256481174413592;1,1676893277919167;0,13291041515716523;0,017665178457250016;cenario_2_concentrado_societario;7;cenario_2_concentrado_societario_7_analistas
2026-02-26 09:00:00;Eva;Propriedade intelectual;2,4000000000000004;0,1787322950658686;0,010363166560704724;1,1099207350543576;0,1610315848880103;0,025931171331544472;cenario_2_concentrado_societario;7;cenario_2_concentrado_societario_7_analistas
2026-02-26 09:00:00;Eva;Regulatório;0,0;0,15519807333141483;0,009256481174413592;1,2554534190899589;0,12361914107806034;0,015281692040877384;cenario_2_concentrado_societario;7;cenario_2_concentrado_societario_7_analistas
2026-02-26 09:00:00;Eva;Societário;0,0;0,15519807333141483;0,009256481174413592;2,6016521952634015;0,059653659168573826;0,0035585590522003723;cenario_2_concentrado_societario;7;cenario_2_concentrado_societario_7_analistas
2026-02-26 09:00:00;Eva;Trabalhista;0,0;0,15519807333141483;0,009256481174413592;1,0988041921885903;0,14124270223459234;0,019949500934529716;cenario_2_concentrado_societario;7;cenario_2_concentrado_societario_7_analistas
2026-02-26 09:00:00;Eva;Tributário;0,0;0,15519807333141483;0,009256481174413592;1,0863865133199038;0,14285714285714288;0,020408163265306128;cenario_2_concentrado_societario;7;cenario_2_concentrado_societario_7_analistas
2026-02-26 09:00:00;Abraão;Concorrencial;0,0;0,15519807333141483;0,009256481174413592;1,2223890763214564;0,12696290922236758;0,01611958031820715;cenario_2_concentrado_societario;7;cenario_2_concentrado_societario_7_analistas
2026-02-26 09:00:00;Abraão;Contencioso;0,0;0,15519807333141483;0,009256481174413592;1,145515067707738;0,13548322296796836;0,018355703705788227;cenario_2_concentrado_societario;7;cenario_2_concentrado_societario_7_analistas
2026-02-26 09:00:00;Abraão;Contratos;0,0;0,15519807333141483;0,009256481174413592;1,8401842347673;0,08433833439021955;0,00711295464771649;cenario_2_concentrado_societario;7;cenario_2_concentrado_societario_7_analistas
2026-02-26 09:00:00;Abraão;Direito digital;0,0;0,15519807333141483;0,009256481174413592;1,1141036738222445;0,13930308011548367;0,01940534812966086;cenario_2_concentrado_societario;7;cenario_2_concentrado_societario_7_analistas
2026-02-26 09:00:00;Abraão;Direito financeiro;0,0;0,15519807333141483;0,009256481174413592;1,3627850454394315;0,11388301761219508;0,012969341700459533;cenario_2_concentrado_societario;7;cenario_2_concentrado_societario_7_analistas
2026-02-26 09:00:00;Abraão;Governança;0,0;0,15519807333141483;0,009256481174413592;1,1676893277919167;0,13291041515716523;0,017665178457250016;cenario_2_concentrado_societario;7;cenario_2_concentrado_societario_7_analistas
2026-02-26 09:00:00;Abraão;Propriedade intelectual;0,0;0,15519807333141483;0,009256481174413592;1,1099207350543576;0,1398280691853316;0,019551888932097885;cenario_2_concentrado_societario;7;cenario_2_concentrado_societario_7_analistas
2026-02-26 09:00:00;Abraão;Regulatório;0,0;0,15519807333141483;0,009256481174413592;1,2554534190899589;0,12361914107806034;0,015281692040877384;cenario_2_concentrado_societario;7;cenario_2_concentrado_societario_7_analistas
2026-02-26 09:00:00;Abraão;Societário;54,6;0,8966329189442176;0,006543372329251154;2,6016521952634015;0,3446398102623548;0,11877659881767191;cenario_2_concentrado_societario;7;cenario_2_concentrado_societario_7_analistas
2026-02-26 09:00:00;Abraão;Trabalhista;0,0;0,15519807333141483;0,009256481174413592;1,0988041921885903;0,14124270223459234;0,019949500934529716;cenario_2_concentrado_societario;7;cenario_2_concentrado_societario_7_analistas
2026-02-26 09:00:00;Abraão;Tributário;0,0;0,15519807333141483;0,009256481174413592;1,0863865133199038;0,14285714285714288;0,020408163265306128;cenario_2_concentrado_societario;7;cenario_2_concentrado_societario_7_analistas
2026-02-26 09:00:00;Adão;Concorrencial;0,0;0,15519807333141483;0,009256481174413592;1,2223890763214564;0,12696290922236758;0,01611958031820715;cenario_2_concentrado_societario;7;cenario_2_concentrado_societario_7_analistas
2026-02-26 09:00:00;Adão;Contencioso;0,0;0,15519807333141483;0,009256481174413592;1,145515067707738;0,13548322296796836;0,018355703705788227;cenario_2_concentrado_societario;7;cenario_2_concentrado_societario_7_analistas
2026-02-26 09:00:00;Adão;Contratos;54,6;0,8966329189442176;0,006543372329251154;1,8401842347673;0,48725171208610046;0,23741423093083613;cenario_2_concentrado_societario;7;cenario_2_concentrado_societario_7_analistas
2026-02-26 09:00:00;Adão;Direito digital;0,0;0,15519807333141483;0,009256481174413592;1,1141036738222445;0,13930308011548367;0,01940534812966086;cenario_2_concentrado_societario;7;cenario_2_concentrado_societario_7_analistas
2026-02-26 09:00:00;Adão;Direito financeiro;0,0;0,15519807333141483;0,009256481174413592;1,3627850454394315;0,11388301761219508;0,012969341700459533;cenario_2_concentrado_societario;7;cenario_2_concentrado_societario_7_analistas
2026-02-26 09:00:00;Adão;Governança;0,0;0,15519807333141483;0,009256481174413592;1,1676893277919167;0,13291041515716523;0,017665178457250016;cenario_2_concentrado_societario;7;cenario_2_concentrado_societario_7_analistas
2026-02-26 09:00:00;Adão;Propriedade intelectual;0,0;0,15519807333141483;0,009256481174413592;1,1099207350543576;0,1398280691853316;0,019551888932097885;cenario_2_concentrado_societario;7;cenario_2_concentrado_societario_7_analistas
2026-02-26 09:00:00;Adão;Regulatório;0,0;0,15519807333141483;0,009256481174413592;1,2554534190899589;0,12361914107806034;0,015281692040877384;cenario_2_concentrado_societario;7;cenario_2_concentrado_societario_7_analistas
2026-02-26 09:00:00;Adão;Societário;0,0;0,15519807333141483;0,009256481174413592;2,6016521952634015;0,059653659168573826;0,0035585590522003723;cenario_2_concentrado_societario;7;cenario_2_concentrado_societario_7_analistas
2026-02-26 09:00:00;Adão;Trabalhista;0,0;0,15519807333141483;0,009256481174413592;1,0988041921885903;0,14124270223459234;0,019949500934529716;cenario_2_concentrado_societario;7;cenario_2_concentrado_societario_7_analistas
2026-02-26 09:00:00;Adão;Tributário;0,0;0,15519807333141483;0,009256481174413592;1,0863865133199038;0,14285714285714288;0,020408163265306128;cenario_2_concentrado_societario;7;cenario_2_concentrado_societario_7_analistas
2026-02-26 09:00:00;Esaú;Concorrencial;11,400000000000002;0,2912006363329675;0,014572039496696306;1,2223890763214564;0,23822254466579454;0,056749980787046475;cenario_2_concentrado_societario;7;cenario_2_concentrado_societario_7_analistas
2026-02-26 09:00:00;Esaú;Contencioso;0,0;0,15519807333141483;0,009256481174413592;1,145515067707738;0,13548322296796836;0,018355703705788227;cenario_2_concentrado_societario;7;cenario_2_concentrado_societario_7_analistas
2026-02-26 09:00:00;Esaú;Contratos;1,2000000000000002;0,16663304610682908;0,009803973068070385;1,8401842347673;0,09055237131074574;0,008199731949999168;cenario_2_concentrado_societario;7;cenario_2_concentrado_societario_7_analistas
2026-02-26 09:00:00;Esaú;Direito digital;0,0;0,15519807333141483;0,009256481174413592;1,1141036738222445;0,13930308011548367;0,01940534812966086;cenario_2_concentrado_societario;7;cenario_2_concentrado_societario_7_analistas
2026-02-26 09:00:00;Esaú;Direito financeiro;0,0;0,15519807333141483;0,009256481174413592;1,3627850454394315;0,11388301761219508;0,012969341700459533;cenario_2_concentrado_societario;7;cenario_2_concentrado_societario_7_analistas
2026-02-26 09:00:00;Esaú;Governança;0,0;0,15519807333141483;0,009256481174413592;1,1676893277919167;0,13291041515716523;0,017665178457250016;cenario_2_concentrado_societario;7;cenario_2_concentrado_societario_7_analistas
2026-02-26 09:00:00;Esaú;Propriedade intelectual;0,0;0,15519807333141483;0,009256481174413592;1,1099207350543576;0,1398280691853316;0,019551888932097885;cenario_2_concentrado_societario;7;cenario_2_concentrado_societario_7_analistas
2026-02-26 09:00:00;Esaú;Regulatório;0,0;0,15519807333141483;0,009256481174413592;1,2554534190899589;0,12361914107806034;0,015281692040877384;cenario_2_concentrado_societario;7;cenario_2_concentrado_societario_7_analistas
2026-02-26 09:00:00;Esaú;Societário;3,3000000000000007;0,18825023598803986;0,010788533175477195;2,6016521952634015;0,07235795635203293;0,0052356738474427025;cenario_2_concentrado_societario;7;cenario_2_concentrado_societario_7_analistas
2026-02-26 09:00:00;Esaú;Trabalhista;1,3000000000000003;0,16761575220010116;0,009850162254103378;1,0988041921885903;0,15254378659244586;0,023269606827961663;cenario_2_concentrado_societario;7;cenario_2_concentrado_societario_7_analistas
2026-02-26 09:00:00;Esaú;Tributário;0,0;0,15519807333141483;0,009256481174413592;1,0863865133199038;0,14285714285714288;0,020408163265306128;cenario_2_concentrado_societario;7;cenario_2_concentrado_societario_7_analistas
2026-02-26 09:00:00;Caim;Concorrencial;0,0;0,15519807333141483;0,009256481174413592;1,2223890763214564;0,12696290922236758;0,01611958031820715;cenario_2_concentrado_societario;7;cenario_2_concentrado_societario_7_analistas
2026-02-26 09:00:00;Caim;Contencioso;0,0;0,15519807333141483;0,009256481174413592;1,145515067707738;0,13548322296796836;0,018355703705788227;cenario_2_concentrado_societario;7;cenario_2_concentrado_societario_7_analistas
2026-02-26 09:00:00;Caim;Contratos;0,1;0,15612597639059406;0,009301596305599447;1,8401842347673;0,08484257904227557;0,0071982632185447785;cenario_2_concentrado_societario;7;cenario_2_concentrado_societario_7_analistas
2026-02-26 09:00:00;Caim;Direito digital;2,8000000000000003;0,1829152338337556;0,010551681925210046;1,1141036738222445;0,16418151930709796;0,02695557128198698;cenario_2_concentrado_societario;7;cenario_2_concentrado_societario_7_analistas
2026-02-26 09:00:00;Caim;Direito financeiro;20,1;0,43159660545094247;0,017319660878360118;1,3627850454394315;0,3167018943268296;0,10030008987020235;cenario_2_concentrado_societario;7;cenario_2_concentrado_societario_7_analistas
2026-02-26 09:00:00;Caim;Governança;7,400000000000001;0,2365008878034277;0,012748116181736244;1,1676893277919167;0,20253750905700868;0,04102144257501787;cenario_2_concentrado_societario;7;cenario_2_concentrado_societario_7_analistas
2026-02-26 09:00:00;Caim;Propriedade intelectual;0,0;0,15519807333141483;0,009256481174413592;1,1099207350543576;0,1398280691853316;0,019551888932097885;cenario_2_concentrado_societario;7;cenario_2_concentrado_societario_7_analistas
2026-02-26 09:00:00;Caim;Regulatório;13,600000000000001;0,32426497910147;0,0154696744915434;1,2554534190899589;0,2582851535316381;0,06671122053486186;cenario_2_concentrado_societario;7;cenario_2_concentrado_societario_7_analistas
2026-02-26 09:00:00;Caim;Societário;0,0;0,15519807333141483;0,009256481174413592;2,6016521952634015;0,059653659168573826;0,0035585590522003723;cenario_2_concentrado_societario;7;cenario_2_concentrado_societario_7_analistas
2026-02-26 09:00:00;Caim;Trabalhista;0,0;0,15519807333141483;0,009256481174413592;1,0988041921885903;0,14124270223459234;0,019949500934529716;cenario_2_concentrado_societario;7;cenario_2_concentrado_societario_7_analistas
2026-02-26 09:00:00;Caim;Tributário;0,0;0,15519807333141483;0,009256481174413592;1,0863865133199038;0,14285714285714288;0,020408163265306128;cenario_2_concentrado_societario;7;cenario_2_concentrado_societario_7_analistas
2026-02-26 09:00:00;Davi;Concorrencial;0,0;0,15519807333141483;0,009256481174413592;1,2223890763214564;0,12696290922236758;0,01611958031820715;cenario_2_concentrado_societario;7;cenario_2_concentrado_societario_7_analistas
2026-02-26 09:00:00;Davi;Contencioso;0,0;0,15519807333141483;0,009256481174413592;1,145515067707738;0,13548322296796836;0,018355703705788227;cenario_2_concentrado_societario;7;cenario_2_concentrado_societario_7_analistas
2026-02-26 09:00:00;Davi;Contratos;0,0;0,15519807333141483;0,009256481174413592;1,8401842347673;0,08433833439021955;0,00711295464771649;cenario_2_concentrado_societario;7;cenario_2_concentrado_societario_7_analistas
2026-02-26 09:00:00;Davi;Direito digital;0,0;0,15519807333141483;0,009256481174413592;1,1141036738222445;0,13930308011548367;0,01940534812966086;cenario_2_concentrado_societario;7;cenario_2_concentrado_societario_7_analistas
2026-02-26 09:00:00;Davi;Direito financeiro;0,0;0,15519807333141483;0,009256481174413592;1,3627850454394315;0,11388301761219508;0,012969341700459533;cenario_2_concentrado_societario;7;cenario_2_concentrado_societario_7_analistas
2026-02-26 09:00:00;Davi;Governança;0,0;0,15519807333141483;0,009256481174413592;1,1676893277919167;0,13291041515716523;0,017665178457250016;cenario_2_concentrado_societario;7;cenario_2_concentrado_societario_7_analistas
2026-02-26 09:00:00;Davi;Propriedade intelectual;0,0;0,15519807333141483;0,009256481174413592;1,1099207350543576;0,1398280691853316;0,019551888932097885;cenario_2_concentrado_societario;7;cenario_2_concentrado_societario_7_analistas
2026-02-26 09:00:00;Davi;Regulatório;0,0;0,15519807333141483;0,009256481174413592;1,2554534190899589;0,12361914107806034;0,015281692040877384;cenario_2_concentrado_societario;7;cenario_2_concentrado_societario_7_analistas
2026-02-26 09:00:00;Davi;Societário;54,5;0,8959767470054846;0,006580090557665384;2,6016521952634015;0,3443875967113169;0,11860281676859666;cenario_2_concentrado_societario;7;cenario_2_concentrado_societario_7_analistas
2026-02-26 09:00:00;Davi;Trabalhista;0,0;0,15519807333141483;0,009256481174413592;1,0988041921885903;0,14124270223459234;0,019949500934529716;cenario_2_concentrado_societario;7;cenario_2_concentrado_societario_7_analistas
2026-02-26 09:00:00;Davi;Tributário;0,0;0,15519807333141483;0,009256481174413592;1,0863865133199038;0,14285714285714288;0,020408163265306128;cenario_2_concentrado_societario;7;cenario_2_concentrado_societario_7_analistas
2026-03-26 09:00:00;Jacó;Concorrencial;0,0;0,15519807333141483;0,009256481174413592;1,3167613420614215;0,11786347941263868;0,013891799779253502;cenario_2_concentrado_societario;7;cenario_2_concentrado_societario_7_analistas
2026-03-26 09:00:00;Jacó;Contencioso;12,200000000000001;0,30299421450681996;0,014909923666044387;1,234182654495309;0,2455019225908037;0,06027119399578097;cenario_2_concentrado_societario;7;cenario_2_concentrado_societario_7_analistas
2026-03-26 09:00:00;Jacó;Contratos;0,0;0,15519807333141483;0,009256481174413592;2,014942381230516;0,07702357882642584;0,005932631695230635;cenario_2_concentrado_societario;7;cenario_2_concentrado_societario_7_analistas
2026-03-26 09:00:00;Jacó;Direito digital;0,0;0,15519807333141483;0,009256481174413592;1,1282218180833383;0,1375598936697312;0,018922724346427756;cenario_2_concentrado_societario;7;cenario_2_concentrado_societario_7_analistas
2026-03-26 09:00:00;Jacó;Direito financeiro;0,0;0,15519807333141483;0,009256481174413592;1,4891714022304694;0,10421773685618752;0,010861336675425546;cenario_2_concentrado_societario;7;cenario_2_concentrado_societario_7_analistas
2026-03-26 09:00:00;Jacó;Governança;0,0;0,15519807333141483;0,009256481174413592;1,1859986393693154;0,13085855934366444;0,01712396255349935;cenario_2_concentrado_societario;7;cenario_2_concentrado_societario_7_analistas
2026-03-26 09:00:00;Jacó;Propriedade intelectual;0,0;0,15519807333141483;0,009256481174413592;1,1248923931423855;0,13796703958311;0,019034904011327437;cenario_2_concentrado_societario;7;cenario_2_concentrado_societario_7_analistas
2026-03-26 09:00:00;Jacó;Regulatório;0,0;0,15519807333141483;0,009256481174413592;1,3370162989792103;0,11607792175002353;0,013474083917804585;cenario_2_concentrado_societario;7;cenario_2_concentrado_societario_7_analistas
2026-03-26 09:00:00;Jacó;Societário;7,300000000000001;0,23522844859390596;0,012700659404960311;3,412902689558666;0,06892328026625458;0,004750418562660678;cenario_2_concentrado_societario;7;cenario_2_concentrado_societario_7_analistas
2026-03-26 09:00:00;Jacó;Trabalhista;0,0;0,15519807333141483;0,009256481174413592;1,0988041921885903;0,14124270223459234;0,019949500934529716;cenario_2_concentrado_societario;7;cenario_2_concentrado_societario_7_analistas
2026-03-26 09:00:00;Jacó;Tributário;0,0;0,15519807333141483;0,009256481174413592;1,0863865133199038;0,14285714285714288;0,020408163265306128;cenario_2_concentrado_societario;7;cenario_2_concentrado_societario_7_analistas
2026-03-26 09:00:00;Eva;Concorrencial;0,0;0,15519807333141483;0,009256481174413592;1,3167613420614215;0,11786347941263868;0,013891799779253502;cenario_2_concentrado_societario;7;cenario_2_concentrado_societario_7_analistas
2026-03-26 09:00:00;Eva;Contencioso;0,0;0,15519807333141483;0,009256481174413592;1,234182654495309;0,12574967956819938;0,01581298191150482;cenario_2_concentrado_societario;7;cenario_2_concentrado_societario_7_analistas
2026-03-26 09:00:00;Eva;Contratos;0,0;0,15519807333141483;0,009256481174413592;2,014942381230516;0,07702357882642584;0,005932631695230635;cenario_2_concentrado_societario;7;cenario_2_concentrado_societario_7_analistas
2026-03-26 09:00:00;Eva;Direito digital;0,0;0,15519807333141483;0,009256481174413592;1,1282218180833383;0,1375598936697312;0,018922724346427756;cenario_2_concentrado_societario;7;cenario_2_concentrado_societario_7_analistas
2026-03-26 09:00:00;Eva;Direito financeiro;0,0;0,15519807333141483;0,009256481174413592;1,4891714022304694;0,10421773685618752;0,010861336675425546;cenario_2_concentrado_societario;7;cenario_2_concentrado_societario_7_analistas
2026-03-26 09:00:00;Eva;Governança;0,0;0,15519807333141483;0,009256481174413592;1,1859986393693154;0,13085855934366444;0,01712396255349935;cenario_2_concentrado_societario;7;cenario_2_concentrado_societario_7_analistas
2026-03-26 09:00:00;Eva;Propriedade intelectual;3,8000000000000007;0,19370395315389663;0,011026500857063345;1,1248923931423855;0,1721977625013401;0,029652069410467934;cenario_2_concentrado_societario;7;cenario_2_concentrado_societario_7_analistas
2026-03-26 09:00:00;Eva;Regulatório;0,0;0,15519807333141483;0,009256481174413592;1,3370162989792103;0,11607792175002353;0,013474083917804585;cenario_2_concentrado_societario;7;cenario_2_concentrado_societario_7_analistas
2026-03-26 09:00:00;Eva;Societário;7,4;0,23650088780342765;0,012748116181736243;3,412902689558666;0,06929611222932652;0,004801951170099417;cenario_2_concentrado_societario;7;cenario_2_concentrado_societario_7_analistas
2026-03-26 09:00:00;Eva;Trabalhista;0,0;0,15519807333141483;0,009256481174413592;1,0988041921885903;0,14124270223459234;0,019949500934529716;cenario_2_concentrado_societario;7;cenario_2_concentrado_societario_7_analistas
2026-03-26 09:00:00;Eva;Tributário;0,0;0,15519807333141483;0,009256481174413592;1,0863865133199038;0,14285714285714288;0,020408163265306128;cenario_2_concentrado_societario;7;cenario_2_concentrado_societario_7_analistas
2026-03-26 09:00:00;Abraão;Concorrencial;0,0;0,15519807333141483;0,009256481174413592;1,3167613420614215;0,11786347941263868;0,013891799779253502;cenario_2_concentrado_societario;7;cenario_2_concentrado_societario_7_analistas
2026-03-26 09:00:00;Abraão;Contencioso;0,0;0,15519807333141483;0,009256481174413592;1,234182654495309;0,12574967956819938;0,01581298191150482;cenario_2_concentrado_societario;7;cenario_2_concentrado_societario_7_analistas
2026-03-26 09:00:00;Abraão;Contratos;0,0;0,15519807333141483;0,009256481174413592;2,014942381230516;0,07702357882642584;0,005932631695230635;cenario_2_concentrado_societario;7;cenario_2_concentrado_societario_7_analistas
2026-03-26 09:00:00;Abraão;Direito digital;0,0;0,15519807333141483;0,009256481174413592;1,1282218180833383;0,1375598936697312;0,018922724346427756;cenario_2_concentrado_societario;7;cenario_2_concentrado_societario_7_analistas
2026-03-26 09:00:00;Abraão;Direito financeiro;0,0;0,15519807333141483;0,009256481174413592;1,4891714022304694;0,10421773685618752;0,010861336675425546;cenario_2_concentrado_societario;7;cenario_2_concentrado_societario_7_analistas
2026-03-26 09:00:00;Abraão;Governança;0,0;0,15519807333141483;0,009256481174413592;1,1859986393693154;0,13085855934366444;0,01712396255349935;cenario_2_concentrado_societario;7;cenario_2_concentrado_societario_7_analistas
2026-03-26 09:00:00;Abraão;Propriedade intelectual;0,0;0,15519807333141483;0,009256481174413592;1,1248923931423855;0,13796703958311;0,019034904011327437;cenario_2_concentrado_societario;7;cenario_2_concentrado_societario_7_analistas
2026-03-26 09:00:00;Abraão;Regulatório;0,0;0,15519807333141483;0,009256481174413592;1,3370162989792103;0,11607792175002353;0,013474083917804585;cenario_2_concentrado_societario;7;cenario_2_concentrado_societario_7_analistas
2026-03-26 09:00:00;Abraão;Societário;74,0;0,9715294123099029;0,0019527969408634402;3,412902689558666;0,28466367215278987;0,08103340624351103;cenario_2_concentrado_societario;7;cenario_2_concentrado_societario_7_analistas
2026-03-26 09:00:00;Abraão;Trabalhista;0,0;0,15519807333141483;0,009256481174413592;1,0988041921885903;0,14124270223459234;0,019949500934529716;cenario_2_concentrado_societario;7;cenario_2_concentrado_societario_7_analistas
2026-03-26 09:00:00;Abraão;Tributário;0,0;0,15519807333141483;0,009256481174413592;1,0863865133199038;0,14285714285714288;0,020408163265306128;cenario_2_concentrado_societario;7;cenario_2_concentrado_societario_7_analistas
2026-03-26 09:00:00;Adão;Concorrencial;0,0;0,15519807333141483;0,009256481174413592;1,3167613420614215;0,11786347941263868;0,013891799779253502;cenario_2_concentrado_societario;7;cenario_2_concentrado_societario_7_analistas
2026-03-26 09:00:00;Adão;Contencioso;0,0;0,15519807333141483;0,009256481174413592;1,234182654495309;0,12574967956819938;0,01581298191150482;cenario_2_concentrado_societario;7;cenario_2_concentrado_societario_7_analistas
2026-03-26 09:00:00;Adão;Contratos;61,900000000000006;0,9355798484856076;0,004255075808883812;2,014942381230516;0,46432089433458307;0,21559389291566705;cenario_2_concentrado_societario;7;cenario_2_concentrado_societario_7_analistas
2026-03-26 09:00:00;Adão;Direito digital;0,0;0,15519807333141483;0,009256481174413592;1,1282218180833383;0,1375598936697312;0,018922724346427756;cenario_2_concentrado_societario;7;cenario_2_concentrado_societario_7_analistas
2026-03-26 09:00:00;Adão;Direito financeiro;0,0;0,15519807333141483;0,009256481174413592;1,4891714022304694;0,10421773685618752;0,010861336675425546;cenario_2_concentrado_societario;7;cenario_2_concentrado_societario_7_analistas
2026-03-26 09:00:00;Adão;Governança;0,0;0,15519807333141483;0,009256481174413592;1,1859986393693154;0,13085855934366444;0,01712396255349935;cenario_2_concentrado_societario;7;cenario_2_concentrado_societario_7_analistas
2026-03-26 09:00:00;Adão;Propriedade intelectual;0,0;0,15519807333141483;0,009256481174413592;1,1248923931423855;0,13796703958311;0,019034904011327437;cenario_2_concentrado_societario;7;cenario_2_concentrado_societario_7_analistas
2026-03-26 09:00:00;Adão;Regulatório;0,0;0,15519807333141483;0,009256481174413592;1,3370162989792103;0,11607792175002353;0,013474083917804585;cenario_2_concentrado_societario;7;cenario_2_concentrado_societario_7_analistas
2026-03-26 09:00:00;Adão;Societário;7,3999999999999995;0,23650088780342765;0,012748116181736243;3,412902689558666;0,06929611222932652;0,004801951170099417;cenario_2_concentrado_societario;7;cenario_2_concentrado_societario_7_analistas
2026-03-26 09:00:00;Adão;Trabalhista;0,0;0,15519807333141483;0,009256481174413592;1,0988041921885903;0,14124270223459234;0,019949500934529716;cenario_2_concentrado_societario;7;cenario_2_concentrado_societario_7_analistas
2026-03-26 09:00:00;Adão;Tributário;0,0;0,15519807333141483;0,009256481174413592;1,0863865133199038;0,14285714285714288;0,020408163265306128;cenario_2_concentrado_societario;7;cenario_2_concentrado_societario_7_analistas
2026-03-26 09:00:00;Esaú;Concorrencial;17,400000000000002;0,38557290207293243;0,016725594611755244;1,3167613420614215;0,2928191235241679;0,08574303910146189;cenario_2_concentrado_societario;7;cenario_2_concentrado_societario_7_analistas
2026-03-26 09:00:00;Esaú;Contencioso;0,0;0,15519807333141483;0,009256481174413592;1,234182654495309;0,12574967956819938;0,01581298191150482;cenario_2_concentrado_societario;7;cenario_2_concentrado_societario_7_analistas
2026-03-26 09:00:00;Esaú;Contratos;3,6000000000000005;0,19150818593804064;0,010931195726367362;2,014942381230516;0,09504400111981737;0,009033362148863845;cenario_2_concentrado_societario;7;cenario_2_concentrado_societario_7_analistas
2026-03-26 09:00:00;Esaú;Direito digital;0,0;0,15519807333141483;0,009256481174413592;1,1282218180833383;0,1375598936697312;0,018922724346427756;cenario_2_concentrado_societario;7;cenario_2_concentrado_societario_7_analistas
2026-03-26 09:00:00;Esaú;Direito financeiro;0,0;0,15519807333141483;0,009256481174413592;1,4891714022304694;0,10421773685618752;0,010861336675425546;cenario_2_concentrado_societario;7;cenario_2_concentrado_societario_7_analistas
2026-03-26 09:00:00;Esaú;Governança;0,0;0,15519807333141483;0,009256481174413592;1,1859986393693154;0,13085855934366444;0,01712396255349935;cenario_2_concentrado_societario;7;cenario_2_concentrado_societario_7_analistas
2026-03-26 09:00:00;Esaú;Propriedade intelectual;0,0;0,15519807333141483;0,009256481174413592;1,1248923931423855;0,13796703958311;0,019034904011327437;cenario_2_concentrado_societario;7;cenario_2_concentrado_societario_7_analistas
2026-03-26 09:00:00;Esaú;Regulatório;0,0;0,15519807333141483;0,009256481174413592;1,3370162989792103;0,11607792175002353;0,013474083917804585;cenario_2_concentrado_societario;7;cenario_2_concentrado_societario_7_analistas
2026-03-26 09:00:00;Esaú;Societário;30,0;0,6043443765120381;0,01688132492697617;3,412902689558666;0,17707635742470815;0,03135603635880299;cenario_2_concentrado_societario;7;cenario_2_concentrado_societario_7_analistas
2026-03-26 09:00:00;Esaú;Trabalhista;1,3000000000000003;0,16761575220010116;0,009850162254103378;1,0988041921885903;0,15254378659244586;0,023269606827961663;cenario_2_concentrado_societario;7;cenario_2_concentrado_societario_7_analistas
2026-03-26 09:00:00;Esaú;Tributário;0,0;0,15519807333141483;0,009256481174413592;1,0863865133199038;0,14285714285714288;0,020408163265306128;cenario_2_concentrado_societario;7;cenario_2_concentrado_societario_7_analistas
2026-03-26 09:00:00;Caim;Concorrencial;0,0;0,15519807333141483;0,009256481174413592;1,3167613420614215;0,11786347941263868;0,013891799779253502;cenario_2_concentrado_societario;7;cenario_2_concentrado_societario_7_analistas
2026-03-26 09:00:00;Caim;Contencioso;0,0;0,15519807333141483;0,009256481174413592;1,234182654495309;0,12574967956819938;0,01581298191150482;cenario_2_concentrado_societario;7;cenario_2_concentrado_societario_7_analistas
2026-03-26 09:00:00;Caim;Contratos;9,700000000000001;0,2670620534812084;0,013819237862855563;2,014942381230516;0,13254078923989618;0,017567060812334577;cenario_2_concentrado_societario;7;cenario_2_concentrado_societario_7_analistas
2026-03-26 09:00:00;Caim;Direito digital;4,1000000000000005;0,1970333780948494;0,011169712556403534;1,1282218180833383;0,1746406379816129;0,03049935243462477;cenario_2_concentrado_societario;7;cenario_2_concentrado_societario_7_analistas
2026-03-26 09:00:00;Caim;Direito financeiro;27,3;0,5579829622419804;0,01741264111192894;1,4891714022304694;0,3746935788628749;0,14039527804106947;cenario_2_concentrado_societario;7;cenario_2_concentrado_societario_7_analistas
2026-03-26 09:00:00;Caim;Governança;8,8;0,2548101993808264;0,013405666494066491;1,1859986393693154;0,2148486439380134;0,04615993980200326;cenario_2_concentrado_societario;7;cenario_2_concentrado_societario_7_analistas
2026-03-26 09:00:00;Caim;Propriedade intelectual;0,0;0,15519807333141483;0,009256481174413592;1,1248923931423855;0,13796703958311;0,019034904011327437;cenario_2_concentrado_societario;7;cenario_2_concentrado_societario_7_analistas
2026-03-26 09:00:00;Caim;Regulatório;18,6;0,4058278589907213;0,017023891514755633;1,3370162989792103;0,30353246949985885;0,09213196004068275;cenario_2_concentrado_societario;7;cenario_2_concentrado_societario_7_analistas
2026-03-26 09:00:00;Caim;Societário;0,0;0,15519807333141483;0,009256481174413592;3,412902689558666;0,04547392277143537;0,002067877652222468;cenario_2_concentrado_societario;7;cenario_2_concentrado_societario_7_analistas
2026-03-26 09:00:00;Caim;Trabalhista;0,0;0,15519807333141483;0,009256481174413592;1,0988041921885903;0,14124270223459234;0,019949500934529716;cenario_2_concentrado_societario;7;cenario_2_concentrado_societario_7_analistas
2026-03-26 09:00:00;Caim;Tributário;0,0;0,15519807333141483;0,009256481174413592;1,0863865133199038;0,14285714285714288;0,020408163265306128;cenario_2_concentrado_societario;7;cenario_2_concentrado_societario_7_analistas
2026-03-26 09:00:00;Davi;Concorrencial;0,0;0,15519807333141483;0,009256481174413592;1,3167613420614215;0,11786347941263868;0,013891799779253502;cenario_2_concentrado_societario;7;cenario_2_concentrado_societario_7_analistas
2026-03-26 09:00:00;Davi;Contencioso;0,0;0,15519807333141483;0,009256481174413592;1,234182654495309;0,12574967956819938;0,01581298191150482;cenario_2_concentrado_societario;7;cenario_2_concentrado_societario_7_analistas
2026-03-26 09:00:00;Davi;Contratos;0,0;0,15519807333141483;0,009256481174413592;2,014942381230516;0,07702357882642584;0,005932631695230635;cenario_2_concentrado_societario;7;cenario_2_concentrado_societario_7_analistas
2026-03-26 09:00:00;Davi;Direito digital;0,0;0,15519807333141483;0,009256481174413592;1,1282218180833383;0,1375598936697312;0,018922724346427756;cenario_2_concentrado_societario;7;cenario_2_concentrado_societario_7_analistas
2026-03-26 09:00:00;Davi;Direito financeiro;0,0;0,15519807333141483;0,009256481174413592;1,4891714022304694;0,10421773685618752;0,010861336675425546;cenario_2_concentrado_societario;7;cenario_2_concentrado_societario_7_analistas
2026-03-26 09:00:00;Davi;Governança;0,0;0,15519807333141483;0,009256481174413592;1,1859986393693154;0,13085855934366444;0,01712396255349935;cenario_2_concentrado_societario;7;cenario_2_concentrado_societario_7_analistas
2026-03-26 09:00:00;Davi;Propriedade intelectual;0,0;0,15519807333141483;0,009256481174413592;1,1248923931423855;0,13796703958311;0,019034904011327437;cenario_2_concentrado_societario;7;cenario_2_concentrado_societario_7_analistas
2026-03-26 09:00:00;Davi;Regulatório;0,0;0,15519807333141483;0,009256481174413592;1,3370162989792103;0,11607792175002353;0,013474083917804585;cenario_2_concentrado_societario;7;cenario_2_concentrado_societario_7_analistas
2026-03-26 09:00:00;Davi;Societário;75,1;0,9736006032045489;0,001814594286286693;3,412902689558666;0,285270542926159;0,08137928266138553;cenario_2_concentrado_societario;7;cenario_2_concentrado_societario_7_analistas
2026-03-26 09:00:00;Davi;Trabalhista;0,0;0,15519807333141483;0,009256481174413592;1,0988041921885903;0,14124270223459234;0,019949500934529716;cenario_2_concentrado_societario;7;cenario_2_concentrado_societario_7_analistas
2026-03-26 09:00:00;Davi;Tributário;0,0;0,15519807333141483;0,009256481174413592;1,0863865133199038;0,14285714285714288;0,020408163265306128;cenario_2_concentrado_societario;7;cenario_2_concentrado_societario_7_analistas
2026-04-23 09:00:00;Jacó;Concorrencial;0,0;0,15519807333141483;0,009256481174413592;1,3404255539617633;0,11578268772384354;0,013405630776557069;cenario_2_concentrado_societario;7;cenario_2_concentrado_societario_7_analistas
2026-04-23 09:00:00;Jacó;Contencioso;12,3;0,3044872773143932;0,014951299133925105;1,235675717302882;0,2464135800766561;0,0607196524461946;cenario_2_concentrado_societario;7;cenario_2_concentrado_societario_7_analistas
2026-04-23 09:00:00;Jacó;Contratos;0,0;0,15519807333141483;0,009256481174413592;2,242585525681825;0,06920497414885846;0,004789328446944167;cenario_2_concentrado_societario;7;cenario_2_concentrado_societario_7_analistas
2026-04-23 09:00:00;Jacó;Direito digital;0,0;0,15519807333141483;0,009256481174413592;1,1676893277919167;0,13291041515716523;0,017665178457250016;cenario_2_concentrado_societario;7;cenario_2_concentrado_societario_7_analistas
2026-04-23 09:00:00;Jacó;Direito financeiro;0,0;0,15519807333141483;0,009256481174413592;1,6613534646329304;0,0934166489162529;0,008726670294742453;cenario_2_concentrado_societario;7;cenario_2_concentrado_societario_7_analistas
2026-04-23 09:00:00;Jacó;Governança;0,0;0,15519807333141483;0,009256481174413592;1,2024166634101565;0,12907179187891477;0,016659527458833888;cenario_2_concentrado_societario;7;cenario_2_concentrado_societario_7_analistas
2026-04-23 09:00:00;Jacó;Propriedade intelectual;0,0;0,15519807333141483;0,009256481174413592;1,1304653207748079;0,1372868945904894;0,018847691426300148;cenario_2_concentrado_societario;7;cenario_2_concentrado_societario_7_analistas
2026-04-23 09:00:00;Jacó;Regulatório;0,0;0,15519807333141483;0,009256481174413592;1,3421334816993569;0,11563534882902192;0,01337153389880958;cenario_2_concentrado_societario;7;cenario_2_concentrado_societario_7_analistas
2026-04-23 09:00:00;Jacó;Societário;7,300000000000001;0,23522844859390596;0,012700659404960311;4,107124787211697;0,057273265552177474;0,003280226947010239;cenario_2_concentrado_societario;7;cenario_2_concentrado_societario_7_analistas
2026-04-23 09:00:00;Jacó;Trabalhista;0,0;0,15519807333141483;0,009256481174413592;1,0997915212116607;0,14111590273075594;0,019913698003516174;cenario_2_concentrado_societario;7;cenario_2_concentrado_societario_7_analistas
2026-04-23 09:00:00;Jacó;Tributário;0,0;0,15519807333141483;0,009256481174413592;1,0863865133199038;0,14285714285714288;0,020408163265306128;cenario_2_concentrado_societario;7;cenario_2_concentrado_societario_7_analistas
2026-04-23 09:00:00;Eva;Concorrencial;0,0;0,15519807333141483;0,009256481174413592;1,3404255539617633;0,11578268772384354;0,013405630776557069;cenario_2_concentrado_societario;7;cenario_2_concentrado_societario_7_analistas
2026-04-23 09:00:00;Eva;Contencioso;0,0;0,15519807333141483;0,009256481174413592;1,235675717302882;0,12559773665389068;0,015774791452580074;cenario_2_concentrado_societario;7;cenario_2_concentrado_societario_7_analistas
2026-04-23 09:00:00;Eva;Contratos;0,0;0,15519807333141483;0,009256481174413592;2,242585525681825;0,06920497414885846;0,004789328446944167;cenario_2_concentrado_societario;7;cenario_2_concentrado_societario_7_analistas
2026-04-23 09:00:00;Eva;Direito digital;0,0;0,15519807333141483;0,009256481174413592;1,1676893277919167;0,13291041515716523;0,017665178457250016;cenario_2_concentrado_societario;7;cenario_2_concentrado_societario_7_analistas
2026-04-23 09:00:00;Eva;Direito financeiro;0,0;0,15519807333141483;0,009256481174413592;1,6613534646329304;0,0934166489162529;0,008726670294742453;cenario_2_concentrado_societario;7;cenario_2_concentrado_societario_7_analistas
2026-04-23 09:00:00;Eva;Governança;0,0;0,15519807333141483;0,009256481174413592;1,2024166634101565;0,12907179187891477;0,016659527458833888;cenario_2_concentrado_societario;7;cenario_2_concentrado_societario_7_analistas
2026-04-23 09:00:00;Eva;Propriedade intelectual;4,300000000000001;0,19927688078631886;0,011265331753269825;1,1304653207748079;0,1762786324570636;0,031074156260932517;cenario_2_concentrado_societario;7;cenario_2_concentrado_societario_7_analistas
2026-04-23 09:00:00;Eva;Regulatório;0,0;0,15519807333141483;0,009256481174413592;1,3421334816993569;0,11563534882902192;0,01337153389880958;cenario_2_concentrado_societario;7;cenario_2_concentrado_societario_7_analistas
2026-04-23 09:00:00;Eva;Societário;7,4;0,23650088780342765;0,012748116181736243;4,107124787211697;0,057583078201036766;0,0033158108951067155;cenario_2_concentrado_societario;7;cenario_2_concentrado_societario_7_analistas
2026-04-23 09:00:00;Eva;Trabalhista;0,0;0,15519807333141483;0,009256481174413592;1,0997915212116607;0,14111590273075594;0,019913698003516174;cenario_2_concentrado_societario;7;cenario_2_concentrado_societario_7_analistas
2026-04-23 09:00:00;Eva;Tributário;0,0;0,15519807333141483;0,009256481174413592;1,0863865133199038;0,14285714285714288;0,020408163265306128;cenario_2_concentrado_societario;7;cenario_2_concentrado_societario_7_analistas
2026-04-23 09:00:00;Abraão;Concorrencial;0,0;0,15519807333141483;0,009256481174413592;1,3404255539617633;0,11578268772384354;0,013405630776557069;cenario_2_concentrado_societario;7;cenario_2_concentrado_societario_7_analistas
2026-04-23 09:00:00;Abraão;Contencioso;0,0;0,15519807333141483;0,009256481174413592;1,235675717302882;0,12559773665389068;0,015774791452580074;cenario_2_concentrado_societario;7;cenario_2_concentrado_societario_7_analistas
2026-04-23 09:00:00;Abraão;Contratos;0,0;0,15519807333141483;0,009256481174413592;2,242585525681825;0,06920497414885846;0,004789328446944167;cenario_2_concentrado_societario;7;cenario_2_concentrado_societario_7_analistas
2026-04-23 09:00:00;Abraão;Direito digital;0,0;0,15519807333141483;0,009256481174413592;1,1676893277919167;0,13291041515716523;0,017665178457250016;cenario_2_concentrado_societario;7;cenario_2_concentrado_societario_7_analistas
2026-04-23 09:00:00;Abraão;Direito financeiro;0,0;0,15519807333141483;0,009256481174413592;1,6613534646329304;0,0934166489162529;0,008726670294742453;cenario_2_concentrado_societario;7;cenario_2_concentrado_societario_7_analistas
2026-04-23 09:00:00;Abraão;Governança;0,0;0,15519807333141483;0,009256481174413592;1,2024166634101565;0,12907179187891477;0,016659527458833888;cenario_2_concentrado_societario;7;cenario_2_concentrado_societario_7_analistas
2026-04-23 09:00:00;Abraão;Propriedade intelectual;0,0;0,15519807333141483;0,009256481174413592;1,1304653207748079;0,1372868945904894;0,018847691426300148;cenario_2_concentrado_societario;7;cenario_2_concentrado_societario_7_analistas
2026-04-23 09:00:00;Abraão;Regulatório;0,0;0,15519807333141483;0,009256481174413592;1,3421334816993569;0,11563534882902192;0,01337153389880958;cenario_2_concentrado_societario;7;cenario_2_concentrado_societario_7_analistas
2026-04-23 09:00:00;Abraão;Societário;74,0;0,9715294123099029;0,0019527969408634402;4,107124787211697;0,23654733241486642;0,055954640472589315;cenario_2_concentrado_societario;7;cenario_2_concentrado_societario_7_analistas
2026-04-23 09:00:00;Abraão;Trabalhista;0,0;0,15519807333141483;0,009256481174413592;1,0997915212116607;0,14111590273075594;0,019913698003516174;cenario_2_concentrado_societario;7;cenario_2_concentrado_societario_7_analistas
2026-04-23 09:00:00;Abraão;Tributário;0,0;0,15519807333141483;0,009256481174413592;1,0863865133199038;0,14285714285714288;0,020408163265306128;cenario_2_concentrado_societario;7;cenario_2_concentrado_societario_7_analistas
2026-04-23 09:00:00;Adão;Concorrencial;0,0;0,15519807333141483;0,009256481174413592;1,3404255539617633;0,11578268772384354;0,013405630776557069;cenario_2_concentrado_societario;7;cenario_2_concentrado_societario_7_analistas
2026-04-23 09:00:00;Adão;Contencioso;0,0;0,15519807333141483;0,009256481174413592;1,235675717302882;0,12559773665389068;0,015774791452580074;cenario_2_concentrado_societario;7;cenario_2_concentrado_societario_7_analistas
2026-04-23 09:00:00;Adão;Contratos;61,900000000000006;0,9355798484856076;0,004255075808883812;2,242585525681825;0,41718803486933165;0,17404585643813467;cenario_2_concentrado_societario;7;cenario_2_concentrado_societario_7_analistas
2026-04-23 09:00:00;Adão;Direito digital;0,0;0,15519807333141483;0,009256481174413592;1,1676893277919167;0,13291041515716523;0,017665178457250016;cenario_2_concentrado_societario;7;cenario_2_concentrado_societario_7_analistas
2026-04-23 09:00:00;Adão;Direito financeiro;0,0;0,15519807333141483;0,009256481174413592;1,6613534646329304;0,0934166489162529;0,008726670294742453;cenario_2_concentrado_societario;7;cenario_2_concentrado_societario_7_analistas
2026-04-23 09:00:00;Adão;Governança;0,0;0,15519807333141483;0,009256481174413592;1,2024166634101565;0,12907179187891477;0,016659527458833888;cenario_2_concentrado_societario;7;cenario_2_concentrado_societario_7_analistas
2026-04-23 09:00:00;Adão;Propriedade intelectual;0,0;0,15519807333141483;0,009256481174413592;1,1304653207748079;0,1372868945904894;0,018847691426300148;cenario_2_concentrado_societario;7;cenario_2_concentrado_societario_7_analistas
2026-04-23 09:00:00;Adão;Regulatório;0,0;0,15519807333141483;0,009256481174413592;1,3421334816993569;0,11563534882902192;0,01337153389880958;cenario_2_concentrado_societario;7;cenario_2_concentrado_societario_7_analistas
2026-04-23 09:00:00;Adão;Societário;29,4;0,5941721410092787;0,017023891514755633;4,107124787211697;0,1446686360393395;0,020929014253482876;cenario_2_concentrado_societario;7;cenario_2_concentrado_societario_7_analistas
2026-04-23 09:00:00;Adão;Trabalhista;0,0;0,15519807333141483;0,009256481174413592;1,0997915212116607;0,14111590273075594;0,019913698003516174;cenario_2_concentrado_societario;7;cenario_2_concentrado_societario_7_analistas
2026-04-23 09:00:00;Adão;Tributário;0,0;0,15519807333141483;0,009256481174413592;1,0863865133199038;0,14285714285714288;0,020408163265306128;cenario_2_concentrado_societario;7;cenario_2_concentrado_societario_7_analistas
2026-04-23 09:00:00;Esaú;Concorrencial;18,8;0,40923711397327434;0,01706840415551903;1,3404255539617633;0,3053038736569388;0,09321045526993205;cenario_2_concentrado_societario;7;cenario_2_concentrado_societario_7_analistas
2026-04-23 09:00:00;Esaú;Contencioso;0,0;0,15519807333141483;0,009256481174413592;1,235675717302882;0,12559773665389068;0,015774791452580074;cenario_2_concentrado_societario;7;cenario_2_concentrado_societario_7_analistas
2026-04-23 09:00:00;Esaú;Contratos;3,6000000000000005;0,19150818593804064;0,010931195726367362;2,242585525681825;0,08539615713421472;0,007292503653291492;cenario_2_concentrado_societario;7;cenario_2_concentrado_societario_7_analistas
2026-04-23 09:00:00;Esaú;Direito digital;0,0;0,15519807333141483;0,009256481174413592;1,1676893277919167;0,13291041515716523;0,017665178457250016;cenario_2_concentrado_societario;7;cenario_2_concentrado_societario_7_analistas
2026-04-23 09:00:00;Esaú;Direito financeiro;0,0;0,15519807333141483;0,009256481174413592;1,6613534646329304;0,0934166489162529;0,008726670294742453;cenario_2_concentrado_societario;7;cenario_2_concentrado_societario_7_analistas
2026-04-23 09:00:00;Esaú;Governança;0,0;0,15519807333141483;0,009256481174413592;1,2024166634101565;0,12907179187891477;0,016659527458833888;cenario_2_concentrado_societario;7;cenario_2_concentrado_societario_7_analistas
2026-04-23 09:00:00;Esaú;Propriedade intelectual;0,0;0,15519807333141483;0,009256481174413592;1,1304653207748079;0,1372868945904894;0,018847691426300148;cenario_2_concentrado_societario;7;cenario_2_concentrado_societario_7_analistas
2026-04-23 09:00:00;Esaú;Regulatório;0,0;0,15519807333141483;0,009256481174413592;1,3421334816993569;0,11563534882902192;0,01337153389880958;cenario_2_concentrado_societario;7;cenario_2_concentrado_societario_7_analistas
2026-04-23 09:00:00;Esaú;Societário;63,2;0,9408952209592186;0,003926165131953718;4,107124787211697;0,22908853996568895;0,052481559143611065;cenario_2_concentrado_societario;7;cenario_2_concentrado_societario_7_analistas
2026-04-23 09:00:00;Esaú;Trabalhista;1,4000000000000001;0,16860308122317166;0,00989643140510083;1,0997915212116607;0,15330458361546426;0,02350229535751087;cenario_2_concentrado_societario;7;cenario_2_concentrado_societario_7_analistas
2026-04-23 09:00:00;Esaú;Tributário;0,0;0,15519807333141483;0,009256481174413592;1,0863865133199038;0,14285714285714288;0,020408163265306128;cenario_2_concentrado_societario;7;cenario_2_concentrado_societario_7_analistas
2026-04-23 09:00:00;Caim;Concorrencial;0,0;0,15519807333141483;0,009256481174413592;1,3404255539617633;0,11578268772384354;0,013405630776557069;cenario_2_concentrado_societario;7;cenario_2_concentrado_societario_7_analistas
2026-04-23 09:00:00;Caim;Contencioso;0,0;0,15519807333141483;0,009256481174413592;1,235675717302882;0,12559773665389068;0,015774791452580074;cenario_2_concentrado_societario;7;cenario_2_concentrado_societario_7_analistas
2026-04-23 09:00:00;Caim;Contratos;23,700000000000003;0,49470519793251744;0,017648020734017274;2,242585525681825;0,2205959114010199;0,04866255612684662;cenario_2_concentrado_societario;7;cenario_2_concentrado_societario_7_analistas
2026-04-23 09:00:00;Caim;Direito digital;7,4;0,23650088780342765;0,012748116181736243;1,1676893277919167;0,20253750905700862;0,04102144257501785;cenario_2_concentrado_societario;7;cenario_2_concentrado_societario_7_analistas
2026-04-23 09:00:00;Caim;Direito financeiro;38,1;0,7301650246444413;0,013909898736987914;1,6613534646329304;0,43950010650248256;0,1931603436156935;cenario_2_concentrado_societario;7;cenario_2_concentrado_societario_7_analistas
2026-04-23 09:00:00;Caim;Governança;10,000000000000002;0,2712282234216675;0,01395504128142826;1,2024166634101565;0,22556924872651138;0,05088148597104276;cenario_2_concentrado_societario;7;cenario_2_concentrado_societario_7_analistas
2026-04-23 09:00:00;Caim;Propriedade intelectual;0,0;0,15519807333141483;0,009256481174413592;1,1304653207748079;0,1372868945904894;0,018847691426300148;cenario_2_concentrado_societario;7;cenario_2_concentrado_societario_7_analistas
2026-04-23 09:00:00;Caim;Regulatório;18,900000000000002;0,4109450417108678;0,017090086536930938;1,3421334816993569;0,30618790702586846;0,09375103440888187;cenario_2_concentrado_societario;7;cenario_2_concentrado_societario_7_analistas
2026-04-23 09:00:00;Caim;Societário;0,0;0,15519807333141483;0,009256481174413592;4,107124787211697;0,03778752323636553;0,0014278969123388647;cenario_2_concentrado_societario;7;cenario_2_concentrado_societario_7_analistas
2026-04-23 09:00:00;Caim;Trabalhista;0,0;0,15519807333141483;0,009256481174413592;1,0997915212116607;0,14111590273075594;0,019913698003516174;cenario_2_concentrado_societario;7;cenario_2_concentrado_societario_7_analistas
2026-04-23 09:00:00;Caim;Tributário;0,0;0,15519807333141483;0,009256481174413592;1,0863865133199038;0,14285714285714288;0,020408163265306128;cenario_2_concentrado_societario;7;cenario_2_concentrado_societario_7_analistas
2026-04-23 09:00:00;Davi;Concorrencial;0,0;0,15519807333141483;0,009256481174413592;1,3404255539617633;0,11578268772384354;0,013405630776557069;cenario_2_concentrado_societario;7;cenario_2_concentrado_societario_7_analistas
2026-04-23 09:00:00;Davi;Contencioso;0,0;0,15519807333141483;0,009256481174413592;1,235675717302882;0,12559773665389068;0,015774791452580074;cenario_2_concentrado_societario;7;cenario_2_concentrado_societario_7_analistas
2026-04-23 09:00:00;Davi;Contratos;0,0;0,15519807333141483;0,009256481174413592;2,242585525681825;0,06920497414885846;0,004789328446944167;cenario_2_concentrado_societario;7;cenario_2_concentrado_societario_7_analistas
2026-04-23 09:00:00;Davi;Direito digital;0,0;0,15519807333141483;0,009256481174413592;1,1676893277919167;0,13291041515716523;0,017665178457250016;cenario_2_concentrado_societario;7;cenario_2_concentrado_societario_7_analistas
2026-04-23 09:00:00;Davi;Direito financeiro;0,0;0,15519807333141483;0,009256481174413592;1,6613534646329304;0,0934166489162529;0,008726670294742453;cenario_2_concentrado_societario;7;cenario_2_concentrado_societario_7_analistas
2026-04-23 09:00:00;Davi;Governança;0,0;0,15519807333141483;0,009256481174413592;1,2024166634101565;0,12907179187891477;0,016659527458833888;cenario_2_concentrado_societario;7;cenario_2_concentrado_societario_7_analistas
2026-04-23 09:00:00;Davi;Propriedade intelectual;0,0;0,15519807333141483;0,009256481174413592;1,1304653207748079;0,1372868945904894;0,018847691426300148;cenario_2_concentrado_societario;7;cenario_2_concentrado_societario_7_analistas
2026-04-23 09:00:00;Davi;Regulatório;0,0;0,15519807333141483;0,009256481174413592;1,3421334816993569;0,11563534882902192;0,01337153389880958;cenario_2_concentrado_societario;7;cenario_2_concentrado_societario_7_analistas
2026-04-23 09:00:00;Davi;Societário;75,1;0,9736006032045489;0,001814594286286693;4,107124787211697;0,23705162459052542;0,056193472721007394;cenario_2_concentrado_societario;7;cenario_2_concentrado_societario_7_analistas
2026-04-23 09:00:00;Davi;Trabalhista;0,0;0,15519807333141483;0,009256481174413592;1,0997915212116607;0,14111590273075594;0,019913698003516174;cenario_2_concentrado_societario;7;cenario_2_concentrado_societario_7_analistas
2026-04-23 09:00:00;Davi;Tributário;0,0;0,15519807333141483;0,009256481174413592;1,0863865133199038;0,14285714285714288;0,020408163265306128;cenario_2_concentrado_societario;7;cenario_2_concentrado_societario_7_analistas
2026-05-21 09:00:00;Jacó;Concorrencial;0,0;0,15519807333141483;0,009256481174413592;1,3404255539617633;0,11578268772384354;0,013405630776557069;cenario_2_concentrado_societario;7;cenario_2_concentrado_societario_7_analistas
2026-05-21 09:00:00;Jacó;Contencioso;15,900000000000002;0,3608077504256834;0,016282161546685946;1,2919961904141724;0,2792637881618057;0,07798826337848189;cenario_2_concentrado_societario;7;cenario_2_concentrado_societario_7_analistas
2026-05-21 09:00:00;Jacó;Contratos;0,0;0,15519807333141483;0,009256481174413592;2,4780453523937487;0,0626292304059311;0,003922420501239205;cenario_2_concentrado_societario;7;cenario_2_concentrado_societario_7_analistas
2026-05-21 09:00:00;Jacó;Direito digital;0,0;0,15519807333141483;0,009256481174413592;1,1689665100520732;0,13276520071092654;0,01762659851981261;cenario_2_concentrado_societario;7;cenario_2_concentrado_societario_7_analistas
2026-05-21 09:00:00;Jacó;Direito financeiro;0,0;0,15519807333141483;0,009256481174413592;1,7192298977872977;0,09027185574841362;0,008149007940262397;cenario_2_concentrado_societario;7;cenario_2_concentrado_societario_7_analistas
2026-05-21 09:00:00;Jacó;Governança;0,0;0,15519807333141483;0,009256481174413592;1,258554998649963;0,12331449439865082;0,015206464528794884;cenario_2_concentrado_societario;7;cenario_2_concentrado_societario_7_analistas
2026-05-21 09:00:00;Jacó;Propriedade intelectual;0,0;0,15519807333141483;0,009256481174413592;1,1304653207748079;0,1372868945904894;0,018847691426300148;cenario_2_concentrado_societario;7;cenario_2_concentrado_societario_7_analistas
2026-05-21 09:00:00;Jacó;Regulatório;0,0;0,15519807333141483;0,009256481174413592;1,3455557454937956;0,11534124383264391;0,013303602528861416;cenario_2_concentrado_societario;7;cenario_2_concentrado_societario_7_analistas
2026-05-21 09:00:00;Jacó;Societário;27,8;0,5666705988431087;0,01733618520624303;5,241611569264539;0,10810999467528634;0,01168777094869044;cenario_2_concentrado_societario;7;cenario_2_concentrado_societario_7_analistas
2026-05-21 09:00:00;Jacó;Trabalhista;0,0;0,15519807333141483;0,009256481174413592;1,0997915212116607;0,14111590273075594;0,019913698003516174;cenario_2_concentrado_societario;7;cenario_2_concentrado_societario_7_analistas
2026-05-21 09:00:00;Jacó;Tributário;0,0;0,15519807333141483;0,009256481174413592;1,0863865133199038;0,14285714285714288;0,020408163265306128;cenario_2_concentrado_societario;7;cenario_2_concentrado_societario_7_analistas
2026-05-21 09:00:00;Eva;Concorrencial;0,0;0,15519807333141483;0,009256481174413592;1,3404255539617633;0,11578268772384354;0,013405630776557069;cenario_2_concentrado_societario;7;cenario_2_concentrado_societario_7_analistas
2026-05-21 09:00:00;Eva;Contencioso;0,0;0,15519807333141483;0,009256481174413592;1,2919961904141724;0,12012270197303239;0,01442946352930196;cenario_2_concentrado_societario;7;cenario_2_concentrado_societario_7_analistas
2026-05-21 09:00:00;Eva;Contratos;0,0;0,15519807333141483;0,009256481174413592;2,4780453523937487;0,0626292304059311;0,003922420501239205;cenario_2_concentrado_societario;7;cenario_2_concentrado_societario_7_analistas
2026-05-21 09:00:00;Eva;Direito digital;0,0;0,15519807333141483;0,009256481174413592;1,1689665100520732;0,13276520071092654;0,01762659851981261;cenario_2_concentrado_societario;7;cenario_2_concentrado_societario_7_analistas
2026-05-21 09:00:00;Eva;Direito financeiro;0,0;0,15519807333141483;0,009256481174413592;1,7192298977872977;0,09027185574841362;0,008149007940262397;cenario_2_concentrado_societario;7;cenario_2_concentrado_societario_7_analistas
2026-05-21 09:00:00;Eva;Governança;0,0;0,15519807333141483;0,009256481174413592;1,258554998649963;0,12331449439865082;0,015206464528794884;cenario_2_concentrado_societario;7;cenario_2_concentrado_societario_7_analistas
2026-05-21 09:00:00;Eva;Propriedade intelectual;4,300000000000001;0,19927688078631886;0,011265331753269825;1,1304653207748079;0,1762786324570636;0,031074156260932517;cenario_2_concentrado_societario;7;cenario_2_concentrado_societario_7_analistas
2026-05-21 09:00:00;Eva;Regulatório;0,0;0,15519807333141483;0,009256481174413592;1,3455557454937956;0,11534124383264391;0,013303602528861416;cenario_2_concentrado_societario;7;cenario_2_concentrado_societario_7_analistas
2026-05-21 09:00:00;Eva;Societário;30,6;0,6144270979270676;0,01672559461175524;5,241611569264539;0,11722102826731953;0,013740769468047725;cenario_2_concentrado_societario;7;cenario_2_concentrado_societario_7_analistas
2026-05-21 09:00:00;Eva;Trabalhista;0,0;0,15519807333141483;0,009256481174413592;1,0997915212116607;0,14111590273075594;0,019913698003516174;cenario_2_concentrado_societario;7;cenario_2_concentrado_societario_7_analistas
2026-05-21 09:00:00;Eva;Tributário;0,0;0,15519807333141483;0,009256481174413592;1,0863865133199038;0,14285714285714288;0,020408163265306128;cenario_2_concentrado_societario;7;cenario_2_concentrado_societario_7_analistas
2026-05-21 09:00:00;Abraão;Concorrencial;0,0;0,15519807333141483;0,009256481174413592;1,3404255539617633;0,11578268772384354;0,013405630776557069;cenario_2_concentrado_societario;7;cenario_2_concentrado_societario_7_analistas
2026-05-21 09:00:00;Abraão;Contencioso;0,0;0,15519807333141483;0,009256481174413592;1,2919961904141724;0,12012270197303239;0,01442946352930196;cenario_2_concentrado_societario;7;cenario_2_concentrado_societario_7_analistas
2026-05-21 09:00:00;Abraão;Contratos;0,0;0,15519807333141483;0,009256481174413592;2,4780453523937487;0,0626292304059311;0,003922420501239205;cenario_2_concentrado_societario;7;cenario_2_concentrado_societario_7_analistas
2026-05-21 09:00:00;Abraão;Direito digital;0,0;0,15519807333141483;0,009256481174413592;1,1689665100520732;0,13276520071092654;0,01762659851981261;cenario_2_concentrado_societario;7;cenario_2_concentrado_societario_7_analistas
2026-05-21 09:00:00;Abraão;Direito financeiro;0,0;0,15519807333141483;0,009256481174413592;1,7192298977872977;0,09027185574841362;0,008149007940262397;cenario_2_concentrado_societario;7;cenario_2_concentrado_societario_7_analistas
2026-05-21 09:00:00;Abraão;Governança;0,0;0,15519807333141483;0,009256481174413592;1,258554998649963;0,12331449439865082;0,015206464528794884;cenario_2_concentrado_societario;7;cenario_2_concentrado_societario_7_analistas
2026-05-21 09:00:00;Abraão;Propriedade intelectual;0,0;0,15519807333141483;0,009256481174413592;1,1304653207748079;0,1372868945904894;0,018847691426300148;cenario_2_concentrado_societario;7;cenario_2_concentrado_societario_7_analistas
2026-05-21 09:00:00;Abraão;Regulatório;0,0;0,15519807333141483;0,009256481174413592;1,3455557454937956;0,11534124383264391;0,013303602528861416;cenario_2_concentrado_societario;7;cenario_2_concentrado_societario_7_analistas
2026-05-21 09:00:00;Abraão;Societário;74,0;0,9715294123099029;0,0019527969408634402;5,241611569264539;0,18534937193871848;0,0343543896780774;cenario_2_concentrado_societario;7;cenario_2_concentrado_societario_7_analistas
2026-05-21 09:00:00;Abraão;Trabalhista;0,0;0,15519807333141483;0,009256481174413592;1,0997915212116607;0,14111590273075594;0,019913698003516174;cenario_2_concentrado_societario;7;cenario_2_concentrado_societario_7_analistas
2026-05-21 09:00:00;Abraão;Tributário;0,0;0,15519807333141483;0,009256481174413592;1,0863865133199038;0,14285714285714288;0,020408163265306128;cenario_2_concentrado_societario;7;cenario_2_concentrado_societario_7_analistas
2026-05-21 09:00:00;Adão;Concorrencial;0,0;0,15519807333141483;0,009256481174413592;1,3404255539617633;0,11578268772384354;0,013405630776557069;cenario_2_concentrado_societario;7;cenario_2_concentrado_societario_7_analistas
2026-05-21 09:00:00;Adão;Contencioso;0,0;0,15519807333141483;0,009256481174413592;1,2919961904141724;0,12012270197303239;0,01442946352930196;cenario_2_concentrado_societario;7;cenario_2_concentrado_societario_7_analistas
2026-05-21 09:00:00;Adão;Contratos;61,900000000000006;0,9355798484856076;0,004255075808883812;2,4780453523937487;0,3775475083948136;0,14254212109513184;cenario_2_concentrado_societario;7;cenario_2_concentrado_societario_7_analistas
2026-05-21 09:00:00;Adão;Direito digital;0,0;0,15519807333141483;0,009256481174413592;1,1689665100520732;0,13276520071092654;0,01762659851981261;cenario_2_concentrado_societario;7;cenario_2_concentrado_societario_7_analistas
2026-05-21 09:00:00;Adão;Direito financeiro;0,0;0,15519807333141483;0,009256481174413592;1,7192298977872977;0,09027185574841362;0,008149007940262397;cenario_2_concentrado_societario;7;cenario_2_concentrado_societario_7_analistas
2026-05-21 09:00:00;Adão;Governança;0,0;0,15519807333141483;0,009256481174413592;1,258554998649963;0,12331449439865082;0,015206464528794884;cenario_2_concentrado_societario;7;cenario_2_concentrado_societario_7_analistas
2026-05-21 09:00:00;Adão;Propriedade intelectual;0,0;0,15519807333141483;0,009256481174413592;1,1304653207748079;0,1372868945904894;0,018847691426300148;cenario_2_concentrado_societario;7;cenario_2_concentrado_societario_7_analistas
2026-05-21 09:00:00;Adão;Regulatório;0,0;0,15519807333141483;0,009256481174413592;1,3455557454937956;0,11534124383264391;0,013303602528861416;cenario_2_concentrado_societario;7;cenario_2_concentrado_societario_7_analistas
2026-05-21 09:00:00;Adão;Societário;71,5;0,9662192610415452;0,0023043558047516123;5,241611569264539;0,18433629586503628;0,03397986997324219;cenario_2_concentrado_societario;7;cenario_2_concentrado_societario_7_analistas
2026-05-21 09:00:00;Adão;Trabalhista;0,0;0,15519807333141483;0,009256481174413592;1,0997915212116607;0,14111590273075594;0,019913698003516174;cenario_2_concentrado_societario;7;cenario_2_concentrado_societario_7_analistas
2026-05-21 09:00:00;Adão;Tributário;0,0;0,15519807333141483;0,009256481174413592;1,0863865133199038;0,14285714285714288;0,020408163265306128;cenario_2_concentrado_societario;7;cenario_2_concentrado_societario_7_analistas
2026-05-21 09:00:00;Esaú;Concorrencial;18,8;0,40923711397327434;0,01706840415551903;1,3404255539617633;0,3053038736569388;0,09321045526993205;cenario_2_concentrado_societario;7;cenario_2_concentrado_societario_7_analistas
2026-05-21 09:00:00;Esaú;Contencioso;0,0;0,15519807333141483;0,009256481174413592;1,2919961904141724;0,12012270197303239;0,01442946352930196;cenario_2_concentrado_societario;7;cenario_2_concentrado_societario_7_analistas
2026-05-21 09:00:00;Esaú;Contratos;3,6000000000000005;0,19150818593804064;0,010931195726367362;2,4780453523937487;0,0772819535982451;0,0059725003519613094;cenario_2_concentrado_societario;7;cenario_2_concentrado_societario_7_analistas
2026-05-21 09:00:00;Esaú;Direito digital;0,0;0,15519807333141483;0,009256481174413592;1,1689665100520732;0,13276520071092654;0,01762659851981261;cenario_2_concentrado_societario;7;cenario_2_concentrado_societario_7_analistas
2026-05-21 09:00:00;Esaú;Direito financeiro;0,0;0,15519807333141483;0,009256481174413592;1,7192298977872977;0,09027185574841362;0,008149007940262397;cenario_2_concentrado_societario;7;cenario_2_concentrado_societario_7_analistas
2026-05-21 09:00:00;Esaú;Governança;0,0;0,15519807333141483;0,009256481174413592;1,258554998649963;0,12331449439865082;0,015206464528794884;cenario_2_concentrado_societario;7;cenario_2_concentrado_societario_7_analistas
2026-05-21 09:00:00;Esaú;Propriedade intelectual;0,0;0,15519807333141483;0,009256481174413592;1,1304653207748079;0,1372868945904894;0,018847691426300148;cenario_2_concentrado_societario;7;cenario_2_concentrado_societario_7_analistas
2026-05-21 09:00:00;Esaú;Regulatório;0,0;0,15519807333141483;0,009256481174413592;1,3455557454937956;0,11534124383264391;0,013303602528861416;cenario_2_concentrado_societario;7;cenario_2_concentrado_societario_7_analistas
2026-05-21 09:00:00;Esaú;Societário;96,3;0,9939665226069511;0,0004233934627779131;5,241611569264539;0,18962994672007266;0,035959516693057594;cenario_2_concentrado_societario;7;cenario_2_concentrado_societario_7_analistas
2026-05-21 09:00:00;Esaú;Trabalhista;1,4000000000000001;0,16860308122317166;0,00989643140510083;1,0997915212116607;0,15330458361546426;0,02350229535751087;cenario_2_concentrado_societario;7;cenario_2_concentrado_societario_7_analistas
2026-05-21 09:00:00;Esaú;Tributário;0,0;0,15519807333141483;0,009256481174413592;1,0863865133199038;0,14285714285714288;0,020408163265306128;cenario_2_concentrado_societario;7;cenario_2_concentrado_societario_7_analistas
2026-05-21 09:00:00;Caim;Concorrencial;0,0;0,15519807333141483;0,009256481174413592;1,3404255539617633;0,11578268772384354;0,013405630776557069;cenario_2_concentrado_societario;7;cenario_2_concentrado_societario_7_analistas
2026-05-21 09:00:00;Caim;Contencioso;0,0;0,15519807333141483;0,009256481174413592;1,2919961904141724;0,12012270197303239;0,01442946352930196;cenario_2_concentrado_societario;7;cenario_2_concentrado_societario_7_analistas
2026-05-21 09:00:00;Caim;Contratos;38,1;0,7301650246444413;0,013909898736987914;2,4780453523937487;0,29465361638321697;0,08682075364770798;cenario_2_concentrado_societario;7;cenario_2_concentrado_societario_7_analistas
2026-05-21 09:00:00;Caim;Direito digital;7,5;0,23777807006358412;0,012795519957905751;1,1689665100520732;0,20340879573444065;0,0413751381821354;cenario_2_concentrado_societario;7;cenario_2_concentrado_societario_7_analistas
2026-05-21 09:00:00;Caim;Direito financeiro;42,6;0,7880414577988086;0,011792467572393082;1,7192298977872977;0,4583688655095182;0,2101020168684828;cenario_2_concentrado_societario;7;cenario_2_concentrado_societario_7_analistas
2026-05-21 09:00:00;Caim;Governança;13,800000000000002;0,32736655866147396;0,015545957262172207;1,258554998649963;0,2601130336080952;0,06765879025280605;cenario_2_concentrado_societario;7;cenario_2_concentrado_societario_7_analistas
2026-05-21 09:00:00;Caim;Propriedade intelectual;0,0;0,15519807333141483;0,009256481174413592;1,1304653207748079;0,1372868945904894;0,018847691426300148;cenario_2_concentrado_societario;7;cenario_2_concentrado_societario_7_analistas
2026-05-21 09:00:00;Caim;Regulatório;19,1;0,4143673055053067;0,01713229313933064;1,3455557454937956;0,3079525370041366;0,09483476504728412;cenario_2_concentrado_societario;7;cenario_2_concentrado_societario_7_analistas
2026-05-21 09:00:00;Caim;Societário;0,0;0,15519807333141483;0,009256481174413592;5,241611569264539;0,029608846683996267;0,0008766838019563968;cenario_2_concentrado_societario;7;cenario_2_concentrado_societario_7_analistas
2026-05-21 09:00:00;Caim;Trabalhista;0,0;0,15519807333141483;0,009256481174413592;1,0997915212116607;0,14111590273075594;0,019913698003516174;cenario_2_concentrado_societario;7;cenario_2_concentrado_societario_7_analistas
2026-05-21 09:00:00;Caim;Tributário;0,0;0,15519807333141483;0,009256481174413592;1,0863865133199038;0,14285714285714288;0,020408163265306128;cenario_2_concentrado_societario;7;cenario_2_concentrado_societario_7_analistas
2026-05-21 09:00:00;Davi;Concorrencial;0,0;0,15519807333141483;0,009256481174413592;1,3404255539617633;0,11578268772384354;0,013405630776557069;cenario_2_concentrado_societario;7;cenario_2_concentrado_societario_7_analistas
2026-05-21 09:00:00;Davi;Contencioso;0,0;0,15519807333141483;0,009256481174413592;1,2919961904141724;0,12012270197303239;0,01442946352930196;cenario_2_concentrado_societario;7;cenario_2_concentrado_societario_7_analistas
2026-05-21 09:00:00;Davi;Contratos;0,0;0,15519807333141483;0,009256481174413592;2,4780453523937487;0,0626292304059311;0,003922420501239205;cenario_2_concentrado_societario;7;cenario_2_concentrado_societario_7_analistas
2026-05-21 09:00:00;Davi;Direito digital;0,0;0,15519807333141483;0,009256481174413592;1,1689665100520732;0,13276520071092654;0,01762659851981261;cenario_2_concentrado_societario;7;cenario_2_concentrado_societario_7_analistas
2026-05-21 09:00:00;Davi;Direito financeiro;0,0;0,15519807333141483;0,009256481174413592;1,7192298977872977;0,09027185574841362;0,008149007940262397;cenario_2_concentrado_societario;7;cenario_2_concentrado_societario_7_analistas
2026-05-21 09:00:00;Davi;Governança;0,0;0,15519807333141483;0,009256481174413592;1,258554998649963;0,12331449439865082;0,015206464528794884;cenario_2_concentrado_societario;7;cenario_2_concentrado_societario_7_analistas
2026-05-21 09:00:00;Davi;Propriedade intelectual;0,0;0,15519807333141483;0,009256481174413592;1,1304653207748079;0,1372868945904894;0,018847691426300148;cenario_2_concentrado_societario;7;cenario_2_concentrado_societario_7_analistas
2026-05-21 09:00:00;Davi;Regulatório;0,0;0,15519807333141483;0,009256481174413592;1,3455557454937956;0,11534124383264391;0,013303602528861416;cenario_2_concentrado_societario;7;cenario_2_concentrado_societario_7_analistas
2026-05-21 09:00:00;Davi;Societário;75,1;0,9736006032045489;0,001814594286286693;5,241611569264539;0,1857445158495704;0,03450102516819131;cenario_2_concentrado_societario;7;cenario_2_concentrado_societario_7_analistas
2026-05-21 09:00:00;Davi;Trabalhista;0,0;0,15519807333141483;0,009256481174413592;1,0997915212116607;0,14111590273075594;0,019913698003516174;cenario_2_concentrado_societario;7;cenario_2_concentrado_societario_7_analistas
2026-05-21 09:00:00;Davi;Tributário;0,0;0,15519807333141483;0,009256481174413592;1,0863865133199038;0,14285714285714288;0,020408163265306128;cenario_2_concentrado_societario;7;cenario_2_concentrado_societario_7_analistas
2026-06-18 09:00:00;Jacó;Concorrencial;0,0;0,15519807333141483;0,009256481174413592;1,3404255539617633;0,11578268772384354;0,013405630776557069;cenario_2_concentrado_societario;7;cenario_2_concentrado_societario_7_analistas
2026-06-18 09:00:00;Jacó;Contencioso;15,900000000000002;0,3608077504256834;0,016282161546685946;1,2919961904141724;0,2792637881618057;0,07798826337848189;cenario_2_concentrado_societario;7;cenario_2_concentrado_societario_7_analistas
2026-06-18 09:00:00;Jacó;Contratos;0,0;0,15519807333141483;0,009256481174413592;2,6017150973519256;0,05965221691236613;0,0035583869825599793;cenario_2_concentrado_societario;7;cenario_2_concentrado_societario_7_analistas
2026-06-18 09:00:00;Jacó;Direito digital;0,0;0,15519807333141483;0,009256481174413592;1,1846603948332928;0,13100638293327477;0,017162672369259828;cenario_2_concentrado_societario;7;cenario_2_concentrado_societario_7_analistas
2026-06-18 09:00:00;Jacó;Direito financeiro;0,0;0,15519807333141483;0,009256481174413592;1,7665069697274225;0,08785590772696604;0,007718660522529171;cenario_2_concentrado_societario;7;cenario_2_concentrado_societario_7_analistas
2026-06-18 09:00:00;Jacó;Governança;0,0;0,15519807333141483;0,009256481174413592;1,3018219526309809;0,11921605179399508;0,014212467005348518;cenario_2_concentrado_societario;7;cenario_2_concentrado_societario_7_analistas
2026-06-18 09:00:00;Jacó;Propriedade intelectual;0,0;0,15519807333141483;0,009256481174413592;1,1304653207748079;0,1372868945904894;0,018847691426300148;cenario_2_concentrado_societario;7;cenario_2_concentrado_societario_7_analistas
2026-06-18 09:00:00;Jacó;Regulatório;0,0;0,15519807333141483;0,009256481174413592;1,4470680977276211;0,10725001371747984;0,011502565442399615;cenario_2_concentrado_societario;7;cenario_2_concentrado_societario_7_analistas
2026-06-18 09:00:00;Jacó;Societário;64,60000000000001;0,9461582168954771;0,003596564892063379;5,9694362116341075;0,1585004317579382;0,02512238686745283;cenario_2_concentrado_societario;7;cenario_2_concentrado_societario_7_analistas
2026-06-18 09:00:00;Jacó;Trabalhista;0,0;0,15519807333141483;0,009256481174413592;1,0997915212116607;0,14111590273075594;0,019913698003516174;cenario_2_concentrado_societario;7;cenario_2_concentrado_societario_7_analistas
2026-06-18 09:00:00;Jacó;Tributário;0,0;0,15519807333141483;0,009256481174413592;1,1512366790857969;0,13480987545902243;0,018173702521277136;cenario_2_concentrado_societario;7;cenario_2_concentrado_societario_7_analistas
2026-06-18 09:00:00;Eva;Concorrencial;0,0;0,15519807333141483;0,009256481174413592;1,3404255539617633;0,11578268772384354;0,013405630776557069;cenario_2_concentrado_societario;7;cenario_2_concentrado_societario_7_analistas
2026-06-18 09:00:00;Eva;Contencioso;0,0;0,15519807333141483;0,009256481174413592;1,2919961904141724;0,12012270197303239;0,01442946352930196;cenario_2_concentrado_societario;7;cenario_2_concentrado_societario_7_analistas
2026-06-18 09:00:00;Eva;Contratos;0,0;0,15519807333141483;0,009256481174413592;2,6017150973519256;0,05965221691236613;0,0035583869825599793;cenario_2_concentrado_societario;7;cenario_2_concentrado_societario_7_analistas
2026-06-18 09:00:00;Eva;Direito digital;0,0;0,15519807333141483;0,009256481174413592;1,1846603948332928;0,13100638293327477;0,017162672369259828;cenario_2_concentrado_societario;7;cenario_2_concentrado_societario_7_analistas
2026-06-18 09:00:00;Eva;Direito financeiro;0,0;0,15519807333141483;0,009256481174413592;1,7665069697274225;0,08785590772696604;0,007718660522529171;cenario_2_concentrado_societario;7;cenario_2_concentrado_societario_7_analistas
2026-06-18 09:00:00;Eva;Governança;0,0;0,15519807333141483;0,009256481174413592;1,3018219526309809;0,11921605179399508;0,014212467005348518;cenario_2_concentrado_societario;7;cenario_2_concentrado_societario_7_analistas
2026-06-18 09:00:00;Eva;Propriedade intelectual;4,300000000000001;0,19927688078631886;0,011265331753269825;1,1304653207748079;0,1762786324570636;0,031074156260932517;cenario_2_concentrado_societario;7;cenario_2_concentrado_societario_7_analistas
2026-06-18 09:00:00;Eva;Regulatório;0,0;0,15519807333141483;0,009256481174413592;1,4470680977276211;0,10725001371747984;0,011502565442399615;cenario_2_concentrado_societario;7;cenario_2_concentrado_societario_7_analistas
2026-06-18 09:00:00;Eva;Societário;60,1;0,9274834406521674;0,004748408302553854;5,9694362116341075;0,15537203309829367;0,024140468669097265;cenario_2_concentrado_societario;7;cenario_2_concentrado_societario_7_analistas
2026-06-18 09:00:00;Eva;Trabalhista;0,0;0,15519807333141483;0,009256481174413592;1,0997915212116607;0,14111590273075594;0,019913698003516174;cenario_2_concentrado_societario;7;cenario_2_concentrado_societario_7_analistas
2026-06-18 09:00:00;Eva;Tributário;0,0;0,15519807333141483;0,009256481174413592;1,1512366790857969;0,13480987545902243;0,018173702521277136;cenario_2_concentrado_societario;7;cenario_2_concentrado_societario_7_analistas
2026-06-18 09:00:00;Abraão;Concorrencial;0,0;0,15519807333141483;0,009256481174413592;1,3404255539617633;0,11578268772384354;0,013405630776557069;cenario_2_concentrado_societario;7;cenario_2_concentrado_societario_7_analistas
2026-06-18 09:00:00;Abraão;Contencioso;0,0;0,15519807333141483;0,009256481174413592;1,2919961904141724;0,12012270197303239;0,01442946352930196;cenario_2_concentrado_societario;7;cenario_2_concentrado_societario_7_analistas
2026-06-18 09:00:00;Abraão;Contratos;0,0;0,15519807333141483;0,009256481174413592;2,6017150973519256;0,05965221691236613;0,0035583869825599793;cenario_2_concentrado_societario;7;cenario_2_concentrado_societario_7_analistas
2026-06-18 09:00:00;Abraão;Direito digital;0,0;0,15519807333141483;0,009256481174413592;1,1846603948332928;0,13100638293327477;0,017162672369259828;cenario_2_concentrado_societario;7;cenario_2_concentrado_societario_7_analistas
2026-06-18 09:00:00;Abraão;Direito financeiro;0,0;0,15519807333141483;0,009256481174413592;1,7665069697274225;0,08785590772696604;0,007718660522529171;cenario_2_concentrado_societario;7;cenario_2_concentrado_societario_7_analistas
2026-06-18 09:00:00;Abraão;Governança;0,0;0,15519807333141483;0,009256481174413592;1,3018219526309809;0,11921605179399508;0,014212467005348518;cenario_2_concentrado_societario;7;cenario_2_concentrado_societario_7_analistas
2026-06-18 09:00:00;Abraão;Propriedade intelectual;0,0;0,15519807333141483;0,009256481174413592;1,1304653207748079;0,1372868945904894;0,018847691426300148;cenario_2_concentrado_societario;7;cenario_2_concentrado_societario_7_analistas
2026-06-18 09:00:00;Abraão;Regulatório;0,0;0,15519807333141483;0,009256481174413592;1,4470680977276211;0,10725001371747984;0,011502565442399615;cenario_2_concentrado_societario;7;cenario_2_concentrado_societario_7_analistas
2026-06-18 09:00:00;Abraão;Societário;74,0;0,9715294123099029;0,0019527969408634402;5,9694362116341075;0,16275061460853618;0,02648776255545627;cenario_2_concentrado_societario;7;cenario_2_concentrado_societario_7_analistas
2026-06-18 09:00:00;Abraão;Trabalhista;0,0;0,15519807333141483;0,009256481174413592;1,0997915212116607;0,14111590273075594;0,019913698003516174;cenario_2_concentrado_societario;7;cenario_2_concentrado_societario_7_analistas
2026-06-18 09:00:00;Abraão;Tributário;0,1;0,15612597639059406;0,009301596305599447;1,1512366790857969;0,1356158809277815;0,018391667159818215;cenario_2_concentrado_societario;7;cenario_2_concentrado_societario_7_analistas
2026-06-18 09:00:00;Adão;Concorrencial;0,0;0,15519807333141483;0,009256481174413592;1,3404255539617633;0,11578268772384354;0,013405630776557069;cenario_2_concentrado_societario;7;cenario_2_concentrado_societario_7_analistas
2026-06-18 09:00:00;Adão;Contencioso;0,0;0,15519807333141483;0,009256481174413592;1,2919961904141724;0,12012270197303239;0,01442946352930196;cenario_2_concentrado_societario;7;cenario_2_concentrado_societario_7_analistas
2026-06-18 09:00:00;Adão;Contratos;61,900000000000006;0,9355798484856076;0,004255075808883812;2,6017150973519256;0,3596011913210091;0,12931301679948898;cenario_2_concentrado_societario;7;cenario_2_concentrado_societario_7_analistas
2026-06-18 09:00:00;Adão;Direito digital;0,0;0,15519807333141483;0,009256481174413592;1,1846603948332928;0,13100638293327477;0,017162672369259828;cenario_2_concentrado_societario;7;cenario_2_concentrado_societario_7_analistas
2026-06-18 09:00:00;Adão;Direito financeiro;0,0;0,15519807333141483;0,009256481174413592;1,7665069697274225;0,08785590772696604;0,007718660522529171;cenario_2_concentrado_societario;7;cenario_2_concentrado_societario_7_analistas
2026-06-18 09:00:00;Adão;Governança;0,0;0,15519807333141483;0,009256481174413592;1,3018219526309809;0,11921605179399508;0,014212467005348518;cenario_2_concentrado_societario;7;cenario_2_concentrado_societario_7_analistas
2026-06-18 09:00:00;Adão;Propriedade intelectual;0,0;0,15519807333141483;0,009256481174413592;1,1304653207748079;0,1372868945904894;0,018847691426300148;cenario_2_concentrado_societario;7;cenario_2_concentrado_societario_7_analistas
2026-06-18 09:00:00;Adão;Regulatório;0,0;0,15519807333141483;0,009256481174413592;1,4470680977276211;0,10725001371747984;0,011502565442399615;cenario_2_concentrado_societario;7;cenario_2_concentrado_societario_7_analistas
2026-06-18 09:00:00;Adão;Societário;102,4;0,9960694593223501;0,0002764054618507629;5,9694362116341075;0,16686156347245404;0,027842781364471807;cenario_2_concentrado_societario;7;cenario_2_concentrado_societario_7_analistas
2026-06-18 09:00:00;Adão;Trabalhista;0,0;0,15519807333141483;0,009256481174413592;1,0997915212116607;0,14111590273075594;0,019913698003516174;cenario_2_concentrado_societario;7;cenario_2_concentrado_societario_7_analistas
2026-06-18 09:00:00;Adão;Tributário;0,0;0,15519807333141483;0,009256481174413592;1,1512366790857969;0,13480987545902243;0,018173702521277136;cenario_2_concentrado_societario;7;cenario_2_concentrado_societario_7_analistas
2026-06-18 09:00:00;Esaú;Concorrencial;18,8;0,40923711397327434;0,01706840415551903;1,3404255539617633;0,3053038736569388;0,09321045526993205;cenario_2_concentrado_societario;7;cenario_2_concentrado_societario_7_analistas
2026-06-18 09:00:00;Esaú;Contencioso;0,0;0,15519807333141483;0,009256481174413592;1,2919961904141724;0,12012270197303239;0,01442946352930196;cenario_2_concentrado_societario;7;cenario_2_concentrado_societario_7_analistas
2026-06-18 09:00:00;Esaú;Contratos;3,6000000000000005;0,19150818593804064;0,010931195726367362;2,6017150973519256;0,07360843857690692;0,0054182022297302795;cenario_2_concentrado_societario;7;cenario_2_concentrado_societario_7_analistas
2026-06-18 09:00:00;Esaú;Direito digital;0,0;0,15519807333141483;0,009256481174413592;1,1846603948332928;0,13100638293327477;0,017162672369259828;cenario_2_concentrado_societario;7;cenario_2_concentrado_societario_7_analistas
2026-06-18 09:00:00;Esaú;Direito financeiro;0,0;0,15519807333141483;0,009256481174413592;1,7665069697274225;0,08785590772696604;0,007718660522529171;cenario_2_concentrado_societario;7;cenario_2_concentrado_societario_7_analistas
2026-06-18 09:00:00;Esaú;Governança;0,0;0,15519807333141483;0,009256481174413592;1,3018219526309809;0,11921605179399508;0,014212467005348518;cenario_2_concentrado_societario;7;cenario_2_concentrado_societario_7_analistas
2026-06-18 09:00:00;Esaú;Propriedade intelectual;0,0;0,15519807333141483;0,009256481174413592;1,1304653207748079;0,1372868945904894;0,018847691426300148;cenario_2_concentrado_societario;7;cenario_2_concentrado_societario_7_analistas
2026-06-18 09:00:00;Esaú;Regulatório;0,0;0,15519807333141483;0,009256481174413592;1,4470680977276211;0,10725001371747984;0,011502565442399615;cenario_2_concentrado_societario;7;cenario_2_concentrado_societario_7_analistas
2026-06-18 09:00:00;Esaú;Societário;129,0;0,9993970059182464;4,25457118803005e-05;5,9694362116341075;0,16741899410374397;0,02802911958670946;cenario_2_concentrado_societario;7;cenario_2_concentrado_societario_7_analistas
2026-06-18 09:00:00;Esaú;Trabalhista;1,4000000000000001;0,16860308122317166;0,00989643140510083;1,0997915212116607;0,15330458361546426;0,02350229535751087;cenario_2_concentrado_societario;7;cenario_2_concentrado_societario_7_analistas
2026-06-18 09:00:00;Esaú;Tributário;0,0;0,15519807333141483;0,009256481174413592;1,1512366790857969;0,13480987545902243;0,018173702521277136;cenario_2_concentrado_societario;7;cenario_2_concentrado_societario_7_analistas
2026-06-18 09:00:00;Caim;Concorrencial;0,0;0,15519807333141483;0,009256481174413592;1,3404255539617633;0,11578268772384354;0,013405630776557069;cenario_2_concentrado_societario;7;cenario_2_concentrado_societario_7_analistas
2026-06-18 09:00:00;Caim;Contencioso;0,0;0,15519807333141483;0,009256481174413592;1,2919961904141724;0,12012270197303239;0,01442946352930196;cenario_2_concentrado_societario;7;cenario_2_concentrado_societario_7_analistas
2026-06-18 09:00:00;Caim;Contratos;49,00000000000001;0,8538347696026181;0,00881094748091051;2,6017150973519256;0,32818150245261946;0,10770309855205867;cenario_2_concentrado_societario;7;cenario_2_concentrado_societario_7_analistas
2026-06-18 09:00:00;Caim;Direito digital;8,700000000000001;0,25347195484480367;0,013359208960408197;1,1846603948332928;0,2139617024003513;0,0457796100940565;cenario_2_concentrado_societario;7;cenario_2_concentrado_societario_7_analistas
2026-06-18 09:00:00;Caim;Direito financeiro;47,0;0,8353185297389335;0,00971184074312863;1,7665069697274225;0,47286455363820373;0,22360088608745765;cenario_2_concentrado_societario;7;cenario_2_concentrado_societario_7_analistas
2026-06-18 09:00:00;Caim;Governança;16,500000000000004;0,37063351264249184;0,016468460423583846;1,3018219526309809;0,28470368923602946;0,08105619066460563;cenario_2_concentrado_societario;7;cenario_2_concentrado_societario_7_analistas
2026-06-18 09:00:00;Caim;Propriedade intelectual;0,0;0,15519807333141483;0,009256481174413592;1,1304653207748079;0,1372868945904894;0,018847691426300148;cenario_2_concentrado_societario;7;cenario_2_concentrado_societario_7_analistas
2026-06-18 09:00:00;Caim;Regulatório;24,900000000000002;0,515879657739132;0,017632197254788214;1,4470680977276211;0,35649991769512085;0,12709219131662794;cenario_2_concentrado_societario;7;cenario_2_concentrado_societario_7_analistas
2026-06-18 09:00:00;Caim;Societário;0,0;0,15519807333141483;0,009256481174413592;5,9694362116341075;0,025998782435926227;0,0006759366881506261;cenario_2_concentrado_societario;7;cenario_2_concentrado_societario_7_analistas
2026-06-18 09:00:00;Caim;Trabalhista;0,0;0,15519807333141483;0,009256481174413592;1,0997915212116607;0,14111590273075594;0,019913698003516174;cenario_2_concentrado_societario;7;cenario_2_concentrado_societario_7_analistas
2026-06-18 09:00:00;Caim;Tributário;0,0;0,15519807333141483;0,009256481174413592;1,1512366790857969;0,13480987545902243;0,018173702521277136;cenario_2_concentrado_societario;7;cenario_2_concentrado_societario_7_analistas
2026-06-18 09:00:00;Davi;Concorrencial;0,0;0,15519807333141483;0,009256481174413592;1,3404255539617633;0,11578268772384354;0,013405630776557069;cenario_2_concentrado_societario;7;cenario_2_concentrado_societario_7_analistas
2026-06-18 09:00:00;Davi;Contencioso;0,0;0,15519807333141483;0,009256481174413592;1,2919961904141724;0,12012270197303239;0,01442946352930196;cenario_2_concentrado_societario;7;cenario_2_concentrado_societario_7_analistas
2026-06-18 09:00:00;Davi;Contratos;0,0;0,15519807333141483;0,009256481174413592;2,6017150973519256;0,05965221691236613;0,0035583869825599793;cenario_2_concentrado_societario;7;cenario_2_concentrado_societario_7_analistas
2026-06-18 09:00:00;Davi;Direito digital;0,0;0,15519807333141483;0,009256481174413592;1,1846603948332928;0,13100638293327477;0,017162672369259828;cenario_2_concentrado_societario;7;cenario_2_concentrado_societario_7_analistas
2026-06-18 09:00:00;Davi;Direito financeiro;0,0;0,15519807333141483;0,009256481174413592;1,7665069697274225;0,08785590772696604;0,007718660522529171;cenario_2_concentrado_societario;7;cenario_2_concentrado_societario_7_analistas
2026-06-18 09:00:00;Davi;Governança;0,0;0,15519807333141483;0,009256481174413592;1,3018219526309809;0,11921605179399508;0,014212467005348518;cenario_2_concentrado_societario;7;cenario_2_concentrado_societario_7_analistas
2026-06-18 09:00:00;Davi;Propriedade intelectual;0,0;0,15519807333141483;0,009256481174413592;1,1304653207748079;0,1372868945904894;0,018847691426300148;cenario_2_concentrado_societario;7;cenario_2_concentrado_societario_7_analistas
2026-06-18 09:00:00;Davi;Regulatório;0,0;0,15519807333141483;0,009256481174413592;1,4470680977276211;0,10725001371747984;0,011502565442399615;cenario_2_concentrado_societario;7;cenario_2_concentrado_societario_7_analistas
2026-06-18 09:00:00;Davi;Societário;75,1;0,9736006032045489;0,001814594286286693;5,9694362116341075;0,16309758052310772;0,026600820772491606;cenario_2_concentrado_societario;7;cenario_2_concentrado_societario_7_analistas
2026-06-18 09:00:00;Davi;Trabalhista;0,0;0,15519807333141483;0,009256481174413592;1,0997915212116607;0,14111590273075594;0,019913698003516174;cenario_2_concentrado_societario;7;cenario_2_concentrado_societario_7_analistas
2026-06-18 09:00:00;Davi;Tributário;6,0;0,21912033603812855;0,012080126974710233;1,1512366790857969;0,19033474177710633;0,03622731392735774;cenario_2_concentrado_societario;7;cenario_2_concentrado_societario_7_analistas
2026-07-16 09:00:00;Jacó;Concorrencial;0,0;0,15519807333141483;0,009256481174413592;1,47344738411411;0,10532990523087157;0,011094388935944386;cenario_2_concentrado_societario;7;cenario_2_concentrado_societario_7_analistas
2026-07-16 09:00:00;Jacó;Contencioso;23,5;0,4911759162811775;0,017644502769584538;1,4223643562696666;0,34532355518901603;0,1192483577683814;cenario_2_concentrado_societario;7;cenario_2_concentrado_societario_7_analistas
2026-07-16 09:00:00;Jacó;Contratos;0,0;0,15519807333141483;0,009256481174413592;2,674887492131953;0,05802041162027269;0,003366368164585874;cenario_2_concentrado_societario;7;cenario_2_concentrado_societario_7_analistas
2026-07-16 09:00:00;Jacó;Direito digital;0,0;0,15519807333141483;0,009256481174413592;1,2010234153440478;0,12922152170276918;0,016698201671179247;cenario_2_concentrado_societario;7;cenario_2_concentrado_societario_7_analistas
2026-07-16 09:00:00;Jacó;Direito financeiro;0,0;0,15519807333141483;0,009256481174413592;1,7901955387084951;0,08669336392346265;0,0075157393483659355;cenario_2_concentrado_societario;7;cenario_2_concentrado_societario_7_analistas
2026-07-16 09:00:00;Jacó;Governança;0,0;0,15519807333141483;0,009256481174413592;1,4258936379210065;0,10884267185433132;0,011846727216389647;cenario_2_concentrado_societario;7;cenario_2_concentrado_societario_7_analistas
2026-07-16 09:00:00;Jacó;Propriedade intelectual;0,0;0,15519807333141483;0,009256481174413592;1,1304653207748079;0,1372868945904894;0,018847691426300148;cenario_2_concentrado_societario;7;cenario_2_concentrado_societario_7_analistas
2026-07-16 09:00:00;Jacó;Regulatório;0,0;0,15519807333141483;0,009256481174413592;1,5321516260399148;0,10129420006070058;0,010260514965937235;cenario_2_concentrado_societario;7;cenario_2_concentrado_societario_7_analistas
2026-07-16 09:00:00;Jacó;Societário;91,3;0,9914342420300852;0,000599562434678282;6,0843930587576;0,16294710622007888;0,02655175942549767;cenario_2_concentrado_societario;7;cenario_2_concentrado_societario_7_analistas
2026-07-16 09:00:00;Jacó;Trabalhista;0,0;0,15519807333141483;0,009256481174413592;1,1037872225970953;0,1406050642317186;0,01976978408760571;cenario_2_concentrado_societario;7;cenario_2_concentrado_societario_7_analistas
2026-07-16 09:00:00;Jacó;Tributário;0,0;0,15519807333141483;0,009256481174413592;1,1512366790857969;0,13480987545902243;0,018173702521277136;cenario_2_concentrado_societario;7;cenario_2_concentrado_societario_7_analistas
2026-07-16 09:00:00;Eva;Concorrencial;0,0;0,15519807333141483;0,009256481174413592;1,47344738411411;0,10532990523087157;0,011094388935944386;cenario_2_concentrado_societario;7;cenario_2_concentrado_societario_7_analistas
2026-07-16 09:00:00;Eva;Contencioso;0,0;0,15519807333141483;0,009256481174413592;1,4223643562696666;0,10911274080183064;0,011905590205287477;cenario_2_concentrado_societario;7;cenario_2_concentrado_societario_7_analistas
2026-07-16 09:00:00;Eva;Contratos;0,0;0,15519807333141483;0,009256481174413592;2,674887492131953;0,05802041162027269;0,003366368164585874;cenario_2_concentrado_societario;7;cenario_2_concentrado_societario_7_analistas
2026-07-16 09:00:00;Eva;Direito digital;0,0;0,15519807333141483;0,009256481174413592;1,2010234153440478;0,12922152170276918;0,016698201671179247;cenario_2_concentrado_societario;7;cenario_2_concentrado_societario_7_analistas
2026-07-16 09:00:00;Eva;Direito financeiro;0,0;0,15519807333141483;0,009256481174413592;1,7901955387084951;0,08669336392346265;0,0075157393483659355;cenario_2_concentrado_societario;7;cenario_2_concentrado_societario_7_analistas
2026-07-16 09:00:00;Eva;Governança;0,0;0,15519807333141483;0,009256481174413592;1,4258936379210065;0,10884267185433132;0,011846727216389647;cenario_2_concentrado_societario;7;cenario_2_concentrado_societario_7_analistas
2026-07-16 09:00:00;Eva;Propriedade intelectual;4,300000000000001;0,19927688078631886;0,011265331753269825;1,1304653207748079;0,1762786324570636;0,031074156260932517;cenario_2_concentrado_societario;7;cenario_2_concentrado_societario_7_analistas
2026-07-16 09:00:00;Eva;Regulatório;0,0;0,15519807333141483;0,009256481174413592;1,5321516260399148;0,10129420006070058;0,010260514965937235;cenario_2_concentrado_societario;7;cenario_2_concentrado_societario_7_analistas
2026-07-16 09:00:00;Eva;Societário;94,4;0,993106370127676;0,0004833352064092227;6,0843930587576;0,16322192871781083;0,02664139801436212;cenario_2_concentrado_societario;7;cenario_2_concentrado_societario_7_analistas
2026-07-16 09:00:00;Eva;Trabalhista;0,0;0,15519807333141483;0,009256481174413592;1,1037872225970953;0,1406050642317186;0,01976978408760571;cenario_2_concentrado_societario;7;cenario_2_concentrado_societario_7_analistas
2026-07-16 09:00:00;Eva;Tributário;0,0;0,15519807333141483;0,009256481174413592;1,1512366790857969;0,13480987545902243;0,018173702521277136;cenario_2_concentrado_societario;7;cenario_2_concentrado_societario_7_analistas
2026-07-16 09:00:00;Abraão;Concorrencial;0,0;0,15519807333141483;0,009256481174413592;1,47344738411411;0,10532990523087157;0,011094388935944386;cenario_2_concentrado_societario;7;cenario_2_concentrado_societario_7_analistas
2026-07-16 09:00:00;Abraão;Contencioso;0,0;0,15519807333141483;0,009256481174413592;1,4223643562696666;0,10911274080183064;0,011905590205287477;cenario_2_concentrado_societario;7;cenario_2_concentrado_societario_7_analistas
2026-07-16 09:00:00;Abraão;Contratos;0,0;0,15519807333141483;0,009256481174413592;2,674887492131953;0,05802041162027269;0,003366368164585874;cenario_2_concentrado_societario;7;cenario_2_concentrado_societario_7_analistas
2026-07-16 09:00:00;Abraão;Direito digital;0,0;0,15519807333141483;0,009256481174413592;1,2010234153440478;0,12922152170276918;0,016698201671179247;cenario_2_concentrado_societario;7;cenario_2_concentrado_societario_7_analistas
2026-07-16 09:00:00;Abraão;Direito financeiro;1,2000000000000002;0,16663304610682908;0,009803973068070385;1,7901955387084951;0,09308091909727556;0,008664057499993558;cenario_2_concentrado_societario;7;cenario_2_concentrado_societario_7_analistas
2026-07-16 09:00:00;Abraão;Governança;0,0;0,15519807333141483;0,009256481174413592;1,4258936379210065;0,10884267185433132;0,011846727216389647;cenario_2_concentrado_societario;7;cenario_2_concentrado_societario_7_analistas
2026-07-16 09:00:00;Abraão;Propriedade intelectual;0,0;0,15519807333141483;0,009256481174413592;1,1304653207748079;0,1372868945904894;0,018847691426300148;cenario_2_concentrado_societario;7;cenario_2_concentrado_societario_7_analistas
2026-07-16 09:00:00;Abraão;Regulatório;0,0;0,15519807333141483;0,009256481174413592;1,5321516260399148;0,10129420006070058;0,010260514965937235;cenario_2_concentrado_societario;7;cenario_2_concentrado_societario_7_analistas
2026-07-16 09:00:00;Abraão;Societário;74,0;0,9715294123099029;0,0019527969408634402;6,0843930587576;0,1596756493092647;0,025496312982335286;cenario_2_concentrado_societario;7;cenario_2_concentrado_societario_7_analistas
2026-07-16 09:00:00;Abraão;Trabalhista;0,0;0,15519807333141483;0,009256481174413592;1,1037872225970953;0,1406050642317186;0,01976978408760571;cenario_2_concentrado_societario;7;cenario_2_concentrado_societario_7_analistas
2026-07-16 09:00:00;Abraão;Tributário;0,1;0,15612597639059406;0,009301596305599447;1,1512366790857969;0,1356158809277815;0,018391667159818215;cenario_2_concentrado_societario;7;cenario_2_concentrado_societario_7_analistas
2026-07-16 09:00:00;Adão;Concorrencial;0,0;0,15519807333141483;0,009256481174413592;1,47344738411411;0,10532990523087157;0,011094388935944386;cenario_2_concentrado_societario;7;cenario_2_concentrado_societario_7_analistas
2026-07-16 09:00:00;Adão;Contencioso;0,0;0,15519807333141483;0,009256481174413592;1,4223643562696666;0,10911274080183064;0,011905590205287477;cenario_2_concentrado_societario;7;cenario_2_concentrado_societario_7_analistas
2026-07-16 09:00:00;Adão;Contratos;61,900000000000006;0,9355798484856076;0,004255075808883812;2,674887492131953;0,34976418680694743;0,12233498637272522;cenario_2_concentrado_societario;7;cenario_2_concentrado_societario_7_analistas
2026-07-16 09:00:00;Adão;Direito digital;0,0;0,15519807333141483;0,009256481174413592;1,2010234153440478;0,12922152170276918;0,016698201671179247;cenario_2_concentrado_societario;7;cenario_2_concentrado_societario_7_analistas
2026-07-16 09:00:00;Adão;Direito financeiro;0,0;0,15519807333141483;0,009256481174413592;1,7901955387084951;0,08669336392346265;0,0075157393483659355;cenario_2_concentrado_societario;7;cenario_2_concentrado_societario_7_analistas
2026-07-16 09:00:00;Adão;Governança;0,0;0,15519807333141483;0,009256481174413592;1,4258936379210065;0,10884267185433132;0,011846727216389647;cenario_2_concentrado_societario;7;cenario_2_concentrado_societario_7_analistas
2026-07-16 09:00:00;Adão;Propriedade intelectual;0,0;0,15519807333141483;0,009256481174413592;1,1304653207748079;0,1372868945904894;0,018847691426300148;cenario_2_concentrado_societario;7;cenario_2_concentrado_societario_7_analistas
2026-07-16 09:00:00;Adão;Regulatório;0,0;0,15519807333141483;0,009256481174413592;1,5321516260399148;0,10129420006070058;0,010260514965937235;cenario_2_concentrado_societario;7;cenario_2_concentrado_societario_7_analistas
2026-07-16 09:00:00;Adão;Societário;135,1;0,9996079229392482;2,7669787544917124e-05;6,0843930587576;0,16429049098010814;0,026991365426484996;cenario_2_concentrado_societario;7;cenario_2_concentrado_societario_7_analistas
2026-07-16 09:00:00;Adão;Trabalhista;0,0;0,15519807333141483;0,009256481174413592;1,1037872225970953;0,1406050642317186;0,01976978408760571;cenario_2_concentrado_societario;7;cenario_2_concentrado_societario_7_analistas
2026-07-16 09:00:00;Adão;Tributário;0,0;0,15519807333141483;0,009256481174413592;1,1512366790857969;0,13480987545902243;0,018173702521277136;cenario_2_concentrado_societario;7;cenario_2_concentrado_societario_7_analistas
2026-07-16 09:00:00;Esaú;Concorrencial;26,400000000000002;0,5422589441256211;0,017523921223881966;1,47344738411411;0,36802056861477067;0,13543913892353912;cenario_2_concentrado_societario;7;cenario_2_concentrado_societario_7_analistas
2026-07-16 09:00:00;Esaú;Contencioso;0,0;0,15519807333141483;0,009256481174413592;1,4223643562696666;0,10911274080183064;0,011905590205287477;cenario_2_concentrado_societario;7;cenario_2_concentrado_societario_7_analistas
2026-07-16 09:00:00;Esaú;Contratos;3,6000000000000005;0,19150818593804064;0,010931195726367362;2,674887492131953;0,07159485641970077;0,005125823465757569;cenario_2_concentrado_societario;7;cenario_2_concentrado_societario_7_analistas
2026-07-16 09:00:00;Esaú;Direito digital;0,0;0,15519807333141483;0,009256481174413592;1,2010234153440478;0,12922152170276918;0,016698201671179247;cenario_2_concentrado_societario;7;cenario_2_concentrado_societario_7_analistas
2026-07-16 09:00:00;Esaú;Direito financeiro;0,0;0,15519807333141483;0,009256481174413592;1,7901955387084951;0,08669336392346265;0,0075157393483659355;cenario_2_concentrado_societario;7;cenario_2_concentrado_societario_7_analistas
2026-07-16 09:00:00;Esaú;Governança;0,0;0,15519807333141483;0,009256481174413592;1,4258936379210065;0,10884267185433132;0,011846727216389647;cenario_2_concentrado_societario;7;cenario_2_concentrado_societario_7_analistas
2026-07-16 09:00:00;Esaú;Propriedade intelectual;0,0;0,15519807333141483;0,009256481174413592;1,1304653207748079;0,1372868945904894;0,018847691426300148;cenario_2_concentrado_societario;7;cenario_2_concentrado_societario_7_analistas
2026-07-16 09:00:00;Esaú;Regulatório;0,0;0,15519807333141483;0,009256481174413592;1,5321516260399148;0,10129420006070058;0,010260514965937235;cenario_2_concentrado_societario;7;cenario_2_concentrado_societario_7_analistas
2026-07-16 09:00:00;Esaú;Societário;157,0;0,999916434814724;5,899209070785976e-06;6,0843930587576;0,16434119642804626;0,027008028843401685;cenario_2_concentrado_societario;7;cenario_2_concentrado_societario_7_analistas
2026-07-16 09:00:00;Esaú;Trabalhista;1,8000000000000003;0,17259878260860628;0,010082276065254714;1,1037872225970953;0,15636961460968854;0,02445145637318252;cenario_2_concentrado_societario;7;cenario_2_concentrado_societario_7_analistas
2026-07-16 09:00:00;Esaú;Tributário;0,0;0,15519807333141483;0,009256481174413592;1,1512366790857969;0,13480987545902243;0,018173702521277136;cenario_2_concentrado_societario;7;cenario_2_concentrado_societario_7_analistas
2026-07-16 09:00:00;Caim;Concorrencial;0,0;0,15519807333141483;0,009256481174413592;1,47344738411411;0,10532990523087157;0,011094388935944386;cenario_2_concentrado_societario;7;cenario_2_concentrado_societario_7_analistas
2026-07-16 09:00:00;Caim;Contencioso;0,0;0,15519807333141483;0,009256481174413592;1,4223643562696666;0,10911274080183064;0,011905590205287477;cenario_2_concentrado_societario;7;cenario_2_concentrado_societario_7_analistas
2026-07-16 09:00:00;Caim;Contratos;60,00000000000001;0,9270071643826455;0,0047771406385519995;2,674887492131953;0,34655931029226106;0,12010335555024768;cenario_2_concentrado_societario;7;cenario_2_concentrado_societario_7_analistas
2026-07-16 09:00:00;Caim;Direito digital;9,9;0,26983497535555867;0,013909898736987914;1,2010234153440478;0,22467086978338482;0,05047699972922266;cenario_2_concentrado_societario;7;cenario_2_concentrado_societario_7_analistas
2026-07-16 09:00:00;Caim;Direito financeiro;48,2;0,8466442228854126;0,009166547461455886;1,7901955387084951;0,47293393630966657;0,22366650811335576;cenario_2_concentrado_societario;7;cenario_2_concentrado_societario_7_analistas
2026-07-16 09:00:00;Caim;Governança;23,700000000000003;0,49470519793251744;0,017648020734017274;1,4258936379210065;0,346943968874012;0,12037011753805142;cenario_2_concentrado_societario;7;cenario_2_concentrado_societario_7_analistas
2026-07-16 09:00:00;Caim;Propriedade intelectual;0,0;0,15519807333141483;0,009256481174413592;1,1304653207748079;0,1372868945904894;0,018847691426300148;cenario_2_concentrado_societario;7;cenario_2_concentrado_societario_7_analistas
2026-07-16 09:00:00;Caim;Regulatório;29,800000000000004;0,6009631860514258;0,016930334315401568;1,5321516260399148;0,39223479963579655;0,15384813804533345;cenario_2_concentrado_societario;7;cenario_2_concentrado_societario_7_analistas
2026-07-16 09:00:00;Caim;Societário;0,0;0,15519807333141483;0,009256481174413592;6,0843930587576;0,025507568599308316;0,0006506360558484196;cenario_2_concentrado_societario;7;cenario_2_concentrado_societario_7_analistas
2026-07-16 09:00:00;Caim;Trabalhista;0,0;0,15519807333141483;0,009256481174413592;1,1037872225970953;0,1406050642317186;0,01976978408760571;cenario_2_concentrado_societario;7;cenario_2_concentrado_societario_7_analistas
2026-07-16 09:00:00;Caim;Tributário;0,0;0,15519807333141483;0,009256481174413592;1,1512366790857969;0,13480987545902243;0,018173702521277136;cenario_2_concentrado_societario;7;cenario_2_concentrado_societario_7_analistas
2026-07-16 09:00:00;Davi;Concorrencial;0,0;0,15519807333141483;0,009256481174413592;1,47344738411411;0,10532990523087157;0,011094388935944386;cenario_2_concentrado_societario;7;cenario_2_concentrado_societario_7_analistas
2026-07-16 09:00:00;Davi;Contencioso;0,0;0,15519807333141483;0,009256481174413592;1,4223643562696666;0,10911274080183064;0,011905590205287477;cenario_2_concentrado_societario;7;cenario_2_concentrado_societario_7_analistas
2026-07-16 09:00:00;Davi;Contratos;0,0;0,15519807333141483;0,009256481174413592;2,674887492131953;0,05802041162027269;0,003366368164585874;cenario_2_concentrado_societario;7;cenario_2_concentrado_societario_7_analistas
2026-07-16 09:00:00;Davi;Direito digital;0,0;0,15519807333141483;0,009256481174413592;1,2010234153440478;0,12922152170276918;0,016698201671179247;cenario_2_concentrado_societario;7;cenario_2_concentrado_societario_7_analistas
2026-07-16 09:00:00;Davi;Direito financeiro;0,1;0,15612597639059406;0,009301596305599447;1,7901955387084951;0,08721168889920727;0,007605878680652114;cenario_2_concentrado_societario;7;cenario_2_concentrado_societario_7_analistas
2026-07-16 09:00:00;Davi;Governança;0,0;0,15519807333141483;0,009256481174413592;1,4258936379210065;0,10884267185433132;0,011846727216389647;cenario_2_concentrado_societario;7;cenario_2_concentrado_societario_7_analistas
2026-07-16 09:00:00;Davi;Propriedade intelectual;0,0;0,15519807333141483;0,009256481174413592;1,1304653207748079;0,1372868945904894;0,018847691426300148;cenario_2_concentrado_societario;7;cenario_2_concentrado_societario_7_analistas
2026-07-16 09:00:00;Davi;Regulatório;0,0;0,15519807333141483;0,009256481174413592;1,5321516260399148;0,10129420006070058;0,010260514965937235;cenario_2_concentrado_societario;7;cenario_2_concentrado_societario_7_analistas
2026-07-16 09:00:00;Davi;Societário;75,1;0,9736006032045489;0,001814594286286693;6,0843930587576;0,16001605974538285;0,025605139376437935;cenario_2_concentrado_societario;7;cenario_2_concentrado_societario_7_analistas
2026-07-16 09:00:00;Davi;Trabalhista;0,0;0,15519807333141483;0,009256481174413592;1,1037872225970953;0,1406050642317186;0,01976978408760571;cenario_2_concentrado_societario;7;cenario_2_concentrado_societario_7_analistas
2026-07-16 09:00:00;Davi;Tributário;6,0;0,21912033603812855;0,012080126974710233;1,1512366790857969;0,19033474177710633;0,03622731392735774;cenario_2_concentrado_societario;7;cenario_2_concentrado_societario_7_analistas
2026-08-13 09:00:00;Jacó;Concorrencial;0,0;0,15519807333141483;0,009256481174413592;1,6191743476215754;0,0958501310000292;0,009187247612722759;cenario_2_concentrado_societario;7;cenario_2_concentrado_societario_7_analistas
2026-08-13 09:00:00;Jacó;Contencioso;26,700000000000003;0,5475112231267841;0,017490633467595985;1,4786996631152731;0,37026533297052794;0,1370964167997759;cenario_2_concentrado_societario;7;cenario_2_concentrado_societario_7_analistas
2026-08-13 09:00:00;Jacó;Contratos;0,0;0,15519807333141483;0,009256481174413592;3,013358624315094;0,05150335312866711;0,0026525953834961847;cenario_2_concentrado_societario;7;cenario_2_concentrado_societario_7_analistas
2026-08-13 09:00:00;Jacó;Direito digital;0,0;0,15519807333141483;0,009256481174413592;1,2066234018088227;0,1286217995596313;0,01654356732195797;cenario_2_concentrado_societario;7;cenario_2_concentrado_societario_7_analistas
2026-08-13 09:00:00;Jacó;Direito financeiro;0,0;0,15519807333141483;0,009256481174413592;1,8663806094728426;0,08315456801453289;0,006914682181683576;cenario_2_concentrado_societario;7;cenario_2_concentrado_societario_7_analistas
2026-08-13 09:00:00;Jacó;Governança;0,0;0,15519807333141483;0,009256481174413592;1,4488311124779292;0,10711950619695092;0,011474588607878606;cenario_2_concentrado_societario;7;cenario_2_concentrado_societario_7_analistas
2026-08-13 09:00:00;Jacó;Propriedade intelectual;0,0;0,15519807333141483;0,009256481174413592;1,1373106969866764;0,1364605764657052;0,018621488929352576;cenario_2_concentrado_societario;7;cenario_2_concentrado_societario_7_analistas
2026-08-13 09:00:00;Jacó;Regulatório;0,0;0,15519807333141483;0,009256481174413592;1,626701162674096;0,09540662839158998;0,009102424741050942;cenario_2_concentrado_societario;7;cenario_2_concentrado_societario_7_analistas
2026-08-13 09:00:00;Jacó;Societário;91,3;0,9914342420300852;0,000599562434678282;6,087602336194666;0,16286120335675974;0,026523771558811853;cenario_2_concentrado_societario;7;cenario_2_concentrado_societario_7_analistas
2026-08-13 09:00:00;Jacó;Trabalhista;0,0;0,15519807333141483;0,009256481174413592;1,1068329114577093;0,14021815915016253;0,01966113215546031;cenario_2_concentrado_societario;7;cenario_2_concentrado_societario_7_analistas
2026-08-13 09:00:00;Jacó;Tributário;0,0;0,15519807333141483;0,009256481174413592;1,1512366790857969;0,13480987545902243;0,018173702521277136;cenario_2_concentrado_societario;7;cenario_2_concentrado_societario_7_analistas
2026-08-13 09:00:00;Eva;Concorrencial;0,0;0,15519807333141483;0,009256481174413592;1,6191743476215754;0,0958501310000292;0,009187247612722759;cenario_2_concentrado_societario;7;cenario_2_concentrado_societario_7_analistas
2026-08-13 09:00:00;Eva;Contencioso;0,0;0,15519807333141483;0,009256481174413592;1,4786996631152731;0,10495577783824533;0,011015715301631111;cenario_2_concentrado_societario;7;cenario_2_concentrado_societario_7_analistas
2026-08-13 09:00:00;Eva;Contratos;0,0;0,15519807333141483;0,009256481174413592;3,013358624315094;0,05150335312866711;0,0026525953834961847;cenario_2_concentrado_societario;7;cenario_2_concentrado_societario_7_analistas
2026-08-13 09:00:00;Eva;Direito digital;0,0;0,15519807333141483;0,009256481174413592;1,2066234018088227;0,1286217995596313;0,01654356732195797;cenario_2_concentrado_societario;7;cenario_2_concentrado_societario_7_analistas
2026-08-13 09:00:00;Eva;Direito financeiro;0,0;0,15519807333141483;0,009256481174413592;1,8663806094728426;0,08315456801453289;0,006914682181683576;cenario_2_concentrado_societario;7;cenario_2_concentrado_societario_7_analistas
2026-08-13 09:00:00;Eva;Governança;0,0;0,15519807333141483;0,009256481174413592;1,4488311124779292;0,10711950619695092;0,011474588607878606;cenario_2_concentrado_societario;7;cenario_2_concentrado_societario_7_analistas
2026-08-13 09:00:00;Eva;Propriedade intelectual;4,9;0,2061222569981874;0,011552692575072137;1,1373106969866764;0,1812365412057688;0,03284668386823033;cenario_2_concentrado_societario;7;cenario_2_concentrado_societario_7_analistas
2026-08-13 09:00:00;Eva;Regulatório;0,0;0,15519807333141483;0,009256481174413592;1,626701162674096;0,09540662839158998;0,009102424741050942;cenario_2_concentrado_societario;7;cenario_2_concentrado_societario_7_analistas
2026-08-13 09:00:00;Eva;Societário;102,80000000000001;0,9961784868939997;0,0002687677855368176;6,087602336194666;0,16364053232765965;0,026778223820479823;cenario_2_concentrado_societario;7;cenario_2_concentrado_societario_7_analistas
2026-08-13 09:00:00;Eva;Trabalhista;0,0;0,15519807333141483;0,009256481174413592;1,1068329114577093;0,14021815915016253;0,01966113215546031;cenario_2_concentrado_societario;7;cenario_2_concentrado_societario_7_analistas
2026-08-13 09:00:00;Eva;Tributário;0,0;0,15519807333141483;0,009256481174413592;1,1512366790857969;0,13480987545902243;0,018173702521277136;cenario_2_concentrado_societario;7;cenario_2_concentrado_societario_7_analistas
2026-08-13 09:00:00;Abraão;Concorrencial;0,0;0,15519807333141483;0,009256481174413592;1,6191743476215754;0,0958501310000292;0,009187247612722759;cenario_2_concentrado_societario;7;cenario_2_concentrado_societario_7_analistas
2026-08-13 09:00:00;Abraão;Contencioso;0,0;0,15519807333141483;0,009256481174413592;1,4786996631152731;0,10495577783824533;0,011015715301631111;cenario_2_concentrado_societario;7;cenario_2_concentrado_societario_7_analistas
2026-08-13 09:00:00;Abraão;Contratos;0,0;0,15519807333141483;0,009256481174413592;3,013358624315094;0,05150335312866711;0,0026525953834961847;cenario_2_concentrado_societario;7;cenario_2_concentrado_societario_7_analistas
2026-08-13 09:00:00;Abraão;Direito digital;0,0;0,15519807333141483;0,009256481174413592;1,2066234018088227;0,1286217995596313;0,01654356732195797;cenario_2_concentrado_societario;7;cenario_2_concentrado_societario_7_analistas
2026-08-13 09:00:00;Abraão;Direito financeiro;3,900000000000001;0,19480898823290313;0,011074206311362246;1,8663806094728426;0,10437795337357622;0,01089475715045645;cenario_2_concentrado_societario;7;cenario_2_concentrado_societario_7_analistas
2026-08-13 09:00:00;Abraão;Governança;0,0;0,15519807333141483;0,009256481174413592;1,4488311124779292;0,10711950619695092;0,011474588607878606;cenario_2_concentrado_societario;7;cenario_2_concentrado_societario_7_analistas
2026-08-13 09:00:00;Abraão;Propriedade intelectual;0,0;0,15519807333141483;0,009256481174413592;1,1373106969866764;0,1364605764657052;0,018621488929352576;cenario_2_concentrado_societario;7;cenario_2_concentrado_societario_7_analistas
2026-08-13 09:00:00;Abraão;Regulatório;0,0;0,15519807333141483;0,009256481174413592;1,626701162674096;0,09540662839158998;0,009102424741050942;cenario_2_concentrado_societario;7;cenario_2_concentrado_societario_7_analistas
2026-08-13 09:00:00;Abraão;Societário;74,0;0,9715294123099029;0,0019527969408634402;6,087602336194666;0,15959147110078836;0,02546943764811377;cenario_2_concentrado_societario;7;cenario_2_concentrado_societario_7_analistas
2026-08-13 09:00:00;Abraão;Trabalhista;0,0;0,15519807333141483;0,009256481174413592;1,1068329114577093;0,14021815915016253;0,01966113215546031;cenario_2_concentrado_societario;7;cenario_2_concentrado_societario_7_analistas
2026-08-13 09:00:00;Abraão;Tributário;0,1;0,15612597639059406;0,009301596305599447;1,1512366790857969;0,1356158809277815;0,018391667159818215;cenario_2_concentrado_societario;7;cenario_2_concentrado_societario_7_analistas
2026-08-13 09:00:00;Adão;Concorrencial;0,0;0,15519807333141483;0,009256481174413592;1,6191743476215754;0,0958501310000292;0,009187247612722759;cenario_2_concentrado_societario;7;cenario_2_concentrado_societario_7_analistas
2026-08-13 09:00:00;Adão;Contencioso;0,0;0,15519807333141483;0,009256481174413592;1,4786996631152731;0,10495577783824533;0,011015715301631111;cenario_2_concentrado_societario;7;cenario_2_concentrado_societario_7_analistas
2026-08-13 09:00:00;Adão;Contratos;61,900000000000006;0,9355798484856076;0,004255075808883812;3,013358624315094;0,31047743236942316;0,09639623601070973;cenario_2_concentrado_societario;7;cenario_2_concentrado_societario_7_analistas
2026-08-13 09:00:00;Adão;Direito digital;0,0;0,15519807333141483;0,009256481174413592;1,2066234018088227;0,1286217995596313;0,01654356732195797;cenario_2_concentrado_societario;7;cenario_2_concentrado_societario_7_analistas
2026-08-13 09:00:00;Adão;Direito financeiro;0,0;0,15519807333141483;0,009256481174413592;1,8663806094728426;0,08315456801453289;0,006914682181683576;cenario_2_concentrado_societario;7;cenario_2_concentrado_societario_7_analistas
2026-08-13 09:00:00;Adão;Governança;0,0;0,15519807333141483;0,009256481174413592;1,4488311124779292;0,10711950619695092;0,011474588607878606;cenario_2_concentrado_societario;7;cenario_2_concentrado_societario_7_analistas
2026-08-13 09:00:00;Adão;Propriedade intelectual;0,0;0,15519807333141483;0,009256481174413592;1,1373106969866764;0,1364605764657052;0,018621488929352576;cenario_2_concentrado_societario;7;cenario_2_concentrado_societario_7_analistas
2026-08-13 09:00:00;Adão;Regulatório;0,0;0,15519807333141483;0,009256481174413592;1,626701162674096;0,09540662839158998;0,009102424741050942;cenario_2_concentrado_societario;7;cenario_2_concentrado_societario_7_analistas
2026-08-13 09:00:00;Adão;Societário;141,2;0,9997450836099905;1,7992509379639793e-05;6,087602336194666;0,16422641105610172;0,02697031408836769;cenario_2_concentrado_societario;7;cenario_2_concentrado_societario_7_analistas
2026-08-13 09:00:00;Adão;Trabalhista;0,0;0,15519807333141483;0,009256481174413592;1,1068329114577093;0,14021815915016253;0,01966113215546031;cenario_2_concentrado_societario;7;cenario_2_concentrado_societario_7_analistas
2026-08-13 09:00:00;Adão;Tributário;0,0;0,15519807333141483;0,009256481174413592;1,1512366790857969;0,13480987545902243;0,018173702521277136;cenario_2_concentrado_societario;7;cenario_2_concentrado_societario_7_analistas
2026-08-13 09:00:00;Esaú;Concorrencial;35,2;0,6879859076330864;0,015155087676314348;1,6191743476215754;0,4248992139998248;0,1805393420576689;cenario_2_concentrado_societario;7;cenario_2_concentrado_societario_7_analistas
2026-08-13 09:00:00;Esaú;Contencioso;0,0;0,15519807333141483;0,009256481174413592;1,4786996631152731;0,10495577783824533;0,011015715301631111;cenario_2_concentrado_societario;7;cenario_2_concentrado_societario_7_analistas
2026-08-13 09:00:00;Esaú;Contratos;23,400000000000002;0,4894115832470797;0,017642084711405052;3,013358624315094;0,16241398527807754;0,02637830261390759;cenario_2_concentrado_societario;7;cenario_2_concentrado_societario_7_analistas
2026-08-13 09:00:00;Esaú;Direito digital;0,0;0,15519807333141483;0,009256481174413592;1,2066234018088227;0,1286217995596313;0,01654356732195797;cenario_2_concentrado_societario;7;cenario_2_concentrado_societario_7_analistas
2026-08-13 09:00:00;Esaú;Direito financeiro;0,0;0,15519807333141483;0,009256481174413592;1,8663806094728426;0,08315456801453289;0,006914682181683576;cenario_2_concentrado_societario;7;cenario_2_concentrado_societario_7_analistas
2026-08-13 09:00:00;Esaú;Governança;0,0;0,15519807333141483;0,009256481174413592;1,4488311124779292;0,10711950619695092;0,011474588607878606;cenario_2_concentrado_societario;7;cenario_2_concentrado_societario_7_analistas
2026-08-13 09:00:00;Esaú;Propriedade intelectual;0,0;0,15519807333141483;0,009256481174413592;1,1373106969866764;0,1364605764657052;0,018621488929352576;cenario_2_concentrado_societario;7;cenario_2_concentrado_societario_7_analistas
2026-08-13 09:00:00;Esaú;Regulatório;0,0;0,15519807333141483;0,009256481174413592;1,626701162674096;0,09540662839158998;0,009102424741050942;cenario_2_concentrado_societario;7;cenario_2_concentrado_societario_7_analistas
2026-08-13 09:00:00;Esaú;Societário;157,0;0,999916434814724;5,899209070785976e-06;6,087602336194666;0,16425455862476185;0,026979560029015328;cenario_2_concentrado_societario;7;cenario_2_concentrado_societario_7_analistas
2026-08-13 09:00:00;Esaú;Trabalhista;2,1;0,17564447146922027;0,010222420472473208;1,1068329114577093;0,1586910450990248;0,02518284779462072;cenario_2_concentrado_societario;7;cenario_2_concentrado_societario_7_analistas
2026-08-13 09:00:00;Esaú;Tributário;0,0;0,15519807333141483;0,009256481174413592;1,1512366790857969;0,13480987545902243;0,018173702521277136;cenario_2_concentrado_societario;7;cenario_2_concentrado_societario_7_analistas
2026-08-13 09:00:00;Caim;Concorrencial;0,0;0,15519807333141483;0,009256481174413592;1,6191743476215754;0,0958501310000292;0,009187247612722759;cenario_2_concentrado_societario;7;cenario_2_concentrado_societario_7_analistas
2026-08-13 09:00:00;Caim;Contencioso;0,0;0,15519807333141483;0,009256481174413592;1,4786996631152731;0,10495577783824533;0,011015715301631111;cenario_2_concentrado_societario;7;cenario_2_concentrado_societario_7_analistas
2026-08-13 09:00:00;Caim;Contratos;72,10000000000001;0,9675748992567473;0,002214984179104006;3,013358624315094;0,3210951698378308;0,10310210809318542;cenario_2_concentrado_societario;7;cenario_2_concentrado_societario_7_analistas
2026-08-13 09:00:00;Caim;Direito digital;10,3;0,2754349618203336;0,014089680380091967;1,2066234018088227;0,22826920264221223;0,05210682887491135;cenario_2_concentrado_societario;7;cenario_2_concentrado_societario_7_analistas
2026-08-13 09:00:00;Caim;Direito financeiro;54,300000000000004;0,894653351523686;0,00665396048845721;1,8663806094728426;0,4793520394408619;0,22977837771611362;cenario_2_concentrado_societario;7;cenario_2_concentrado_societario_7_analistas
2026-08-13 09:00:00;Caim;Governança;25,000000000000004;0,5176426724894401;0,017628024769184583;1,4488311124779292;0,3572829628182944;0,12765111552021874;cenario_2_concentrado_societario;7;cenario_2_concentrado_societario_7_analistas
2026-08-13 09:00:00;Caim;Propriedade intelectual;0,0;0,15519807333141483;0,009256481174413592;1,1373106969866764;0,1364605764657052;0,018621488929352576;cenario_2_concentrado_societario;7;cenario_2_concentrado_societario_7_analistas
2026-08-13 09:00:00;Caim;Regulatório;35,7;0,6955127226856069;0,014951299133925103;1,626701162674096;0,4275602296504601;0,18280774997875418;cenario_2_concentrado_societario;7;cenario_2_concentrado_societario_7_analistas
2026-08-13 09:00:00;Caim;Societário;0,0;0,15519807333141483;0,009256481174413592;6,087602336194666;0,02549412145544784;0,0006499502287851259;cenario_2_concentrado_societario;7;cenario_2_concentrado_societario_7_analistas
2026-08-13 09:00:00;Caim;Trabalhista;0,0;0,15519807333141483;0,009256481174413592;1,1068329114577093;0,14021815915016253;0,01966113215546031;cenario_2_concentrado_societario;7;cenario_2_concentrado_societario_7_analistas
2026-08-13 09:00:00;Caim;Tributário;0,0;0,15519807333141483;0,009256481174413592;1,1512366790857969;0,13480987545902243;0,018173702521277136;cenario_2_concentrado_societario;7;cenario_2_concentrado_societario_7_analistas
2026-08-13 09:00:00;Davi;Concorrencial;0,0;0,15519807333141483;0,009256481174413592;1,6191743476215754;0,0958501310000292;0,009187247612722759;cenario_2_concentrado_societario;7;cenario_2_concentrado_societario_7_analistas
2026-08-13 09:00:00;Davi;Contencioso;0,0;0,15519807333141483;0,009256481174413592;1,4786996631152731;0,10495577783824533;0,011015715301631111;cenario_2_concentrado_societario;7;cenario_2_concentrado_societario_7_analistas
2026-08-13 09:00:00;Davi;Contratos;0,0;0,15519807333141483;0,009256481174413592;3,013358624315094;0,05150335312866711;0,0026525953834961847;cenario_2_concentrado_societario;7;cenario_2_concentrado_societario_7_analistas
2026-08-13 09:00:00;Davi;Direito digital;0,0;0,15519807333141483;0,009256481174413592;1,2066234018088227;0,1286217995596313;0,01654356732195797;cenario_2_concentrado_societario;7;cenario_2_concentrado_societario_7_analistas
2026-08-13 09:00:00;Davi;Direito financeiro;0,1;0,15612597639059406;0,009301596305599447;1,8663806094728426;0,08365173512743025;0,006997612789829748;cenario_2_concentrado_societario;7;cenario_2_concentrado_societario_7_analistas
2026-08-13 09:00:00;Davi;Governança;0,0;0,15519807333141483;0,009256481174413592;1,4488311124779292;0,10711950619695092;0,011474588607878606;cenario_2_concentrado_societario;7;cenario_2_concentrado_societario_7_analistas
2026-08-13 09:00:00;Davi;Propriedade intelectual;0,0;0,15519807333141483;0,009256481174413592;1,1373106969866764;0,1364605764657052;0,018621488929352576;cenario_2_concentrado_societario;7;cenario_2_concentrado_societario_7_analistas
2026-08-13 09:00:00;Davi;Regulatório;0,0;0,15519807333141483;0,009256481174413592;1,626701162674096;0,09540662839158998;0,009102424741050942;cenario_2_concentrado_societario;7;cenario_2_concentrado_societario_7_analistas
2026-08-13 09:00:00;Davi;Societário;75,1;0,9736006032045489;0,001814594286286693;6,087602336194666;0,15993170207848076;0,025578149329719926;cenario_2_concentrado_societario;7;cenario_2_concentrado_societario_7_analistas
2026-08-13 09:00:00;Davi;Trabalhista;0,0;0,15519807333141483;0,009256481174413592;1,1068329114577093;0,14021815915016253;0,01966113215546031;cenario_2_concentrado_societario;7;cenario_2_concentrado_societario_7_analistas
2026-08-13 09:00:00;Davi;Tributário;6,0;0,21912033603812855;0,012080126974710233;1,1512366790857969;0,19033474177710633;0,03622731392735774;cenario_2_concentrado_societario;7;cenario_2_concentrado_societario_7_analistas
2026-09-10 09:00:00;Jacó;Concorrencial;0,0;0,15519807333141483;0,009256481174413592;1,7418569754403206;0,08909920591625074;0,007938668494906452;cenario_2_concentrado_societario;7;cenario_2_concentrado_societario_7_analistas
2026-09-10 09:00:00;Jacó;Contencioso;27,200000000000003;0,5562409922739592;0,017426688725635655;1,4874294322624482;0,37396126512562766;0,13984702781435998;cenario_2_concentrado_societario;7;cenario_2_concentrado_societario_7_analistas
2026-09-10 09:00:00;Jacó;Contratos;0,0;0,15519807333141483;0,009256481174413592;3,2354449811395054;0,047968076798127146;0,002300936391711024;cenario_2_concentrado_societario;7;cenario_2_concentrado_societario_7_analistas
2026-09-10 09:00:00;Jacó;Direito digital;0,0;0,15519807333141483;0,009256481174413592;1,2312089910720128;0,12605339504244847;0,015889458401727573;cenario_2_concentrado_societario;7;cenario_2_concentrado_societario_7_analistas
2026-09-10 09:00:00;Jacó;Direito financeiro;0,0;0,15519807333141483;0,009256481174413592;1,9851688790500026;0,07817877610779617;0,006111921033712921;cenario_2_concentrado_societario;7;cenario_2_concentrado_societario_7_analistas
2026-09-10 09:00:00;Jacó;Governança;0,0;0,15519807333141483;0,009256481174413592;1,49438859241042;0,10385389323742315;0,010785631140570087;cenario_2_concentrado_societario;7;cenario_2_concentrado_societario_7_analistas
2026-09-10 09:00:00;Jacó;Propriedade intelectual;0,0;0,15519807333141483;0,009256481174413592;1,1780390993264833;0,1317427184039526;0,017356143852463153;cenario_2_concentrado_societario;7;cenario_2_concentrado_societario_7_analistas
2026-09-10 09:00:00;Jacó;Regulatório;0,0;0,15519807333141483;0,009256481174413592;1,6763782406076626;0,09257938904954875;0,008570943276787707;cenario_2_concentrado_societario;7;cenario_2_concentrado_societario_7_analistas
2026-09-10 09:00:00;Jacó;Societário;91,3;0,9914342420300852;0,000599562434678282;6,151524598901379;0,16116886571617525;0,02597540327623853;cenario_2_concentrado_societario;7;cenario_2_concentrado_societario_7_analistas
2026-09-10 09:00:00;Jacó;Trabalhista;0,0;0,15519807333141483;0,009256481174413592;1,1443286269994213;0,1356236920668186;0,018393785849835233;cenario_2_concentrado_societario;7;cenario_2_concentrado_societario_7_analistas
2026-09-10 09:00:00;Jacó;Tributário;0,0;0,15519807333141483;0,009256481174413592;1,1512366790857969;0,13480987545902243;0,018173702521277136;cenario_2_concentrado_societario;7;cenario_2_concentrado_societario_7_analistas
2026-09-10 09:00:00;Eva;Concorrencial;0,0;0,15519807333141483;0,009256481174413592;1,7418569754403206;0,08909920591625074;0,007938668494906452;cenario_2_concentrado_societario;7;cenario_2_concentrado_societario_7_analistas
2026-09-10 09:00:00;Eva;Contencioso;0,0;0,15519807333141483;0,009256481174413592;1,4874294322624482;0,10433978914572872;0,01088679159897513;cenario_2_concentrado_societario;7;cenario_2_concentrado_societario_7_analistas
2026-09-10 09:00:00;Eva;Contratos;0,0;0,15519807333141483;0,009256481174413592;3,2354449811395054;0,047968076798127146;0,002300936391711024;cenario_2_concentrado_societario;7;cenario_2_concentrado_societario_7_analistas
2026-09-10 09:00:00;Eva;Direito digital;0,0;0,15519807333141483;0,009256481174413592;1,2312089910720128;0,12605339504244847;0,015889458401727573;cenario_2_concentrado_societario;7;cenario_2_concentrado_societario_7_analistas
2026-09-10 09:00:00;Eva;Direito financeiro;0,0;0,15519807333141483;0,009256481174413592;1,9851688790500026;0,07817877610779617;0,006111921033712921;cenario_2_concentrado_societario;7;cenario_2_concentrado_societario_7_analistas
2026-09-10 09:00:00;Eva;Governança;0,0;0,15519807333141483;0,009256481174413592;1,49438859241042;0,10385389323742315;0,010785631140570087;cenario_2_concentrado_societario;7;cenario_2_concentrado_societario_7_analistas
2026-09-10 09:00:00;Eva;Propriedade intelectual;8,200000000000001;0,24685065933799424;0,013125628039360857;1,1780390993264833;0,20954368957628436;0,04390855784124222;cenario_2_concentrado_societario;7;cenario_2_concentrado_societario_7_analistas
2026-09-10 09:00:00;Eva;Regulatório;0,0;0,15519807333141483;0,009256481174413592;1,6763782406076626;0,09257938904954875;0,008570943276787707;cenario_2_concentrado_societario;7;cenario_2_concentrado_societario_7_analistas
2026-09-10 09:00:00;Eva;Societário;102,80000000000001;0,9961784868939997;0,0002687677855368176;6,151524598901379;0,16194009645542348;0,02622459483999186;cenario_2_concentrado_societario;7;cenario_2_concentrado_societario_7_analistas
2026-09-10 09:00:00;Eva;Trabalhista;0,0;0,15519807333141483;0,009256481174413592;1,1443286269994213;0,1356236920668186;0,018393785849835233;cenario_2_concentrado_societario;7;cenario_2_concentrado_societario_7_analistas
2026-09-10 09:00:00;Eva;Tributário;0,0;0,15519807333141483;0,009256481174413592;1,1512366790857969;0,13480987545902243;0,018173702521277136;cenario_2_concentrado_societario;7;cenario_2_concentrado_societario_7_analistas
2026-09-10 09:00:00;Abraão;Concorrencial;0,0;0,15519807333141483;0,009256481174413592;1,7418569754403206;0,08909920591625074;0,007938668494906452;cenario_2_concentrado_societario;7;cenario_2_concentrado_societario_7_analistas
2026-09-10 09:00:00;Abraão;Contencioso;0,0;0,15519807333141483;0,009256481174413592;1,4874294322624482;0,10433978914572872;0,01088679159897513;cenario_2_concentrado_societario;7;cenario_2_concentrado_societario_7_analistas
2026-09-10 09:00:00;Abraão;Contratos;0,0;0,15519807333141483;0,009256481174413592;3,2354449811395054;0,047968076798127146;0,002300936391711024;cenario_2_concentrado_societario;7;cenario_2_concentrado_societario_7_analistas
2026-09-10 09:00:00;Abraão;Direito digital;0,0;0,15519807333141483;0,009256481174413592;1,2312089910720128;0,12605339504244847;0,015889458401727573;cenario_2_concentrado_societario;7;cenario_2_concentrado_societario_7_analistas
2026-09-10 09:00:00;Abraão;Direito financeiro;11,600000000000001;0,29412361332676623;0,014657612886772343;1,9851688790500026;0,14816049980972817;0,021951533703868462;cenario_2_concentrado_societario;7;cenario_2_concentrado_societario_7_analistas
2026-09-10 09:00:00;Abraão;Governança;0,0;0,15519807333141483;0,009256481174413592;1,49438859241042;0,10385389323742315;0,010785631140570087;cenario_2_concentrado_societario;7;cenario_2_concentrado_societario_7_analistas
2026-09-10 09:00:00;Abraão;Propriedade intelectual;0,0;0,15519807333141483;0,009256481174413592;1,1780390993264833;0,1317427184039526;0,017356143852463153;cenario_2_concentrado_societario;7;cenario_2_concentrado_societario_7_analistas
2026-09-10 09:00:00;Abraão;Regulatório;0,0;0,15519807333141483;0,009256481174413592;1,6763782406076626;0,09257938904954875;0,008570943276787707;cenario_2_concentrado_societario;7;cenario_2_concentrado_societario_7_analistas
2026-09-10 09:00:00;Abraão;Societário;74,0;0,9715294123099029;0,0019527969408634402;6,151524598901379;0,157933110189206;0,024942867294035883;cenario_2_concentrado_societario;7;cenario_2_concentrado_societario_7_analistas
2026-09-10 09:00:00;Abraão;Trabalhista;0,0;0,15519807333141483;0,009256481174413592;1,1443286269994213;0,1356236920668186;0,018393785849835233;cenario_2_concentrado_societario;7;cenario_2_concentrado_societario_7_analistas
2026-09-10 09:00:00;Abraão;Tributário;0,1;0,15612597639059406;0,009301596305599447;1,1512366790857969;0,1356158809277815;0,018391667159818215;cenario_2_concentrado_societario;7;cenario_2_concentrado_societario_7_analistas
2026-09-10 09:00:00;Adão;Concorrencial;0,0;0,15519807333141483;0,009256481174413592;1,7418569754403206;0,08909920591625074;0,007938668494906452;cenario_2_concentrado_societario;7;cenario_2_concentrado_societario_7_analistas
2026-09-10 09:00:00;Adão;Contencioso;0,0;0,15519807333141483;0,009256481174413592;1,4874294322624482;0,10433978914572872;0,01088679159897513;cenario_2_concentrado_societario;7;cenario_2_concentrado_societario_7_analistas
2026-09-10 09:00:00;Adão;Contratos;61,900000000000006;0,9355798484856076;0,004255075808883812;3,2354449811395054;0,28916574194258177;0,08361682631320379;cenario_2_concentrado_societario;7;cenario_2_concentrado_societario_7_analistas
2026-09-10 09:00:00;Adão;Direito digital;0,0;0,15519807333141483;0,009256481174413592;1,2312089910720128;0,12605339504244847;0,015889458401727573;cenario_2_concentrado_societario;7;cenario_2_concentrado_societario_7_analistas
2026-09-10 09:00:00;Adão;Direito financeiro;0,0;0,15519807333141483;0,009256481174413592;1,9851688790500026;0,07817877610779617;0,006111921033712921;cenario_2_concentrado_societario;7;cenario_2_concentrado_societario_7_analistas
2026-09-10 09:00:00;Adão;Governança;0,0;0,15519807333141483;0,009256481174413592;1,49438859241042;0,10385389323742315;0,010785631140570087;cenario_2_concentrado_societario;7;cenario_2_concentrado_societario_7_analistas
2026-09-10 09:00:00;Adão;Propriedade intelectual;0,0;0,15519807333141483;0,009256481174413592;1,1780390993264833;0,1317427184039526;0,017356143852463153;cenario_2_concentrado_societario;7;cenario_2_concentrado_societario_7_analistas
2026-09-10 09:00:00;Adão;Regulatório;0,0;0,15519807333141483;0,009256481174413592;1,6763782406076626;0,09257938904954875;0,008570943276787707;cenario_2_concentrado_societario;7;cenario_2_concentrado_societario_7_analistas
2026-09-10 09:00:00;Adão;Societário;141,2;0,9997450836099905;1,7992509379639793e-05;6,151524598901379;0,16251988714936427;0,026412713719042098;cenario_2_concentrado_societario;7;cenario_2_concentrado_societario_7_analistas
2026-09-10 09:00:00;Adão;Trabalhista;0,0;0,15519807333141483;0,009256481174413592;1,1443286269994213;0,1356236920668186;0,018393785849835233;cenario_2_concentrado_societario;7;cenario_2_concentrado_societario_7_analistas
2026-09-10 09:00:00;Adão;Tributário;0,0;0,15519807333141483;0,009256481174413592;1,1512366790857969;0,13480987545902243;0,018173702521277136;cenario_2_concentrado_societario;7;cenario_2_concentrado_societario_7_analistas
2026-09-10 09:00:00;Esaú;Concorrencial;44,6;0,8106685354518316;0,010836045312263112;1,7418569754403206;0,46540476450249557;0,21660159482162336;cenario_2_concentrado_societario;7;cenario_2_concentrado_societario_7_analistas
2026-09-10 09:00:00;Esaú;Contencioso;0,0;0,15519807333141483;0,009256481174413592;1,4874294322624482;0,10433978914572872;0,01088679159897513;cenario_2_concentrado_societario;7;cenario_2_concentrado_societario_7_analistas
2026-09-10 09:00:00;Esaú;Contratos;35,800000000000004;0,6970057854931802;0,014909923666044385;3,2354449811395054;0,2154281063520662;0,04640926900643714;cenario_2_concentrado_societario;7;cenario_2_concentrado_societario_7_analistas
2026-09-10 09:00:00;Esaú;Direito digital;0,0;0,15519807333141483;0,009256481174413592;1,2312089910720128;0,12605339504244847;0,015889458401727573;cenario_2_concentrado_societario;7;cenario_2_concentrado_societario_7_analistas
2026-09-10 09:00:00;Esaú;Direito financeiro;0,0;0,15519807333141483;0,009256481174413592;1,9851688790500026;0,07817877610779617;0,006111921033712921;cenario_2_concentrado_societario;7;cenario_2_concentrado_societario_7_analistas
2026-09-10 09:00:00;Esaú;Governança;0,0;0,15519807333141483;0,009256481174413592;1,49438859241042;0,10385389323742315;0,010785631140570087;cenario_2_concentrado_societario;7;cenario_2_concentrado_societario_7_analistas
2026-09-10 09:00:00;Esaú;Propriedade intelectual;0,0;0,15519807333141483;0,009256481174413592;1,1780390993264833;0,1317427184039526;0,017356143852463153;cenario_2_concentrado_societario;7;cenario_2_concentrado_societario_7_analistas
2026-09-10 09:00:00;Esaú;Regulatório;0,0;0,15519807333141483;0,009256481174413592;1,6763782406076626;0,09257938904954875;0,008570943276787707;cenario_2_concentrado_societario;7;cenario_2_concentrado_societario_7_analistas
2026-09-10 09:00:00;Esaú;Societário;157,0;0,999916434814724;5,899209070785976e-06;6,151524598901379;0,1625477422285367;0,026421768503594817;cenario_2_concentrado_societario;7;cenario_2_concentrado_societario_7_analistas
2026-09-10 09:00:00;Esaú;Trabalhista;5,5;0,21314018701093237;0,011840428207046526;1,1443286269994213;0,18625784759908848;0,03469198579224527;cenario_2_concentrado_societario;7;cenario_2_concentrado_societario_7_analistas
2026-09-10 09:00:00;Esaú;Tributário;0,0;0,15519807333141483;0,009256481174413592;1,1512366790857969;0,13480987545902243;0,018173702521277136;cenario_2_concentrado_societario;7;cenario_2_concentrado_societario_7_analistas
2026-09-10 09:00:00;Caim;Concorrencial;0,0;0,15519807333141483;0,009256481174413592;1,7418569754403206;0,08909920591625074;0,007938668494906452;cenario_2_concentrado_societario;7;cenario_2_concentrado_societario_7_analistas
2026-09-10 09:00:00;Caim;Contencioso;0,0;0,15519807333141483;0,009256481174413592;1,4874294322624482;0,10433978914572872;0,01088679159897513;cenario_2_concentrado_societario;7;cenario_2_concentrado_societario_7_analistas
2026-09-10 09:00:00;Caim;Contratos;80,70000000000002;0,9820670538350584;0,001243361705839153;3,2354449811395054;0,3035338445128435;0,09213279476474705;cenario_2_concentrado_societario;7;cenario_2_concentrado_societario_7_analistas
2026-09-10 09:00:00;Caim;Direito digital;12,000000000000002;0,3000205510835238;0,01482658033278101;1,2312089910720128;0,24367962974530924;0,059379761952811;cenario_2_concentrado_societario;7;cenario_2_concentrado_societario_7_analistas
2026-09-10 09:00:00;Caim;Direito financeiro;57,5;0,9141269960069831;0,005542017481183193;1,9851688790500026;0,46047820195752626;0,21204017447803633;cenario_2_concentrado_societario;7;cenario_2_concentrado_societario_7_analistas
2026-09-10 09:00:00;Caim;Governança;27,600000000000005;0,5632001524219311;0,017368005295809435;1,49438859241042;0,3768766405754611;0,1420360022114453;cenario_2_concentrado_societario;7;cenario_2_concentrado_societario_7_analistas
2026-09-10 09:00:00;Caim;Propriedade intelectual;0,0;0,15519807333141483;0,009256481174413592;1,1780390993264833;0,1317427184039526;0,017356143852463153;cenario_2_concentrado_societario;7;cenario_2_concentrado_societario_7_analistas
2026-09-10 09:00:00;Caim;Regulatório;39,2;0,7451898006191736;0,01340566649406649;1,6763782406076626;0,4445236657027075;0,19760128936977248;cenario_2_concentrado_societario;7;cenario_2_concentrado_societario_7_analistas
2026-09-10 09:00:00;Caim;Societário;6,0;0,21912033603812855;0,012080126974710233;6,151524598901379;0,03562049253241415;0,0012688194882517724;cenario_2_concentrado_societario;7;cenario_2_concentrado_societario_7_analistas
2026-09-10 09:00:00;Caim;Trabalhista;0,0;0,15519807333141483;0,009256481174413592;1,1443286269994213;0,1356236920668186;0,018393785849835233;cenario_2_concentrado_societario;7;cenario_2_concentrado_societario_7_analistas
2026-09-10 09:00:00;Caim;Tributário;0,0;0,15519807333141483;0,009256481174413592;1,1512366790857969;0,13480987545902243;0,018173702521277136;cenario_2_concentrado_societario;7;cenario_2_concentrado_societario_7_analistas
2026-09-10 09:00:00;Davi;Concorrencial;0,0;0,15519807333141483;0,009256481174413592;1,7418569754403206;0,08909920591625074;0,007938668494906452;cenario_2_concentrado_societario;7;cenario_2_concentrado_societario_7_analistas
2026-09-10 09:00:00;Davi;Contencioso;0,0;0,15519807333141483;0,009256481174413592;1,4874294322624482;0,10433978914572872;0,01088679159897513;cenario_2_concentrado_societario;7;cenario_2_concentrado_societario_7_analistas
2026-09-10 09:00:00;Davi;Contratos;0,0;0,15519807333141483;0,009256481174413592;3,2354449811395054;0,047968076798127146;0,002300936391711024;cenario_2_concentrado_societario;7;cenario_2_concentrado_societario_7_analistas
2026-09-10 09:00:00;Davi;Direito digital;0,0;0,15519807333141483;0,009256481174413592;1,2312089910720128;0,12605339504244847;0,015889458401727573;cenario_2_concentrado_societario;7;cenario_2_concentrado_societario_7_analistas
2026-09-10 09:00:00;Davi;Direito financeiro;0,1;0,15612597639059406;0,009301596305599447;1,9851688790500026;0,07864619380156097;0,006185223799472688;cenario_2_concentrado_societario;7;cenario_2_concentrado_societario_7_analistas
2026-09-10 09:00:00;Davi;Governança;0,0;0,15519807333141483;0,009256481174413592;1,49438859241042;0,10385389323742315;0,010785631140570087;cenario_2_concentrado_societario;7;cenario_2_concentrado_societario_7_analistas
2026-09-10 09:00:00;Davi;Propriedade intelectual;0,0;0,15519807333141483;0,009256481174413592;1,1780390993264833;0,1317427184039526;0,017356143852463153;cenario_2_concentrado_societario;7;cenario_2_concentrado_societario_7_analistas
2026-09-10 09:00:00;Davi;Regulatório;0,0;0,15519807333141483;0,009256481174413592;1,6763782406076626;0,09257938904954875;0,008570943276787707;cenario_2_concentrado_societario;7;cenario_2_concentrado_societario_7_analistas
2026-09-10 09:00:00;Davi;Societário;75,1;0,9736006032045489;0,001814594286286693;6,151524598901379;0,1582698057288802;0,025049331405457478;cenario_2_concentrado_societario;7;cenario_2_concentrado_societario_7_analistas
2026-09-10 09:00:00;Davi;Trabalhista;0,0;0,15519807333141483;0,009256481174413592;1,1443286269994213;0,1356236920668186;0,018393785849835233;cenario_2_concentrado_societario;7;cenario_2_concentrado_societario_7_analistas
2026-09-10 09:00:00;Davi;Tributário;6,0;0,21912033603812855;0,012080126974710233;1,1512366790857969;0,19033474177710633;0,03622731392735774;cenario_2_concentrado_societario;7;cenario_2_concentrado_societario_7_analistas
2026-10-08 09:00:00;Jacó;Concorrencial;0,0;0,15519807333141483;0,009256481174413592;1,767475856085364;0,08780774730080342;0,00771020048604175;cenario_2_concentrado_societario;7;cenario_2_concentrado_societario_7_analistas
2026-10-08 09:00:00;Jacó;Contencioso;27,400000000000002;0,5597235066148506;0,017398177054688387;1,4909119466033396;0,3754235841291882;0,14094286752040563;cenario_2_concentrado_societario;7;cenario_2_concentrado_societario_7_analistas
2026-10-08 09:00:00;Jacó;Contratos;0,0;0,15519807333141483;0,009256481174413592;3,4861666675377077;0,04451825977701514;0,0019818754535738036;cenario_2_concentrado_societario;7;cenario_2_concentrado_societario_7_analistas
2026-10-08 09:00:00;Jacó;Direito digital;0,0;0,15519807333141483;0,009256481174413592;1,2312089910720128;0,12605339504244847;0,015889458401727573;cenario_2_concentrado_societario;7;cenario_2_concentrado_societario_7_analistas
2026-10-08 09:00:00;Jacó;Direito financeiro;0,0;0,15519807333141483;0,009256481174413592;2,014045178384402;0,07705789075491813;0,005937918527596897;cenario_2_concentrado_societario;7;cenario_2_concentrado_societario_7_analistas
2026-10-08 09:00:00;Jacó;Governança;0,0;0,15519807333141483;0,009256481174413592;1,4961246111296893;0,10373338702999367;0,010760615584714459;cenario_2_concentrado_societario;7;cenario_2_concentrado_societario_7_analistas
2026-10-08 09:00:00;Jacó;Propriedade intelectual;0,0;0,15519807333141483;0,009256481174413592;1,1780390993264833;0,1317427184039526;0,017356143852463153;cenario_2_concentrado_societario;7;cenario_2_concentrado_societario_7_analistas
2026-10-08 09:00:00;Jacó;Regulatório;0,0;0,15519807333141483;0,009256481174413592;1,6777164851436854;0,09250554232834109;0,008557275361460505;cenario_2_concentrado_societario;7;cenario_2_concentrado_societario_7_analistas
2026-10-08 09:00:00;Jacó;Societário;91,3;0,9914342420300852;0,000599562434678282;6,651297838995195;0,149058765075518;0,02221851544583846;cenario_2_concentrado_societario;7;cenario_2_concentrado_societario_7_analistas
2026-10-08 09:00:00;Jacó;Trabalhista;0,0;0,15519807333141483;0,009256481174413592;1,1443286269994213;0,1356236920668186;0,018393785849835233;cenario_2_concentrado_societario;7;cenario_2_concentrado_societario_7_analistas
2026-10-08 09:00:00;Jacó;Tributário;0,0;0,15519807333141483;0,009256481174413592;1,1512366790857969;0,13480987545902243;0,018173702521277136;cenario_2_concentrado_societario;7;cenario_2_concentrado_societario_7_analistas
2026-10-08 09:00:00;Eva;Concorrencial;0,0;0,15519807333141483;0,009256481174413592;1,767475856085364;0,08780774730080342;0,00771020048604175;cenario_2_concentrado_societario;7;cenario_2_concentrado_societario_7_analistas
2026-10-08 09:00:00;Eva;Contencioso;0,0;0,15519807333141483;0,009256481174413592;1,4909119466033396;0,10409606931180197;0,01083599164616748;cenario_2_concentrado_societario;7;cenario_2_concentrado_societario_7_analistas
2026-10-08 09:00:00;Eva;Contratos;0,0;0,15519807333141483;0,009256481174413592;3,4861666675377077;0,04451825977701514;0,0019818754535738036;cenario_2_concentrado_societario;7;cenario_2_concentrado_societario_7_analistas
2026-10-08 09:00:00;Eva;Direito digital;0,0;0,15519807333141483;0,009256481174413592;1,2312089910720128;0,12605339504244847;0,015889458401727573;cenario_2_concentrado_societario;7;cenario_2_concentrado_societario_7_analistas
2026-10-08 09:00:00;Eva;Direito financeiro;0,0;0,15519807333141483;0,009256481174413592;2,014045178384402;0,07705789075491813;0,005937918527596897;cenario_2_concentrado_societario;7;cenario_2_concentrado_societario_7_analistas
2026-10-08 09:00:00;Eva;Governança;0,0;0,15519807333141483;0,009256481174413592;1,4961246111296893;0,10373338702999367;0,010760615584714459;cenario_2_concentrado_societario;7;cenario_2_concentrado_societario_7_analistas
2026-10-08 09:00:00;Eva;Propriedade intelectual;8,200000000000001;0,24685065933799424;0,013125628039360857;1,1780390993264833;0,20954368957628436;0,04390855784124222;cenario_2_concentrado_societario;7;cenario_2_concentrado_societario_7_analistas
2026-10-08 09:00:00;Eva;Regulatório;0,0;0,15519807333141483;0,009256481174413592;1,6777164851436854;0,09250554232834109;0,008557275361460505;cenario_2_concentrado_societario;7;cenario_2_concentrado_societario_7_analistas
2026-10-08 09:00:00;Eva;Societário;102,80000000000001;0,9961784868939997;0,0002687677855368176;6,651297838995195;0,14977204614919054;0,022431665807715263;cenario_2_concentrado_societario;7;cenario_2_concentrado_societario_7_analistas
2026-10-08 09:00:00;Eva;Trabalhista;0,0;0,15519807333141483;0,009256481174413592;1,1443286269994213;0,1356236920668186;0,018393785849835233;cenario_2_concentrado_societario;7;cenario_2_concentrado_societario_7_analistas
2026-10-08 09:00:00;Eva;Tributário;0,0;0,15519807333141483;0,009256481174413592;1,1512366790857969;0,13480987545902243;0,018173702521277136;cenario_2_concentrado_societario;7;cenario_2_concentrado_societario_7_analistas
2026-10-08 09:00:00;Abraão;Concorrencial;0,0;0,15519807333141483;0,009256481174413592;1,767475856085364;0,08780774730080342;0,00771020048604175;cenario_2_concentrado_societario;7;cenario_2_concentrado_societario_7_analistas
2026-10-08 09:00:00;Abraão;Contencioso;0,0;0,15519807333141483;0,009256481174413592;1,4909119466033396;0,10409606931180197;0,01083599164616748;cenario_2_concentrado_societario;7;cenario_2_concentrado_societario_7_analistas
2026-10-08 09:00:00;Abraão;Contratos;2,7000000000000006;0,1818624268473483;0,010504467009127006;3,4861666675377077;0,05216687674195405;0,002721383029010226;cenario_2_concentrado_societario;7;cenario_2_concentrado_societario_7_analistas
2026-10-08 09:00:00;Abraão;Direito digital;0,0;0,15519807333141483;0,009256481174413592;1,2312089910720128;0,12605339504244847;0,015889458401727573;cenario_2_concentrado_societario;7;cenario_2_concentrado_societario_7_analistas
2026-10-08 09:00:00;Abraão;Direito financeiro;13,100000000000001;0,3165786219005196;0,015274775822759776;2,014045178384402;0,1571854620234826;0,024707269471535693;cenario_2_concentrado_societario;7;cenario_2_concentrado_societario_7_analistas
2026-10-08 09:00:00;Abraão;Governança;0,0;0,15519807333141483;0,009256481174413592;1,4961246111296893;0,10373338702999367;0,010760615584714459;cenario_2_concentrado_societario;7;cenario_2_concentrado_societario_7_analistas
2026-10-08 09:00:00;Abraão;Propriedade intelectual;0,0;0,15519807333141483;0,009256481174413592;1,1780390993264833;0,1317427184039526;0,017356143852463153;cenario_2_concentrado_societario;7;cenario_2_concentrado_societario_7_analistas
2026-10-08 09:00:00;Abraão;Regulatório;0,0;0,15519807333141483;0,009256481174413592;1,6777164851436854;0,09250554232834109;0,008557275361460505;cenario_2_concentrado_societario;7;cenario_2_concentrado_societario_7_analistas
2026-10-08 09:00:00;Abraão;Societário;74,0;0,9715294123099029;0,0019527969408634402;6,651297838995195;0,14606614165043477;0,021335317736644877;cenario_2_concentrado_societario;7;cenario_2_concentrado_societario_7_analistas
2026-10-08 09:00:00;Abraão;Trabalhista;0,0;0,15519807333141483;0,009256481174413592;1,1443286269994213;0,1356236920668186;0,018393785849835233;cenario_2_concentrado_societario;7;cenario_2_concentrado_societario_7_analistas
2026-10-08 09:00:00;Abraão;Tributário;0,1;0,15612597639059406;0,009301596305599447;1,1512366790857969;0,1356158809277815;0,018391667159818215;cenario_2_concentrado_societario;7;cenario_2_concentrado_societario_7_analistas
2026-10-08 09:00:00;Adão;Concorrencial;0,0;0,15519807333141483;0,009256481174413592;1,767475856085364;0,08780774730080342;0,00771020048604175;cenario_2_concentrado_societario;7;cenario_2_concentrado_societario_7_analistas
2026-10-08 09:00:00;Adão;Contencioso;0,0;0,15519807333141483;0,009256481174413592;1,4909119466033396;0,10409606931180197;0,01083599164616748;cenario_2_concentrado_societario;7;cenario_2_concentrado_societario_7_analistas
2026-10-08 09:00:00;Adão;Contratos;61,900000000000006;0,9355798484856076;0,004255075808883812;3,4861666675377077;0,2683692254869762;0,07202204118847949;cenario_2_concentrado_societario;7;cenario_2_concentrado_societario_7_analistas
2026-10-08 09:00:00;Adão;Direito digital;0,0;0,15519807333141483;0,009256481174413592;1,2312089910720128;0,12605339504244847;0,015889458401727573;cenario_2_concentrado_societario;7;cenario_2_concentrado_societario_7_analistas
2026-10-08 09:00:00;Adão;Direito financeiro;0,0;0,15519807333141483;0,009256481174413592;2,014045178384402;0,07705789075491813;0,005937918527596897;cenario_2_concentrado_societario;7;cenario_2_concentrado_societario_7_analistas
2026-10-08 09:00:00;Adão;Governança;0,0;0,15519807333141483;0,009256481174413592;1,4961246111296893;0,10373338702999367;0,010760615584714459;cenario_2_concentrado_societario;7;cenario_2_concentrado_societario_7_analistas
2026-10-08 09:00:00;Adão;Propriedade intelectual;0,0;0,15519807333141483;0,009256481174413592;1,1780390993264833;0,1317427184039526;0,017356143852463153;cenario_2_concentrado_societario;7;cenario_2_concentrado_societario_7_analistas
2026-10-08 09:00:00;Adão;Regulatório;0,0;0,15519807333141483;0,009256481174413592;1,6777164851436854;0,09250554232834109;0,008557275361460505;cenario_2_concentrado_societario;7;cenario_2_concentrado_societario_7_analistas
2026-10-08 09:00:00;Adão;Societário;141,2;0,9997450836099905;1,7992509379639793e-05;6,651297838995195;0,15030827183060277;0,022592576580702375;cenario_2_concentrado_societario;7;cenario_2_concentrado_societario_7_analistas
2026-10-08 09:00:00;Adão;Trabalhista;0,0;0,15519807333141483;0,009256481174413592;1,1443286269994213;0,1356236920668186;0,018393785849835233;cenario_2_concentrado_societario;7;cenario_2_concentrado_societario_7_analistas
2026-10-08 09:00:00;Adão;Tributário;0,0;0,15519807333141483;0,009256481174413592;1,1512366790857969;0,13480987545902243;0,018173702521277136;cenario_2_concentrado_societario;7;cenario_2_concentrado_societario_7_analistas
2026-10-08 09:00:00;Esaú;Concorrencial;47,1;0,836287416096875;0,009665900628507041;1,767475856085364;0,4731535161951794;0,22387424988786192;cenario_2_concentrado_societario;7;cenario_2_concentrado_societario_7_analistas
2026-10-08 09:00:00;Esaú;Contencioso;0,0;0,15519807333141483;0,009256481174413592;1,4909119466033396;0,10409606931180197;0,01083599164616748;cenario_2_concentrado_societario;7;cenario_2_concentrado_societario_7_analistas
2026-10-08 09:00:00;Esaú;Contratos;58,800000000000004;0,921063118375449;0,005133033034282351;3,4861666675377077;0,2642051302228758;0,06980435083608676;cenario_2_concentrado_societario;7;cenario_2_concentrado_societario_7_analistas
2026-10-08 09:00:00;Esaú;Direito digital;0,0;0,15519807333141483;0,009256481174413592;1,2312089910720128;0,12605339504244847;0,015889458401727573;cenario_2_concentrado_societario;7;cenario_2_concentrado_societario_7_analistas
2026-10-08 09:00:00;Esaú;Direito financeiro;0,0;0,15519807333141483;0,009256481174413592;2,014045178384402;0,07705789075491813;0,005937918527596897;cenario_2_concentrado_societario;7;cenario_2_concentrado_societario_7_analistas
2026-10-08 09:00:00;Esaú;Governança;0,0;0,15519807333141483;0,009256481174413592;1,4961246111296893;0,10373338702999367;0,010760615584714459;cenario_2_concentrado_societario;7;cenario_2_concentrado_societario_7_analistas
2026-10-08 09:00:00;Esaú;Propriedade intelectual;0,0;0,15519807333141483;0,009256481174413592;1,1780390993264833;0,1317427184039526;0,017356143852463153;cenario_2_concentrado_societario;7;cenario_2_concentrado_societario_7_analistas
2026-10-08 09:00:00;Esaú;Regulatório;0,0;0,15519807333141483;0,009256481174413592;1,6777164851436854;0,09250554232834109;0,008557275361460505;cenario_2_concentrado_societario;7;cenario_2_concentrado_societario_7_analistas
2026-10-08 09:00:00;Esaú;Societário;157,0;0,999916434814724;5,899209070785976e-06;6,651297838995195;0,1503340339012364;0,022600321749018094;cenario_2_concentrado_societario;7;cenario_2_concentrado_societario_7_analistas
2026-10-08 09:00:00;Esaú;Trabalhista;5,5;0,21314018701093237;0,011840428207046526;1,1443286269994213;0,18625784759908848;0,03469198579224527;cenario_2_concentrado_societario;7;cenario_2_concentrado_societario_7_analistas
2026-10-08 09:00:00;Esaú;Tributário;0,0;0,15519807333141483;0,009256481174413592;1,1512366790857969;0,13480987545902243;0,018173702521277136;cenario_2_concentrado_societario;7;cenario_2_concentrado_societario_7_analistas
2026-10-08 09:00:00;Caim;Concorrencial;0,0;0,15519807333141483;0,009256481174413592;1,767475856085364;0,08780774730080342;0,00771020048604175;cenario_2_concentrado_societario;7;cenario_2_concentrado_societario_7_analistas
2026-10-08 09:00:00;Caim;Contencioso;0,0;0,15519807333141483;0,009256481174413592;1,4909119466033396;0,10409606931180197;0,01083599164616748;cenario_2_concentrado_societario;7;cenario_2_concentrado_societario_7_analistas
2026-10-08 09:00:00;Caim;Contratos;80,70000000000002;0,9820670538350584;0,001243361705839153;3,4861666675377077;0,28170398821714854;0,07935713697744737;cenario_2_concentrado_societario;7;cenario_2_concentrado_societario_7_analistas
2026-10-08 09:00:00;Caim;Direito digital;12,000000000000002;0,3000205510835238;0,01482658033278101;1,2312089910720128;0,24367962974530924;0,059379761952811;cenario_2_concentrado_societario;7;cenario_2_concentrado_societario_7_analistas
2026-10-08 09:00:00;Caim;Direito financeiro;58,7;0,9205482867676289;0,005163623177874939;2,014045178384402;0,45706436809230927;0,20890783657962197;cenario_2_concentrado_societario;7;cenario_2_concentrado_societario_7_analistas
2026-10-08 09:00:00;Caim;Governança;27,700000000000003;0,5649361711412003;0,017352300533632962;1,4961246111296893;0,377599677820038;0,1425815166897965;cenario_2_concentrado_societario;7;cenario_2_concentrado_societario_7_analistas
2026-10-08 09:00:00;Caim;Propriedade intelectual;0,0;0,15519807333141483;0,009256481174413592;1,1780390993264833;0,1317427184039526;0,017356143852463153;cenario_2_concentrado_societario;7;cenario_2_concentrado_societario_7_analistas
2026-10-08 09:00:00;Caim;Regulatório;39,300000000000004;0,7465280451551963;0,013359208960408197;1,6777164851436854;0,4449667460299534;0,19799540507248506;cenario_2_concentrado_societario;7;cenario_2_concentrado_societario_7_analistas
2026-10-08 09:00:00;Caim;Societário;37,300000000000004;0,7188935761319432;0,014267243524368745;6,651297838995195;0,10808320323850447;0,011681978822295862;cenario_2_concentrado_societario;7;cenario_2_concentrado_societario_7_analistas
2026-10-08 09:00:00;Caim;Trabalhista;0,0;0,15519807333141483;0,009256481174413592;1,1443286269994213;0,1356236920668186;0,018393785849835233;cenario_2_concentrado_societario;7;cenario_2_concentrado_societario_7_analistas
2026-10-08 09:00:00;Caim;Tributário;0,0;0,15519807333141483;0,009256481174413592;1,1512366790857969;0,13480987545902243;0,018173702521277136;cenario_2_concentrado_societario;7;cenario_2_concentrado_societario_7_analistas
2026-10-08 09:00:00;Davi;Concorrencial;0,0;0,15519807333141483;0,009256481174413592;1,767475856085364;0,08780774730080342;0,00771020048604175;cenario_2_concentrado_societario;7;cenario_2_concentrado_societario_7_analistas
2026-10-08 09:00:00;Davi;Contencioso;0,0;0,15519807333141483;0,009256481174413592;1,4909119466033396;0,10409606931180197;0,01083599164616748;cenario_2_concentrado_societario;7;cenario_2_concentrado_societario_7_analistas
2026-10-08 09:00:00;Davi;Contratos;0,0;0,15519807333141483;0,009256481174413592;3,4861666675377077;0,04451825977701514;0,0019818754535738036;cenario_2_concentrado_societario;7;cenario_2_concentrado_societario_7_analistas
2026-10-08 09:00:00;Davi;Direito digital;0,0;0,15519807333141483;0,009256481174413592;1,2312089910720128;0,12605339504244847;0,015889458401727573;cenario_2_concentrado_societario;7;cenario_2_concentrado_societario_7_analistas
2026-10-08 09:00:00;Davi;Direito financeiro;0,1;0,15612597639059406;0,009301596305599447;2,014045178384402;0,07751860686453567;0,006009134410218437;cenario_2_concentrado_societario;7;cenario_2_concentrado_societario_7_analistas
2026-10-08 09:00:00;Davi;Governança;0,0;0,15519807333141483;0,009256481174413592;1,4961246111296893;0,10373338702999367;0,010760615584714459;cenario_2_concentrado_societario;7;cenario_2_concentrado_societario_7_analistas
2026-10-08 09:00:00;Davi;Propriedade intelectual;0,0;0,15519807333141483;0,009256481174413592;1,1780390993264833;0,1317427184039526;0,017356143852463153;cenario_2_concentrado_societario;7;cenario_2_concentrado_societario_7_analistas
2026-10-08 09:00:00;Davi;Regulatório;0,0;0,15519807333141483;0,009256481174413592;1,6777164851436854;0,09250554232834109;0,008557275361460505;cenario_2_concentrado_societario;7;cenario_2_concentrado_societario_7_analistas
2026-10-08 09:00:00;Davi;Societário;75,1;0,9736006032045489;0,001814594286286693;6,651297838995195;0,146377538154513;0,021426383676175904;cenario_2_concentrado_societario;7;cenario_2_concentrado_societario_7_analistas
2026-10-08 09:00:00;Davi;Trabalhista;0,0;0,15519807333141483;0,009256481174413592;1,1443286269994213;0,1356236920668186;0,018393785849835233;cenario_2_concentrado_societario;7;cenario_2_concentrado_societario_7_analistas
2026-10-08 09:00:00;Davi;Tributário;6,0;0,21912033603812855;0,012080126974710233;1,1512366790857969;0,19033474177710633;0,03622731392735774;cenario_2_concentrado_societario;7;cenario_2_concentrado_societario_7_analistas
2026-11-05 09:00:00;Jacó;Concorrencial;0,0;0,15519807333141483;0,009256481174413592;1,8057052816685815;0,08594872868068613;0,0073871839618262;cenario_2_concentrado_societario;7;cenario_2_concentrado_societario_7_analistas
2026-11-05 09:00:00;Jacó;Contencioso;27,400000000000002;0,5597235066148506;0,017398177054688387;1,4909119466033396;0,3754235841291882;0,14094286752040563;cenario_2_concentrado_societario;7;cenario_2_concentrado_societario_7_analistas
2026-11-05 09:00:00;Jacó;Contratos;0,0;0,15519807333141483;0,009256481174413592;3,5458839870582177;0,04376851411322463;0,0019156828276795438;cenario_2_concentrado_societario;7;cenario_2_concentrado_societario_7_analistas
2026-11-05 09:00:00;Jacó;Direito digital;0,0;0,15519807333141483;0,009256481174413592;1,2312089910720128;0,12605339504244847;0,015889458401727573;cenario_2_concentrado_societario;7;cenario_2_concentrado_societario_7_analistas
2026-11-05 09:00:00;Jacó;Direito financeiro;0,0;0,15519807333141483;0,009256481174413592;2,014045178384402;0,07705789075491813;0,005937918527596897;cenario_2_concentrado_societario;7;cenario_2_concentrado_societario_7_analistas
2026-11-05 09:00:00;Jacó;Governança;0,0;0,15519807333141483;0,009256481174413592;1,5572552627352816;0,09966129320302514;0,009932373362899344;cenario_2_concentrado_societario;7;cenario_2_concentrado_societario_7_analistas
2026-11-05 09:00:00;Jacó;Propriedade intelectual;0,0;0,15519807333141483;0,009256481174413592;1,1780390993264833;0,1317427184039526;0,017356143852463153;cenario_2_concentrado_societario;7;cenario_2_concentrado_societario_7_analistas
2026-11-05 09:00:00;Jacó;Regulatório;0,0;0,15519807333141483;0,009256481174413592;1,6777164851436854;0,09250554232834109;0,008557275361460505;cenario_2_concentrado_societario;7;cenario_2_concentrado_societario_7_analistas
2026-11-05 09:00:00;Jacó;Societário;91,3;0,9914342420300852;0,000599562434678282;6,88102527151838;0,14408234280635238;0,020759721508567242;cenario_2_concentrado_societario;7;cenario_2_concentrado_societario_7_analistas
2026-11-05 09:00:00;Jacó;Trabalhista;0,0;0,15519807333141483;0,009256481174413592;1,2253120533152553;0,12666003971111234;0,016042765659620553;cenario_2_concentrado_societario;7;cenario_2_concentrado_societario_7_analistas
2026-11-05 09:00:00;Jacó;Tributário;0,0;0,15519807333141483;0,009256481174413592;1,1512366790857969;0,13480987545902243;0,018173702521277136;cenario_2_concentrado_societario;7;cenario_2_concentrado_societario_7_analistas
2026-11-05 09:00:00;Eva;Concorrencial;0,0;0,15519807333141483;0,009256481174413592;1,8057052816685815;0,08594872868068613;0,0073871839618262;cenario_2_concentrado_societario;7;cenario_2_concentrado_societario_7_analistas
2026-11-05 09:00:00;Eva;Contencioso;0,0;0,15519807333141483;0,009256481174413592;1,4909119466033396;0,10409606931180197;0,01083599164616748;cenario_2_concentrado_societario;7;cenario_2_concentrado_societario_7_analistas
2026-11-05 09:00:00;Eva;Contratos;0,0;0,15519807333141483;0,009256481174413592;3,5458839870582177;0,04376851411322463;0,0019156828276795438;cenario_2_concentrado_societario;7;cenario_2_concentrado_societario_7_analistas
2026-11-05 09:00:00;Eva;Direito digital;0,0;0,15519807333141483;0,009256481174413592;1,2312089910720128;0,12605339504244847;0,015889458401727573;cenario_2_concentrado_societario;7;cenario_2_concentrado_societario_7_analistas
2026-11-05 09:00:00;Eva;Direito financeiro;0,0;0,15519807333141483;0,009256481174413592;2,014045178384402;0,07705789075491813;0,005937918527596897;cenario_2_concentrado_societario;7;cenario_2_concentrado_societario_7_analistas
2026-11-05 09:00:00;Eva;Governança;0,0;0,15519807333141483;0,009256481174413592;1,5572552627352816;0,09966129320302514;0,009932373362899344;cenario_2_concentrado_societario;7;cenario_2_concentrado_societario_7_analistas
2026-11-05 09:00:00;Eva;Propriedade intelectual;8,200000000000001;0,24685065933799424;0,013125628039360857;1,1780390993264833;0,20954368957628436;0,04390855784124222;cenario_2_concentrado_societario;7;cenario_2_concentrado_societario_7_analistas
2026-11-05 09:00:00;Eva;Regulatório;0,0;0,15519807333141483;0,009256481174413592;1,6777164851436854;0,09250554232834109;0,008557275361460505;cenario_2_concentrado_societario;7;cenario_2_concentrado_societario_7_analistas
2026-11-05 09:00:00;Eva;Societário;102,80000000000001;0,9961784868939997;0,0002687677855368176;6,88102527151838;0,14477181053488283;0,020958877125548014;cenario_2_concentrado_societario;7;cenario_2_concentrado_societario_7_analistas
2026-11-05 09:00:00;Eva;Trabalhista;0,0;0,15519807333141483;0,009256481174413592;1,2253120533152553;0,12666003971111234;0,016042765659620553;cenario_2_concentrado_societario;7;cenario_2_concentrado_societario_7_analistas
2026-11-05 09:00:00;Eva;Tributário;0,0;0,15519807333141483;0,009256481174413592;1,1512366790857969;0,13480987545902243;0,018173702521277136;cenario_2_concentrado_societario;7;cenario_2_concentrado_societario_7_analistas
2026-11-05 09:00:00;Abraão;Concorrencial;0,0;0,15519807333141483;0,009256481174413592;1,8057052816685815;0,08594872868068613;0,0073871839618262;cenario_2_concentrado_societario;7;cenario_2_concentrado_societario_7_analistas
2026-11-05 09:00:00;Abraão;Contencioso;0,0;0,15519807333141483;0,009256481174413592;1,4909119466033396;0,10409606931180197;0,01083599164616748;cenario_2_concentrado_societario;7;cenario_2_concentrado_societario_7_analistas
2026-11-05 09:00:00;Abraão;Contratos;2,7000000000000006;0,1818624268473483;0,010504467009127006;3,5458839870582177;0,051288318374518325;0,002630491601685954;cenario_2_concentrado_societario;7;cenario_2_concentrado_societario_7_analistas
2026-11-05 09:00:00;Abraão;Direito digital;0,0;0,15519807333141483;0,009256481174413592;1,2312089910720128;0,12605339504244847;0,015889458401727573;cenario_2_concentrado_societario;7;cenario_2_concentrado_societario_7_analistas
2026-11-05 09:00:00;Abraão;Direito financeiro;13,100000000000001;0,3165786219005196;0,015274775822759776;2,014045178384402;0,1571854620234826;0,024707269471535693;cenario_2_concentrado_societario;7;cenario_2_concentrado_societario_7_analistas
2026-11-05 09:00:00;Abraão;Governança;0,0;0,15519807333141483;0,009256481174413592;1,5572552627352816;0,09966129320302514;0,009932373362899344;cenario_2_concentrado_societario;7;cenario_2_concentrado_societario_7_analistas
2026-11-05 09:00:00;Abraão;Propriedade intelectual;0,0;0,15519807333141483;0,009256481174413592;1,1780390993264833;0,1317427184039526;0,017356143852463153;cenario_2_concentrado_societario;7;cenario_2_concentrado_societario_7_analistas
2026-11-05 09:00:00;Abraão;Regulatório;0,0;0,15519807333141483;0,009256481174413592;1,6777164851436854;0,09250554232834109;0,008557275361460505;cenario_2_concentrado_societario;7;cenario_2_concentrado_societario_7_analistas
2026-11-05 09:00:00;Abraão;Societário;74,0;0,9715294123099029;0,0019527969408634402;6,88102527151838;0,1411896300295847;0,01993451162789101;cenario_2_concentrado_societario;7;cenario_2_concentrado_societario_7_analistas
2026-11-05 09:00:00;Abraão;Trabalhista;0,0;0,15519807333141483;0,009256481174413592;1,2253120533152553;0,12666003971111234;0,016042765659620553;cenario_2_concentrado_societario;7;cenario_2_concentrado_societario_7_analistas
2026-11-05 09:00:00;Abraão;Tributário;0,1;0,15612597639059406;0,009301596305599447;1,1512366790857969;0,1356158809277815;0,018391667159818215;cenario_2_concentrado_societario;7;cenario_2_concentrado_societario_7_analistas
2026-11-05 09:00:00;Adão;Concorrencial;0,0;0,15519807333141483;0,009256481174413592;1,8057052816685815;0,08594872868068613;0,0073871839618262;cenario_2_concentrado_societario;7;cenario_2_concentrado_societario_7_analistas
2026-11-05 09:00:00;Adão;Contencioso;0,0;0,15519807333141483;0,009256481174413592;1,4909119466033396;0,10409606931180197;0,01083599164616748;cenario_2_concentrado_societario;7;cenario_2_concentrado_societario_7_analistas
2026-11-05 09:00:00;Adão;Contratos;61,900000000000006;0,9355798484856076;0,004255075808883812;3,5458839870582177;0,26384953706897657;0,06961657821151324;cenario_2_concentrado_societario;7;cenario_2_concentrado_societario_7_analistas
2026-11-05 09:00:00;Adão;Direito digital;0,0;0,15519807333141483;0,009256481174413592;1,2312089910720128;0,12605339504244847;0,015889458401727573;cenario_2_concentrado_societario;7;cenario_2_concentrado_societario_7_analistas
2026-11-05 09:00:00;Adão;Direito financeiro;0,0;0,15519807333141483;0,009256481174413592;2,014045178384402;0,07705789075491813;0,005937918527596897;cenario_2_concentrado_societario;7;cenario_2_concentrado_societario_7_analistas
2026-11-05 09:00:00;Adão;Governança;0,0;0,15519807333141483;0,009256481174413592;1,5572552627352816;0,09966129320302514;0,009932373362899344;cenario_2_concentrado_societario;7;cenario_2_concentrado_societario_7_analistas
2026-11-05 09:00:00;Adão;Propriedade intelectual;0,0;0,15519807333141483;0,009256481174413592;1,1780390993264833;0,1317427184039526;0,017356143852463153;cenario_2_concentrado_societario;7;cenario_2_concentrado_societario_7_analistas
2026-11-05 09:00:00;Adão;Regulatório;0,0;0,15519807333141483;0,009256481174413592;1,6777164851436854;0,09250554232834109;0,008557275361460505;cenario_2_concentrado_societario;7;cenario_2_concentrado_societario_7_analistas
2026-11-05 09:00:00;Adão;Societário;141,2;0,9997450836099905;1,7992509379639793e-05;6,88102527151838;0,14529013397873844;0,021109223031559765;cenario_2_concentrado_societario;7;cenario_2_concentrado_societario_7_analistas
2026-11-05 09:00:00;Adão;Trabalhista;0,0;0,15519807333141483;0,009256481174413592;1,2253120533152553;0,12666003971111234;0,016042765659620553;cenario_2_concentrado_societario;7;cenario_2_concentrado_societario_7_analistas
2026-11-05 09:00:00;Adão;Tributário;0,0;0,15519807333141483;0,009256481174413592;1,1512366790857969;0,13480987545902243;0,018173702521277136;cenario_2_concentrado_societario;7;cenario_2_concentrado_societario_7_analistas
2026-11-05 09:00:00;Esaú;Concorrencial;51,5;0,8745168416800924;0,007747441752036585;1,8057052816685815;0,48430762791588317;0,23455387845750952;cenario_2_concentrado_societario;7;cenario_2_concentrado_societario_7_analistas
2026-11-05 09:00:00;Esaú;Contencioso;0,0;0,15519807333141483;0,009256481174413592;1,4909119466033396;0,10409606931180197;0,01083599164616748;cenario_2_concentrado_societario;7;cenario_2_concentrado_societario_7_analistas
2026-11-05 09:00:00;Esaú;Contratos;79,7;0,9807804378959589;0,001330822039881841;3,5458839870582177;0,2765968772457349;0,07650583250209214;cenario_2_concentrado_societario;7;cenario_2_concentrado_societario_7_analistas
2026-11-05 09:00:00;Esaú;Direito digital;0,0;0,15519807333141483;0,009256481174413592;1,2312089910720128;0,12605339504244847;0,015889458401727573;cenario_2_concentrado_societario;7;cenario_2_concentrado_societario_7_analistas
2026-11-05 09:00:00;Esaú;Direito financeiro;0,0;0,15519807333141483;0,009256481174413592;2,014045178384402;0,07705789075491813;0,005937918527596897;cenario_2_concentrado_societario;7;cenario_2_concentrado_societario_7_analistas
2026-11-05 09:00:00;Esaú;Governança;0,0;0,15519807333141483;0,009256481174413592;1,5572552627352816;0,09966129320302514;0,009932373362899344;cenario_2_concentrado_societario;7;cenario_2_concentrado_societario_7_analistas
2026-11-05 09:00:00;Esaú;Propriedade intelectual;0,0;0,15519807333141483;0,009256481174413592;1,1780390993264833;0,1317427184039526;0,017356143852463153;cenario_2_concentrado_societario;7;cenario_2_concentrado_societario_7_analistas
2026-11-05 09:00:00;Esaú;Regulatório;0,0;0,15519807333141483;0,009256481174413592;1,6777164851436854;0,09250554232834109;0,008557275361460505;cenario_2_concentrado_societario;7;cenario_2_concentrado_societario_7_analistas
2026-11-05 09:00:00;Esaú;Societário;157,0;0,999916434814724;5,899209070785976e-06;6,88102527151838;0,14531503596615633;0,02111645967784531;cenario_2_concentrado_societario;7;cenario_2_concentrado_societario_7_analistas
2026-11-05 09:00:00;Esaú;Trabalhista;11,600000000000001;0,29412361332676623;0,014657612886772343;1,2253120533152553;0,24003976173332592;0,05761908721299188;cenario_2_concentrado_societario;7;cenario_2_concentrado_societario_7_analistas
2026-11-05 09:00:00;Esaú;Tributário;0,0;0,15519807333141483;0,009256481174413592;1,1512366790857969;0,13480987545902243;0,018173702521277136;cenario_2_concentrado_societario;7;cenario_2_concentrado_societario_7_analistas
2026-11-05 09:00:00;Caim;Concorrencial;0,0;0,15519807333141483;0,009256481174413592;1,8057052816685815;0,08594872868068613;0,0073871839618262;cenario_2_concentrado_societario;7;cenario_2_concentrado_societario_7_analistas
2026-11-05 09:00:00;Caim;Contencioso;0,0;0,15519807333141483;0,009256481174413592;1,4909119466033396;0,10409606931180197;0,01083599164616748;cenario_2_concentrado_societario;7;cenario_2_concentrado_societario_7_analistas
2026-11-05 09:00:00;Caim;Contratos;80,70000000000002;0,9820670538350584;0,001243361705839153;3,5458839870582177;0,27695972497109633;0,07670668925606532;cenario_2_concentrado_societario;7;cenario_2_concentrado_societario_7_analistas
2026-11-05 09:00:00;Caim;Direito digital;12,000000000000002;0,3000205510835238;0,01482658033278101;1,2312089910720128;0,24367962974530924;0,059379761952811;cenario_2_concentrado_societario;7;cenario_2_concentrado_societario_7_analistas
2026-11-05 09:00:00;Caim;Direito financeiro;58,7;0,9205482867676289;0,005163623177874939;2,014045178384402;0,45706436809230927;0,20890783657962197;cenario_2_concentrado_societario;7;cenario_2_concentrado_societario_7_analistas
2026-11-05 09:00:00;Caim;Governança;31,300000000000004;0,6260668227467926;0,016527965227898532;1,5572552627352816;0,40203224078184924;0,1616299226280748;cenario_2_concentrado_societario;7;cenario_2_concentrado_societario_7_analistas
2026-11-05 09:00:00;Caim;Propriedade intelectual;0,0;0,15519807333141483;0,009256481174413592;1,1780390993264833;0,1317427184039526;0,017356143852463153;cenario_2_concentrado_societario;7;cenario_2_concentrado_societario_7_analistas
2026-11-05 09:00:00;Caim;Regulatório;39,300000000000004;0,7465280451551963;0,013359208960408197;1,6777164851436854;0,4449667460299534;0,19799540507248506;cenario_2_concentrado_societario;7;cenario_2_concentrado_societario_7_analistas
2026-11-05 09:00:00;Caim;Societário;65,3;0,9486210086551293;0,0034409868558837593;6,88102527151838;0,1378604163222038;0,019005494388531358;cenario_2_concentrado_societario;7;cenario_2_concentrado_societario_7_analistas
2026-11-05 09:00:00;Caim;Trabalhista;0,0;0,15519807333141483;0,009256481174413592;1,2253120533152553;0,12666003971111234;0,016042765659620553;cenario_2_concentrado_societario;7;cenario_2_concentrado_societario_7_analistas
2026-11-05 09:00:00;Caim;Tributário;0,0;0,15519807333141483;0,009256481174413592;1,1512366790857969;0,13480987545902243;0,018173702521277136;cenario_2_concentrado_societario;7;cenario_2_concentrado_societario_7_analistas
2026-11-05 09:00:00;Davi;Concorrencial;0,0;0,15519807333141483;0,009256481174413592;1,8057052816685815;0,08594872868068613;0,0073871839618262;cenario_2_concentrado_societario;7;cenario_2_concentrado_societario_7_analistas
2026-11-05 09:00:00;Davi;Contencioso;0,0;0,15519807333141483;0,009256481174413592;1,4909119466033396;0,10409606931180197;0,01083599164616748;cenario_2_concentrado_societario;7;cenario_2_concentrado_societario_7_analistas
2026-11-05 09:00:00;Davi;Contratos;0,0;0,15519807333141483;0,009256481174413592;3,5458839870582177;0,04376851411322463;0,0019156828276795438;cenario_2_concentrado_societario;7;cenario_2_concentrado_societario_7_analistas
2026-11-05 09:00:00;Davi;Direito digital;0,0;0,15519807333141483;0,009256481174413592;1,2312089910720128;0,12605339504244847;0,015889458401727573;cenario_2_concentrado_societario;7;cenario_2_concentrado_societario_7_analistas
2026-11-05 09:00:00;Davi;Direito financeiro;0,1;0,15612597639059406;0,009301596305599447;2,014045178384402;0,07751860686453567;0,006009134410218437;cenario_2_concentrado_societario;7;cenario_2_concentrado_societario_7_analistas
2026-11-05 09:00:00;Davi;Governança;0,0;0,15519807333141483;0,009256481174413592;1,5572552627352816;0,09966129320302514;0,009932373362899344;cenario_2_concentrado_societario;7;cenario_2_concentrado_societario_7_analistas
2026-11-05 09:00:00;Davi;Propriedade intelectual;0,0;0,15519807333141483;0,009256481174413592;1,1780390993264833;0,1317427184039526;0,017356143852463153;cenario_2_concentrado_societario;7;cenario_2_concentrado_societario_7_analistas
2026-11-05 09:00:00;Davi;Regulatório;0,0;0,15519807333141483;0,009256481174413592;1,6777164851436854;0,09250554232834109;0,008557275361460505;cenario_2_concentrado_societario;7;cenario_2_concentrado_societario_7_analistas
2026-11-05 09:00:00;Davi;Societário;75,1;0,9736006032045489;0,001814594286286693;6,88102527151838;0,14149063036208154;0,02001959848025919;cenario_2_concentrado_societario;7;cenario_2_concentrado_societario_7_analistas
2026-11-05 09:00:00;Davi;Trabalhista;0,0;0,15519807333141483;0,009256481174413592;1,2253120533152553;0,12666003971111234;0,016042765659620553;cenario_2_concentrado_societario;7;cenario_2_concentrado_societario_7_analistas
2026-11-05 09:00:00;Davi;Tributário;6,0;0,21912033603812855;0,012080126974710233;1,1512366790857969;0,19033474177710633;0,03622731392735774;cenario_2_concentrado_societario;7;cenario_2_concentrado_societario_7_analistas
2026-12-03 09:00:00;Jacó;Concorrencial;0,0;0,15519807333141483;0,009256481174413592;1,8787672891616651;0,08260633141035077;0,006823805989076705;cenario_2_concentrado_societario;7;cenario_2_concentrado_societario_7_analistas
2026-12-03 09:00:00;Jacó;Contencioso;27,400000000000002;0,5597235066148506;0,017398177054688387;1,4909119466033396;0,3754235841291882;0,14094286752040563;cenario_2_concentrado_societario;7;cenario_2_concentrado_societario_7_analistas
2026-12-03 09:00:00;Jacó;Contratos;0,0;0,15519807333141483;0,009256481174413592;3,559278119170892;0,043603806203142983;0,0019012919154012505;cenario_2_concentrado_societario;7;cenario_2_concentrado_societario_7_analistas
2026-12-03 09:00:00;Jacó;Direito digital;0,0;0,15519807333141483;0,009256481174413592;1,2312089910720128;0,12605339504244847;0,015889458401727573;cenario_2_concentrado_societario;7;cenario_2_concentrado_societario_7_analistas
2026-12-03 09:00:00;Jacó;Direito financeiro;0,0;0,15519807333141483;0,009256481174413592;2,020024899426579;0,07682978233360918;0,005902815453429766;cenario_2_concentrado_societario;7;cenario_2_concentrado_societario_7_analistas
2026-12-03 09:00:00;Jacó;Governança;0,0;0,15519807333141483;0,009256481174413592;1,558906582671896;0,09955572390066651;0,009911342161385742;cenario_2_concentrado_societario;7;cenario_2_concentrado_societario_7_analistas
2026-12-03 09:00:00;Jacó;Propriedade intelectual;0,0;0,15519807333141483;0,009256481174413592;1,1780390993264833;0,1317427184039526;0,017356143852463153;cenario_2_concentrado_societario;7;cenario_2_concentrado_societario_7_analistas
2026-12-03 09:00:00;Jacó;Regulatório;0,0;0,15519807333141483;0,009256481174413592;1,6777164851436854;0,09250554232834109;0,008557275361460505;cenario_2_concentrado_societario;7;cenario_2_concentrado_societario_7_analistas
2026-12-03 09:00:00;Jacó;Societário;91,3;0,9914342420300852;0,000599562434678282;6,929060869447565;0,14308349438834264;0,02047288636637888;cenario_2_concentrado_societario;7;cenario_2_concentrado_societario_7_analistas
2026-12-03 09:00:00;Jacó;Trabalhista;0,0;0,15519807333141483;0,009256481174413592;1,2253120533152553;0,12666003971111234;0,016042765659620553;cenario_2_concentrado_societario;7;cenario_2_concentrado_societario_7_analistas
2026-12-03 09:00:00;Jacó;Tributário;0,0;0,15519807333141483;0,009256481174413592;1,1512366790857969;0,13480987545902243;0,018173702521277136;cenario_2_concentrado_societario;7;cenario_2_concentrado_societario_7_analistas
2026-12-03 09:00:00;Eva;Concorrencial;0,0;0,15519807333141483;0,009256481174413592;1,8787672891616651;0,08260633141035077;0,006823805989076705;cenario_2_concentrado_societario;7;cenario_2_concentrado_societario_7_analistas
2026-12-03 09:00:00;Eva;Contencioso;0,0;0,15519807333141483;0,009256481174413592;1,4909119466033396;0,10409606931180197;0,01083599164616748;cenario_2_concentrado_societario;7;cenario_2_concentrado_societario_7_analistas
2026-12-03 09:00:00;Eva;Contratos;0,0;0,15519807333141483;0,009256481174413592;3,559278119170892;0,043603806203142983;0,0019012919154012505;cenario_2_concentrado_societario;7;cenario_2_concentrado_societario_7_analistas
2026-12-03 09:00:00;Eva;Direito digital;0,0;0,15519807333141483;0,009256481174413592;1,2312089910720128;0,12605339504244847;0,015889458401727573;cenario_2_concentrado_societario;7;cenario_2_concentrado_societario_7_analistas
2026-12-03 09:00:00;Eva;Direito financeiro;0,0;0,15519807333141483;0,009256481174413592;2,020024899426579;0,07682978233360918;0,005902815453429766;cenario_2_concentrado_societario;7;cenario_2_concentrado_societario_7_analistas
2026-12-03 09:00:00;Eva;Governança;0,0;0,15519807333141483;0,009256481174413592;1,558906582671896;0,09955572390066651;0,009911342161385742;cenario_2_concentrado_societario;7;cenario_2_concentrado_societario_7_analistas
2026-12-03 09:00:00;Eva;Propriedade intelectual;8,200000000000001;0,24685065933799424;0,013125628039360857;1,1780390993264833;0,20954368957628436;0,04390855784124222;cenario_2_concentrado_societario;7;cenario_2_concentrado_societario_7_analistas
2026-12-03 09:00:00;Eva;Regulatório;0,0;0,15519807333141483;0,009256481174413592;1,6777164851436854;0,09250554232834109;0,008557275361460505;cenario_2_concentrado_societario;7;cenario_2_concentrado_societario_7_analistas
2026-12-03 09:00:00;Eva;Societário;102,80000000000001;0,9961784868939997;0,0002687677855368176;6,929060869447565;0,14376818239344205;0,02066929026871402;cenario_2_concentrado_societario;7;cenario_2_concentrado_societario_7_analistas
2026-12-03 09:00:00;Eva;Trabalhista;0,0;0,15519807333141483;0,009256481174413592;1,2253120533152553;0,12666003971111234;0,016042765659620553;cenario_2_concentrado_societario;7;cenario_2_concentrado_societario_7_analistas
2026-12-03 09:00:00;Eva;Tributário;0,0;0,15519807333141483;0,009256481174413592;1,1512366790857969;0,13480987545902243;0,018173702521277136;cenario_2_concentrado_societario;7;cenario_2_concentrado_societario_7_analistas
2026-12-03 09:00:00;Abraão;Concorrencial;0,0;0,15519807333141483;0,009256481174413592;1,8787672891616651;0,08260633141035077;0,006823805989076705;cenario_2_concentrado_societario;7;cenario_2_concentrado_societario_7_analistas
2026-12-03 09:00:00;Abraão;Contencioso;0,0;0,15519807333141483;0,009256481174413592;1,4909119466033396;0,10409606931180197;0,01083599164616748;cenario_2_concentrado_societario;7;cenario_2_concentrado_societario_7_analistas
2026-12-03 09:00:00;Abraão;Contratos;2,7000000000000006;0,1818624268473483;0,010504467009127006;3,559278119170892;0,051095312239806595;0,0026107309328833295;cenario_2_concentrado_societario;7;cenario_2_concentrado_societario_7_analistas
2026-12-03 09:00:00;Abraão;Direito digital;0,0;0,15519807333141483;0,009256481174413592;1,2312089910720128;0,12605339504244847;0,015889458401727573;cenario_2_concentrado_societario;7;cenario_2_concentrado_societario_7_analistas
2026-12-03 09:00:00;Abraão;Direito financeiro;13,100000000000001;0,3165786219005196;0,015274775822759776;2,020024899426579;0,15672015824675542;0,02456120800088806;cenario_2_concentrado_societario;7;cenario_2_concentrado_societario_7_analistas
2026-12-03 09:00:00;Abraão;Governança;0,0;0,15519807333141483;0,009256481174413592;1,558906582671896;0,09955572390066651;0,009911342161385742;cenario_2_concentrado_societario;7;cenario_2_concentrado_societario_7_analistas
2026-12-03 09:00:00;Abraão;Propriedade intelectual;0,0;0,15519807333141483;0,009256481174413592;1,1780390993264833;0,1317427184039526;0,017356143852463153;cenario_2_concentrado_societario;7;cenario_2_concentrado_societario_7_analistas
2026-12-03 09:00:00;Abraão;Regulatório;0,0;0,15519807333141483;0,009256481174413592;1,6777164851436854;0,09250554232834109;0,008557275361460505;cenario_2_concentrado_societario;7;cenario_2_concentrado_societario_7_analistas
2026-12-03 09:00:00;Abraão;Societário;74,0;0,9715294123099029;0,0019527969408634402;6,929060869447565;0,14021083529424389;0,019659078333909587;cenario_2_concentrado_societario;7;cenario_2_concentrado_societario_7_analistas
2026-12-03 09:00:00;Abraão;Trabalhista;0,0;0,15519807333141483;0,009256481174413592;1,2253120533152553;0,12666003971111234;0,016042765659620553;cenario_2_concentrado_societario;7;cenario_2_concentrado_societario_7_analistas
2026-12-03 09:00:00;Abraão;Tributário;0,1;0,15612597639059406;0,009301596305599447;1,1512366790857969;0,1356158809277815;0,018391667159818215;cenario_2_concentrado_societario;7;cenario_2_concentrado_societario_7_analistas
2026-12-03 09:00:00;Adão;Concorrencial;0,0;0,15519807333141483;0,009256481174413592;1,8787672891616651;0,08260633141035077;0,006823805989076705;cenario_2_concentrado_societario;7;cenario_2_concentrado_societario_7_analistas
2026-12-03 09:00:00;Adão;Contencioso;0,0;0,15519807333141483;0,009256481174413592;1,4909119466033396;0,10409606931180197;0,01083599164616748;cenario_2_concentrado_societario;7;cenario_2_concentrado_societario_7_analistas
2026-12-03 09:00:00;Adão;Contratos;61,900000000000006;0,9355798484856076;0,004255075808883812;3,559278119170892;0,2628566291143172;0,06909360746934169;cenario_2_concentrado_societario;7;cenario_2_concentrado_societario_7_analistas
2026-12-03 09:00:00;Adão;Direito digital;0,0;0,15519807333141483;0,009256481174413592;1,2312089910720128;0,12605339504244847;0,015889458401727573;cenario_2_concentrado_societario;7;cenario_2_concentrado_societario_7_analistas
2026-12-03 09:00:00;Adão;Direito financeiro;0,0;0,15519807333141483;0,009256481174413592;2,020024899426579;0,07682978233360918;0,005902815453429766;cenario_2_concentrado_societario;7;cenario_2_concentrado_societario_7_analistas
2026-12-03 09:00:00;Adão;Governança;0,0;0,15519807333141483;0,009256481174413592;1,558906582671896;0,09955572390066651;0,009911342161385742;cenario_2_concentrado_societario;7;cenario_2_concentrado_societario_7_analistas
2026-12-03 09:00:00;Adão;Propriedade intelectual;0,0;0,15519807333141483;0,009256481174413592;1,1780390993264833;0,1317427184039526;0,017356143852463153;cenario_2_concentrado_societario;7;cenario_2_concentrado_societario_7_analistas
2026-12-03 09:00:00;Adão;Regulatório;0,0;0,15519807333141483;0,009256481174413592;1,6777164851436854;0,09250554232834109;0,008557275361460505;cenario_2_concentrado_societario;7;cenario_2_concentrado_societario_7_analistas
2026-12-03 09:00:00;Adão;Societário;141,2;0,9997450836099905;1,7992509379639793e-05;6,929060869447565;0,14428291256874143;0,020817558859319085;cenario_2_concentrado_societario;7;cenario_2_concentrado_societario_7_analistas
2026-12-03 09:00:00;Adão;Trabalhista;0,0;0,15519807333141483;0,009256481174413592;1,2253120533152553;0,12666003971111234;0,016042765659620553;cenario_2_concentrado_societario;7;cenario_2_concentrado_societario_7_analistas
2026-12-03 09:00:00;Adão;Tributário;0,0;0,15519807333141483;0,009256481174413592;1,1512366790857969;0,13480987545902243;0,018173702521277136;cenario_2_concentrado_societario;7;cenario_2_concentrado_societario_7_analistas
2026-12-03 09:00:00;Esaú;Concorrencial;65,0;0,947578849173176;0,0035069260683607633;1,8787672891616651;0,5043620115378953;0,254381038682552;cenario_2_concentrado_societario;7;cenario_2_concentrado_societario_7_analistas
2026-12-03 09:00:00;Esaú;Contencioso;0,0;0,15519807333141483;0,009256481174413592;1,4909119466033396;0,10409606931180197;0,01083599164616748;cenario_2_concentrado_societario;7;cenario_2_concentrado_societario_7_analistas
2026-12-03 09:00:00;Esaú;Contratos;96,80000000000001;0,9941745700086335;0,0004088795015888212;3,559278119170892;0,2793191587512749;0,0780191924455199;cenario_2_concentrado_societario;7;cenario_2_concentrado_societario_7_analistas
2026-12-03 09:00:00;Esaú;Direito digital;0,0;0,15519807333141483;0,009256481174413592;1,2312089910720128;0,12605339504244847;0,015889458401727573;cenario_2_concentrado_societario;7;cenario_2_concentrado_societario_7_analistas
2026-12-03 09:00:00;Esaú;Direito financeiro;0,0;0,15519807333141483;0,009256481174413592;2,020024899426579;0,07682978233360918;0,005902815453429766;cenario_2_concentrado_societario;7;cenario_2_concentrado_societario_7_analistas
2026-12-03 09:00:00;Esaú;Governança;0,0;0,15519807333141483;0,009256481174413592;1,558906582671896;0,09955572390066651;0,009911342161385742;cenario_2_concentrado_societario;7;cenario_2_concentrado_societario_7_analistas
2026-12-03 09:00:00;Esaú;Propriedade intelectual;0,0;0,15519807333141483;0,009256481174413592;1,1780390993264833;0,1317427184039526;0,017356143852463153;cenario_2_concentrado_societario;7;cenario_2_concentrado_societario_7_analistas
2026-12-03 09:00:00;Esaú;Regulatório;0,0;0,15519807333141483;0,009256481174413592;1,6777164851436854;0,09250554232834109;0,008557275361460505;cenario_2_concentrado_societario;7;cenario_2_concentrado_societario_7_analistas
2026-12-03 09:00:00;Esaú;Societário;157,0;0,999916434814724;5,899209070785976e-06;6,929060869447565;0,1443076419235504;0,020824695517535637;cenario_2_concentrado_societario;7;cenario_2_concentrado_societario_7_analistas
2026-12-03 09:00:00;Esaú;Trabalhista;11,600000000000001;0,29412361332676623;0,014657612886772343;1,2253120533152553;0,24003976173332592;0,05761908721299188;cenario_2_concentrado_societario;7;cenario_2_concentrado_societario_7_analistas
2026-12-03 09:00:00;Esaú;Tributário;0,0;0,15519807333141483;0,009256481174413592;1,1512366790857969;0,13480987545902243;0,018173702521277136;cenario_2_concentrado_societario;7;cenario_2_concentrado_societario_7_analistas
2026-12-03 09:00:00;Caim;Concorrencial;0,0;0,15519807333141483;0,009256481174413592;1,8787672891616651;0,08260633141035077;0,006823805989076705;cenario_2_concentrado_societario;7;cenario_2_concentrado_societario_7_analistas
2026-12-03 09:00:00;Caim;Contencioso;0,0;0,15519807333141483;0,009256481174413592;1,4909119466033396;0,10409606931180197;0,01083599164616748;cenario_2_concentrado_societario;7;cenario_2_concentrado_societario_7_analistas
2026-12-03 09:00:00;Caim;Contratos;80,70000000000002;0,9820670538350584;0,001243361705839153;3,559278119170892;0,27591748128517246;0,0761304564787535;cenario_2_concentrado_societario;7;cenario_2_concentrado_societario_7_analistas
2026-12-03 09:00:00;Caim;Direito digital;12,000000000000002;0,3000205510835238;0,01482658033278101;1,2312089910720128;0,24367962974530924;0,059379761952811;cenario_2_concentrado_societario;7;cenario_2_concentrado_societario_7_analistas
2026-12-03 09:00:00;Caim;Direito financeiro;59,900000000000006;0,9265280078098057;0,0048060144138981605;2,020024899426579;0,45867157779729234;0,2103796162790576;cenario_2_concentrado_societario;7;cenario_2_concentrado_societario_7_analistas
2026-12-03 09:00:00;Caim;Governança;31,400000000000006;0,627718142683407;0,01649837816768276;1,558906582671896;0,4026656565960009;0,16213963100188852;cenario_2_concentrado_societario;7;cenario_2_concentrado_societario_7_analistas
2026-12-03 09:00:00;Caim;Propriedade intelectual;0,0;0,15519807333141483;0,009256481174413592;1,1780390993264833;0,1317427184039526;0,017356143852463153;cenario_2_concentrado_societario;7;cenario_2_concentrado_societario_7_analistas
2026-12-03 09:00:00;Caim;Regulatório;39,300000000000004;0,7465280451551963;0,013359208960408197;1,6777164851436854;0,4449667460299534;0,19799540507248506;cenario_2_concentrado_societario;7;cenario_2_concentrado_societario_7_analistas
2026-12-03 09:00:00;Caim;Societário;104,7;0,9966566065843144;0,00023525438861243846;6,929060869447565;0,14383718448468114;0,020689135640480194;cenario_2_concentrado_societario;7;cenario_2_concentrado_societario_7_analistas
2026-12-03 09:00:00;Caim;Trabalhista;0,0;0,15519807333141483;0,009256481174413592;1,2253120533152553;0,12666003971111234;0,016042765659620553;cenario_2_concentrado_societario;7;cenario_2_concentrado_societario_7_analistas
2026-12-03 09:00:00;Caim;Tributário;0,0;0,15519807333141483;0,009256481174413592;1,1512366790857969;0,13480987545902243;0,018173702521277136;cenario_2_concentrado_societario;7;cenario_2_concentrado_societario_7_analistas
2026-12-03 09:00:00;Davi;Concorrencial;0,0;0,15519807333141483;0,009256481174413592;1,8787672891616651;0,08260633141035077;0,006823805989076705;cenario_2_concentrado_societario;7;cenario_2_concentrado_societario_7_analistas
2026-12-03 09:00:00;Davi;Contencioso;0,0;0,15519807333141483;0,009256481174413592;1,4909119466033396;0,10409606931180197;0,01083599164616748;cenario_2_concentrado_societario;7;cenario_2_concentrado_societario_7_analistas
2026-12-03 09:00:00;Davi;Contratos;0,0;0,15519807333141483;0,009256481174413592;3,559278119170892;0,043603806203142983;0,0019012919154012505;cenario_2_concentrado_societario;7;cenario_2_concentrado_societario_7_analistas
2026-12-03 09:00:00;Davi;Direito digital;0,0;0,15519807333141483;0,009256481174413592;1,2312089910720128;0,12605339504244847;0,015889458401727573;cenario_2_concentrado_societario;7;cenario_2_concentrado_societario_7_analistas
2026-12-03 09:00:00;Davi;Direito financeiro;0,1;0,15612597639059406;0,009301596305599447;2,020024899426579;0,07728913462151545;0,005973610330542737;cenario_2_concentrado_societario;7;cenario_2_concentrado_societario_7_analistas
2026-12-03 09:00:00;Davi;Governança;0,0;0,15519807333141483;0,009256481174413592;1,558906582671896;0,09955572390066651;0,009911342161385742;cenario_2_concentrado_societario;7;cenario_2_concentrado_societario_7_analistas
2026-12-03 09:00:00;Davi;Propriedade intelectual;0,0;0,15519807333141483;0,009256481174413592;1,1780390993264833;0,1317427184039526;0,017356143852463153;cenario_2_concentrado_societario;7;cenario_2_concentrado_societario_7_analistas
2026-12-03 09:00:00;Davi;Regulatório;0,0;0,15519807333141483;0,009256481174413592;1,6777164851436854;0,09250554232834109;0,008557275361460505;cenario_2_concentrado_societario;7;cenario_2_concentrado_societario_7_analistas
2026-12-03 09:00:00;Davi;Societário;75,1;0,9736006032045489;0,001814594286286693;6,929060869447565;0,14050974894699855;0,019742989549148562;cenario_2_concentrado_societario;7;cenario_2_concentrado_societario_7_analistas
2026-12-03 09:00:00;Davi;Trabalhista;0,0;0,15519807333141483;0,009256481174413592;1,2253120533152553;0,12666003971111234;0,016042765659620553;cenario_2_concentrado_societario;7;cenario_2_concentrado_societario_7_analistas
2026-12-03 09:00:00;Davi;Tributário;6,0;0,21912033603812855;0,012080126974710233;1,1512366790857969;0,19033474177710633;0,03622731392735774;cenario_2_concentrado_societario;7;cenario_2_concentrado_societario_7_analistas
2026-12-31 09:00:00;Jacó;Concorrencial;0,0;0,15519807333141483;0,009256481174413592;1,8894876506477214;0,0821376489432003;0,006746593373916414;cenario_2_concentrado_societario;7;cenario_2_concentrado_societario_7_analistas
2026-12-31 09:00:00;Jacó;Contencioso;27,400000000000002;0,5597235066148506;0,017398177054688387;1,4909119466033396;0,3754235841291882;0,14094286752040563;cenario_2_concentrado_societario;7;cenario_2_concentrado_societario_7_analistas
2026-12-31 09:00:00;Jacó;Contratos;0,0;0,15519807333141483;0,009256481174413592;3,5629579745535995;0,04355877179574634;0,0018973666003539067;cenario_2_concentrado_societario;7;cenario_2_concentrado_societario_7_analistas
2026-12-31 09:00:00;Jacó;Direito digital;0,0;0,15519807333141483;0,009256481174413592;1,2326937391871122;0,12590156694862317;0,015851204560118643;cenario_2_concentrado_societario;7;cenario_2_concentrado_societario_7_analistas
2026-12-31 09:00:00;Jacó;Direito financeiro;0,0;0,15519807333141483;0,009256481174413592;2,020024899426579;0,07682978233360918;0,005902815453429766;cenario_2_concentrado_societario;7;cenario_2_concentrado_societario_7_analistas
2026-12-31 09:00:00;Jacó;Governança;0,0;0,15519807333141483;0,009256481174413592;1,558906582671896;0,09955572390066651;0,009911342161385742;cenario_2_concentrado_societario;7;cenario_2_concentrado_societario_7_analistas
2026-12-31 09:00:00;Jacó;Propriedade intelectual;0,0;0,15519807333141483;0,009256481174413592;1,1780390993264833;0,1317427184039526;0,017356143852463153;cenario_2_concentrado_societario;7;cenario_2_concentrado_societario_7_analistas
2026-12-31 09:00:00;Jacó;Regulatório;0,0;0,15519807333141483;0,009256481174413592;1,7503741014286571;0,08866565907524683;0,0078615990992479;cenario_2_concentrado_societario;7;cenario_2_concentrado_societario_7_analistas
2026-12-31 09:00:00;Jacó;Societário;91,3;0,9914342420300852;0,000599562434678282;6,931761736514854;0,14302774384287445;0,02045693550878291;cenario_2_concentrado_societario;7;cenario_2_concentrado_societario_7_analistas
2026-12-31 09:00:00;Jacó;Trabalhista;0,0;0,15519807333141483;0,009256481174413592;1,226779942064506;0,1265084861676474;0,016004397072429833;cenario_2_concentrado_societario;7;cenario_2_concentrado_societario_7_analistas
2026-12-31 09:00:00;Jacó;Tributário;0,0;0,15519807333141483;0,009256481174413592;1,1512366790857969;0,13480987545902243;0,018173702521277136;cenario_2_concentrado_societario;7;cenario_2_concentrado_societario_7_analistas
2026-12-31 09:00:00;Eva;Concorrencial;0,0;0,15519807333141483;0,009256481174413592;1,8894876506477214;0,0821376489432003;0,006746593373916414;cenario_2_concentrado_societario;7;cenario_2_concentrado_societario_7_analistas
2026-12-31 09:00:00;Eva;Contencioso;0,0;0,15519807333141483;0,009256481174413592;1,4909119466033396;0,10409606931180197;0,01083599164616748;cenario_2_concentrado_societario;7;cenario_2_concentrado_societario_7_analistas
2026-12-31 09:00:00;Eva;Contratos;0,0;0,15519807333141483;0,009256481174413592;3,5629579745535995;0,04355877179574634;0,0018973666003539067;cenario_2_concentrado_societario;7;cenario_2_concentrado_societario_7_analistas
2026-12-31 09:00:00;Eva;Direito digital;0,0;0,15519807333141483;0,009256481174413592;1,2326937391871122;0,12590156694862317;0,015851204560118643;cenario_2_concentrado_societario;7;cenario_2_concentrado_societario_7_analistas
2026-12-31 09:00:00;Eva;Direito financeiro;0,0;0,15519807333141483;0,009256481174413592;2,020024899426579;0,07682978233360918;0,005902815453429766;cenario_2_concentrado_societario;7;cenario_2_concentrado_societario_7_analistas
2026-12-31 09:00:00;Eva;Governança;0,0;0,15519807333141483;0,009256481174413592;1,558906582671896;0,09955572390066651;0,009911342161385742;cenario_2_concentrado_societario;7;cenario_2_concentrado_societario_7_analistas
2026-12-31 09:00:00;Eva;Propriedade intelectual;8,200000000000001;0,24685065933799424;0,013125628039360857;1,1780390993264833;0,20954368957628436;0,04390855784124222;cenario_2_concentrado_societario;7;cenario_2_concentrado_societario_7_analistas
2026-12-31 09:00:00;Eva;Regulatório;0,0;0,15519807333141483;0,009256481174413592;1,7503741014286571;0,08866565907524683;0,0078615990992479;cenario_2_concentrado_societario;7;cenario_2_concentrado_societario_7_analistas
2026-12-31 09:00:00;Eva;Societário;102,80000000000001;0,9961784868939997;0,0002687677855368176;6,931761736514854;0,14371216506856704;0,020653186388695063;cenario_2_concentrado_societario;7;cenario_2_concentrado_societario_7_analistas
2026-12-31 09:00:00;Eva;Trabalhista;0,0;0,15519807333141483;0,009256481174413592;1,226779942064506;0,1265084861676474;0,016004397072429833;cenario_2_concentrado_societario;7;cenario_2_concentrado_societario_7_analistas
2026-12-31 09:00:00;Eva;Tributário;0,0;0,15519807333141483;0,009256481174413592;1,1512366790857969;0,13480987545902243;0,018173702521277136;cenario_2_concentrado_societario;7;cenario_2_concentrado_societario_7_analistas
2026-12-31 09:00:00;Abraão;Concorrencial;0,0;0,15519807333141483;0,009256481174413592;1,8894876506477214;0,0821376489432003;0,006746593373916414;cenario_2_concentrado_societario;7;cenario_2_concentrado_societario_7_analistas
2026-12-31 09:00:00;Abraão;Contencioso;0,0;0,15519807333141483;0,009256481174413592;1,4909119466033396;0,10409606931180197;0,01083599164616748;cenario_2_concentrado_societario;7;cenario_2_concentrado_societario_7_analistas
2026-12-31 09:00:00;Abraão;Contratos;2,7000000000000006;0,1818624268473483;0,010504467009127006;3,5629579745535995;0,05104254053687897;0,0026053409444589328;cenario_2_concentrado_societario;7;cenario_2_concentrado_societario_7_analistas
2026-12-31 09:00:00;Abraão;Direito digital;0,0;0,15519807333141483;0,009256481174413592;1,2326937391871122;0,12590156694862317;0,015851204560118643;cenario_2_concentrado_societario;7;cenario_2_concentrado_societario_7_analistas
2026-12-31 09:00:00;Abraão;Direito financeiro;13,100000000000001;0,3165786219005196;0,015274775822759776;2,020024899426579;0,15672015824675542;0,02456120800088806;cenario_2_concentrado_societario;7;cenario_2_concentrado_societario_7_analistas
2026-12-31 09:00:00;Abraão;Governança;0,0;0,15519807333141483;0,009256481174413592;1,558906582671896;0,09955572390066651;0,009911342161385742;cenario_2_concentrado_societario;7;cenario_2_concentrado_societario_7_analistas
2026-12-31 09:00:00;Abraão;Propriedade intelectual;0,0;0,15519807333141483;0,009256481174413592;1,1780390993264833;0,1317427184039526;0,017356143852463153;cenario_2_concentrado_societario;7;cenario_2_concentrado_societario_7_analistas
2026-12-31 09:00:00;Abraão;Regulatório;0,0;0,15519807333141483;0,009256481174413592;1,7503741014286571;0,08866565907524683;0,0078615990992479;cenario_2_concentrado_societario;7;cenario_2_concentrado_societario_7_analistas
2026-12-31 09:00:00;Abraão;Societário;74,0;0,9715294123099029;0,0019527969408634402;6,931761736514854;0,14015620404148046;0,019643761531317104;cenario_2_concentrado_societario;7;cenario_2_concentrado_societario_7_analistas
2026-12-31 09:00:00;Abraão;Trabalhista;0,0;0,15519807333141483;0,009256481174413592;1,226779942064506;0,1265084861676474;0,016004397072429833;cenario_2_concentrado_societario;7;cenario_2_concentrado_societario_7_analistas
2026-12-31 09:00:00;Abraão;Tributário;0,1;0,15612597639059406;0,009301596305599447;1,1512366790857969;0,1356158809277815;0,018391667159818215;cenario_2_concentrado_societario;7;cenario_2_concentrado_societario_7_analistas
2026-12-31 09:00:00;Adão;Concorrencial;0,0;0,15519807333141483;0,009256481174413592;1,8894876506477214;0,0821376489432003;0,006746593373916414;cenario_2_concentrado_societario;7;cenario_2_concentrado_societario_7_analistas
2026-12-31 09:00:00;Adão;Contencioso;0,0;0,15519807333141483;0,009256481174413592;1,4909119466033396;0,10409606931180197;0,01083599164616748;cenario_2_concentrado_societario;7;cenario_2_concentrado_societario_7_analistas
2026-12-31 09:00:00;Adão;Contratos;61,900000000000006;0,9355798484856076;0,004255075808883812;3,5629579745535995;0,26258514839845276;0,06895096015943745;cenario_2_concentrado_societario;7;cenario_2_concentrado_societario_7_analistas
2026-12-31 09:00:00;Adão;Direito digital;0,0;0,15519807333141483;0,009256481174413592;1,2326937391871122;0,12590156694862317;0,015851204560118643;cenario_2_concentrado_societario;7;cenario_2_concentrado_societario_7_analistas
2026-12-31 09:00:00;Adão;Direito financeiro;0,0;0,15519807333141483;0,009256481174413592;2,020024899426579;0,07682978233360918;0,005902815453429766;cenario_2_concentrado_societario;7;cenario_2_concentrado_societario_7_analistas
2026-12-31 09:00:00;Adão;Governança;0,0;0,15519807333141483;0,009256481174413592;1,558906582671896;0,09955572390066651;0,009911342161385742;cenario_2_concentrado_societario;7;cenario_2_concentrado_societario_7_analistas
2026-12-31 09:00:00;Adão;Propriedade intelectual;0,0;0,15519807333141483;0,009256481174413592;1,1780390993264833;0,1317427184039526;0,017356143852463153;cenario_2_concentrado_societario;7;cenario_2_concentrado_societario_7_analistas
2026-12-31 09:00:00;Adão;Regulatório;0,0;0,15519807333141483;0,009256481174413592;1,7503741014286571;0,08866565907524683;0,0078615990992479;cenario_2_concentrado_societario;7;cenario_2_concentrado_societario_7_analistas
2026-12-31 09:00:00;Adão;Societário;141,2;0,9997450836099905;1,7992509379639793e-05;6,931761736514854;0,14422669468622584;0,020801339460113807;cenario_2_concentrado_societario;7;cenario_2_concentrado_societario_7_analistas
2026-12-31 09:00:00;Adão;Trabalhista;0,0;0,15519807333141483;0,009256481174413592;1,226779942064506;0,1265084861676474;0,016004397072429833;cenario_2_concentrado_societario;7;cenario_2_concentrado_societario_7_analistas
2026-12-31 09:00:00;Adão;Tributário;0,0;0,15519807333141483;0,009256481174413592;1,1512366790857969;0,13480987545902243;0,018173702521277136;cenario_2_concentrado_societario;7;cenario_2_concentrado_societario_7_analistas
2026-12-31 09:00:00;Esaú;Concorrencial;68,4;0,9582992106592324;0,0028213054457441908;1,8894876506477214;0,5071741063407982;0,2572255741425873;cenario_2_concentrado_societario;7;cenario_2_concentrado_societario_7_analistas
2026-12-31 09:00:00;Esaú;Contencioso;0,0;0,15519807333141483;0,009256481174413592;1,4909119466033396;0,10409606931180197;0,01083599164616748;cenario_2_concentrado_societario;7;cenario_2_concentrado_societario_7_analistas
2026-12-31 09:00:00;Esaú;Contratos;111,00000000000001;0,9978544253913407;0,00015115256094901125;3,5629579745535995;0,2800634844749639;0,07843555533625833;cenario_2_concentrado_societario;7;cenario_2_concentrado_societario_7_analistas
2026-12-31 09:00:00;Esaú;Direito digital;0,0;0,15519807333141483;0,009256481174413592;1,2326937391871122;0,12590156694862317;0,015851204560118643;cenario_2_concentrado_societario;7;cenario_2_concentrado_societario_7_analistas
2026-12-31 09:00:00;Esaú;Direito financeiro;0,0;0,15519807333141483;0,009256481174413592;2,020024899426579;0,07682978233360918;0,005902815453429766;cenario_2_concentrado_societario;7;cenario_2_concentrado_societario_7_analistas
2026-12-31 09:00:00;Esaú;Governança;0,0;0,15519807333141483;0,009256481174413592;1,558906582671896;0,09955572390066651;0,009911342161385742;cenario_2_concentrado_societario;7;cenario_2_concentrado_societario_7_analistas
2026-12-31 09:00:00;Esaú;Propriedade intelectual;0,0;0,15519807333141483;0,009256481174413592;1,1780390993264833;0,1317427184039526;0,017356143852463153;cenario_2_concentrado_societario;7;cenario_2_concentrado_societario_7_analistas
2026-12-31 09:00:00;Esaú;Regulatório;0,0;0,15519807333141483;0,009256481174413592;1,7503741014286571;0,08866565907524683;0,0078615990992479;cenario_2_concentrado_societario;7;cenario_2_concentrado_societario_7_analistas
2026-12-31 09:00:00;Esaú;Societário;157,0;0,999916434814724;5,899209070785976e-06;6,931761736514854;0,14425141440557668;0,020808470558009416;cenario_2_concentrado_societario;7;cenario_2_concentrado_societario_7_analistas
2026-12-31 09:00:00;Esaú;Trabalhista;11,700000000000001;0,2955915020760169;0,014700131917938146;1,226779942064506;0,24094908299411555;0,058056460595705184;cenario_2_concentrado_societario;7;cenario_2_concentrado_societario_7_analistas
2026-12-31 09:00:00;Esaú;Tributário;0,0;0,15519807333141483;0,009256481174413592;1,1512366790857969;0,13480987545902243;0,018173702521277136;cenario_2_concentrado_societario;7;cenario_2_concentrado_societario_7_analistas
2026-12-31 09:00:00;Caim;Concorrencial;0,0;0,15519807333141483;0,009256481174413592;1,8894876506477214;0,0821376489432003;0,006746593373916414;cenario_2_concentrado_societario;7;cenario_2_concentrado_societario_7_analistas
2026-12-31 09:00:00;Caim;Contencioso;0,0;0,15519807333141483;0,009256481174413592;1,4909119466033396;0,10409606931180197;0,01083599164616748;cenario_2_concentrado_societario;7;cenario_2_concentrado_societario_7_analistas
2026-12-31 09:00:00;Caim;Contratos;80,70000000000002;0,9820670538350584;0,001243361705839153;3,5629579745535995;0,2756325112024654;0,07597328123177721;cenario_2_concentrado_societario;7;cenario_2_concentrado_societario_7_analistas
2026-12-31 09:00:00;Caim;Direito digital;12,100000000000001;0,3015052991986232;0,014868349675016296;1,2326937391871122;0,24459059830826096;0,059824560780793075;cenario_2_concentrado_societario;7;cenario_2_concentrado_societario_7_analistas
2026-12-31 09:00:00;Caim;Direito financeiro;59,900000000000006;0,9265280078098057;0,0048060144138981605;2,020024899426579;0,45867157779729234;0,2103796162790576;cenario_2_concentrado_societario;7;cenario_2_concentrado_societario_7_analistas
2026-12-31 09:00:00;Caim;Governança;31,400000000000006;0,627718142683407;0,01649837816768276;1,558906582671896;0,4026656565960009;0,16213963100188852;cenario_2_concentrado_societario;7;cenario_2_concentrado_societario_7_analistas
2026-12-31 09:00:00;Caim;Propriedade intelectual;0,0;0,15519807333141483;0,009256481174413592;1,1780390993264833;0,1317427184039526;0,017356143852463153;cenario_2_concentrado_societario;7;cenario_2_concentrado_societario_7_analistas
2026-12-31 09:00:00;Caim;Regulatório;45,400000000000006;0,8191856614401681;0,010457308255288766;1,7503741014286571;0,468006045548519;0,21902965866996243;cenario_2_concentrado_societario;7;cenario_2_concentrado_societario_7_analistas
2026-12-31 09:00:00;Caim;Societário;128,1;0,9993574736516027;4,5333213685200456e-05;6,931761736514854;0,14417077672869621;0,020785212862555573;cenario_2_concentrado_societario;7;cenario_2_concentrado_societario_7_analistas
2026-12-31 09:00:00;Caim;Trabalhista;0,0;0,15519807333141483;0,009256481174413592;1,226779942064506;0,1265084861676474;0,016004397072429833;cenario_2_concentrado_societario;7;cenario_2_concentrado_societario_7_analistas
2026-12-31 09:00:00;Caim;Tributário;0,0;0,15519807333141483;0,009256481174413592;1,1512366790857969;0,13480987545902243;0,018173702521277136;cenario_2_concentrado_societario;7;cenario_2_concentrado_societario_7_analistas
2026-12-31 09:00:00;Davi;Concorrencial;0,0;0,15519807333141483;0,009256481174413592;1,8894876506477214;0,0821376489432003;0,006746593373916414;cenario_2_concentrado_societario;7;cenario_2_concentrado_societario_7_analistas
2026-12-31 09:00:00;Davi;Contencioso;0,0;0,15519807333141483;0,009256481174413592;1,4909119466033396;0,10409606931180197;0,01083599164616748;cenario_2_concentrado_societario;7;cenario_2_concentrado_societario_7_analistas
2026-12-31 09:00:00;Davi;Contratos;0,0;0,15519807333141483;0,009256481174413592;3,5629579745535995;0,04355877179574634;0,0018973666003539067;cenario_2_concentrado_societario;7;cenario_2_concentrado_societario_7_analistas
2026-12-31 09:00:00;Davi;Direito digital;0,0;0,15519807333141483;0,009256481174413592;1,2326937391871122;0,12590156694862317;0,015851204560118643;cenario_2_concentrado_societario;7;cenario_2_concentrado_societario_7_analistas
2026-12-31 09:00:00;Davi;Direito financeiro;0,1;0,15612597639059406;0,009301596305599447;2,020024899426579;0,07728913462151545;0,005973610330542737;cenario_2_concentrado_societario;7;cenario_2_concentrado_societario_7_analistas
2026-12-31 09:00:00;Davi;Governança;0,0;0,15519807333141483;0,009256481174413592;1,558906582671896;0,09955572390066651;0,009911342161385742;cenario_2_concentrado_societario;7;cenario_2_concentrado_societario_7_analistas
2026-12-31 09:00:00;Davi;Propriedade intelectual;0,0;0,15519807333141483;0,009256481174413592;1,1780390993264833;0,1317427184039526;0,017356143852463153;cenario_2_concentrado_societario;7;cenario_2_concentrado_societario_7_analistas
2026-12-31 09:00:00;Davi;Regulatório;0,0;0,15519807333141483;0,009256481174413592;1,7503741014286571;0,08866565907524683;0,0078615990992479;cenario_2_concentrado_societario;7;cenario_2_concentrado_societario_7_analistas
2026-12-31 09:00:00;Davi;Societário;75,1;0,9736006032045489;0,001814594286286693;6,931761736514854;0,14045500122657925;0,019727607369558378;cenario_2_concentrado_societario;7;cenario_2_concentrado_societario_7_analistas
2026-12-31 09:00:00;Davi;Trabalhista;0,0;0,15519807333141483;0,009256481174413592;1,226779942064506;0,1265084861676474;0,016004397072429833;cenario_2_concentrado_societario;7;cenario_2_concentrado_societario_7_analistas
2026-12-31 09:00:00;Davi;Tributário;6,0;0,21912033603812855;0,012080126974710233;1,1512366790857969;0,19033474177710633;0,03622731392735774;cenario_2_concentrado_societario;7;cenario_2_concentrado_societario_7_analistas
2027-01-28 09:00:00;Jacó;Concorrencial;0,0;0,15519807333141483;0,009256481174413592;1,8894876506477214;0,0821376489432003;0,006746593373916414;cenario_2_concentrado_societario;7;cenario_2_concentrado_societario_7_analistas
2027-01-28 09:00:00;Jacó;Contencioso;27,400000000000002;0,5597235066148506;0,017398177054688387;1,4909119466033396;0,3754235841291882;0,14094286752040563;cenario_2_concentrado_societario;7;cenario_2_concentrado_societario_7_analistas
2027-01-28 09:00:00;Jacó;Contratos;0,0;0,15519807333141483;0,009256481174413592;3,5629579745535995;0,04355877179574634;0,0018973666003539067;cenario_2_concentrado_societario;7;cenario_2_concentrado_societario_7_analistas
2027-01-28 09:00:00;Jacó;Direito digital;0,0;0,15519807333141483;0,009256481174413592;1,2570023017877368;0,12346681713365891;0,015244054933116369;cenario_2_concentrado_societario;7;cenario_2_concentrado_societario_7_analistas
2027-01-28 09:00:00;Jacó;Direito financeiro;0,0;0,15519807333141483;0,009256481174413592;2,020024899426579;0,07682978233360918;0,005902815453429766;cenario_2_concentrado_societario;7;cenario_2_concentrado_societario_7_analistas
2027-01-28 09:00:00;Jacó;Governança;0,0;0,15519807333141483;0,009256481174413592;1,5816980485738432;0,09812117646054569;0,009627765270001545;cenario_2_concentrado_societario;7;cenario_2_concentrado_societario_7_analistas
2027-01-28 09:00:00;Jacó;Propriedade intelectual;0,0;0,15519807333141483;0,009256481174413592;1,1780390993264833;0,1317427184039526;0,017356143852463153;cenario_2_concentrado_societario;7;cenario_2_concentrado_societario_7_analistas
2027-01-28 09:00:00;Jacó;Regulatório;0,0;0,15519807333141483;0,009256481174413592;1,782360066721888;0,08707447851255708;0,007581964808233764;cenario_2_concentrado_societario;7;cenario_2_concentrado_societario_7_analistas
2027-01-28 09:00:00;Jacó;Societário;91,3;0,9914342420300852;0,000599562434678282;6,932298028851557;0,14301667901521709;0,020453770476541636;cenario_2_concentrado_societario;7;cenario_2_concentrado_societario_7_analistas
2027-01-28 09:00:00;Jacó;Trabalhista;0,0;0,15519807333141483;0,009256481174413592;1,226779942064506;0,1265084861676474;0,016004397072429833;cenario_2_concentrado_societario;7;cenario_2_concentrado_societario_7_analistas
2027-01-28 09:00:00;Jacó;Tributário;0,0;0,15519807333141483;0,009256481174413592;1,1512366790857969;0,13480987545902243;0,018173702521277136;cenario_2_concentrado_societario;7;cenario_2_concentrado_societario_7_analistas
2027-01-28 09:00:00;Eva;Concorrencial;0,0;0,15519807333141483;0,009256481174413592;1,8894876506477214;0,0821376489432003;0,006746593373916414;cenario_2_concentrado_societario;7;cenario_2_concentrado_societario_7_analistas
2027-01-28 09:00:00;Eva;Contencioso;0,0;0,15519807333141483;0,009256481174413592;1,4909119466033396;0,10409606931180197;0,01083599164616748;cenario_2_concentrado_societario;7;cenario_2_concentrado_societario_7_analistas
2027-01-28 09:00:00;Eva;Contratos;0,0;0,15519807333141483;0,009256481174413592;3,5629579745535995;0,04355877179574634;0,0018973666003539067;cenario_2_concentrado_societario;7;cenario_2_concentrado_societario_7_analistas
2027-01-28 09:00:00;Eva;Direito digital;0,0;0,15519807333141483;0,009256481174413592;1,2570023017877368;0,12346681713365891;0,015244054933116369;cenario_2_concentrado_societario;7;cenario_2_concentrado_societario_7_analistas
2027-01-28 09:00:00;Eva;Direito financeiro;0,0;0,15519807333141483;0,009256481174413592;2,020024899426579;0,07682978233360918;0,005902815453429766;cenario_2_concentrado_societario;7;cenario_2_concentrado_societario_7_analistas
2027-01-28 09:00:00;Eva;Governança;0,0;0,15519807333141483;0,009256481174413592;1,5816980485738432;0,09812117646054569;0,009627765270001545;cenario_2_concentrado_societario;7;cenario_2_concentrado_societario_7_analistas
2027-01-28 09:00:00;Eva;Propriedade intelectual;8,200000000000001;0,24685065933799424;0,013125628039360857;1,1780390993264833;0,20954368957628436;0,04390855784124222;cenario_2_concentrado_societario;7;cenario_2_concentrado_societario_7_analistas
2027-01-28 09:00:00;Eva;Regulatório;0,0;0,15519807333141483;0,009256481174413592;1,782360066721888;0,08707447851255708;0,007581964808233764;cenario_2_concentrado_societario;7;cenario_2_concentrado_societario_7_analistas
2027-01-28 09:00:00;Eva;Societário;102,80000000000001;0,9961784868939997;0,0002687677855368176;6,932298028851557;0,14370104729311994;0,020649990993139494;cenario_2_concentrado_societario;7;cenario_2_concentrado_societario_7_analistas
2027-01-28 09:00:00;Eva;Trabalhista;0,0;0,15519807333141483;0,009256481174413592;1,226779942064506;0,1265084861676474;0,016004397072429833;cenario_2_concentrado_societario;7;cenario_2_concentrado_societario_7_analistas
2027-01-28 09:00:00;Eva;Tributário;0,0;0,15519807333141483;0,009256481174413592;1,1512366790857969;0,13480987545902243;0,018173702521277136;cenario_2_concentrado_societario;7;cenario_2_concentrado_societario_7_analistas
2027-01-28 09:00:00;Abraão;Concorrencial;0,0;0,15519807333141483;0,009256481174413592;1,8894876506477214;0,0821376489432003;0,006746593373916414;cenario_2_concentrado_societario;7;cenario_2_concentrado_societario_7_analistas
2027-01-28 09:00:00;Abraão;Contencioso;0,0;0,15519807333141483;0,009256481174413592;1,4909119466033396;0,10409606931180197;0,01083599164616748;cenario_2_concentrado_societario;7;cenario_2_concentrado_societario_7_analistas
2027-01-28 09:00:00;Abraão;Contratos;2,7000000000000006;0,1818624268473483;0,010504467009127006;3,5629579745535995;0,05104254053687897;0,0026053409444589328;cenario_2_concentrado_societario;7;cenario_2_concentrado_societario_7_analistas
2027-01-28 09:00:00;Abraão;Direito digital;0,0;0,15519807333141483;0,009256481174413592;1,2570023017877368;0,12346681713365891;0,015244054933116369;cenario_2_concentrado_societario;7;cenario_2_concentrado_societario_7_analistas
2027-01-28 09:00:00;Abraão;Direito financeiro;13,100000000000001;0,3165786219005196;0,015274775822759776;2,020024899426579;0,15672015824675542;0,02456120800088806;cenario_2_concentrado_societario;7;cenario_2_concentrado_societario_7_analistas
2027-01-28 09:00:00;Abraão;Governança;0,0;0,15519807333141483;0,009256481174413592;1,5816980485738432;0,09812117646054569;0,009627765270001545;cenario_2_concentrado_societario;7;cenario_2_concentrado_societario_7_analistas
2027-01-28 09:00:00;Abraão;Propriedade intelectual;0,0;0,15519807333141483;0,009256481174413592;1,1780390993264833;0,1317427184039526;0,017356143852463153;cenario_2_concentrado_societario;7;cenario_2_concentrado_societario_7_analistas
2027-01-28 09:00:00;Abraão;Regulatório;0,0;0,15519807333141483;0,009256481174413592;1,782360066721888;0,08707447851255708;0,007581964808233764;cenario_2_concentrado_societario;7;cenario_2_concentrado_societario_7_analistas
2027-01-28 09:00:00;Abraão;Societário;74,0;0,9715294123099029;0,0019527969408634402;6,932298028851557;0,14014536136018546;0,019640722310776963;cenario_2_concentrado_societario;7;cenario_2_concentrado_societario_7_analistas
2027-01-28 09:00:00;Abraão;Trabalhista;0,0;0,15519807333141483;0,009256481174413592;1,226779942064506;0,1265084861676474;0,016004397072429833;cenario_2_concentrado_societario;7;cenario_2_concentrado_societario_7_analistas
2027-01-28 09:00:00;Abraão;Tributário;0,1;0,15612597639059406;0,009301596305599447;1,1512366790857969;0,1356158809277815;0,018391667159818215;cenario_2_concentrado_societario;7;cenario_2_concentrado_societario_7_analistas
2027-01-28 09:00:00;Adão;Concorrencial;0,0;0,15519807333141483;0,009256481174413592;1,8894876506477214;0,0821376489432003;0,006746593373916414;cenario_2_concentrado_societario;7;cenario_2_concentrado_societario_7_analistas
2027-01-28 09:00:00;Adão;Contencioso;0,0;0,15519807333141483;0,009256481174413592;1,4909119466033396;0,10409606931180197;0,01083599164616748;cenario_2_concentrado_societario;7;cenario_2_concentrado_societario_7_analistas
2027-01-28 09:00:00;Adão;Contratos;61,900000000000006;0,9355798484856076;0,004255075808883812;3,5629579745535995;0,26258514839845276;0,06895096015943745;cenario_2_concentrado_societario;7;cenario_2_concentrado_societario_7_analistas
2027-01-28 09:00:00;Adão;Direito digital;0,0;0,15519807333141483;0,009256481174413592;1,2570023017877368;0,12346681713365891;0,015244054933116369;cenario_2_concentrado_societario;7;cenario_2_concentrado_societario_7_analistas
2027-01-28 09:00:00;Adão;Direito financeiro;0,0;0,15519807333141483;0,009256481174413592;2,020024899426579;0,07682978233360918;0,005902815453429766;cenario_2_concentrado_societario;7;cenario_2_concentrado_societario_7_analistas
2027-01-28 09:00:00;Adão;Governança;0,0;0,15519807333141483;0,009256481174413592;1,5816980485738432;0,09812117646054569;0,009627765270001545;cenario_2_concentrado_societario;7;cenario_2_concentrado_societario_7_analistas
2027-01-28 09:00:00;Adão;Propriedade intelectual;0,0;0,15519807333141483;0,009256481174413592;1,1780390993264833;0,1317427184039526;0,017356143852463153;cenario_2_concentrado_societario;7;cenario_2_concentrado_societario_7_analistas
2027-01-28 09:00:00;Adão;Regulatório;0,0;0,15519807333141483;0,009256481174413592;1,782360066721888;0,08707447851255708;0,007581964808233764;cenario_2_concentrado_societario;7;cenario_2_concentrado_societario_7_analistas
2027-01-28 09:00:00;Adão;Societário;141,2;0,9997450836099905;1,7992509379639793e-05;6,932298028851557;0,144215537106043;0,020798121142784468;cenario_2_concentrado_societario;7;cenario_2_concentrado_societario_7_analistas
2027-01-28 09:00:00;Adão;Trabalhista;0,0;0,15519807333141483;0,009256481174413592;1,226779942064506;0,1265084861676474;0,016004397072429833;cenario_2_concentrado_societario;7;cenario_2_concentrado_societario_7_analistas
2027-01-28 09:00:00;Adão;Tributário;0,0;0,15519807333141483;0,009256481174413592;1,1512366790857969;0,13480987545902243;0,018173702521277136;cenario_2_concentrado_societario;7;cenario_2_concentrado_societario_7_analistas
2027-01-28 09:00:00;Esaú;Concorrencial;68,4;0,9582992106592324;0,0028213054457441908;1,8894876506477214;0,5071741063407982;0,2572255741425873;cenario_2_concentrado_societario;7;cenario_2_concentrado_societario_7_analistas
2027-01-28 09:00:00;Esaú;Contencioso;0,0;0,15519807333141483;0,009256481174413592;1,4909119466033396;0,10409606931180197;0,01083599164616748;cenario_2_concentrado_societario;7;cenario_2_concentrado_societario_7_analistas
2027-01-28 09:00:00;Esaú;Contratos;111,00000000000001;0,9978544253913407;0,00015115256094901125;3,5629579745535995;0,2800634844749639;0,07843555533625833;cenario_2_concentrado_societario;7;cenario_2_concentrado_societario_7_analistas
2027-01-28 09:00:00;Esaú;Direito digital;0,0;0,15519807333141483;0,009256481174413592;1,2570023017877368;0,12346681713365891;0,015244054933116369;cenario_2_concentrado_societario;7;cenario_2_concentrado_societario_7_analistas
2027-01-28 09:00:00;Esaú;Direito financeiro;0,0;0,15519807333141483;0,009256481174413592;2,020024899426579;0,07682978233360918;0,005902815453429766;cenario_2_concentrado_societario;7;cenario_2_concentrado_societario_7_analistas
2027-01-28 09:00:00;Esaú;Governança;0,0;0,15519807333141483;0,009256481174413592;1,5816980485738432;0,09812117646054569;0,009627765270001545;cenario_2_concentrado_societario;7;cenario_2_concentrado_societario_7_analistas
2027-01-28 09:00:00;Esaú;Propriedade intelectual;0,0;0,15519807333141483;0,009256481174413592;1,1780390993264833;0,1317427184039526;0,017356143852463153;cenario_2_concentrado_societario;7;cenario_2_concentrado_societario_7_analistas
2027-01-28 09:00:00;Esaú;Regulatório;0,0;0,15519807333141483;0,009256481174413592;1,782360066721888;0,08707447851255708;0,007581964808233764;cenario_2_concentrado_societario;7;cenario_2_concentrado_societario_7_analistas
2027-01-28 09:00:00;Esaú;Societário;157,0;0,999916434814724;5,899209070785976e-06;6,932298028851557;0,14424025491304154;0,020805251137379206;cenario_2_concentrado_societario;7;cenario_2_concentrado_societario_7_analistas
2027-01-28 09:00:00;Esaú;Trabalhista;11,700000000000001;0,2955915020760169;0,014700131917938146;1,226779942064506;0,24094908299411555;0,058056460595705184;cenario_2_concentrado_societario;7;cenario_2_concentrado_societario_7_analistas
2027-01-28 09:00:00;Esaú;Tributário;0,0;0,15519807333141483;0,009256481174413592;1,1512366790857969;0,13480987545902243;0,018173702521277136;cenario_2_concentrado_societario;7;cenario_2_concentrado_societario_7_analistas
2027-01-28 09:00:00;Caim;Concorrencial;0,0;0,15519807333141483;0,009256481174413592;1,8894876506477214;0,0821376489432003;0,006746593373916414;cenario_2_concentrado_societario;7;cenario_2_concentrado_societario_7_analistas
2027-01-28 09:00:00;Caim;Contencioso;0,0;0,15519807333141483;0,009256481174413592;1,4909119466033396;0,10409606931180197;0,01083599164616748;cenario_2_concentrado_societario;7;cenario_2_concentrado_societario_7_analistas
2027-01-28 09:00:00;Caim;Contratos;80,70000000000002;0,9820670538350584;0,001243361705839153;3,5629579745535995;0,2756325112024654;0,07597328123177721;cenario_2_concentrado_societario;7;cenario_2_concentrado_societario_7_analistas
2027-01-28 09:00:00;Caim;Direito digital;13,700000000000001;0,3258138617992477;0,015507938761664813;1,2570023017877368;0,25919909719804646;0,06718417198828233;cenario_2_concentrado_societario;7;cenario_2_concentrado_societario_7_analistas
2027-01-28 09:00:00;Caim;Direito financeiro;59,900000000000006;0,9265280078098057;0,0048060144138981605;2,020024899426579;0,45867157779729234;0,2103796162790576;cenario_2_concentrado_societario;7;cenario_2_concentrado_societario_7_analistas
2027-01-28 09:00:00;Caim;Governança;32,800000000000004;0,6505096085853541;0,016050688155277933;1,5816980485738432;0,4112729412367258;0,16914543219350733;cenario_2_concentrado_societario;7;cenario_2_concentrado_societario_7_analistas
2027-01-28 09:00:00;Caim;Propriedade intelectual;0,0;0,15519807333141483;0,009256481174413592;1,1780390993264833;0,1317427184039526;0,017356143852463153;cenario_2_concentrado_societario;7;cenario_2_concentrado_societario_7_analistas
2027-01-28 09:00:00;Caim;Regulatório;48,7;0,851171626733399;0,008943501293565732;1,782360066721888;0,4775531289246575;0,22805699094573056;cenario_2_concentrado_societario;7;cenario_2_concentrado_societario_7_analistas
2027-01-28 09:00:00;Caim;Societário;153,6;0,9998937659883058;7,499324457643402e-06;6,932298028851557;0,14423698488247969;0,020804307807988674;cenario_2_concentrado_societario;7;cenario_2_concentrado_societario_7_analistas
2027-01-28 09:00:00;Caim;Trabalhista;0,0;0,15519807333141483;0,009256481174413592;1,226779942064506;0,1265084861676474;0,016004397072429833;cenario_2_concentrado_societario;7;cenario_2_concentrado_societario_7_analistas
2027-01-28 09:00:00;Caim;Tributário;0,0;0,15519807333141483;0,009256481174413592;1,1512366790857969;0,13480987545902243;0,018173702521277136;cenario_2_concentrado_societario;7;cenario_2_concentrado_societario_7_analistas
2027-01-28 09:00:00;Davi;Concorrencial;0,0;0,15519807333141483;0,009256481174413592;1,8894876506477214;0,0821376489432003;0,006746593373916414;cenario_2_concentrado_societario;7;cenario_2_concentrado_societario_7_analistas
2027-01-28 09:00:00;Davi;Contencioso;0,0;0,15519807333141483;0,009256481174413592;1,4909119466033396;0,10409606931180197;0,01083599164616748;cenario_2_concentrado_societario;7;cenario_2_concentrado_societario_7_analistas
2027-01-28 09:00:00;Davi;Contratos;0,0;0,15519807333141483;0,009256481174413592;3,5629579745535995;0,04355877179574634;0,0018973666003539067;cenario_2_concentrado_societario;7;cenario_2_concentrado_societario_7_analistas
2027-01-28 09:00:00;Davi;Direito digital;0,0;0,15519807333141483;0,009256481174413592;1,2570023017877368;0,12346681713365891;0,015244054933116369;cenario_2_concentrado_societario;7;cenario_2_concentrado_societario_7_analistas
2027-01-28 09:00:00;Davi;Direito financeiro;0,1;0,15612597639059406;0,009301596305599447;2,020024899426579;0,07728913462151545;0,005973610330542737;cenario_2_concentrado_societario;7;cenario_2_concentrado_societario_7_analistas
2027-01-28 09:00:00;Davi;Governança;0,0;0,15519807333141483;0,009256481174413592;1,5816980485738432;0,09812117646054569;0,009627765270001545;cenario_2_concentrado_societario;7;cenario_2_concentrado_societario_7_analistas
2027-01-28 09:00:00;Davi;Propriedade intelectual;0,0;0,15519807333141483;0,009256481174413592;1,1780390993264833;0,1317427184039526;0,017356143852463153;cenario_2_concentrado_societario;7;cenario_2_concentrado_societario_7_analistas
2027-01-28 09:00:00;Davi;Regulatório;0,0;0,15519807333141483;0,009256481174413592;1,782360066721888;0,08707447851255708;0,007581964808233764;cenario_2_concentrado_societario;7;cenario_2_concentrado_societario_7_analistas
2027-01-28 09:00:00;Davi;Societário;75,1;0,9736006032045489;0,001814594286286693;6,932298028851557;0,14044413542991327;0,01972455517665582;cenario_2_concentrado_societario;7;cenario_2_concentrado_societario_7_analistas
2027-01-28 09:00:00;Davi;Trabalhista;0,0;0,15519807333141483;0,009256481174413592;1,226779942064506;0,1265084861676474;0,016004397072429833;cenario_2_concentrado_societario;7;cenario_2_concentrado_societario_7_analistas
2027-01-28 09:00:00;Davi;Tributário;6,0;0,21912033603812855;0,012080126974710233;1,1512366790857969;0,19033474177710633;0,03622731392735774;cenario_2_concentrado_societario;7;cenario_2_concentrado_societario_7_analistas
2027-02-25 09:00:00;Jacó;Concorrencial;0,0;0,15519807333141483;0,009256481174413592;1,8894876506477214;0,0821376489432003;0,006746593373916414;cenario_2_concentrado_societario;7;cenario_2_concentrado_societario_7_analistas
2027-02-25 09:00:00;Jacó;Contencioso;27,400000000000002;0,5597235066148506;0,017398177054688387;1,4909119466033396;0,3754235841291882;0,14094286752040563;cenario_2_concentrado_societario;7;cenario_2_concentrado_societario_7_analistas
2027-02-25 09:00:00;Jacó;Contratos;0,0;0,15519807333141483;0,009256481174413592;3,5629579745535995;0,04355877179574634;0,0018973666003539067;cenario_2_concentrado_societario;7;cenario_2_concentrado_societario_7_analistas
2027-02-25 09:00:00;Jacó;Direito digital;0,0;0,15519807333141483;0,009256481174413592;1,258554998649963;0,12331449439865082;0,015206464528794884;cenario_2_concentrado_societario;7;cenario_2_concentrado_societario_7_analistas
2027-02-25 09:00:00;Jacó;Direito financeiro;0,0;0,15519807333141483;0,009256481174413592;2,020024899426579;0,07682978233360918;0,005902815453429766;cenario_2_concentrado_societario;7;cenario_2_concentrado_societario_7_analistas
2027-02-25 09:00:00;Jacó;Governança;0,0;0,15519807333141483;0,009256481174413592;1,5833014070044138;0,09802181229981197;0,009608275686539568;cenario_2_concentrado_societario;7;cenario_2_concentrado_societario_7_analistas
2027-02-25 09:00:00;Jacó;Propriedade intelectual;0,0;0,15519807333141483;0,009256481174413592;1,1780390993264833;0,1317427184039526;0,017356143852463153;cenario_2_concentrado_societario;7;cenario_2_concentrado_societario_7_analistas
2027-02-25 09:00:00;Jacó;Regulatório;0,0;0,15519807333141483;0,009256481174413592;1,7832522013016452;0,08703091644475833;0,0075743804172145055;cenario_2_concentrado_societario;7;cenario_2_concentrado_societario_7_analistas
2027-02-25 09:00:00;Jacó;Societário;91,3;0,9914342420300852;0,000599562434678282;6,932392355718124;0,14301473303257414;0,020453213864378452;cenario_2_concentrado_societario;7;cenario_2_concentrado_societario_7_analistas
2027-02-25 09:00:00;Jacó;Trabalhista;0,0;0,15519807333141483;0,009256481174413592;1,226779942064506;0,1265084861676474;0,016004397072429833;cenario_2_concentrado_societario;7;cenario_2_concentrado_societario_7_analistas
2027-02-25 09:00:00;Jacó;Tributário;0,0;0,15519807333141483;0,009256481174413592;1,1512366790857969;0,13480987545902243;0,018173702521277136;cenario_2_concentrado_societario;7;cenario_2_concentrado_societario_7_analistas
2027-02-25 09:00:00;Eva;Concorrencial;0,0;0,15519807333141483;0,009256481174413592;1,8894876506477214;0,0821376489432003;0,006746593373916414;cenario_2_concentrado_societario;7;cenario_2_concentrado_societario_7_analistas
2027-02-25 09:00:00;Eva;Contencioso;0,0;0,15519807333141483;0,009256481174413592;1,4909119466033396;0,10409606931180197;0,01083599164616748;cenario_2_concentrado_societario;7;cenario_2_concentrado_societario_7_analistas
2027-02-25 09:00:00;Eva;Contratos;0,0;0,15519807333141483;0,009256481174413592;3,5629579745535995;0,04355877179574634;0,0018973666003539067;cenario_2_concentrado_societario;7;cenario_2_concentrado_societario_7_analistas
2027-02-25 09:00:00;Eva;Direito digital;0,0;0,15519807333141483;0,009256481174413592;1,258554998649963;0,12331449439865082;0,015206464528794884;cenario_2_concentrado_societario;7;cenario_2_concentrado_societario_7_analistas
2027-02-25 09:00:00;Eva;Direito financeiro;0,0;0,15519807333141483;0,009256481174413592;2,020024899426579;0,07682978233360918;0,005902815453429766;cenario_2_concentrado_societario;7;cenario_2_concentrado_societario_7_analistas
2027-02-25 09:00:00;Eva;Governança;0,0;0,15519807333141483;0,009256481174413592;1,5833014070044138;0,09802181229981197;0,009608275686539568;cenario_2_concentrado_societario;7;cenario_2_concentrado_societario_7_analistas
2027-02-25 09:00:00;Eva;Propriedade intelectual;8,200000000000001;0,24685065933799424;0,013125628039360857;1,1780390993264833;0,20954368957628436;0,04390855784124222;cenario_2_concentrado_societario;7;cenario_2_concentrado_societario_7_analistas
2027-02-25 09:00:00;Eva;Regulatório;0,0;0,15519807333141483;0,009256481174413592;1,7832522013016452;0,08703091644475833;0,0075743804172145055;cenario_2_concentrado_societario;7;cenario_2_concentrado_societario_7_analistas
2027-02-25 09:00:00;Eva;Societário;102,80000000000001;0,9961784868939997;0,0002687677855368176;6,932392355718124;0,14369909199849462;0,02064942904119182;cenario_2_concentrado_societario;7;cenario_2_concentrado_societario_7_analistas
2027-02-25 09:00:00;Eva;Trabalhista;0,0;0,15519807333141483;0,009256481174413592;1,226779942064506;0,1265084861676474;0,016004397072429833;cenario_2_concentrado_societario;7;cenario_2_concentrado_societario_7_analistas
2027-02-25 09:00:00;Eva;Tributário;0,0;0,15519807333141483;0,009256481174413592;1,1512366790857969;0,13480987545902243;0,018173702521277136;cenario_2_concentrado_societario;7;cenario_2_concentrado_societario_7_analistas
2027-02-25 09:00:00;Abraão;Concorrencial;0,0;0,15519807333141483;0,009256481174413592;1,8894876506477214;0,0821376489432003;0,006746593373916414;cenario_2_concentrado_societario;7;cenario_2_concentrado_societario_7_analistas
2027-02-25 09:00:00;Abraão;Contencioso;0,0;0,15519807333141483;0,009256481174413592;1,4909119466033396;0,10409606931180197;0,01083599164616748;cenario_2_concentrado_societario;7;cenario_2_concentrado_societario_7_analistas
2027-02-25 09:00:00;Abraão;Contratos;2,7000000000000006;0,1818624268473483;0,010504467009127006;3,5629579745535995;0,05104254053687897;0,0026053409444589328;cenario_2_concentrado_societario;7;cenario_2_concentrado_societario_7_analistas
2027-02-25 09:00:00;Abraão;Direito digital;0,0;0,15519807333141483;0,009256481174413592;1,258554998649963;0,12331449439865082;0,015206464528794884;cenario_2_concentrado_societario;7;cenario_2_concentrado_societario_7_analistas
2027-02-25 09:00:00;Abraão;Direito financeiro;13,100000000000001;0,3165786219005196;0,015274775822759776;2,020024899426579;0,15672015824675542;0,02456120800088806;cenario_2_concentrado_societario;7;cenario_2_concentrado_societario_7_analistas
2027-02-25 09:00:00;Abraão;Governança;0,0;0,15519807333141483;0,009256481174413592;1,5833014070044138;0,09802181229981197;0,009608275686539568;cenario_2_concentrado_societario;7;cenario_2_concentrado_societario_7_analistas
2027-02-25 09:00:00;Abraão;Propriedade intelectual;0,0;0,15519807333141483;0,009256481174413592;1,1780390993264833;0,1317427184039526;0,017356143852463153;cenario_2_concentrado_societario;7;cenario_2_concentrado_societario_7_analistas
2027-02-25 09:00:00;Abraão;Regulatório;0,0;0,15519807333141483;0,009256481174413592;1,7832522013016452;0,08703091644475833;0,0075743804172145055;cenario_2_concentrado_societario;7;cenario_2_concentrado_societario_7_analistas
2027-02-25 09:00:00;Abraão;Societário;74,0;0,9715294123099029;0,0019527969408634402;6,932392355718124;0,1401434544466522;0,019640187824240877;cenario_2_concentrado_societario;7;cenario_2_concentrado_societario_7_analistas
2027-02-25 09:00:00;Abraão;Trabalhista;0,0;0,15519807333141483;0,009256481174413592;1,226779942064506;0,1265084861676474;0,016004397072429833;cenario_2_concentrado_societario;7;cenario_2_concentrado_societario_7_analistas
2027-02-25 09:00:00;Abraão;Tributário;0,1;0,15612597639059406;0,009301596305599447;1,1512366790857969;0,1356158809277815;0,018391667159818215;cenario_2_concentrado_societario;7;cenario_2_concentrado_societario_7_analistas
2027-02-25 09:00:00;Adão;Concorrencial;0,0;0,15519807333141483;0,009256481174413592;1,8894876506477214;0,0821376489432003;0,006746593373916414;cenario_2_concentrado_societario;7;cenario_2_concentrado_societario_7_analistas
2027-02-25 09:00:00;Adão;Contencioso;0,0;0,15519807333141483;0,009256481174413592;1,4909119466033396;0,10409606931180197;0,01083599164616748;cenario_2_concentrado_societario;7;cenario_2_concentrado_societario_7_analistas
2027-02-25 09:00:00;Adão;Contratos;61,900000000000006;0,9355798484856076;0,004255075808883812;3,5629579745535995;0,26258514839845276;0,06895096015943745;cenario_2_concentrado_societario;7;cenario_2_concentrado_societario_7_analistas
2027-02-25 09:00:00;Adão;Direito digital;0,0;0,15519807333141483;0,009256481174413592;1,258554998649963;0,12331449439865082;0,015206464528794884;cenario_2_concentrado_societario;7;cenario_2_concentrado_societario_7_analistas
2027-02-25 09:00:00;Adão;Direito financeiro;0,0;0,15519807333141483;0,009256481174413592;2,020024899426579;0,07682978233360918;0,005902815453429766;cenario_2_concentrado_societario;7;cenario_2_concentrado_societario_7_analistas
2027-02-25 09:00:00;Adão;Governança;0,0;0,15519807333141483;0,009256481174413592;1,5833014070044138;0,09802181229981197;0,009608275686539568;cenario_2_concentrado_societario;7;cenario_2_concentrado_societario_7_analistas
2027-02-25 09:00:00;Adão;Propriedade intelectual;0,0;0,15519807333141483;0,009256481174413592;1,1780390993264833;0,1317427184039526;0,017356143852463153;cenario_2_concentrado_societario;7;cenario_2_concentrado_societario_7_analistas
2027-02-25 09:00:00;Adão;Regulatório;0,0;0,15519807333141483;0,009256481174413592;1,7832522013016452;0,08703091644475833;0,0075743804172145055;cenario_2_concentrado_societario;7;cenario_2_concentrado_societario_7_analistas
2027-02-25 09:00:00;Adão;Societário;141,2;0,9997450836099905;1,7992509379639793e-05;6,932392355718124;0,14421357481091782;0,02079755515974419;cenario_2_concentrado_societario;7;cenario_2_concentrado_societario_7_analistas
2027-02-25 09:00:00;Adão;Trabalhista;0,0;0,15519807333141483;0,009256481174413592;1,226779942064506;0,1265084861676474;0,016004397072429833;cenario_2_concentrado_societario;7;cenario_2_concentrado_societario_7_analistas
2027-02-25 09:00:00;Adão;Tributário;0,0;0,15519807333141483;0,009256481174413592;1,1512366790857969;0,13480987545902243;0,018173702521277136;cenario_2_concentrado_societario;7;cenario_2_concentrado_societario_7_analistas
2027-02-25 09:00:00;Esaú;Concorrencial;68,4;0,9582992106592324;0,0028213054457441908;1,8894876506477214;0,5071741063407982;0,2572255741425873;cenario_2_concentrado_societario;7;cenario_2_concentrado_societario_7_analistas
2027-02-25 09:00:00;Esaú;Contencioso;0,0;0,15519807333141483;0,009256481174413592;1,4909119466033396;0,10409606931180197;0,01083599164616748;cenario_2_concentrado_societario;7;cenario_2_concentrado_societario_7_analistas
2027-02-25 09:00:00;Esaú;Contratos;111,00000000000001;0,9978544253913407;0,00015115256094901125;3,5629579745535995;0,2800634844749639;0,07843555533625833;cenario_2_concentrado_societario;7;cenario_2_concentrado_societario_7_analistas
2027-02-25 09:00:00;Esaú;Direito digital;0,0;0,15519807333141483;0,009256481174413592;1,258554998649963;0,12331449439865082;0,015206464528794884;cenario_2_concentrado_societario;7;cenario_2_concentrado_societario_7_analistas
2027-02-25 09:00:00;Esaú;Direito financeiro;0,0;0,15519807333141483;0,009256481174413592;2,020024899426579;0,07682978233360918;0,005902815453429766;cenario_2_concentrado_societario;7;cenario_2_concentrado_societario_7_analistas
2027-02-25 09:00:00;Esaú;Governança;0,0;0,15519807333141483;0,009256481174413592;1,5833014070044138;0,09802181229981197;0,009608275686539568;cenario_2_concentrado_societario;7;cenario_2_concentrado_societario_7_analistas
2027-02-25 09:00:00;Esaú;Propriedade intelectual;0,0;0,15519807333141483;0,009256481174413592;1,1780390993264833;0,1317427184039526;0,017356143852463153;cenario_2_concentrado_societario;7;cenario_2_concentrado_societario_7_analistas
2027-02-25 09:00:00;Esaú;Regulatório;0,0;0,15519807333141483;0,009256481174413592;1,7832522013016452;0,08703091644475833;0,0075743804172145055;cenario_2_concentrado_societario;7;cenario_2_concentrado_societario_7_analistas
2027-02-25 09:00:00;Esaú;Societário;157,0;0,999916434814724;5,899209070785976e-06;6,932392355718124;0,144238292281589;0,020804684960309093;cenario_2_concentrado_societario;7;cenario_2_concentrado_societario_7_analistas
2027-02-25 09:00:00;Esaú;Trabalhista;11,700000000000001;0,2955915020760169;0,014700131917938146;1,226779942064506;0,24094908299411555;0,058056460595705184;cenario_2_concentrado_societario;7;cenario_2_concentrado_societario_7_analistas
2027-02-25 09:00:00;Esaú;Tributário;0,0;0,15519807333141483;0,009256481174413592;1,1512366790857969;0,13480987545902243;0,018173702521277136;cenario_2_concentrado_societario;7;cenario_2_concentrado_societario_7_analistas
2027-02-25 09:00:00;Caim;Concorrencial;0,0;0,15519807333141483;0,009256481174413592;1,8894876506477214;0,0821376489432003;0,006746593373916414;cenario_2_concentrado_societario;7;cenario_2_concentrado_societario_7_analistas
2027-02-25 09:00:00;Caim;Contencioso;0,0;0,15519807333141483;0,009256481174413592;1,4909119466033396;0,10409606931180197;0,01083599164616748;cenario_2_concentrado_societario;7;cenario_2_concentrado_societario_7_analistas
2027-02-25 09:00:00;Caim;Contratos;80,70000000000002;0,9820670538350584;0,001243361705839153;3,5629579745535995;0,2756325112024654;0,07597328123177721;cenario_2_concentrado_societario;7;cenario_2_concentrado_societario_7_analistas
2027-02-25 09:00:00;Caim;Direito digital;13,8;0,32736655866147396;0,015545957262172207;1,258554998649963;0,2601130336080952;0,06765879025280605;cenario_2_concentrado_societario;7;cenario_2_concentrado_societario_7_analistas
2027-02-25 09:00:00;Caim;Direito financeiro;59,900000000000006;0,9265280078098057;0,0048060144138981605;2,020024899426579;0,45867157779729234;0,2103796162790576;cenario_2_concentrado_societario;7;cenario_2_concentrado_societario_7_analistas
2027-02-25 09:00:00;Caim;Governança;32,900000000000006;0,6521129670159248;0,016016432155752217;1,5833014070044138;0,41186912620112826;0,16963617711768092;cenario_2_concentrado_societario;7;cenario_2_concentrado_societario_7_analistas
2027-02-25 09:00:00;Caim;Propriedade intelectual;0,0;0,15519807333141483;0,009256481174413592;1,1780390993264833;0,1317427184039526;0,017356143852463153;cenario_2_concentrado_societario;7;cenario_2_concentrado_societario_7_analistas
2027-02-25 09:00:00;Caim;Regulatório;48,800000000000004;0,8520637613131562;0,008899208222684328;1,7832522013016452;0,47781450133145004;0,22830669768262227;cenario_2_concentrado_societario;7;cenario_2_concentrado_societario_7_analistas
2027-02-25 09:00:00;Caim;Societário;184,6;0,9999880928548733;8,40634436267211e-07;6,932392355718124;0,14424862897871638;0,020807666962239374;cenario_2_concentrado_societario;7;cenario_2_concentrado_societario_7_analistas
2027-02-25 09:00:00;Caim;Trabalhista;0,0;0,15519807333141483;0,009256481174413592;1,226779942064506;0,1265084861676474;0,016004397072429833;cenario_2_concentrado_societario;7;cenario_2_concentrado_societario_7_analistas
2027-02-25 09:00:00;Caim;Tributário;0,0;0,15519807333141483;0,009256481174413592;1,1512366790857969;0,13480987545902243;0,018173702521277136;cenario_2_concentrado_societario;7;cenario_2_concentrado_societario_7_analistas
2027-02-25 09:00:00;Davi;Concorrencial;0,0;0,15519807333141483;0,009256481174413592;1,8894876506477214;0,0821376489432003;0,006746593373916414;cenario_2_concentrado_societario;7;cenario_2_concentrado_societario_7_analistas
2027-02-25 09:00:00;Davi;Contencioso;0,0;0,15519807333141483;0,009256481174413592;1,4909119466033396;0,10409606931180197;0,01083599164616748;cenario_2_concentrado_societario;7;cenario_2_concentrado_societario_7_analistas
2027-02-25 09:00:00;Davi;Contratos;0,0;0,15519807333141483;0,009256481174413592;3,5629579745535995;0,04355877179574634;0,0018973666003539067;cenario_2_concentrado_societario;7;cenario_2_concentrado_societario_7_analistas
2027-02-25 09:00:00;Davi;Direito digital;0,0;0,15519807333141483;0,009256481174413592;1,258554998649963;0,12331449439865082;0,015206464528794884;cenario_2_concentrado_societario;7;cenario_2_concentrado_societario_7_analistas
2027-02-25 09:00:00;Davi;Direito financeiro;0,1;0,15612597639059406;0,009301596305599447;2,020024899426579;0,07728913462151545;0,005973610330542737;cenario_2_concentrado_societario;7;cenario_2_concentrado_societario_7_analistas
2027-02-25 09:00:00;Davi;Governança;0,0;0,15519807333141483;0,009256481174413592;1,5833014070044138;0,09802181229981197;0,009608275686539568;cenario_2_concentrado_societario;7;cenario_2_concentrado_societario_7_analistas
2027-02-25 09:00:00;Davi;Propriedade intelectual;0,0;0,15519807333141483;0,009256481174413592;1,1780390993264833;0,1317427184039526;0,017356143852463153;cenario_2_concentrado_societario;7;cenario_2_concentrado_societario_7_analistas
2027-02-25 09:00:00;Davi;Regulatório;0,0;0,15519807333141483;0,009256481174413592;1,7832522013016452;0,08703091644475833;0,0075743804172145055;cenario_2_concentrado_societario;7;cenario_2_concentrado_societario_7_analistas
2027-02-25 09:00:00;Davi;Societário;75,1;0,9736006032045489;0,001814594286286693;6,932392355718124;0,1404422244510559;0,01972401840876076;cenario_2_concentrado_societario;7;cenario_2_concentrado_societario_7_analistas
2027-02-25 09:00:00;Davi;Trabalhista;0,0;0,15519807333141483;0,009256481174413592;1,226779942064506;0,1265084861676474;0,016004397072429833;cenario_2_concentrado_societario;7;cenario_2_concentrado_societario_7_analistas
2027-02-25 09:00:00;Davi;Tributário;6,0;0,21912033603812855;0,012080126974710233;1,1512366790857969;0,19033474177710633;0,03622731392735774;cenario_2_concentrado_societario;7;cenario_2_concentrado_societario_7_analistas
2027-03-25 09:00:00;Jacó;Concorrencial;0,0;0,15519807333141483;0,009256481174413592;1,8894876506477214;0,0821376489432003;0,006746593373916414;cenario_2_concentrado_societario;7;cenario_2_concentrado_societario_7_analistas
2027-03-25 09:00:00;Jacó;Contencioso;27,400000000000002;0,5597235066148506;0,017398177054688387;1,4909119466033396;0,3754235841291882;0,14094286752040563;cenario_2_concentrado_societario;7;cenario_2_concentrado_societario_7_analistas
2027-03-25 09:00:00;Jacó;Contratos;0,0;0,15519807333141483;0,009256481174413592;3,5629579745535995;0,04355877179574634;0,0018973666003539067;cenario_2_concentrado_societario;7;cenario_2_concentrado_societario_7_analistas
2027-03-25 09:00:00;Jacó;Direito digital;0,0;0,15519807333141483;0,009256481174413592;1,258554998649963;0,12331449439865082;0,015206464528794884;cenario_2_concentrado_societario;7;cenario_2_concentrado_societario_7_analistas
2027-03-25 09:00:00;Jacó;Direito financeiro;0,0;0,15519807333141483;0,009256481174413592;2,020024899426579;0,07682978233360918;0,005902815453429766;cenario_2_concentrado_societario;7;cenario_2_concentrado_societario_7_analistas
2027-03-25 09:00:00;Jacó;Governança;0,0;0,15519807333141483;0,009256481174413592;1,5849013253940876;0,09792286172315784;0,00958888684805269;cenario_2_concentrado_societario;7;cenario_2_concentrado_societario_7_analistas
2027-03-25 09:00:00;Jacó;Propriedade intelectual;0,0;0,15519807333141483;0,009256481174413592;1,1780390993264833;0,1317427184039526;0,017356143852463153;cenario_2_concentrado_societario;7;cenario_2_concentrado_societario_7_analistas
2027-03-25 09:00:00;Jacó;Regulatório;0,0;0,15519807333141483;0,009256481174413592;1,7944514373057319;0,08648775336290852;0,007480131481763294;cenario_2_concentrado_societario;7;cenario_2_concentrado_societario_7_analistas
2027-03-25 09:00:00;Jacó;Societário;91,3;0,9914342420300852;0,000599562434678282;6,932402860765995;0,14301451631455486;0,02045315187668608;cenario_2_concentrado_societario;7;cenario_2_concentrado_societario_7_analistas
2027-03-25 09:00:00;Jacó;Trabalhista;0,0;0,15519807333141483;0,009256481174413592;1,226779942064506;0,1265084861676474;0,016004397072429833;cenario_2_concentrado_societario;7;cenario_2_concentrado_societario_7_analistas
2027-03-25 09:00:00;Jacó;Tributário;0,0;0,15519807333141483;0,009256481174413592;1,1512366790857969;0,13480987545902243;0,018173702521277136;cenario_2_concentrado_societario;7;cenario_2_concentrado_societario_7_analistas
2027-03-25 09:00:00;Eva;Concorrencial;0,0;0,15519807333141483;0,009256481174413592;1,8894876506477214;0,0821376489432003;0,006746593373916414;cenario_2_concentrado_societario;7;cenario_2_concentrado_societario_7_analistas
2027-03-25 09:00:00;Eva;Contencioso;0,0;0,15519807333141483;0,009256481174413592;1,4909119466033396;0,10409606931180197;0,01083599164616748;cenario_2_concentrado_societario;7;cenario_2_concentrado_societario_7_analistas
2027-03-25 09:00:00;Eva;Contratos;0,0;0,15519807333141483;0,009256481174413592;3,5629579745535995;0,04355877179574634;0,0018973666003539067;cenario_2_concentrado_societario;7;cenario_2_concentrado_societario_7_analistas
2027-03-25 09:00:00;Eva;Direito digital;0,0;0,15519807333141483;0,009256481174413592;1,258554998649963;0,12331449439865082;0,015206464528794884;cenario_2_concentrado_societario;7;cenario_2_concentrado_societario_7_analistas
2027-03-25 09:00:00;Eva;Direito financeiro;0,0;0,15519807333141483;0,009256481174413592;2,020024899426579;0,07682978233360918;0,005902815453429766;cenario_2_concentrado_societario;7;cenario_2_concentrado_societario_7_analistas
2027-03-25 09:00:00;Eva;Governança;0,0;0,15519807333141483;0,009256481174413592;1,5849013253940876;0,09792286172315784;0,00958888684805269;cenario_2_concentrado_societario;7;cenario_2_concentrado_societario_7_analistas
2027-03-25 09:00:00;Eva;Propriedade intelectual;8,200000000000001;0,24685065933799424;0,013125628039360857;1,1780390993264833;0,20954368957628436;0,04390855784124222;cenario_2_concentrado_societario;7;cenario_2_concentrado_societario_7_analistas
2027-03-25 09:00:00;Eva;Regulatório;0,0;0,15519807333141483;0,009256481174413592;1,7944514373057319;0,08648775336290852;0,007480131481763294;cenario_2_concentrado_societario;7;cenario_2_concentrado_societario_7_analistas
2027-03-25 09:00:00;Eva;Societário;102,80000000000001;0,9961784868939997;0,0002687677855368176;6,932402860765995;0,14369887424342892;0,0206493664588288;cenario_2_concentrado_societario;7;cenario_2_concentrado_societario_7_analistas
2027-03-25 09:00:00;Eva;Trabalhista;0,0;0,15519807333141483;0,009256481174413592;1,226779942064506;0,1265084861676474;0,016004397072429833;cenario_2_concentrado_societario;7;cenario_2_concentrado_societario_7_analistas
2027-03-25 09:00:00;Eva;Tributário;0,0;0,15519807333141483;0,009256481174413592;1,1512366790857969;0,13480987545902243;0,018173702521277136;cenario_2_concentrado_societario;7;cenario_2_concentrado_societario_7_analistas
2027-03-25 09:00:00;Abraão;Concorrencial;0,0;0,15519807333141483;0,009256481174413592;1,8894876506477214;0,0821376489432003;0,006746593373916414;cenario_2_concentrado_societario;7;cenario_2_concentrado_societario_7_analistas
2027-03-25 09:00:00;Abraão;Contencioso;0,0;0,15519807333141483;0,009256481174413592;1,4909119466033396;0,10409606931180197;0,01083599164616748;cenario_2_concentrado_societario;7;cenario_2_concentrado_societario_7_analistas
2027-03-25 09:00:00;Abraão;Contratos;2,7000000000000006;0,1818624268473483;0,010504467009127006;3,5629579745535995;0,05104254053687897;0,0026053409444589328;cenario_2_concentrado_societario;7;cenario_2_concentrado_societario_7_analistas
2027-03-25 09:00:00;Abraão;Direito digital;0,0;0,15519807333141483;0,009256481174413592;1,258554998649963;0,12331449439865082;0,015206464528794884;cenario_2_concentrado_societario;7;cenario_2_concentrado_societario_7_analistas
2027-03-25 09:00:00;Abraão;Direito financeiro;13,100000000000001;0,3165786219005196;0,015274775822759776;2,020024899426579;0,15672015824675542;0,02456120800088806;cenario_2_concentrado_societario;7;cenario_2_concentrado_societario_7_analistas
2027-03-25 09:00:00;Abraão;Governança;0,0;0,15519807333141483;0,009256481174413592;1,5849013253940876;0,09792286172315784;0,00958888684805269;cenario_2_concentrado_societario;7;cenario_2_concentrado_societario_7_analistas
2027-03-25 09:00:00;Abraão;Propriedade intelectual;0,0;0,15519807333141483;0,009256481174413592;1,1780390993264833;0,1317427184039526;0,017356143852463153;cenario_2_concentrado_societario;7;cenario_2_concentrado_societario_7_analistas
2027-03-25 09:00:00;Abraão;Regulatório;0,0;0,15519807333141483;0,009256481174413592;1,7944514373057319;0,08648775336290852;0,007480131481763294;cenario_2_concentrado_societario;7;cenario_2_concentrado_societario_7_analistas
2027-03-25 09:00:00;Abraão;Societário;74,0;0,9715294123099029;0,0019527969408634402;6,932402860765995;0,14014324207963785;0,019640128300591978;cenario_2_concentrado_societario;7;cenario_2_concentrado_societario_7_analistas
2027-03-25 09:00:00;Abraão;Trabalhista;0,0;0,15519807333141483;0,009256481174413592;1,226779942064506;0,1265084861676474;0,016004397072429833;cenario_2_concentrado_societario;7;cenario_2_concentrado_societario_7_analistas
2027-03-25 09:00:00;Abraão;Tributário;0,1;0,15612597639059406;0,009301596305599447;1,1512366790857969;0,1356158809277815;0,018391667159818215;cenario_2_concentrado_societario;7;cenario_2_concentrado_societario_7_analistas
2027-03-25 09:00:00;Adão;Concorrencial;0,0;0,15519807333141483;0,009256481174413592;1,8894876506477214;0,0821376489432003;0,006746593373916414;cenario_2_concentrado_societario;7;cenario_2_concentrado_societario_7_analistas
2027-03-25 09:00:00;Adão;Contencioso;0,0;0,15519807333141483;0,009256481174413592;1,4909119466033396;0,10409606931180197;0,01083599164616748;cenario_2_concentrado_societario;7;cenario_2_concentrado_societario_7_analistas
2027-03-25 09:00:00;Adão;Contratos;61,900000000000006;0,9355798484856076;0,004255075808883812;3,5629579745535995;0,26258514839845276;0,06895096015943745;cenario_2_concentrado_societario;7;cenario_2_concentrado_societario_7_analistas
2027-03-25 09:00:00;Adão;Direito digital;0,0;0,15519807333141483;0,009256481174413592;1,258554998649963;0,12331449439865082;0,015206464528794884;cenario_2_concentrado_societario;7;cenario_2_concentrado_societario_7_analistas
2027-03-25 09:00:00;Adão;Direito financeiro;0,0;0,15519807333141483;0,009256481174413592;2,020024899426579;0,07682978233360918;0,005902815453429766;cenario_2_concentrado_societario;7;cenario_2_concentrado_societario_7_analistas
2027-03-25 09:00:00;Adão;Governança;0,0;0,15519807333141483;0,009256481174413592;1,5849013253940876;0,09792286172315784;0,00958888684805269;cenario_2_concentrado_societario;7;cenario_2_concentrado_societario_7_analistas
2027-03-25 09:00:00;Adão;Propriedade intelectual;0,0;0,15519807333141483;0,009256481174413592;1,1780390993264833;0,1317427184039526;0,017356143852463153;cenario_2_concentrado_societario;7;cenario_2_concentrado_societario_7_analistas
2027-03-25 09:00:00;Adão;Regulatório;0,0;0,15519807333141483;0,009256481174413592;1,7944514373057319;0,08648775336290852;0,007480131481763294;cenario_2_concentrado_societario;7;cenario_2_concentrado_societario_7_analistas
2027-03-25 09:00:00;Adão;Societário;141,2;0,9997450836099905;1,7992509379639793e-05;6,932402860765995;0,14421335627622825;0,02079749212845434;cenario_2_concentrado_societario;7;cenario_2_concentrado_societario_7_analistas
2027-03-25 09:00:00;Adão;Trabalhista;0,0;0,15519807333141483;0,009256481174413592;1,226779942064506;0,1265084861676474;0,016004397072429833;cenario_2_concentrado_societario;7;cenario_2_concentrado_societario_7_analistas
2027-03-25 09:00:00;Adão;Tributário;0,0;0,15519807333141483;0,009256481174413592;1,1512366790857969;0,13480987545902243;0,018173702521277136;cenario_2_concentrado_societario;7;cenario_2_concentrado_societario_7_analistas
2027-03-25 09:00:00;Esaú;Concorrencial;68,4;0,9582992106592324;0,0028213054457441908;1,8894876506477214;0,5071741063407982;0,2572255741425873;cenario_2_concentrado_societario;7;cenario_2_concentrado_societario_7_analistas
2027-03-25 09:00:00;Esaú;Contencioso;0,0;0,15519807333141483;0,009256481174413592;1,4909119466033396;0,10409606931180197;0,01083599164616748;cenario_2_concentrado_societario;7;cenario_2_concentrado_societario_7_analistas
2027-03-25 09:00:00;Esaú;Contratos;111,00000000000001;0,9978544253913407;0,00015115256094901125;3,5629579745535995;0,2800634844749639;0,07843555533625833;cenario_2_concentrado_societario;7;cenario_2_concentrado_societario_7_analistas
2027-03-25 09:00:00;Esaú;Direito digital;0,0;0,15519807333141483;0,009256481174413592;1,258554998649963;0,12331449439865082;0,015206464528794884;cenario_2_concentrado_societario;7;cenario_2_concentrado_societario_7_analistas
2027-03-25 09:00:00;Esaú;Direito financeiro;0,0;0,15519807333141483;0,009256481174413592;2,020024899426579;0,07682978233360918;0,005902815453429766;cenario_2_concentrado_societario;7;cenario_2_concentrado_societario_7_analistas
2027-03-25 09:00:00;Esaú;Governança;0,0;0,15519807333141483;0,009256481174413592;1,5849013253940876;0,09792286172315784;0,00958888684805269;cenario_2_concentrado_societario;7;cenario_2_concentrado_societario_7_analistas
2027-03-25 09:00:00;Esaú;Propriedade intelectual;0,0;0,15519807333141483;0,009256481174413592;1,1780390993264833;0,1317427184039526;0,017356143852463153;cenario_2_concentrado_societario;7;cenario_2_concentrado_societario_7_analistas
2027-03-25 09:00:00;Esaú;Regulatório;0,0;0,15519807333141483;0,009256481174413592;1,7944514373057319;0,08648775336290852;0,007480131481763294;cenario_2_concentrado_societario;7;cenario_2_concentrado_societario_7_analistas
2027-03-25 09:00:00;Esaú;Societário;157,0;0,999916434814724;5,899209070785976e-06;6,932402860765995;0,14423807370944372;0,02080462190741092;cenario_2_concentrado_societario;7;cenario_2_concentrado_societario_7_analistas
2027-03-25 09:00:00;Esaú;Trabalhista;11,700000000000001;0,2955915020760169;0,014700131917938146;1,226779942064506;0,24094908299411555;0,058056460595705184;cenario_2_concentrado_societario;7;cenario_2_concentrado_societario_7_analistas
2027-03-25 09:00:00;Esaú;Tributário;0,0;0,15519807333141483;0,009256481174413592;1,1512366790857969;0,13480987545902243;0,018173702521277136;cenario_2_concentrado_societario;7;cenario_2_concentrado_societario_7_analistas
2027-03-25 09:00:00;Caim;Concorrencial;0,0;0,15519807333141483;0,009256481174413592;1,8894876506477214;0,0821376489432003;0,006746593373916414;cenario_2_concentrado_societario;7;cenario_2_concentrado_societario_7_analistas
2027-03-25 09:00:00;Caim;Contencioso;0,0;0,15519807333141483;0,009256481174413592;1,4909119466033396;0,10409606931180197;0,01083599164616748;cenario_2_concentrado_societario;7;cenario_2_concentrado_societario_7_analistas
2027-03-25 09:00:00;Caim;Contratos;80,70000000000002;0,9820670538350584;0,001243361705839153;3,5629579745535995;0,2756325112024654;0,07597328123177721;cenario_2_concentrado_societario;7;cenario_2_concentrado_societario_7_analistas
2027-03-25 09:00:00;Caim;Direito digital;13,8;0,32736655866147396;0,015545957262172207;1,258554998649963;0,2601130336080952;0,06765879025280605;cenario_2_concentrado_societario;7;cenario_2_concentrado_societario_7_analistas
2027-03-25 09:00:00;Caim;Direito financeiro;59,900000000000006;0,9265280078098057;0,0048060144138981605;2,020024899426579;0,45867157779729234;0,2103796162790576;cenario_2_concentrado_societario;7;cenario_2_concentrado_societario_7_analistas
2027-03-25 09:00:00;Caim;Governança;33,00000000000001;0,6537128854055986;0,015981887829536145;1,5849013253940876;0,41246282966105297;0,1701255858520028;cenario_2_concentrado_societario;7;cenario_2_concentrado_societario_7_analistas
2027-03-25 09:00:00;Caim;Propriedade intelectual;0,0;0,15519807333141483;0,009256481174413592;1,1780390993264833;0,1317427184039526;0,017356143852463153;cenario_2_concentrado_societario;7;cenario_2_concentrado_societario_7_analistas
2027-03-25 09:00:00;Caim;Regulatório;50,10000000000001;0,8632629973172429;0,008333623631474552;1,7944514373057319;0,4810734798225489;0,23143169298857635;cenario_2_concentrado_societario;7;cenario_2_concentrado_societario_7_analistas
2027-03-25 09:00:00;Caim;Societário;214,9;0,9999985979027438;9,898792749589089e-08;6,932402860765995;0,1442499257454073;0,020808041077555517;cenario_2_concentrado_societario;7;cenario_2_concentrado_societario_7_analistas
2027-03-25 09:00:00;Caim;Trabalhista;0,0;0,15519807333141483;0,009256481174413592;1,226779942064506;0,1265084861676474;0,016004397072429833;cenario_2_concentrado_societario;7;cenario_2_concentrado_societario_7_analistas
2027-03-25 09:00:00;Caim;Tributário;0,0;0,15519807333141483;0,009256481174413592;1,1512366790857969;0,13480987545902243;0,018173702521277136;cenario_2_concentrado_societario;7;cenario_2_concentrado_societario_7_analistas
2027-03-25 09:00:00;Davi;Concorrencial;0,0;0,15519807333141483;0,009256481174413592;1,8894876506477214;0,0821376489432003;0,006746593373916414;cenario_2_concentrado_societario;7;cenario_2_concentrado_societario_7_analistas
2027-03-25 09:00:00;Davi;Contencioso;0,0;0,15519807333141483;0,009256481174413592;1,4909119466033396;0,10409606931180197;0,01083599164616748;cenario_2_concentrado_societario;7;cenario_2_concentrado_societario_7_analistas
2027-03-25 09:00:00;Davi;Contratos;0,0;0,15519807333141483;0,009256481174413592;3,5629579745535995;0,04355877179574634;0,0018973666003539067;cenario_2_concentrado_societario;7;cenario_2_concentrado_societario_7_analistas
2027-03-25 09:00:00;Davi;Direito digital;0,0;0,15519807333141483;0,009256481174413592;1,258554998649963;0,12331449439865082;0,015206464528794884;cenario_2_concentrado_societario;7;cenario_2_concentrado_societario_7_analistas
2027-03-25 09:00:00;Davi;Direito financeiro;0,1;0,15612597639059406;0,009301596305599447;2,020024899426579;0,07728913462151545;0,005973610330542737;cenario_2_concentrado_societario;7;cenario_2_concentrado_societario_7_analistas
2027-03-25 09:00:00;Davi;Governança;0,0;0,15519807333141483;0,009256481174413592;1,5849013253940876;0,09792286172315784;0,00958888684805269;cenario_2_concentrado_societario;7;cenario_2_concentrado_societario_7_analistas
2027-03-25 09:00:00;Davi;Propriedade intelectual;0,0;0,15519807333141483;0,009256481174413592;1,1780390993264833;0,1317427184039526;0,017356143852463153;cenario_2_concentrado_societario;7;cenario_2_concentrado_societario_7_analistas
2027-03-25 09:00:00;Davi;Regulatório;0,0;0,15519807333141483;0,009256481174413592;1,7944514373057319;0,08648775336290852;0,007480131481763294;cenario_2_concentrado_societario;7;cenario_2_concentrado_societario_7_analistas
2027-03-25 09:00:00;Davi;Societário;75,1;0,9736006032045489;0,001814594286286693;6,932402860765995;0,14044201163129907;0,019723958631045944;cenario_2_concentrado_societario;7;cenario_2_concentrado_societario_7_analistas
2027-03-25 09:00:00;Davi;Trabalhista;0,0;0,15519807333141483;0,009256481174413592;1,226779942064506;0,1265084861676474;0,016004397072429833;cenario_2_concentrado_societario;7;cenario_2_concentrado_societario_7_analistas
2027-03-25 09:00:00;Davi;Tributário;6,0;0,21912033603812855;0,012080126974710233;1,1512366790857969;0,19033474177710633;0,03622731392735774;cenario_2_concentrado_societario;7;cenario_2_concentrado_societario_7_analistas
2027-04-22 09:00:00;Jacó;Concorrencial;0,0;0,15519807333141483;0,009256481174413592;1,8894876506477214;0,0821376489432003;0,006746593373916414;cenario_2_concentrado_societario;7;cenario_2_concentrado_societario_7_analistas
2027-04-22 09:00:00;Jacó;Contencioso;27,400000000000002;0,5597235066148506;0,017398177054688387;1,4909119466033396;0,3754235841291882;0,14094286752040563;cenario_2_concentrado_societario;7;cenario_2_concentrado_societario_7_analistas
2027-04-22 09:00:00;Jacó;Contratos;0,0;0,15519807333141483;0,009256481174413592;3,5629579745535995;0,04355877179574634;0,0018973666003539067;cenario_2_concentrado_societario;7;cenario_2_concentrado_societario_7_analistas
2027-04-22 09:00:00;Jacó;Direito digital;0,0;0,15519807333141483;0,009256481174413592;1,260111484944305;0,1231621766690543;0,015168921761859343;cenario_2_concentrado_societario;7;cenario_2_concentrado_societario_7_analistas
2027-04-22 09:00:00;Jacó;Direito financeiro;0,0;0,15519807333141483;0,009256481174413592;2,020024899426579;0,07682978233360918;0,005902815453429766;cenario_2_concentrado_societario;7;cenario_2_concentrado_societario_7_analistas
2027-04-22 09:00:00;Jacó;Governança;0,0;0,15519807333141483;0,009256481174413592;1,5849013253940876;0,09792286172315784;0,00958888684805269;cenario_2_concentrado_societario;7;cenario_2_concentrado_societario_7_analistas
2027-04-22 09:00:00;Jacó;Propriedade intelectual;0,0;0,15519807333141483;0,009256481174413592;1,1780390993264833;0,1317427184039526;0,017356143852463153;cenario_2_concentrado_societario;7;cenario_2_concentrado_societario_7_analistas
2027-04-22 09:00:00;Jacó;Regulatório;0,0;0,15519807333141483;0,009256481174413592;1,7944514373057319;0,08648775336290852;0,007480131481763294;cenario_2_concentrado_societario;7;cenario_2_concentrado_societario_7_analistas
2027-04-22 09:00:00;Jacó;Societário;91,3;0,9914342420300852;0,000599562434678282;6,9324041716221245;0,14301448927177857;0,020453144141667667;cenario_2_concentrado_societario;7;cenario_2_concentrado_societario_7_analistas
2027-04-22 09:00:00;Jacó;Trabalhista;0,0;0,15519807333141483;0,009256481174413592;1,226779942064506;0,1265084861676474;0,016004397072429833;cenario_2_concentrado_societario;7;cenario_2_concentrado_societario_7_analistas
2027-04-22 09:00:00;Jacó;Tributário;0,0;0,15519807333141483;0,009256481174413592;1,1512366790857969;0,13480987545902243;0,018173702521277136;cenario_2_concentrado_societario;7;cenario_2_concentrado_societario_7_analistas
2027-04-22 09:00:00;Eva;Concorrencial;0,0;0,15519807333141483;0,009256481174413592;1,8894876506477214;0,0821376489432003;0,006746593373916414;cenario_2_concentrado_societario;7;cenario_2_concentrado_societario_7_analistas
2027-04-22 09:00:00;Eva;Contencioso;0,0;0,15519807333141483;0,009256481174413592;1,4909119466033396;0,10409606931180197;0,01083599164616748;cenario_2_concentrado_societario;7;cenario_2_concentrado_societario_7_analistas
2027-04-22 09:00:00;Eva;Contratos;0,0;0,15519807333141483;0,009256481174413592;3,5629579745535995;0,04355877179574634;0,0018973666003539067;cenario_2_concentrado_societario;7;cenario_2_concentrado_societario_7_analistas
2027-04-22 09:00:00;Eva;Direito digital;0,0;0,15519807333141483;0,009256481174413592;1,260111484944305;0,1231621766690543;0,015168921761859343;cenario_2_concentrado_societario;7;cenario_2_concentrado_societario_7_analistas
2027-04-22 09:00:00;Eva;Direito financeiro;0,0;0,15519807333141483;0,009256481174413592;2,020024899426579;0,07682978233360918;0,005902815453429766;cenario_2_concentrado_societario;7;cenario_2_concentrado_societario_7_analistas
2027-04-22 09:00:00;Eva;Governança;0,0;0,15519807333141483;0,009256481174413592;1,5849013253940876;0,09792286172315784;0,00958888684805269;cenario_2_concentrado_societario;7;cenario_2_concentrado_societario_7_analistas
2027-04-22 09:00:00;Eva;Propriedade intelectual;8,200000000000001;0,24685065933799424;0,013125628039360857;1,1780390993264833;0,20954368957628436;0,04390855784124222;cenario_2_concentrado_societario;7;cenario_2_concentrado_societario_7_analistas
2027-04-22 09:00:00;Eva;Regulatório;0,0;0,15519807333141483;0,009256481174413592;1,7944514373057319;0,08648775336290852;0,007480131481763294;cenario_2_concentrado_societario;7;cenario_2_concentrado_societario_7_analistas
2027-04-22 09:00:00;Eva;Societário;102,80000000000001;0,9961784868939997;0,0002687677855368176;6,9324041716221245;0,1436988470712466;0,020649358649605522;cenario_2_concentrado_societario;7;cenario_2_concentrado_societario_7_analistas
2027-04-22 09:00:00;Eva;Trabalhista;0,0;0,15519807333141483;0,009256481174413592;1,226779942064506;0,1265084861676474;0,016004397072429833;cenario_2_concentrado_societario;7;cenario_2_concentrado_societario_7_analistas
2027-04-22 09:00:00;Eva;Tributário;0,0;0,15519807333141483;0,009256481174413592;1,1512366790857969;0,13480987545902243;0,018173702521277136;cenario_2_concentrado_societario;7;cenario_2_concentrado_societario_7_analistas
2027-04-22 09:00:00;Abraão;Concorrencial;0,0;0,15519807333141483;0,009256481174413592;1,8894876506477214;0,0821376489432003;0,006746593373916414;cenario_2_concentrado_societario;7;cenario_2_concentrado_societario_7_analistas
2027-04-22 09:00:00;Abraão;Contencioso;0,0;0,15519807333141483;0,009256481174413592;1,4909119466033396;0,10409606931180197;0,01083599164616748;cenario_2_concentrado_societario;7;cenario_2_concentrado_societario_7_analistas
2027-04-22 09:00:00;Abraão;Contratos;2,7000000000000006;0,1818624268473483;0,010504467009127006;3,5629579745535995;0,05104254053687897;0,0026053409444589328;cenario_2_concentrado_societario;7;cenario_2_concentrado_societario_7_analistas
2027-04-22 09:00:00;Abraão;Direito digital;0,0;0,15519807333141483;0,009256481174413592;1,260111484944305;0,1231621766690543;0,015168921761859343;cenario_2_concentrado_societario;7;cenario_2_concentrado_societario_7_analistas
2027-04-22 09:00:00;Abraão;Direito financeiro;13,100000000000001;0,3165786219005196;0,015274775822759776;2,020024899426579;0,15672015824675542;0,02456120800088806;cenario_2_concentrado_societario;7;cenario_2_concentrado_societario_7_analistas
2027-04-22 09:00:00;Abraão;Governança;0,0;0,15519807333141483;0,009256481174413592;1,5849013253940876;0,09792286172315784;0,00958888684805269;cenario_2_concentrado_societario;7;cenario_2_concentrado_societario_7_analistas
2027-04-22 09:00:00;Abraão;Propriedade intelectual;0,0;0,15519807333141483;0,009256481174413592;1,1780390993264833;0,1317427184039526;0,017356143852463153;cenario_2_concentrado_societario;7;cenario_2_concentrado_societario_7_analistas
2027-04-22 09:00:00;Abraão;Regulatório;0,0;0,15519807333141483;0,009256481174413592;1,7944514373057319;0,08648775336290852;0,007480131481763294;cenario_2_concentrado_societario;7;cenario_2_concentrado_societario_7_analistas
2027-04-22 09:00:00;Abraão;Societário;74,0;0,9715294123099029;0,0019527969408634402;6,9324041716221245;0,14014321557979403;0,019640120873044627;cenario_2_concentrado_societario;7;cenario_2_concentrado_societario_7_analistas
2027-04-22 09:00:00;Abraão;Trabalhista;0,0;0,15519807333141483;0,009256481174413592;1,226779942064506;0,1265084861676474;0,016004397072429833;cenario_2_concentrado_societario;7;cenario_2_concentrado_societario_7_analistas
2027-04-22 09:00:00;Abraão;Tributário;0,1;0,15612597639059406;0,009301596305599447;1,1512366790857969;0,1356158809277815;0,018391667159818215;cenario_2_concentrado_societario;7;cenario_2_concentrado_societario_7_analistas
2027-04-22 09:00:00;Adão;Concorrencial;0,0;0,15519807333141483;0,009256481174413592;1,8894876506477214;0,0821376489432003;0,006746593373916414;cenario_2_concentrado_societario;7;cenario_2_concentrado_societario_7_analistas
2027-04-22 09:00:00;Adão;Contencioso;0,0;0,15519807333141483;0,009256481174413592;1,4909119466033396;0,10409606931180197;0,01083599164616748;cenario_2_concentrado_societario;7;cenario_2_concentrado_societario_7_analistas
2027-04-22 09:00:00;Adão;Contratos;61,900000000000006;0,9355798484856076;0,004255075808883812;3,5629579745535995;0,26258514839845276;0,06895096015943745;cenario_2_concentrado_societario;7;cenario_2_concentrado_societario_7_analistas
2027-04-22 09:00:00;Adão;Direito digital;0,0;0,15519807333141483;0,009256481174413592;1,260111484944305;0,1231621766690543;0,015168921761859343;cenario_2_concentrado_societario;7;cenario_2_concentrado_societario_7_analistas
2027-04-22 09:00:00;Adão;Direito financeiro;0,0;0,15519807333141483;0,009256481174413592;2,020024899426579;0,07682978233360918;0,005902815453429766;cenario_2_concentrado_societario;7;cenario_2_concentrado_societario_7_analistas
2027-04-22 09:00:00;Adão;Governança;0,0;0,15519807333141483;0,009256481174413592;1,5849013253940876;0,09792286172315784;0,00958888684805269;cenario_2_concentrado_societario;7;cenario_2_concentrado_societario_7_analistas
2027-04-22 09:00:00;Adão;Propriedade intelectual;0,0;0,15519807333141483;0,009256481174413592;1,1780390993264833;0,1317427184039526;0,017356143852463153;cenario_2_concentrado_societario;7;cenario_2_concentrado_societario_7_analistas
2027-04-22 09:00:00;Adão;Regulatório;0,0;0,15519807333141483;0,009256481174413592;1,7944514373057319;0,08648775336290852;0,007480131481763294;cenario_2_concentrado_societario;7;cenario_2_concentrado_societario_7_analistas
2027-04-22 09:00:00;Adão;Societário;141,2;0,9997450836099905;1,7992509379639793e-05;6,9324041716221245;0,14421332900676195;0,020797484263212568;cenario_2_concentrado_societario;7;cenario_2_concentrado_societario_7_analistas
2027-04-22 09:00:00;Adão;Trabalhista;0,0;0,15519807333141483;0,009256481174413592;1,226779942064506;0,1265084861676474;0,016004397072429833;cenario_2_concentrado_societario;7;cenario_2_concentrado_societario_7_analistas
2027-04-22 09:00:00;Adão;Tributário;0,0;0,15519807333141483;0,009256481174413592;1,1512366790857969;0,13480987545902243;0,018173702521277136;cenario_2_concentrado_societario;7;cenario_2_concentrado_societario_7_analistas
2027-04-22 09:00:00;Esaú;Concorrencial;68,4;0,9582992106592324;0,0028213054457441908;1,8894876506477214;0,5071741063407982;0,2572255741425873;cenario_2_concentrado_societario;7;cenario_2_concentrado_societario_7_analistas
2027-04-22 09:00:00;Esaú;Contencioso;0,0;0,15519807333141483;0,009256481174413592;1,4909119466033396;0,10409606931180197;0,01083599164616748;cenario_2_concentrado_societario;7;cenario_2_concentrado_societario_7_analistas
2027-04-22 09:00:00;Esaú;Contratos;111,00000000000001;0,9978544253913407;0,00015115256094901125;3,5629579745535995;0,2800634844749639;0,07843555533625833;cenario_2_concentrado_societario;7;cenario_2_concentrado_societario_7_analistas
2027-04-22 09:00:00;Esaú;Direito digital;0,0;0,15519807333141483;0,009256481174413592;1,260111484944305;0,1231621766690543;0,015168921761859343;cenario_2_concentrado_societario;7;cenario_2_concentrado_societario_7_analistas
2027-04-22 09:00:00;Esaú;Direito financeiro;0,0;0,15519807333141483;0,009256481174413592;2,020024899426579;0,07682978233360918;0,005902815453429766;cenario_2_concentrado_societario;7;cenario_2_concentrado_societario_7_analistas
2027-04-22 09:00:00;Esaú;Governança;0,0;0,15519807333141483;0,009256481174413592;1,5849013253940876;0,09792286172315784;0,00958888684805269;cenario_2_concentrado_societario;7;cenario_2_concentrado_societario_7_analistas
2027-04-22 09:00:00;Esaú;Propriedade intelectual;0,0;0,15519807333141483;0,009256481174413592;1,1780390993264833;0,1317427184039526;0,017356143852463153;cenario_2_concentrado_societario;7;cenario_2_concentrado_societario_7_analistas
2027-04-22 09:00:00;Esaú;Regulatório;0,0;0,15519807333141483;0,009256481174413592;1,7944514373057319;0,08648775336290852;0,007480131481763294;cenario_2_concentrado_societario;7;cenario_2_concentrado_societario_7_analistas
2027-04-22 09:00:00;Esaú;Societário;157,0;0,999916434814724;5,899209070785976e-06;6,9324041716221245;0,14423804643530355;0,020804614039472785;cenario_2_concentrado_societario;7;cenario_2_concentrado_societario_7_analistas
2027-04-22 09:00:00;Esaú;Trabalhista;11,700000000000001;0,2955915020760169;0,014700131917938146;1,226779942064506;0,24094908299411555;0,058056460595705184;cenario_2_concentrado_societario;7;cenario_2_concentrado_societario_7_analistas
2027-04-22 09:00:00;Esaú;Tributário;0,0;0,15519807333141483;0,009256481174413592;1,1512366790857969;0,13480987545902243;0,018173702521277136;cenario_2_concentrado_societario;7;cenario_2_concentrado_societario_7_analistas
2027-04-22 09:00:00;Caim;Concorrencial;0,0;0,15519807333141483;0,009256481174413592;1,8894876506477214;0,0821376489432003;0,006746593373916414;cenario_2_concentrado_societario;7;cenario_2_concentrado_societario_7_analistas
2027-04-22 09:00:00;Caim;Contencioso;0,0;0,15519807333141483;0,009256481174413592;1,4909119466033396;0,10409606931180197;0,01083599164616748;cenario_2_concentrado_societario;7;cenario_2_concentrado_societario_7_analistas
2027-04-22 09:00:00;Caim;Contratos;80,70000000000002;0,9820670538350584;0,001243361705839153;3,5629579745535995;0,2756325112024654;0,07597328123177721;cenario_2_concentrado_societario;7;cenario_2_concentrado_societario_7_analistas
2027-04-22 09:00:00;Caim;Direito digital;13,9;0,32892304495581604;0,015583726886968404;1,260111484944305;0,26102693998567433;0,06813506339828483;cenario_2_concentrado_societario;7;cenario_2_concentrado_societario_7_analistas
2027-04-22 09:00:00;Caim;Direito financeiro;59,900000000000006;0,9265280078098057;0,0048060144138981605;2,020024899426579;0,45867157779729234;0,2103796162790576;cenario_2_concentrado_societario;7;cenario_2_concentrado_societario_7_analistas
2027-04-22 09:00:00;Caim;Governança;33,00000000000001;0,6537128854055986;0,015981887829536145;1,5849013253940876;0,41246282966105297;0,1701255858520028;cenario_2_concentrado_societario;7;cenario_2_concentrado_societario_7_analistas
2027-04-22 09:00:00;Caim;Propriedade intelectual;0,0;0,15519807333141483;0,009256481174413592;1,1780390993264833;0,1317427184039526;0,017356143852463153;cenario_2_concentrado_societario;7;cenario_2_concentrado_societario_7_analistas
2027-04-22 09:00:00;Caim;Regulatório;50,10000000000001;0,8632629973172429;0,008333623631474552;1,7944514373057319;0,4810734798225489;0,23143169298857635;cenario_2_concentrado_societario;7;cenario_2_concentrado_societario_7_analistas
2027-04-22 09:00:00;Caim;Societário;253,6;0,9999999087588732;6,441622961872426e-09;6,9324041716221245;0,1442500875601547;0,020808087761112298;cenario_2_concentrado_societario;7;cenario_2_concentrado_societario_7_analistas
2027-04-22 09:00:00;Caim;Trabalhista;0,0;0,15519807333141483;0,009256481174413592;1,226779942064506;0,1265084861676474;0,016004397072429833;cenario_2_concentrado_societario;7;cenario_2_concentrado_societario_7_analistas
2027-04-22 09:00:00;Caim;Tributário;0,0;0,15519807333141483;0,009256481174413592;1,1512366790857969;0,13480987545902243;0,018173702521277136;cenario_2_concentrado_societario;7;cenario_2_concentrado_societario_7_analistas
2027-04-22 09:00:00;Davi;Concorrencial;0,0;0,15519807333141483;0,009256481174413592;1,8894876506477214;0,0821376489432003;0,006746593373916414;cenario_2_concentrado_societario;7;cenario_2_concentrado_societario_7_analistas
2027-04-22 09:00:00;Davi;Contencioso;0,0;0,15519807333141483;0,009256481174413592;1,4909119466033396;0,10409606931180197;0,01083599164616748;cenario_2_concentrado_societario;7;cenario_2_concentrado_societario_7_analistas
2027-04-22 09:00:00;Davi;Contratos;0,0;0,15519807333141483;0,009256481174413592;3,5629579745535995;0,04355877179574634;0,0018973666003539067;cenario_2_concentrado_societario;7;cenario_2_concentrado_societario_7_analistas
2027-04-22 09:00:00;Davi;Direito digital;0,0;0,15519807333141483;0,009256481174413592;1,260111484944305;0,1231621766690543;0,015168921761859343;cenario_2_concentrado_societario;7;cenario_2_concentrado_societario_7_analistas
2027-04-22 09:00:00;Davi;Direito financeiro;0,1;0,15612597639059406;0,009301596305599447;2,020024899426579;0,07728913462151545;0,005973610330542737;cenario_2_concentrado_societario;7;cenario_2_concentrado_societario_7_analistas
2027-04-22 09:00:00;Davi;Governança;0,0;0,15519807333141483;0,009256481174413592;1,5849013253940876;0,09792286172315784;0,00958888684805269;cenario_2_concentrado_societario;7;cenario_2_concentrado_societario_7_analistas
2027-04-22 09:00:00;Davi;Propriedade intelectual;0,0;0,15519807333141483;0,009256481174413592;1,1780390993264833;0,1317427184039526;0,017356143852463153;cenario_2_concentrado_societario;7;cenario_2_concentrado_societario_7_analistas
2027-04-22 09:00:00;Davi;Regulatório;0,0;0,15519807333141483;0,009256481174413592;1,7944514373057319;0,08648775336290852;0,007480131481763294;cenario_2_concentrado_societario;7;cenario_2_concentrado_societario_7_analistas
2027-04-22 09:00:00;Davi;Societário;75,1;0,9736006032045489;0,001814594286286693;6,9324041716221245;0,14044198507496058;0,019723951171795453;cenario_2_concentrado_societario;7;cenario_2_concentrado_societario_7_analistas
2027-04-22 09:00:00;Davi;Trabalhista;0,0;0,15519807333141483;0,009256481174413592;1,226779942064506;0,1265084861676474;0,016004397072429833;cenario_2_concentrado_societario;7;cenario_2_concentrado_societario_7_analistas
2027-04-22 09:00:00;Davi;Tributário;6,0;0,21912033603812855;0,012080126974710233;1,1512366790857969;0,19033474177710633;0,03622731392735774;cenario_2_concentrado_societario;7;cenario_2_concentrado_societario_7_analistas
2027-05-20 09:00:00;Jacó;Concorrencial;0,0;0,15519807333141483;0,009256481174413592;1,8894876506477214;0,0821376489432003;0,006746593373916414;cenario_2_concentrado_societario;7;cenario_2_concentrado_societario_7_analistas
2027-05-20 09:00:00;Jacó;Contencioso;27,400000000000002;0,5597235066148506;0,017398177054688387;1,4909119466033396;0,3754235841291882;0,14094286752040563;cenario_2_concentrado_societario;7;cenario_2_concentrado_societario_7_analistas
2027-05-20 09:00:00;Jacó;Contratos;0,0;0,15519807333141483;0,009256481174413592;3,5629579745535995;0,04355877179574634;0,0018973666003539067;cenario_2_concentrado_societario;7;cenario_2_concentrado_societario_7_analistas
2027-05-20 09:00:00;Jacó;Direito digital;0,0;0,15519807333141483;0,009256481174413592;1,260111484944305;0,1231621766690543;0,015168921761859343;cenario_2_concentrado_societario;7;cenario_2_concentrado_societario_7_analistas
2027-05-20 09:00:00;Jacó;Direito financeiro;0,0;0,15519807333141483;0,009256481174413592;2,020024899426579;0,07682978233360918;0,005902815453429766;cenario_2_concentrado_societario;7;cenario_2_concentrado_societario_7_analistas
2027-05-20 09:00:00;Jacó;Governança;0,0;0,15519807333141483;0,009256481174413592;1,603821881327015;0,09676764928721555;0,009363977948573549;cenario_2_concentrado_societario;7;cenario_2_concentrado_societario_7_analistas
2027-05-20 09:00:00;Jacó;Propriedade intelectual;0,0;0,15519807333141483;0,009256481174413592;1,1780390993264833;0,1317427184039526;0,017356143852463153;cenario_2_concentrado_societario;7;cenario_2_concentrado_societario_7_analistas
2027-05-20 09:00:00;Jacó;Regulatório;0,0;0,15519807333141483;0,009256481174413592;1,8278213589327066;0,08490877545168714;0,007209500148705028;cenario_2_concentrado_societario;7;cenario_2_concentrado_societario_7_analistas
2027-05-20 09:00:00;Jacó;Societário;91,3;0,9914342420300852;0,000599562434678282;6,932404241402928;0,14301448783221074;0,020453143729909553;cenario_2_concentrado_societario;7;cenario_2_concentrado_societario_7_analistas
2027-05-20 09:00:00;Jacó;Trabalhista;0,0;0,15519807333141483;0,009256481174413592;1,226779942064506;0,1265084861676474;0,016004397072429833;cenario_2_concentrado_societario;7;cenario_2_concentrado_societario_7_analistas
2027-05-20 09:00:00;Jacó;Tributário;0,0;0,15519807333141483;0,009256481174413592;1,1512366790857969;0,13480987545902243;0,018173702521277136;cenario_2_concentrado_societario;7;cenario_2_concentrado_societario_7_analistas
2027-05-20 09:00:00;Eva;Concorrencial;0,0;0,15519807333141483;0,009256481174413592;1,8894876506477214;0,0821376489432003;0,006746593373916414;cenario_2_concentrado_societario;7;cenario_2_concentrado_societario_7_analistas
2027-05-20 09:00:00;Eva;Contencioso;0,0;0,15519807333141483;0,009256481174413592;1,4909119466033396;0,10409606931180197;0,01083599164616748;cenario_2_concentrado_societario;7;cenario_2_concentrado_societario_7_analistas
2027-05-20 09:00:00;Eva;Contratos;0,0;0,15519807333141483;0,009256481174413592;3,5629579745535995;0,04355877179574634;0,0018973666003539067;cenario_2_concentrado_societario;7;cenario_2_concentrado_societario_7_analistas
2027-05-20 09:00:00;Eva;Direito digital;0,0;0,15519807333141483;0,009256481174413592;1,260111484944305;0,1231621766690543;0,015168921761859343;cenario_2_concentrado_societario;7;cenario_2_concentrado_societario_7_analistas
2027-05-20 09:00:00;Eva;Direito financeiro;0,0;0,15519807333141483;0,009256481174413592;2,020024899426579;0,07682978233360918;0,005902815453429766;cenario_2_concentrado_societario;7;cenario_2_concentrado_societario_7_analistas
2027-05-20 09:00:00;Eva;Governança;0,0;0,15519807333141483;0,009256481174413592;1,603821881327015;0,09676764928721555;0,009363977948573549;cenario_2_concentrado_societario;7;cenario_2_concentrado_societario_7_analistas
2027-05-20 09:00:00;Eva;Propriedade intelectual;8,200000000000001;0,24685065933799424;0,013125628039360857;1,1780390993264833;0,20954368957628436;0,04390855784124222;cenario_2_concentrado_societario;7;cenario_2_concentrado_societario_7_analistas
2027-05-20 09:00:00;Eva;Regulatório;0,0;0,15519807333141483;0,009256481174413592;1,8278213589327066;0,08490877545168714;0,007209500148705028;cenario_2_concentrado_societario;7;cenario_2_concentrado_societario_7_analistas
2027-05-20 09:00:00;Eva;Societário;102,80000000000001;0,9961784868939997;0,0002687677855368176;6,932404241402928;0,14369884562479013;0,020649358233897266;cenario_2_concentrado_societario;7;cenario_2_concentrado_societario_7_analistas
2027-05-20 09:00:00;Eva;Trabalhista;0,0;0,15519807333141483;0,009256481174413592;1,226779942064506;0,1265084861676474;0,016004397072429833;cenario_2_concentrado_societario;7;cenario_2_concentrado_societario_7_analistas
2027-05-20 09:00:00;Eva;Tributário;0,0;0,15519807333141483;0,009256481174413592;1,1512366790857969;0,13480987545902243;0,018173702521277136;cenario_2_concentrado_societario;7;cenario_2_concentrado_societario_7_analistas
2027-05-20 09:00:00;Abraão;Concorrencial;0,0;0,15519807333141483;0,009256481174413592;1,8894876506477214;0,0821376489432003;0,006746593373916414;cenario_2_concentrado_societario;7;cenario_2_concentrado_societario_7_analistas
2027-05-20 09:00:00;Abraão;Contencioso;0,0;0,15519807333141483;0,009256481174413592;1,4909119466033396;0,10409606931180197;0,01083599164616748;cenario_2_concentrado_societario;7;cenario_2_concentrado_societario_7_analistas
2027-05-20 09:00:00;Abraão;Contratos;2,7000000000000006;0,1818624268473483;0,010504467009127006;3,5629579745535995;0,05104254053687897;0,0026053409444589328;cenario_2_concentrado_societario;7;cenario_2_concentrado_societario_7_analistas
2027-05-20 09:00:00;Abraão;Direito digital;0,0;0,15519807333141483;0,009256481174413592;1,260111484944305;0,1231621766690543;0,015168921761859343;cenario_2_concentrado_societario;7;cenario_2_concentrado_societario_7_analistas
2027-05-20 09:00:00;Abraão;Direito financeiro;13,100000000000001;0,3165786219005196;0,015274775822759776;2,020024899426579;0,15672015824675542;0,02456120800088806;cenario_2_concentrado_societario;7;cenario_2_concentrado_societario_7_analistas
2027-05-20 09:00:00;Abraão;Governança;0,0;0,15519807333141483;0,009256481174413592;1,603821881327015;0,09676764928721555;0,009363977948573549;cenario_2_concentrado_societario;7;cenario_2_concentrado_societario_7_analistas
2027-05-20 09:00:00;Abraão;Propriedade intelectual;0,0;0,15519807333141483;0,009256481174413592;1,1780390993264833;0,1317427184039526;0,017356143852463153;cenario_2_concentrado_societario;7;cenario_2_concentrado_societario_7_analistas
2027-05-20 09:00:00;Abraão;Regulatório;0,0;0,15519807333141483;0,009256481174413592;1,8278213589327066;0,08490877545168714;0,007209500148705028;cenario_2_concentrado_societario;7;cenario_2_concentrado_societario_7_analistas
2027-05-20 09:00:00;Abraão;Societário;74,0;0,9715294123099029;0,0019527969408634402;6,932404241402928;0,14014321416912814;0,019640120477654118;cenario_2_concentrado_societario;7;cenario_2_concentrado_societario_7_analistas
2027-05-20 09:00:00;Abraão;Trabalhista;0,0;0,15519807333141483;0,009256481174413592;1,226779942064506;0,1265084861676474;0,016004397072429833;cenario_2_concentrado_societario;7;cenario_2_concentrado_societario_7_analistas
2027-05-20 09:00:00;Abraão;Tributário;0,1;0,15612597639059406;0,009301596305599447;1,1512366790857969;0,1356158809277815;0,018391667159818215;cenario_2_concentrado_societario;7;cenario_2_concentrado_societario_7_analistas
2027-05-20 09:00:00;Adão;Concorrencial;0,0;0,15519807333141483;0,009256481174413592;1,8894876506477214;0,0821376489432003;0,006746593373916414;cenario_2_concentrado_societario;7;cenario_2_concentrado_societario_7_analistas
2027-05-20 09:00:00;Adão;Contencioso;0,0;0,15519807333141483;0,009256481174413592;1,4909119466033396;0,10409606931180197;0,01083599164616748;cenario_2_concentrado_societario;7;cenario_2_concentrado_societario_7_analistas
2027-05-20 09:00:00;Adão;Contratos;61,900000000000006;0,9355798484856076;0,004255075808883812;3,5629579745535995;0,26258514839845276;0,06895096015943745;cenario_2_concentrado_societario;7;cenario_2_concentrado_societario_7_analistas
2027-05-20 09:00:00;Adão;Direito digital;0,0;0,15519807333141483;0,009256481174413592;1,260111484944305;0,1231621766690543;0,015168921761859343;cenario_2_concentrado_societario;7;cenario_2_concentrado_societario_7_analistas
2027-05-20 09:00:00;Adão;Direito financeiro;0,0;0,15519807333141483;0,009256481174413592;2,020024899426579;0,07682978233360918;0,005902815453429766;cenario_2_concentrado_societario;7;cenario_2_concentrado_societario_7_analistas
2027-05-20 09:00:00;Adão;Governança;0,0;0,15519807333141483;0,009256481174413592;1,603821881327015;0,09676764928721555;0,009363977948573549;cenario_2_concentrado_societario;7;cenario_2_concentrado_societario_7_analistas
2027-05-20 09:00:00;Adão;Propriedade intelectual;0,0;0,15519807333141483;0,009256481174413592;1,1780390993264833;0,1317427184039526;0,017356143852463153;cenario_2_concentrado_societario;7;cenario_2_concentrado_societario_7_analistas
2027-05-20 09:00:00;Adão;Regulatório;0,0;0,15519807333141483;0,009256481174413592;1,8278213589327066;0,08490877545168714;0,007209500148705028;cenario_2_concentrado_societario;7;cenario_2_concentrado_societario_7_analistas
2027-05-20 09:00:00;Adão;Societário;141,2;0,9997450836099905;1,7992509379639793e-05;6,932404241402928;0,14421332755512675;0,02079748384452228;cenario_2_concentrado_societario;7;cenario_2_concentrado_societario_7_analistas
2027-05-20 09:00:00;Adão;Trabalhista;0,0;0,15519807333141483;0,009256481174413592;1,226779942064506;0,1265084861676474;0,016004397072429833;cenario_2_concentrado_societario;7;cenario_2_concentrado_societario_7_analistas
2027-05-20 09:00:00;Adão;Tributário;0,0;0,15519807333141483;0,009256481174413592;1,1512366790857969;0,13480987545902243;0,018173702521277136;cenario_2_concentrado_societario;7;cenario_2_concentrado_societario_7_analistas
2027-05-20 09:00:00;Esaú;Concorrencial;68,4;0,9582992106592324;0,0028213054457441908;1,8894876506477214;0,5071741063407982;0,2572255741425873;cenario_2_concentrado_societario;7;cenario_2_concentrado_societario_7_analistas
2027-05-20 09:00:00;Esaú;Contencioso;0,0;0,15519807333141483;0,009256481174413592;1,4909119466033396;0,10409606931180197;0,01083599164616748;cenario_2_concentrado_societario;7;cenario_2_concentrado_societario_7_analistas
2027-05-20 09:00:00;Esaú;Contratos;111,00000000000001;0,9978544253913407;0,00015115256094901125;3,5629579745535995;0,2800634844749639;0,07843555533625833;cenario_2_concentrado_societario;7;cenario_2_concentrado_societario_7_analistas
2027-05-20 09:00:00;Esaú;Direito digital;0,0;0,15519807333141483;0,009256481174413592;1,260111484944305;0,1231621766690543;0,015168921761859343;cenario_2_concentrado_societario;7;cenario_2_concentrado_societario_7_analistas
2027-05-20 09:00:00;Esaú;Direito financeiro;0,0;0,15519807333141483;0,009256481174413592;2,020024899426579;0,07682978233360918;0,005902815453429766;cenario_2_concentrado_societario;7;cenario_2_concentrado_societario_7_analistas
2027-05-20 09:00:00;Esaú;Governança;0,0;0,15519807333141483;0,009256481174413592;1,603821881327015;0,09676764928721555;0,009363977948573549;cenario_2_concentrado_societario;7;cenario_2_concentrado_societario_7_analistas
2027-05-20 09:00:00;Esaú;Propriedade intelectual;0,0;0,15519807333141483;0,009256481174413592;1,1780390993264833;0,1317427184039526;0,017356143852463153;cenario_2_concentrado_societario;7;cenario_2_concentrado_societario_7_analistas
2027-05-20 09:00:00;Esaú;Regulatório;0,0;0,15519807333141483;0,009256481174413592;1,8278213589327066;0,08490877545168714;0,007209500148705028;cenario_2_concentrado_societario;7;cenario_2_concentrado_societario_7_analistas
2027-05-20 09:00:00;Esaú;Societário;157,0;0,999916434814724;5,899209070785976e-06;6,932404241402928;0,14423804498341955;0,02080461362063896;cenario_2_concentrado_societario;7;cenario_2_concentrado_societario_7_analistas
2027-05-20 09:00:00;Esaú;Trabalhista;11,700000000000001;0,2955915020760169;0,014700131917938146;1,226779942064506;0,24094908299411555;0,058056460595705184;cenario_2_concentrado_societario;7;cenario_2_concentrado_societario_7_analistas
2027-05-20 09:00:00;Esaú;Tributário;0,0;0,15519807333141483;0,009256481174413592;1,1512366790857969;0,13480987545902243;0,018173702521277136;cenario_2_concentrado_societario;7;cenario_2_concentrado_societario_7_analistas
2027-05-20 09:00:00;Caim;Concorrencial;0,0;0,15519807333141483;0,009256481174413592;1,8894876506477214;0,0821376489432003;0,006746593373916414;cenario_2_concentrado_societario;7;cenario_2_concentrado_societario_7_analistas
2027-05-20 09:00:00;Caim;Contencioso;0,0;0,15519807333141483;0,009256481174413592;1,4909119466033396;0,10409606931180197;0,01083599164616748;cenario_2_concentrado_societario;7;cenario_2_concentrado_societario_7_analistas
2027-05-20 09:00:00;Caim;Contratos;80,70000000000002;0,9820670538350584;0,001243361705839153;3,5629579745535995;0,2756325112024654;0,07597328123177721;cenario_2_concentrado_societario;7;cenario_2_concentrado_societario_7_analistas
2027-05-20 09:00:00;Caim;Direito digital;13,9;0,32892304495581604;0,015583726886968404;1,260111484944305;0,26102693998567433;0,06813506339828483;cenario_2_concentrado_societario;7;cenario_2_concentrado_societario_7_analistas
2027-05-20 09:00:00;Caim;Direito financeiro;59,900000000000006;0,9265280078098057;0,0048060144138981605;2,020024899426579;0,45867157779729234;0,2103796162790576;cenario_2_concentrado_societario;7;cenario_2_concentrado_societario_7_analistas
2027-05-20 09:00:00;Caim;Governança;34,2;0,6726334413385261;0,015545957262172207;1,603821881327015;0,4193941042767067;0,17589141470206113;cenario_2_concentrado_societario;7;cenario_2_concentrado_societario_7_analistas
2027-05-20 09:00:00;Caim;Propriedade intelectual;0,0;0,15519807333141483;0,009256481174413592;1,1780390993264833;0,1317427184039526;0,017356143852463153;cenario_2_concentrado_societario;7;cenario_2_concentrado_societario_7_analistas
2027-05-20 09:00:00;Caim;Regulatório;54,60000000000001;0,8966329189442176;0,006543372329251154;1,8278213589327066;0,49054734728987714;0,24063669993313533;cenario_2_concentrado_societario;7;cenario_2_concentrado_societario_7_analistas
2027-05-20 09:00:00;Caim;Societário;274,1;0,9999999785396765;1,515098807873296e-09;6,932404241402928;0,1442500961740373;0,020808090246219012;cenario_2_concentrado_societario;7;cenario_2_concentrado_societario_7_analistas
2027-05-20 09:00:00;Caim;Trabalhista;0,0;0,15519807333141483;0,009256481174413592;1,226779942064506;0,1265084861676474;0,016004397072429833;cenario_2_concentrado_societario;7;cenario_2_concentrado_societario_7_analistas
2027-05-20 09:00:00;Caim;Tributário;0,0;0,15519807333141483;0,009256481174413592;1,1512366790857969;0,13480987545902243;0,018173702521277136;cenario_2_concentrado_societario;7;cenario_2_concentrado_societario_7_analistas
2027-05-20 09:00:00;Davi;Concorrencial;0,0;0,15519807333141483;0,009256481174413592;1,8894876506477214;0,0821376489432003;0,006746593373916414;cenario_2_concentrado_societario;7;cenario_2_concentrado_societario_7_analistas
2027-05-20 09:00:00;Davi;Contencioso;0,0;0,15519807333141483;0,009256481174413592;1,4909119466033396;0,10409606931180197;0,01083599164616748;cenario_2_concentrado_societario;7;cenario_2_concentrado_societario_7_analistas
2027-05-20 09:00:00;Davi;Contratos;0,0;0,15519807333141483;0,009256481174413592;3,5629579745535995;0,04355877179574634;0,0018973666003539067;cenario_2_concentrado_societario;7;cenario_2_concentrado_societario_7_analistas
2027-05-20 09:00:00;Davi;Direito digital;0,0;0,15519807333141483;0,009256481174413592;1,260111484944305;0,1231621766690543;0,015168921761859343;cenario_2_concentrado_societario;7;cenario_2_concentrado_societario_7_analistas
2027-05-20 09:00:00;Davi;Direito financeiro;0,1;0,15612597639059406;0,009301596305599447;2,020024899426579;0,07728913462151545;0,005973610330542737;cenario_2_concentrado_societario;7;cenario_2_concentrado_societario_7_analistas
2027-05-20 09:00:00;Davi;Governança;0,0;0,15519807333141483;0,009256481174413592;1,603821881327015;0,09676764928721555;0,009363977948573549;cenario_2_concentrado_societario;7;cenario_2_concentrado_societario_7_analistas
2027-05-20 09:00:00;Davi;Propriedade intelectual;0,0;0,15519807333141483;0,009256481174413592;1,1780390993264833;0,1317427184039526;0,017356143852463153;cenario_2_concentrado_societario;7;cenario_2_concentrado_societario_7_analistas
2027-05-20 09:00:00;Davi;Regulatório;0,0;0,15519807333141483;0,009256481174413592;1,8278213589327066;0,08490877545168714;0,007209500148705028;cenario_2_concentrado_societario;7;cenario_2_concentrado_societario_7_analistas
2027-05-20 09:00:00;Davi;Societário;75,1;0,9736006032045489;0,001814594286286693;6,932404241402928;0,14044198366128732;0,019723950774717294;cenario_2_concentrado_societario;7;cenario_2_concentrado_societario_7_analistas
2027-05-20 09:00:00;Davi;Trabalhista;0,0;0,15519807333141483;0,009256481174413592;1,226779942064506;0,1265084861676474;0,016004397072429833;cenario_2_concentrado_societario;7;cenario_2_concentrado_societario_7_analistas
2027-05-20 09:00:00;Davi;Tributário;6,0;0,21912033603812855;0,012080126974710233;1,1512366790857969;0,19033474177710633;0,03622731392735774;cenario_2_concentrado_societario;7;cenario_2_concentrado_societario_7_analistas
2027-06-17 09:00:00;Jacó;Concorrencial;0,0;0,15519807333141483;0,009256481174413592;1,8894876506477214;0,0821376489432003;0,006746593373916414;cenario_2_concentrado_societario;7;cenario_2_concentrado_societario_7_analistas
2027-06-17 09:00:00;Jacó;Contencioso;27,400000000000002;0,5597235066148506;0,017398177054688387;1,4909119466033396;0,3754235841291882;0,14094286752040563;cenario_2_concentrado_societario;7;cenario_2_concentrado_societario_7_analistas
2027-06-17 09:00:00;Jacó;Contratos;0,0;0,15519807333141483;0,009256481174413592;3,5629579745535995;0,04355877179574634;0,0018973666003539067;cenario_2_concentrado_societario;7;cenario_2_concentrado_societario_7_analistas
2027-06-17 09:00:00;Jacó;Direito digital;0,0;0,15519807333141483;0,009256481174413592;1,2632357253498347;0,12285757140729613;0,015093982852098866;cenario_2_concentrado_societario;7;cenario_2_concentrado_societario_7_analistas
2027-06-17 09:00:00;Jacó;Direito financeiro;0,0;0,15519807333141483;0,009256481174413592;2,020024899426579;0,07682978233360918;0,005902815453429766;cenario_2_concentrado_societario;7;cenario_2_concentrado_societario_7_analistas
2027-06-17 09:00:00;Jacó;Governança;0,0;0,15519807333141483;0,009256481174413592;1,6399878036555218;0,09463367531482818;0,00895553250359232;cenario_2_concentrado_societario;7;cenario_2_concentrado_societario_7_analistas
2027-06-17 09:00:00;Jacó;Propriedade intelectual;0,0;0,15519807333141483;0,009256481174413592;1,1780390993264833;0,1317427184039526;0,017356143852463153;cenario_2_concentrado_societario;7;cenario_2_concentrado_societario_7_analistas
2027-06-17 09:00:00;Jacó;Regulatório;0,0;0,15519807333141483;0,009256481174413592;1,8278213589327066;0,08490877545168714;0,007209500148705028;cenario_2_concentrado_societario;7;cenario_2_concentrado_societario_7_analistas
2027-06-17 09:00:00;Jacó;Societário;91,3;0,9914342420300852;0,000599562434678282;6,932404260861453;0,1430144874307842;0,020453143615089934;cenario_2_concentrado_societario;7;cenario_2_concentrado_societario_7_analistas
2027-06-17 09:00:00;Jacó;Trabalhista;0,0;0,15519807333141483;0,009256481174413592;1,226779942064506;0,1265084861676474;0,016004397072429833;cenario_2_concentrado_societario;7;cenario_2_concentrado_societario_7_analistas
2027-06-17 09:00:00;Jacó;Tributário;0,0;0,15519807333141483;0,009256481174413592;1,1512366790857969;0,13480987545902243;0,018173702521277136;cenario_2_concentrado_societario;7;cenario_2_concentrado_societario_7_analistas
2027-06-17 09:00:00;Eva;Concorrencial;0,0;0,15519807333141483;0,009256481174413592;1,8894876506477214;0,0821376489432003;0,006746593373916414;cenario_2_concentrado_societario;7;cenario_2_concentrado_societario_7_analistas
2027-06-17 09:00:00;Eva;Contencioso;0,0;0,15519807333141483;0,009256481174413592;1,4909119466033396;0,10409606931180197;0,01083599164616748;cenario_2_concentrado_societario;7;cenario_2_concentrado_societario_7_analistas
2027-06-17 09:00:00;Eva;Contratos;0,0;0,15519807333141483;0,009256481174413592;3,5629579745535995;0,04355877179574634;0,0018973666003539067;cenario_2_concentrado_societario;7;cenario_2_concentrado_societario_7_analistas
2027-06-17 09:00:00;Eva;Direito digital;0,0;0,15519807333141483;0,009256481174413592;1,2632357253498347;0,12285757140729613;0,015093982852098866;cenario_2_concentrado_societario;7;cenario_2_concentrado_societario_7_analistas
2027-06-17 09:00:00;Eva;Direito financeiro;0,0;0,15519807333141483;0,009256481174413592;2,020024899426579;0,07682978233360918;0,005902815453429766;cenario_2_concentrado_societario;7;cenario_2_concentrado_societario_7_analistas
2027-06-17 09:00:00;Eva;Governança;0,0;0,15519807333141483;0,009256481174413592;1,6399878036555218;0,09463367531482818;0,00895553250359232;cenario_2_concentrado_societario;7;cenario_2_concentrado_societario_7_analistas
2027-06-17 09:00:00;Eva;Propriedade intelectual;8,200000000000001;0,24685065933799424;0,013125628039360857;1,1780390993264833;0,20954368957628436;0,04390855784124222;cenario_2_concentrado_societario;7;cenario_2_concentrado_societario_7_analistas
2027-06-17 09:00:00;Eva;Regulatório;0,0;0,15519807333141483;0,009256481174413592;1,8278213589327066;0,08490877545168714;0,007209500148705028;cenario_2_concentrado_societario;7;cenario_2_concentrado_societario_7_analistas
2027-06-17 09:00:00;Eva;Societário;102,80000000000001;0,9961784868939997;0,0002687677855368176;6,932404260861453;0,14369884522144266;0,020649358117976135;cenario_2_concentrado_societario;7;cenario_2_concentrado_societario_7_analistas
2027-06-17 09:00:00;Eva;Trabalhista;0,0;0,15519807333141483;0,009256481174413592;1,226779942064506;0,1265084861676474;0,016004397072429833;cenario_2_concentrado_societario;7;cenario_2_concentrado_societario_7_analistas
2027-06-17 09:00:00;Eva;Tributário;0,0;0,15519807333141483;0,009256481174413592;1,1512366790857969;0,13480987545902243;0,018173702521277136;cenario_2_concentrado_societario;7;cenario_2_concentrado_societario_7_analistas
2027-06-17 09:00:00;Abraão;Concorrencial;0,0;0,15519807333141483;0,009256481174413592;1,8894876506477214;0,0821376489432003;0,006746593373916414;cenario_2_concentrado_societario;7;cenario_2_concentrado_societario_7_analistas
2027-06-17 09:00:00;Abraão;Contencioso;0,0;0,15519807333141483;0,009256481174413592;1,4909119466033396;0,10409606931180197;0,01083599164616748;cenario_2_concentrado_societario;7;cenario_2_concentrado_societario_7_analistas
2027-06-17 09:00:00;Abraão;Contratos;2,7000000000000006;0,1818624268473483;0,010504467009127006;3,5629579745535995;0,05104254053687897;0,0026053409444589328;cenario_2_concentrado_societario;7;cenario_2_concentrado_societario_7_analistas
2027-06-17 09:00:00;Abraão;Direito digital;0,0;0,15519807333141483;0,009256481174413592;1,2632357253498347;0,12285757140729613;0,015093982852098866;cenario_2_concentrado_societario;7;cenario_2_concentrado_societario_7_analistas
2027-06-17 09:00:00;Abraão;Direito financeiro;13,100000000000001;0,3165786219005196;0,015274775822759776;2,020024899426579;0,15672015824675542;0,02456120800088806;cenario_2_concentrado_societario;7;cenario_2_concentrado_societario_7_analistas
2027-06-17 09:00:00;Abraão;Governança;0,0;0,15519807333141483;0,009256481174413592;1,6399878036555218;0,09463367531482818;0,00895553250359232;cenario_2_concentrado_societario;7;cenario_2_concentrado_societario_7_analistas
2027-06-17 09:00:00;Abraão;Propriedade intelectual;0,0;0,15519807333141483;0,009256481174413592;1,1780390993264833;0,1317427184039526;0,017356143852463153;cenario_2_concentrado_societario;7;cenario_2_concentrado_societario_7_analistas
2027-06-17 09:00:00;Abraão;Regulatório;0,0;0,15519807333141483;0,009256481174413592;1,8278213589327066;0,08490877545168714;0,007209500148705028;cenario_2_concentrado_societario;7;cenario_2_concentrado_societario_7_analistas
2027-06-17 09:00:00;Abraão;Societário;74,0;0,9715294123099029;0,0019527969408634402;6,932404260861453;0,14014321377576097;0,01964012036739864;cenario_2_concentrado_societario;7;cenario_2_concentrado_societario_7_analistas
2027-06-17 09:00:00;Abraão;Trabalhista;0,0;0,15519807333141483;0,009256481174413592;1,226779942064506;0,1265084861676474;0,016004397072429833;cenario_2_concentrado_societario;7;cenario_2_concentrado_societario_7_analistas
2027-06-17 09:00:00;Abraão;Tributário;0,1;0,15612597639059406;0,009301596305599447;1,1512366790857969;0,1356158809277815;0,018391667159818215;cenario_2_concentrado_societario;7;cenario_2_concentrado_societario_7_analistas
2027-06-17 09:00:00;Adão;Concorrencial;0,0;0,15519807333141483;0,009256481174413592;1,8894876506477214;0,0821376489432003;0,006746593373916414;cenario_2_concentrado_societario;7;cenario_2_concentrado_societario_7_analistas
2027-06-17 09:00:00;Adão;Contencioso;0,0;0,15519807333141483;0,009256481174413592;1,4909119466033396;0,10409606931180197;0,01083599164616748;cenario_2_concentrado_societario;7;cenario_2_concentrado_societario_7_analistas
2027-06-17 09:00:00;Adão;Contratos;61,900000000000006;0,9355798484856076;0,004255075808883812;3,5629579745535995;0,26258514839845276;0,06895096015943745;cenario_2_concentrado_societario;7;cenario_2_concentrado_societario_7_analistas
2027-06-17 09:00:00;Adão;Direito digital;0,0;0,15519807333141483;0,009256481174413592;1,2632357253498347;0,12285757140729613;0,015093982852098866;cenario_2_concentrado_societario;7;cenario_2_concentrado_societario_7_analistas
2027-06-17 09:00:00;Adão;Direito financeiro;0,0;0,15519807333141483;0,009256481174413592;2,020024899426579;0,07682978233360918;0,005902815453429766;cenario_2_concentrado_societario;7;cenario_2_concentrado_societario_7_analistas
2027-06-17 09:00:00;Adão;Governança;0,0;0,15519807333141483;0,009256481174413592;1,6399878036555218;0,09463367531482818;0,00895553250359232;cenario_2_concentrado_societario;7;cenario_2_concentrado_societario_7_analistas
2027-06-17 09:00:00;Adão;Propriedade intelectual;0,0;0,15519807333141483;0,009256481174413592;1,1780390993264833;0,1317427184039526;0,017356143852463153;cenario_2_concentrado_societario;7;cenario_2_concentrado_societario_7_analistas
2027-06-17 09:00:00;Adão;Regulatório;0,0;0,15519807333141483;0,009256481174413592;1,8278213589327066;0,08490877545168714;0,007209500148705028;cenario_2_concentrado_societario;7;cenario_2_concentrado_societario_7_analistas
2027-06-17 09:00:00;Adão;Societário;141,2;0,9997450836099905;1,7992509379639793e-05;6,932404260861453;0,1442133271503352;0,020797483727769604;cenario_2_concentrado_societario;7;cenario_2_concentrado_societario_7_analistas
2027-06-17 09:00:00;Adão;Trabalhista;0,0;0,15519807333141483;0,009256481174413592;1,226779942064506;0,1265084861676474;0,016004397072429833;cenario_2_concentrado_societario;7;cenario_2_concentrado_societario_7_analistas
2027-06-17 09:00:00;Adão;Tributário;0,0;0,15519807333141483;0,009256481174413592;1,1512366790857969;0,13480987545902243;0,018173702521277136;cenario_2_concentrado_societario;7;cenario_2_concentrado_societario_7_analistas
2027-06-17 09:00:00;Esaú;Concorrencial;68,4;0,9582992106592324;0,0028213054457441908;1,8894876506477214;0,5071741063407982;0,2572255741425873;cenario_2_concentrado_societario;7;cenario_2_concentrado_societario_7_analistas
2027-06-17 09:00:00;Esaú;Contencioso;0,0;0,15519807333141483;0,009256481174413592;1,4909119466033396;0,10409606931180197;0,01083599164616748;cenario_2_concentrado_societario;7;cenario_2_concentrado_societario_7_analistas
2027-06-17 09:00:00;Esaú;Contratos;111,00000000000001;0,9978544253913407;0,00015115256094901125;3,5629579745535995;0,2800634844749639;0,07843555533625833;cenario_2_concentrado_societario;7;cenario_2_concentrado_societario_7_analistas
2027-06-17 09:00:00;Esaú;Direito digital;0,0;0,15519807333141483;0,009256481174413592;1,2632357253498347;0,12285757140729613;0,015093982852098866;cenario_2_concentrado_societario;7;cenario_2_concentrado_societario_7_analistas
2027-06-17 09:00:00;Esaú;Direito financeiro;0,0;0,15519807333141483;0,009256481174413592;2,020024899426579;0,07682978233360918;0,005902815453429766;cenario_2_concentrado_societario;7;cenario_2_concentrado_societario_7_analistas
2027-06-17 09:00:00;Esaú;Governança;0,0;0,15519807333141483;0,009256481174413592;1,6399878036555218;0,09463367531482818;0,00895553250359232;cenario_2_concentrado_societario;7;cenario_2_concentrado_societario_7_analistas
2027-06-17 09:00:00;Esaú;Propriedade intelectual;0,0;0,15519807333141483;0,009256481174413592;1,1780390993264833;0,1317427184039526;0,017356143852463153;cenario_2_concentrado_societario;7;cenario_2_concentrado_societario_7_analistas
2027-06-17 09:00:00;Esaú;Regulatório;0,0;0,15519807333141483;0,009256481174413592;1,8278213589327066;0,08490877545168714;0,007209500148705028;cenario_2_concentrado_societario;7;cenario_2_concentrado_societario_7_analistas
2027-06-17 09:00:00;Esaú;Societário;157,0;0,999916434814724;5,899209070785976e-06;6,932404260861453;0,14423804457855863;0,020804613503846266;cenario_2_concentrado_societario;7;cenario_2_concentrado_societario_7_analistas
2027-06-17 09:00:00;Esaú;Trabalhista;11,700000000000001;0,2955915020760169;0,014700131917938146;1,226779942064506;0,24094908299411555;0,058056460595705184;cenario_2_concentrado_societario;7;cenario_2_concentrado_societario_7_analistas
2027-06-17 09:00:00;Esaú;Tributário;0,0;0,15519807333141483;0,009256481174413592;1,1512366790857969;0,13480987545902243;0,018173702521277136;cenario_2_concentrado_societario;7;cenario_2_concentrado_societario_7_analistas
2027-06-17 09:00:00;Caim;Concorrencial;0,0;0,15519807333141483;0,009256481174413592;1,8894876506477214;0,0821376489432003;0,006746593373916414;cenario_2_concentrado_societario;7;cenario_2_concentrado_societario_7_analistas
2027-06-17 09:00:00;Caim;Contencioso;0,0;0,15519807333141483;0,009256481174413592;1,4909119466033396;0,10409606931180197;0,01083599164616748;cenario_2_concentrado_societario;7;cenario_2_concentrado_societario_7_analistas
2027-06-17 09:00:00;Caim;Contratos;80,70000000000002;0,9820670538350584;0,001243361705839153;3,5629579745535995;0,2756325112024654;0,07597328123177721;cenario_2_concentrado_societario;7;cenario_2_concentrado_societario_7_analistas
2027-06-17 09:00:00;Caim;Direito digital;14,100000000000001;0,33204728536134576;0,01565850712657278;1,2632357253498347;0,26285457155622327;0,0690925257880057;cenario_2_concentrado_societario;7;cenario_2_concentrado_societario_7_analistas
2027-06-17 09:00:00;Caim;Direito financeiro;59,900000000000006;0,9265280078098057;0,0048060144138981605;2,020024899426579;0,45867157779729234;0,2103796162790576;cenario_2_concentrado_societario;7;cenario_2_concentrado_societario_7_analistas
2027-06-17 09:00:00;Caim;Governança;36,60000000000001;0,7087993636670327;0,014572039496696302;1,6399878036555218;0,43219794811103085;0,18679506635138532;cenario_2_concentrado_societario;7;cenario_2_concentrado_societario_7_analistas
2027-06-17 09:00:00;Caim;Propriedade intelectual;0,0;0,15519807333141483;0,009256481174413592;1,1780390993264833;0,1317427184039526;0,017356143852463153;cenario_2_concentrado_societario;7;cenario_2_concentrado_societario_7_analistas
2027-06-17 09:00:00;Caim;Regulatório;54,60000000000001;0,8966329189442176;0,006543372329251154;1,8278213589327066;0,49054734728987714;0,24063669993313533;cenario_2_concentrado_societario;7;cenario_2_concentrado_societario_7_analistas
2027-06-17 09:00:00;Caim;Societário;307,7;0,9999999979982019;1,413269427987575e-10;6,932404260861453;0,14425009857603677;0,020808090939196326;cenario_2_concentrado_societario;7;cenario_2_concentrado_societario_7_analistas
2027-06-17 09:00:00;Caim;Trabalhista;0,0;0,15519807333141483;0,009256481174413592;1,226779942064506;0,1265084861676474;0,016004397072429833;cenario_2_concentrado_societario;7;cenario_2_concentrado_societario_7_analistas
2027-06-17 09:00:00;Caim;Tributário;0,0;0,15519807333141483;0,009256481174413592;1,1512366790857969;0,13480987545902243;0,018173702521277136;cenario_2_concentrado_societario;7;cenario_2_concentrado_societario_7_analistas
2027-06-17 09:00:00;Davi;Concorrencial;0,0;0,15519807333141483;0,009256481174413592;1,8894876506477214;0,0821376489432003;0,006746593373916414;cenario_2_concentrado_societario;7;cenario_2_concentrado_societario_7_analistas
2027-06-17 09:00:00;Davi;Contencioso;0,0;0,15519807333141483;0,009256481174413592;1,4909119466033396;0,10409606931180197;0,01083599164616748;cenario_2_concentrado_societario;7;cenario_2_concentrado_societario_7_analistas
2027-06-17 09:00:00;Davi;Contratos;0,0;0,15519807333141483;0,009256481174413592;3,5629579745535995;0,04355877179574634;0,0018973666003539067;cenario_2_concentrado_societario;7;cenario_2_concentrado_societario_7_analistas
2027-06-17 09:00:00;Davi;Direito digital;0,0;0,15519807333141483;0,009256481174413592;1,2632357253498347;0,12285757140729613;0,015093982852098866;cenario_2_concentrado_societario;7;cenario_2_concentrado_societario_7_analistas
2027-06-17 09:00:00;Davi;Direito financeiro;0,1;0,15612597639059406;0,009301596305599447;2,020024899426579;0,07728913462151545;0,005973610330542737;cenario_2_concentrado_societario;7;cenario_2_concentrado_societario_7_analistas
2027-06-17 09:00:00;Davi;Governança;0,0;0,15519807333141483;0,009256481174413592;1,6399878036555218;0,09463367531482818;0,00895553250359232;cenario_2_concentrado_societario;7;cenario_2_concentrado_societario_7_analistas
2027-06-17 09:00:00;Davi;Propriedade intelectual;0,0;0,15519807333141483;0,009256481174413592;1,1780390993264833;0,1317427184039526;0,017356143852463153;cenario_2_concentrado_societario;7;cenario_2_concentrado_societario_7_analistas
2027-06-17 09:00:00;Davi;Regulatório;0,0;0,15519807333141483;0,009256481174413592;1,8278213589327066;0,08490877545168714;0,007209500148705028;cenario_2_concentrado_societario;7;cenario_2_concentrado_societario_7_analistas
2027-06-17 09:00:00;Davi;Societário;75,1;0,9736006032045489;0,001814594286286693;6,932404260861453;0,14044198326708152;0,019723950663991203;cenario_2_concentrado_societario;7;cenario_2_concentrado_societario_7_analistas
2027-06-17 09:00:00;Davi;Trabalhista;0,0;0,15519807333141483;0,009256481174413592;1,226779942064506;0,1265084861676474;0,016004397072429833;cenario_2_concentrado_societario;7;cenario_2_concentrado_societario_7_analistas
2027-06-17 09:00:00;Davi;Tributário;6,0;0,21912033603812855;0,012080126974710233;1,1512366790857969;0,19033474177710633;0,03622731392735774;cenario_2_concentrado_societario;7;cenario_2_concentrado_societario_7_analistas
2027-07-15 09:00:00;Jacó;Concorrencial;0,0;0,15519807333141483;0,009256481174413592;1,8894876506477214;0,0821376489432003;0,006746593373916414;cenario_2_concentrado_societario;7;cenario_2_concentrado_societario_7_analistas
2027-07-15 09:00:00;Jacó;Contencioso;27,400000000000002;0,5597235066148506;0,017398177054688387;1,4909119466033396;0,3754235841291882;0,14094286752040563;cenario_2_concentrado_societario;7;cenario_2_concentrado_societario_7_analistas
2027-07-15 09:00:00;Jacó;Contratos;0,0;0,15519807333141483;0,009256481174413592;3,5629579745535995;0,04355877179574634;0,0018973666003539067;cenario_2_concentrado_societario;7;cenario_2_concentrado_societario_7_analistas
2027-07-15 09:00:00;Jacó;Direito digital;0,0;0,15519807333141483;0,009256481174413592;1,2663748189571624;0,1225530316997441;0,015019245578798484;cenario_2_concentrado_societario;7;cenario_2_concentrado_societario_7_analistas
2027-07-15 09:00:00;Jacó;Direito financeiro;0,0;0,15519807333141483;0,009256481174413592;2,020024899426579;0,07682978233360918;0,005902815453429766;cenario_2_concentrado_societario;7;cenario_2_concentrado_societario_7_analistas
2027-07-15 09:00:00;Jacó;Governança;0,0;0,15519807333141483;0,009256481174413592;1,6571602100892995;0,09365302907137245;0,008770889854243333;cenario_2_concentrado_societario;7;cenario_2_concentrado_societario_7_analistas
2027-07-15 09:00:00;Jacó;Propriedade intelectual;0,0;0,15519807333141483;0,009256481174413592;1,1780390993264833;0,1317427184039526;0,017356143852463153;cenario_2_concentrado_societario;7;cenario_2_concentrado_societario_7_analistas
2027-07-15 09:00:00;Jacó;Regulatório;0,0;0,15519807333141483;0,009256481174413592;1,8354137402687367;0,08455754140136879;0,007149977807844196;cenario_2_concentrado_societario;7;cenario_2_concentrado_societario_7_analistas
2027-07-15 09:00:00;Jacó;Societário;91,3;0,9914342420300852;0,000599562434678282;6,932404262559326;0,14301448739575734;0,020453143605071236;cenario_2_concentrado_societario;7;cenario_2_concentrado_societario_7_analistas
2027-07-15 09:00:00;Jacó;Trabalhista;0,0;0,15519807333141483;0,009256481174413592;1,226779942064506;0,1265084861676474;0,016004397072429833;cenario_2_concentrado_societario;7;cenario_2_concentrado_societario_7_analistas
2027-07-15 09:00:00;Jacó;Tributário;0,0;0,15519807333141483;0,009256481174413592;1,1512366790857969;0,13480987545902243;0,018173702521277136;cenario_2_concentrado_societario;7;cenario_2_concentrado_societario_7_analistas
2027-07-15 09:00:00;Eva;Concorrencial;0,0;0,15519807333141483;0,009256481174413592;1,8894876506477214;0,0821376489432003;0,006746593373916414;cenario_2_concentrado_societario;7;cenario_2_concentrado_societario_7_analistas
2027-07-15 09:00:00;Eva;Contencioso;0,0;0,15519807333141483;0,009256481174413592;1,4909119466033396;0,10409606931180197;0,01083599164616748;cenario_2_concentrado_societario;7;cenario_2_concentrado_societario_7_analistas
2027-07-15 09:00:00;Eva;Contratos;0,0;0,15519807333141483;0,009256481174413592;3,5629579745535995;0,04355877179574634;0,0018973666003539067;cenario_2_concentrado_societario;7;cenario_2_concentrado_societario_7_analistas
2027-07-15 09:00:00;Eva;Direito digital;0,0;0,15519807333141483;0,009256481174413592;1,2663748189571624;0,1225530316997441;0,015019245578798484;cenario_2_concentrado_societario;7;cenario_2_concentrado_societario_7_analistas
2027-07-15 09:00:00;Eva;Direito financeiro;0,0;0,15519807333141483;0,009256481174413592;2,020024899426579;0,07682978233360918;0,005902815453429766;cenario_2_concentrado_societario;7;cenario_2_concentrado_societario_7_analistas
2027-07-15 09:00:00;Eva;Governança;0,0;0,15519807333141483;0,009256481174413592;1,6571602100892995;0,09365302907137245;0,008770889854243333;cenario_2_concentrado_societario;7;cenario_2_concentrado_societario_7_analistas
2027-07-15 09:00:00;Eva;Propriedade intelectual;8,200000000000001;0,24685065933799424;0,013125628039360857;1,1780390993264833;0,20954368957628436;0,04390855784124222;cenario_2_concentrado_societario;7;cenario_2_concentrado_societario_7_analistas
2027-07-15 09:00:00;Eva;Regulatório;0,0;0,15519807333141483;0,009256481174413592;1,8354137402687367;0,08455754140136879;0,007149977807844196;cenario_2_concentrado_societario;7;cenario_2_concentrado_societario_7_analistas
2027-07-15 09:00:00;Eva;Societário;102,80000000000001;0,9961784868939997;0,0002687677855368176;6,932404262559326;0,1436988451862482;0,020649358107861327;cenario_2_concentrado_societario;7;cenario_2_concentrado_societario_7_analistas
2027-07-15 09:00:00;Eva;Trabalhista;0,0;0,15519807333141483;0,009256481174413592;1,226779942064506;0,1265084861676474;0,016004397072429833;cenario_2_concentrado_societario;7;cenario_2_concentrado_societario_7_analistas
2027-07-15 09:00:00;Eva;Tributário;0,0;0,15519807333141483;0,009256481174413592;1,1512366790857969;0,13480987545902243;0,018173702521277136;cenario_2_concentrado_societario;7;cenario_2_concentrado_societario_7_analistas
2027-07-15 09:00:00;Abraão;Concorrencial;0,0;0,15519807333141483;0,009256481174413592;1,8894876506477214;0,0821376489432003;0,006746593373916414;cenario_2_concentrado_societario;7;cenario_2_concentrado_societario_7_analistas
2027-07-15 09:00:00;Abraão;Contencioso;0,0;0,15519807333141483;0,009256481174413592;1,4909119466033396;0,10409606931180197;0,01083599164616748;cenario_2_concentrado_societario;7;cenario_2_concentrado_societario_7_analistas
2027-07-15 09:00:00;Abraão;Contratos;2,7000000000000006;0,1818624268473483;0,010504467009127006;3,5629579745535995;0,05104254053687897;0,0026053409444589328;cenario_2_concentrado_societario;7;cenario_2_concentrado_societario_7_analistas
2027-07-15 09:00:00;Abraão;Direito digital;0,0;0,15519807333141483;0,009256481174413592;1,2663748189571624;0,1225530316997441;0,015019245578798484;cenario_2_concentrado_societario;7;cenario_2_concentrado_societario_7_analistas
2027-07-15 09:00:00;Abraão;Direito financeiro;13,100000000000001;0,3165786219005196;0,015274775822759776;2,020024899426579;0,15672015824675542;0,02456120800088806;cenario_2_concentrado_societario;7;cenario_2_concentrado_societario_7_analistas
2027-07-15 09:00:00;Abraão;Governança;0,0;0,15519807333141483;0,009256481174413592;1,6571602100892995;0,09365302907137245;0,008770889854243333;cenario_2_concentrado_societario;7;cenario_2_concentrado_societario_7_analistas
2027-07-15 09:00:00;Abraão;Propriedade intelectual;0,0;0,15519807333141483;0,009256481174413592;1,1780390993264833;0,1317427184039526;0,017356143852463153;cenario_2_concentrado_societario;7;cenario_2_concentrado_societario_7_analistas
2027-07-15 09:00:00;Abraão;Regulatório;0,0;0,15519807333141483;0,009256481174413592;1,8354137402687367;0,08455754140136879;0,007149977807844196;cenario_2_concentrado_societario;7;cenario_2_concentrado_societario_7_analistas
2027-07-15 09:00:00;Abraão;Societário;74,0;0,9715294123099029;0,0019527969408634402;6,932404262559326;0,14014321374143732;0,019640120357778186;cenario_2_concentrado_societario;7;cenario_2_concentrado_societario_7_analistas
2027-07-15 09:00:00;Abraão;Trabalhista;0,0;0,15519807333141483;0,009256481174413592;1,226779942064506;0,1265084861676474;0,016004397072429833;cenario_2_concentrado_societario;7;cenario_2_concentrado_societario_7_analistas
2027-07-15 09:00:00;Abraão;Tributário;0,1;0,15612597639059406;0,009301596305599447;1,1512366790857969;0,1356158809277815;0,018391667159818215;cenario_2_concentrado_societario;7;cenario_2_concentrado_societario_7_analistas
2027-07-15 09:00:00;Adão;Concorrencial;0,0;0,15519807333141483;0,009256481174413592;1,8894876506477214;0,0821376489432003;0,006746593373916414;cenario_2_concentrado_societario;7;cenario_2_concentrado_societario_7_analistas
2027-07-15 09:00:00;Adão;Contencioso;0,0;0,15519807333141483;0,009256481174413592;1,4909119466033396;0,10409606931180197;0,01083599164616748;cenario_2_concentrado_societario;7;cenario_2_concentrado_societario_7_analistas
2027-07-15 09:00:00;Adão;Contratos;61,900000000000006;0,9355798484856076;0,004255075808883812;3,5629579745535995;0,26258514839845276;0,06895096015943745;cenario_2_concentrado_societario;7;cenario_2_concentrado_societario_7_analistas
2027-07-15 09:00:00;Adão;Direito digital;0,0;0,15519807333141483;0,009256481174413592;1,2663748189571624;0,1225530316997441;0,015019245578798484;cenario_2_concentrado_societario;7;cenario_2_concentrado_societario_7_analistas
2027-07-15 09:00:00;Adão;Direito financeiro;0,0;0,15519807333141483;0,009256481174413592;2,020024899426579;0,07682978233360918;0,005902815453429766;cenario_2_concentrado_societario;7;cenario_2_concentrado_societario_7_analistas
2027-07-15 09:00:00;Adão;Governança;0,0;0,15519807333141483;0,009256481174413592;1,6571602100892995;0,09365302907137245;0,008770889854243333;cenario_2_concentrado_societario;7;cenario_2_concentrado_societario_7_analistas
2027-07-15 09:00:00;Adão;Propriedade intelectual;0,0;0,15519807333141483;0,009256481174413592;1,1780390993264833;0,1317427184039526;0,017356143852463153;cenario_2_concentrado_societario;7;cenario_2_concentrado_societario_7_analistas
2027-07-15 09:00:00;Adão;Regulatório;0,0;0,15519807333141483;0,009256481174413592;1,8354137402687367;0,08455754140136879;0,007149977807844196;cenario_2_concentrado_societario;7;cenario_2_concentrado_societario_7_analistas
2027-07-15 09:00:00;Adão;Societário;141,2;0,9997450836099905;1,7992509379639793e-05;6,932404262559326;0,14421332711501472;0,020797483717582242;cenario_2_concentrado_societario;7;cenario_2_concentrado_societario_7_analistas
2027-07-15 09:00:00;Adão;Trabalhista;0,0;0,15519807333141483;0,009256481174413592;1,226779942064506;0,1265084861676474;0,016004397072429833;cenario_2_concentrado_societario;7;cenario_2_concentrado_societario_7_analistas
2027-07-15 09:00:00;Adão;Tributário;0,0;0,15519807333141483;0,009256481174413592;1,1512366790857969;0,13480987545902243;0,018173702521277136;cenario_2_concentrado_societario;7;cenario_2_concentrado_societario_7_analistas
2027-07-15 09:00:00;Esaú;Concorrencial;68,4;0,9582992106592324;0,0028213054457441908;1,8894876506477214;0,5071741063407982;0,2572255741425873;cenario_2_concentrado_societario;7;cenario_2_concentrado_societario_7_analistas
2027-07-15 09:00:00;Esaú;Contencioso;0,0;0,15519807333141483;0,009256481174413592;1,4909119466033396;0,10409606931180197;0,01083599164616748;cenario_2_concentrado_societario;7;cenario_2_concentrado_societario_7_analistas
2027-07-15 09:00:00;Esaú;Contratos;111,00000000000001;0,9978544253913407;0,00015115256094901125;3,5629579745535995;0,2800634844749639;0,07843555533625833;cenario_2_concentrado_societario;7;cenario_2_concentrado_societario_7_analistas
2027-07-15 09:00:00;Esaú;Direito digital;0,0;0,15519807333141483;0,009256481174413592;1,2663748189571624;0,1225530316997441;0,015019245578798484;cenario_2_concentrado_societario;7;cenario_2_concentrado_societario_7_analistas
2027-07-15 09:00:00;Esaú;Direito financeiro;0,0;0,15519807333141483;0,009256481174413592;2,020024899426579;0,07682978233360918;0,005902815453429766;cenario_2_concentrado_societario;7;cenario_2_concentrado_societario_7_analistas
2027-07-15 09:00:00;Esaú;Governança;0,0;0,15519807333141483;0,009256481174413592;1,6571602100892995;0,09365302907137245;0,008770889854243333;cenario_2_concentrado_societario;7;cenario_2_concentrado_societario_7_analistas
2027-07-15 09:00:00;Esaú;Propriedade intelectual;0,0;0,15519807333141483;0,009256481174413592;1,1780390993264833;0,1317427184039526;0,017356143852463153;cenario_2_concentrado_societario;7;cenario_2_concentrado_societario_7_analistas
2027-07-15 09:00:00;Esaú;Regulatório;0,0;0,15519807333141483;0,009256481174413592;1,8354137402687367;0,08455754140136879;0,007149977807844196;cenario_2_concentrado_societario;7;cenario_2_concentrado_societario_7_analistas
2027-07-15 09:00:00;Esaú;Societário;157,0;0,999916434814724;5,899209070785976e-06;6,932404262559326;0,14423804454323208;0,0208046134936554;cenario_2_concentrado_societario;7;cenario_2_concentrado_societario_7_analistas
2027-07-15 09:00:00;Esaú;Trabalhista;11,700000000000001;0,2955915020760169;0,014700131917938146;1,226779942064506;0,24094908299411555;0,058056460595705184;cenario_2_concentrado_societario;7;cenario_2_concentrado_societario_7_analistas
2027-07-15 09:00:00;Esaú;Tributário;0,0;0,15519807333141483;0,009256481174413592;1,1512366790857969;0,13480987545902243;0,018173702521277136;cenario_2_concentrado_societario;7;cenario_2_concentrado_societario_7_analistas
2027-07-15 09:00:00;Caim;Concorrencial;0,0;0,15519807333141483;0,009256481174413592;1,8894876506477214;0,0821376489432003;0,006746593373916414;cenario_2_concentrado_societario;7;cenario_2_concentrado_societario_7_analistas
2027-07-15 09:00:00;Caim;Contencioso;0,0;0,15519807333141483;0,009256481174413592;1,4909119466033396;0,10409606931180197;0,01083599164616748;cenario_2_concentrado_societario;7;cenario_2_concentrado_societario_7_analistas
2027-07-15 09:00:00;Caim;Contratos;80,70000000000002;0,9820670538350584;0,001243361705839153;3,5629579745535995;0,2756325112024654;0,07597328123177721;cenario_2_concentrado_societario;7;cenario_2_concentrado_societario_7_analistas
2027-07-15 09:00:00;Caim;Direito digital;14,3;0,33518637896867337;0,015732254804771483;1,2663748189571624;0,26468180980153533;0,07005646043981613;cenario_2_concentrado_societario;7;cenario_2_concentrado_societario_7_analistas
2027-07-15 09:00:00;Caim;Direito financeiro;59,900000000000006;0,9265280078098057;0,0048060144138981605;2,020024899426579;0,45867157779729234;0,2103796162790576;cenario_2_concentrado_societario;7;cenario_2_concentrado_societario_7_analistas
2027-07-15 09:00:00;Caim;Governança;37,800000000000004;0,7259717701008104;0,014044935193695958;1,6571602100892995;0,4380818255717653;0,19191568589629057;cenario_2_concentrado_societario;7;cenario_2_concentrado_societario_7_analistas
2027-07-15 09:00:00;Caim;Propriedade intelectual;0,0;0,15519807333141483;0,009256481174413592;1,1780390993264833;0,1317427184039526;0,017356143852463153;cenario_2_concentrado_societario;7;cenario_2_concentrado_societario_7_analistas
2027-07-15 09:00:00;Caim;Regulatório;55,800000000000004;0,9042253002802476;0,006114094606902061;1,8354137402687367;0,49265475159178723;0,24270870426596558;cenario_2_concentrado_societario;7;cenario_2_concentrado_societario_7_analistas
2027-07-15 09:00:00;Caim;Societário;334,40000000000003;0,9999999996960749;2,1457112569096642e-11;6,932404262559326;0,1442500987856256;0,02080809099966275;cenario_2_concentrado_societario;7;cenario_2_concentrado_societario_7_analistas
2027-07-15 09:00:00;Caim;Trabalhista;0,0;0,15519807333141483;0,009256481174413592;1,226779942064506;0,1265084861676474;0,016004397072429833;cenario_2_concentrado_societario;7;cenario_2_concentrado_societario_7_analistas
2027-07-15 09:00:00;Caim;Tributário;0,0;0,15519807333141483;0,009256481174413592;1,1512366790857969;0,13480987545902243;0,018173702521277136;cenario_2_concentrado_societario;7;cenario_2_concentrado_societario_7_analistas
2027-07-15 09:00:00;Davi;Concorrencial;0,0;0,15519807333141483;0,009256481174413592;1,8894876506477214;0,0821376489432003;0,006746593373916414;cenario_2_concentrado_societario;7;cenario_2_concentrado_societario_7_analistas
2027-07-15 09:00:00;Davi;Contencioso;0,0;0,15519807333141483;0,009256481174413592;1,4909119466033396;0,10409606931180197;0,01083599164616748;cenario_2_concentrado_societario;7;cenario_2_concentrado_societario_7_analistas
2027-07-15 09:00:00;Davi;Contratos;0,0;0,15519807333141483;0,009256481174413592;3,5629579745535995;0,04355877179574634;0,0018973666003539067;cenario_2_concentrado_societario;7;cenario_2_concentrado_societario_7_analistas
2027-07-15 09:00:00;Davi;Direito digital;0,0;0,15519807333141483;0,009256481174413592;1,2663748189571624;0,1225530316997441;0,015019245578798484;cenario_2_concentrado_societario;7;cenario_2_concentrado_societario_7_analistas
2027-07-15 09:00:00;Davi;Direito financeiro;0,1;0,15612597639059406;0,009301596305599447;2,020024899426579;0,07728913462151545;0,005973610330542737;cenario_2_concentrado_societario;7;cenario_2_concentrado_societario_7_analistas
2027-07-15 09:00:00;Davi;Governança;0,0;0,15519807333141483;0,009256481174413592;1,6571602100892995;0,09365302907137245;0,008770889854243333;cenario_2_concentrado_societario;7;cenario_2_concentrado_societario_7_analistas
2027-07-15 09:00:00;Davi;Propriedade intelectual;0,0;0,15519807333141483;0,009256481174413592;1,1780390993264833;0,1317427184039526;0,017356143852463153;cenario_2_concentrado_societario;7;cenario_2_concentrado_societario_7_analistas
2027-07-15 09:00:00;Davi;Regulatório;0,0;0,15519807333141483;0,009256481174413592;1,8354137402687367;0,08455754140136879;0,007149977807844196;cenario_2_concentrado_societario;7;cenario_2_concentrado_societario_7_analistas
2027-07-15 09:00:00;Davi;Societário;75,1;0,9736006032045489;0,001814594286286693;6,932404262559326;0,1404419832326847;0,019723950654329688;cenario_2_concentrado_societario;7;cenario_2_concentrado_societario_7_analistas
2027-07-15 09:00:00;Davi;Trabalhista;0,0;0,15519807333141483;0,009256481174413592;1,226779942064506;0,1265084861676474;0,016004397072429833;cenario_2_concentrado_societario;7;cenario_2_concentrado_societario_7_analistas
2027-07-15 09:00:00;Davi;Tributário;6,0;0,21912033603812855;0,012080126974710233;1,1512366790857969;0,19033474177710633;0,03622731392735774;cenario_2_concentrado_societario;7;cenario_2_concentrado_societario_7_analistas
2027-08-12 09:00:00;Jacó;Concorrencial;0,0;0,15519807333141483;0,009256481174413592;1,8894876506477214;0,0821376489432003;0,006746593373916414;cenario_2_concentrado_societario;7;cenario_2_concentrado_societario_7_analistas
2027-08-12 09:00:00;Jacó;Contencioso;27,400000000000002;0,5597235066148506;0,017398177054688387;1,4909119466033396;0,3754235841291882;0,14094286752040563;cenario_2_concentrado_societario;7;cenario_2_concentrado_societario_7_analistas
2027-08-12 09:00:00;Jacó;Contratos;0,0;0,15519807333141483;0,009256481174413592;3,5629579745535995;0,04355877179574634;0,0018973666003539067;cenario_2_concentrado_societario;7;cenario_2_concentrado_societario_7_analistas
2027-08-12 09:00:00;Jacó;Direito digital;0,0;0,15519807333141483;0,009256481174413592;1,2871260815349006;0,12057721116671087;0,014538863852741585;cenario_2_concentrado_societario;7;cenario_2_concentrado_societario_7_analistas
2027-08-12 09:00:00;Jacó;Direito financeiro;0,0;0,15519807333141483;0,009256481174413592;2,020024899426579;0,07682978233360918;0,005902815453429766;cenario_2_concentrado_societario;7;cenario_2_concentrado_societario_7_analistas
2027-08-12 09:00:00;Jacó;Governança;0,0;0,15519807333141483;0,009256481174413592;1,6585624606887455;0,0935738490469429;0,008756065225460056;cenario_2_concentrado_societario;7;cenario_2_concentrado_societario_7_analistas
2027-08-12 09:00:00;Jacó;Propriedade intelectual;0,0;0,15519807333141483;0,009256481174413592;1,1780390993264833;0,1317427184039526;0,017356143852463153;cenario_2_concentrado_societario;7;cenario_2_concentrado_societario_7_analistas
2027-08-12 09:00:00;Jacó;Regulatório;0,0;0,15519807333141483;0,009256481174413592;1,8430725475996974;0,08420616623775071;0,007090678432459707;cenario_2_concentrado_societario;7;cenario_2_concentrado_societario_7_analistas
2027-08-12 09:00:00;Jacó;Societário;91,3;0,9914342420300852;0,000599562434678282;6,932404262819948;0,14301448739038075;0,020453143603533376;cenario_2_concentrado_societario;7;cenario_2_concentrado_societario_7_analistas
2027-08-12 09:00:00;Jacó;Trabalhista;0,0;0,15519807333141483;0,009256481174413592;1,226779942064506;0,1265084861676474;0,016004397072429833;cenario_2_concentrado_societario;7;cenario_2_concentrado_societario_7_analistas
2027-08-12 09:00:00;Jacó;Tributário;0,0;0,15519807333141483;0,009256481174413592;1,1512366790857969;0,13480987545902243;0,018173702521277136;cenario_2_concentrado_societario;7;cenario_2_concentrado_societario_7_analistas
2027-08-12 09:00:00;Eva;Concorrencial;0,0;0,15519807333141483;0,009256481174413592;1,8894876506477214;0,0821376489432003;0,006746593373916414;cenario_2_concentrado_societario;7;cenario_2_concentrado_societario_7_analistas
2027-08-12 09:00:00;Eva;Contencioso;0,0;0,15519807333141483;0,009256481174413592;1,4909119466033396;0,10409606931180197;0,01083599164616748;cenario_2_concentrado_societario;7;cenario_2_concentrado_societario_7_analistas
2027-08-12 09:00:00;Eva;Contratos;0,0;0,15519807333141483;0,009256481174413592;3,5629579745535995;0,04355877179574634;0,0018973666003539067;cenario_2_concentrado_societario;7;cenario_2_concentrado_societario_7_analistas
2027-08-12 09:00:00;Eva;Direito digital;0,0;0,15519807333141483;0,009256481174413592;1,2871260815349006;0,12057721116671087;0,014538863852741585;cenario_2_concentrado_societario;7;cenario_2_concentrado_societario_7_analistas
2027-08-12 09:00:00;Eva;Direito financeiro;0,0;0,15519807333141483;0,009256481174413592;2,020024899426579;0,07682978233360918;0,005902815453429766;cenario_2_concentrado_societario;7;cenario_2_concentrado_societario_7_analistas
2027-08-12 09:00:00;Eva;Governança;0,0;0,15519807333141483;0,009256481174413592;1,6585624606887455;0,0935738490469429;0,008756065225460056;cenario_2_concentrado_societario;7;cenario_2_concentrado_societario_7_analistas
2027-08-12 09:00:00;Eva;Propriedade intelectual;8,200000000000001;0,24685065933799424;0,013125628039360857;1,1780390993264833;0,20954368957628436;0,04390855784124222;cenario_2_concentrado_societario;7;cenario_2_concentrado_societario_7_analistas
2027-08-12 09:00:00;Eva;Regulatório;0,0;0,15519807333141483;0,009256481174413592;1,8430725475996974;0,08420616623775071;0,007090678432459707;cenario_2_concentrado_societario;7;cenario_2_concentrado_societario_7_analistas
2027-08-12 09:00:00;Eva;Societário;102,80000000000001;0,9961784868939997;0,0002687677855368176;6,932404262819948;0,14369884518084589;0,020649358106308715;cenario_2_concentrado_societario;7;cenario_2_concentrado_societario_7_analistas
2027-08-12 09:00:00;Eva;Trabalhista;0,0;0,15519807333141483;0,009256481174413592;1,226779942064506;0,1265084861676474;0,016004397072429833;cenario_2_concentrado_societario;7;cenario_2_concentrado_societario_7_analistas
2027-08-12 09:00:00;Eva;Tributário;0,0;0,15519807333141483;0,009256481174413592;1,1512366790857969;0,13480987545902243;0,018173702521277136;cenario_2_concentrado_societario;7;cenario_2_concentrado_societario_7_analistas
2027-08-12 09:00:00;Abraão;Concorrencial;0,0;0,15519807333141483;0,009256481174413592;1,8894876506477214;0,0821376489432003;0,006746593373916414;cenario_2_concentrado_societario;7;cenario_2_concentrado_societario_7_analistas
2027-08-12 09:00:00;Abraão;Contencioso;0,0;0,15519807333141483;0,009256481174413592;1,4909119466033396;0,10409606931180197;0,01083599164616748;cenario_2_concentrado_societario;7;cenario_2_concentrado_societario_7_analistas
2027-08-12 09:00:00;Abraão;Contratos;2,7000000000000006;0,1818624268473483;0,010504467009127006;3,5629579745535995;0,05104254053687897;0,0026053409444589328;cenario_2_concentrado_societario;7;cenario_2_concentrado_societario_7_analistas
2027-08-12 09:00:00;Abraão;Direito digital;0,0;0,15519807333141483;0,009256481174413592;1,2871260815349006;0,12057721116671087;0,014538863852741585;cenario_2_concentrado_societario;7;cenario_2_concentrado_societario_7_analistas
2027-08-12 09:00:00;Abraão;Direito financeiro;13,100000000000001;0,3165786219005196;0,015274775822759776;2,020024899426579;0,15672015824675542;0,02456120800088806;cenario_2_concentrado_societario;7;cenario_2_concentrado_societario_7_analistas
2027-08-12 09:00:00;Abraão;Governança;0,0;0,15519807333141483;0,009256481174413592;1,6585624606887455;0,0935738490469429;0,008756065225460056;cenario_2_concentrado_societario;7;cenario_2_concentrado_societario_7_analistas
2027-08-12 09:00:00;Abraão;Propriedade intelectual;0,0;0,15519807333141483;0,009256481174413592;1,1780390993264833;0,1317427184039526;0,017356143852463153;cenario_2_concentrado_societario;7;cenario_2_concentrado_societario_7_analistas
2027-08-12 09:00:00;Abraão;Regulatório;0,0;0,15519807333141483;0,009256481174413592;1,8430725475996974;0,08420616623775071;0,007090678432459707;cenario_2_concentrado_societario;7;cenario_2_concentrado_societario_7_analistas
2027-08-12 09:00:00;Abraão;Societário;74,0;0,9715294123099029;0,0019527969408634402;6,932404262819948;0,14014321373616867;0,019640120356301454;cenario_2_concentrado_societario;7;cenario_2_concentrado_societario_7_analistas
2027-08-12 09:00:00;Abraão;Trabalhista;0,0;0,15519807333141483;0,009256481174413592;1,226779942064506;0,1265084861676474;0,016004397072429833;cenario_2_concentrado_societario;7;cenario_2_concentrado_societario_7_analistas
2027-08-12 09:00:00;Abraão;Tributário;0,1;0,15612597639059406;0,009301596305599447;1,1512366790857969;0,1356158809277815;0,018391667159818215;cenario_2_concentrado_societario;7;cenario_2_concentrado_societario_7_analistas
2027-08-12 09:00:00;Adão;Concorrencial;0,0;0,15519807333141483;0,009256481174413592;1,8894876506477214;0,0821376489432003;0,006746593373916414;cenario_2_concentrado_societario;7;cenario_2_concentrado_societario_7_analistas
2027-08-12 09:00:00;Adão;Contencioso;0,0;0,15519807333141483;0,009256481174413592;1,4909119466033396;0,10409606931180197;0,01083599164616748;cenario_2_concentrado_societario;7;cenario_2_concentrado_societario_7_analistas
2027-08-12 09:00:00;Adão;Contratos;61,900000000000006;0,9355798484856076;0,004255075808883812;3,5629579745535995;0,26258514839845276;0,06895096015943745;cenario_2_concentrado_societario;7;cenario_2_concentrado_societario_7_analistas
2027-08-12 09:00:00;Adão;Direito digital;0,0;0,15519807333141483;0,009256481174413592;1,2871260815349006;0,12057721116671087;0,014538863852741585;cenario_2_concentrado_societario;7;cenario_2_concentrado_societario_7_analistas
2027-08-12 09:00:00;Adão;Direito financeiro;0,0;0,15519807333141483;0,009256481174413592;2,020024899426579;0,07682978233360918;0,005902815453429766;cenario_2_concentrado_societario;7;cenario_2_concentrado_societario_7_analistas
2027-08-12 09:00:00;Adão;Governança;0,0;0,15519807333141483;0,009256481174413592;1,6585624606887455;0,0935738490469429;0,008756065225460056;cenario_2_concentrado_societario;7;cenario_2_concentrado_societario_7_analistas
2027-08-12 09:00:00;Adão;Propriedade intelectual;0,0;0,15519807333141483;0,009256481174413592;1,1780390993264833;0,1317427184039526;0,017356143852463153;cenario_2_concentrado_societario;7;cenario_2_concentrado_societario_7_analistas
2027-08-12 09:00:00;Adão;Regulatório;0,0;0,15519807333141483;0,009256481174413592;1,8430725475996974;0,08420616623775071;0,007090678432459707;cenario_2_concentrado_societario;7;cenario_2_concentrado_societario_7_analistas
2027-08-12 09:00:00;Adão;Societário;141,2;0,9997450836099905;1,7992509379639793e-05;6,932404262819948;0,14421332710959306;0,02079748371601849;cenario_2_concentrado_societario;7;cenario_2_concentrado_societario_7_analistas
2027-08-12 09:00:00;Adão;Trabalhista;0,0;0,15519807333141483;0,009256481174413592;1,226779942064506;0,1265084861676474;0,016004397072429833;cenario_2_concentrado_societario;7;cenario_2_concentrado_societario_7_analistas
2027-08-12 09:00:00;Adão;Tributário;0,0;0,15519807333141483;0,009256481174413592;1,1512366790857969;0,13480987545902243;0,018173702521277136;cenario_2_concentrado_societario;7;cenario_2_concentrado_societario_7_analistas
2027-08-12 09:00:00;Esaú;Concorrencial;68,4;0,9582992106592324;0,0028213054457441908;1,8894876506477214;0,5071741063407982;0,2572255741425873;cenario_2_concentrado_societario;7;cenario_2_concentrado_societario_7_analistas
2027-08-12 09:00:00;Esaú;Contencioso;0,0;0,15519807333141483;0,009256481174413592;1,4909119466033396;0,10409606931180197;0,01083599164616748;cenario_2_concentrado_societario;7;cenario_2_concentrado_societario_7_analistas
2027-08-12 09:00:00;Esaú;Contratos;111,00000000000001;0,9978544253913407;0,00015115256094901125;3,5629579745535995;0,2800634844749639;0,07843555533625833;cenario_2_concentrado_societario;7;cenario_2_concentrado_societario_7_analistas
2027-08-12 09:00:00;Esaú;Direito digital;0,0;0,15519807333141483;0,009256481174413592;1,2871260815349006;0,12057721116671087;0,014538863852741585;cenario_2_concentrado_societario;7;cenario_2_concentrado_societario_7_analistas
2027-08-12 09:00:00;Esaú;Direito financeiro;0,0;0,15519807333141483;0,009256481174413592;2,020024899426579;0,07682978233360918;0,005902815453429766;cenario_2_concentrado_societario;7;cenario_2_concentrado_societario_7_analistas
2027-08-12 09:00:00;Esaú;Governança;0,0;0,15519807333141483;0,009256481174413592;1,6585624606887455;0,0935738490469429;0,008756065225460056;cenario_2_concentrado_societario;7;cenario_2_concentrado_societario_7_analistas
2027-08-12 09:00:00;Esaú;Propriedade intelectual;0,0;0,15519807333141483;0,009256481174413592;1,1780390993264833;0,1317427184039526;0,017356143852463153;cenario_2_concentrado_societario;7;cenario_2_concentrado_societario_7_analistas
2027-08-12 09:00:00;Esaú;Regulatório;0,0;0,15519807333141483;0,009256481174413592;1,8430725475996974;0,08420616623775071;0,007090678432459707;cenario_2_concentrado_societario;7;cenario_2_concentrado_societario_7_analistas
2027-08-12 09:00:00;Esaú;Societário;157,0;0,999916434814724;5,899209070785976e-06;6,932404262819948;0,1442380445378095;0,020804613492091117;cenario_2_concentrado_societario;7;cenario_2_concentrado_societario_7_analistas
2027-08-12 09:00:00;Esaú;Trabalhista;11,700000000000001;0,2955915020760169;0,014700131917938146;1,226779942064506;0,24094908299411555;0,058056460595705184;cenario_2_concentrado_societario;7;cenario_2_concentrado_societario_7_analistas
2027-08-12 09:00:00;Esaú;Tributário;0,0;0,15519807333141483;0,009256481174413592;1,1512366790857969;0,13480987545902243;0,018173702521277136;cenario_2_concentrado_societario;7;cenario_2_concentrado_societario_7_analistas
2027-08-12 09:00:00;Caim;Concorrencial;0,0;0,15519807333141483;0,009256481174413592;1,8894876506477214;0,0821376489432003;0,006746593373916414;cenario_2_concentrado_societario;7;cenario_2_concentrado_societario_7_analistas
2027-08-12 09:00:00;Caim;Contencioso;0,0;0,15519807333141483;0,009256481174413592;1,4909119466033396;0,10409606931180197;0,01083599164616748;cenario_2_concentrado_societario;7;cenario_2_concentrado_societario_7_analistas
2027-08-12 09:00:00;Caim;Contratos;80,70000000000002;0,9820670538350584;0,001243361705839153;3,5629579745535995;0,2756325112024654;0,07597328123177721;cenario_2_concentrado_societario;7;cenario_2_concentrado_societario_7_analistas
2027-08-12 09:00:00;Caim;Direito digital;15,600000000000001;0,35593764154641166;0,01618477020350136;1,2871260815349006;0,2765367329997348;0,07647256469816661;cenario_2_concentrado_societario;7;cenario_2_concentrado_societario_7_analistas
2027-08-12 09:00:00;Caim;Direito financeiro;59,900000000000006;0,9265280078098057;0,0048060144138981605;2,020024899426579;0,45867157779729234;0,2103796162790576;cenario_2_concentrado_societario;7;cenario_2_concentrado_societario_7_analistas
2027-08-12 09:00:00;Caim;Governança;37,900000000000006;0,7273740207002565;0,014000054462568313;1,6585624606887455;0,4385569057183426;0,19233215955324726;cenario_2_concentrado_societario;7;cenario_2_concentrado_societario_7_analistas
2027-08-12 09:00:00;Caim;Propriedade intelectual;0,0;0,15519807333141483;0,009256481174413592;1,1780390993264833;0,1317427184039526;0,017356143852463153;cenario_2_concentrado_societario;7;cenario_2_concentrado_societario_7_analistas
2027-08-12 09:00:00;Caim;Regulatório;57,10000000000001;0,9118841076112083;0,0056728146219506915;1,8430725475996974;0,49476300257349565;0,24479042871554085;cenario_2_concentrado_societario;7;cenario_2_concentrado_societario_7_analistas
2027-08-12 09:00:00;Caim;Societário;362,0;0,9999999999566971;3,0571859265035675e-12;6,932404262819948;0,14425009881779735;0,0208080910089443;cenario_2_concentrado_societario;7;cenario_2_concentrado_societario_7_analistas
2027-08-12 09:00:00;Caim;Trabalhista;0,0;0,15519807333141483;0,009256481174413592;1,226779942064506;0,1265084861676474;0,016004397072429833;cenario_2_concentrado_societario;7;cenario_2_concentrado_societario_7_analistas
2027-08-12 09:00:00;Caim;Tributário;0,0;0,15519807333141483;0,009256481174413592;1,1512366790857969;0,13480987545902243;0,018173702521277136;cenario_2_concentrado_societario;7;cenario_2_concentrado_societario_7_analistas
2027-08-12 09:00:00;Davi;Concorrencial;0,0;0,15519807333141483;0,009256481174413592;1,8894876506477214;0,0821376489432003;0,006746593373916414;cenario_2_concentrado_societario;7;cenario_2_concentrado_societario_7_analistas
2027-08-12 09:00:00;Davi;Contencioso;0,0;0,15519807333141483;0,009256481174413592;1,4909119466033396;0,10409606931180197;0,01083599164616748;cenario_2_concentrado_societario;7;cenario_2_concentrado_societario_7_analistas
2027-08-12 09:00:00;Davi;Contratos;0,0;0,15519807333141483;0,009256481174413592;3,5629579745535995;0,04355877179574634;0,0018973666003539067;cenario_2_concentrado_societario;7;cenario_2_concentrado_societario_7_analistas
2027-08-12 09:00:00;Davi;Direito digital;0,0;0,15519807333141483;0,009256481174413592;1,2871260815349006;0,12057721116671087;0,014538863852741585;cenario_2_concentrado_societario;7;cenario_2_concentrado_societario_7_analistas
2027-08-12 09:00:00;Davi;Direito financeiro;0,1;0,15612597639059406;0,009301596305599447;2,020024899426579;0,07728913462151545;0,005973610330542737;cenario_2_concentrado_societario;7;cenario_2_concentrado_societario_7_analistas
2027-08-12 09:00:00;Davi;Governança;0,0;0,15519807333141483;0,009256481174413592;1,6585624606887455;0,0935738490469429;0,008756065225460056;cenario_2_concentrado_societario;7;cenario_2_concentrado_societario_7_analistas
2027-08-12 09:00:00;Davi;Propriedade intelectual;0,0;0,15519807333141483;0,009256481174413592;1,1780390993264833;0,1317427184039526;0,017356143852463153;cenario_2_concentrado_societario;7;cenario_2_concentrado_societario_7_analistas
2027-08-12 09:00:00;Davi;Regulatório;0,0;0,15519807333141483;0,009256481174413592;1,8430725475996974;0,08420616623775071;0,007090678432459707;cenario_2_concentrado_societario;7;cenario_2_concentrado_societario_7_analistas
2027-08-12 09:00:00;Davi;Societário;75,1;0,9736006032045489;0,001814594286286693;6,932404262819948;0,14044198322740484;0,019723950652846663;cenario_2_concentrado_societario;7;cenario_2_concentrado_societario_7_analistas
2027-08-12 09:00:00;Davi;Trabalhista;0,0;0,15519807333141483;0,009256481174413592;1,226779942064506;0,1265084861676474;0,016004397072429833;cenario_2_concentrado_societario;7;cenario_2_concentrado_societario_7_analistas
2027-08-12 09:00:00;Davi;Tributário;6,0;0,21912033603812855;0,012080126974710233;1,1512366790857969;0,19033474177710633;0,03622731392735774;cenario_2_concentrado_societario;7;cenario_2_concentrado_societario_7_analistas
2027-09-09 09:00:00;Jacó;Concorrencial;0,0;0,15519807333141483;0,009256481174413592;1,8894876506477214;0,0821376489432003;0,006746593373916414;cenario_2_concentrado_societario;7;cenario_2_concentrado_societario_7_analistas
2027-09-09 09:00:00;Jacó;Contencioso;27,400000000000002;0,5597235066148506;0,017398177054688387;1,4909119466033396;0,3754235841291882;0,14094286752040563;cenario_2_concentrado_societario;7;cenario_2_concentrado_societario_7_analistas
2027-09-09 09:00:00;Jacó;Contratos;0,0;0,15519807333141483;0,009256481174413592;3,5629579745535995;0,04355877179574634;0,0018973666003539067;cenario_2_concentrado_societario;7;cenario_2_concentrado_societario_7_analistas
2027-09-09 09:00:00;Jacó;Direito digital;0,0;0,15519807333141483;0,009256481174413592;1,3421334816993569;0,11563534882902192;0,01337153389880958;cenario_2_concentrado_societario;7;cenario_2_concentrado_societario_7_analistas
2027-09-09 09:00:00;Jacó;Direito financeiro;0,0;0,15519807333141483;0,009256481174413592;2,020024899426579;0,07682978233360918;0,005902815453429766;cenario_2_concentrado_societario;7;cenario_2_concentrado_societario_7_analistas
2027-09-09 09:00:00;Jacó;Governança;0,0;0,15519807333141483;0,009256481174413592;1,6599602165668217;0,09349505595525659;0,008741325488076561;cenario_2_concentrado_societario;7;cenario_2_concentrado_societario_7_analistas
2027-09-09 09:00:00;Jacó;Propriedade intelectual;0,0;0,15519807333141483;0,009256481174413592;1,1780390993264833;0,1317427184039526;0,017356143852463153;cenario_2_concentrado_societario;7;cenario_2_concentrado_societario_7_analistas
2027-09-09 09:00:00;Jacó;Regulatório;0,0;0,15519807333141483;0,009256481174413592;1,844200531649524;0,08415466250440763;0,007082007221230752;cenario_2_concentrado_societario;7;cenario_2_concentrado_societario_7_analistas
2027-09-09 09:00:00;Jacó;Societário;91,3;0,9914342420300852;0,000599562434678282;6,932404262857461;0,14301448738960687;0,020453143603312022;cenario_2_concentrado_societario;7;cenario_2_concentrado_societario_7_analistas
2027-09-09 09:00:00;Jacó;Trabalhista;0,0;0,15519807333141483;0,009256481174413592;1,226779942064506;0,1265084861676474;0,016004397072429833;cenario_2_concentrado_societario;7;cenario_2_concentrado_societario_7_analistas
2027-09-09 09:00:00;Jacó;Tributário;0,0;0,15519807333141483;0,009256481174413592;1,1512366790857969;0,13480987545902243;0,018173702521277136;cenario_2_concentrado_societario;7;cenario_2_concentrado_societario_7_analistas
2027-09-09 09:00:00;Eva;Concorrencial;0,0;0,15519807333141483;0,009256481174413592;1,8894876506477214;0,0821376489432003;0,006746593373916414;cenario_2_concentrado_societario;7;cenario_2_concentrado_societario_7_analistas
2027-09-09 09:00:00;Eva;Contencioso;0,0;0,15519807333141483;0,009256481174413592;1,4909119466033396;0,10409606931180197;0,01083599164616748;cenario_2_concentrado_societario;7;cenario_2_concentrado_societario_7_analistas
2027-09-09 09:00:00;Eva;Contratos;0,0;0,15519807333141483;0,009256481174413592;3,5629579745535995;0,04355877179574634;0,0018973666003539067;cenario_2_concentrado_societario;7;cenario_2_concentrado_societario_7_analistas
2027-09-09 09:00:00;Eva;Direito digital;0,0;0,15519807333141483;0,009256481174413592;1,3421334816993569;0,11563534882902192;0,01337153389880958;cenario_2_concentrado_societario;7;cenario_2_concentrado_societario_7_analistas
2027-09-09 09:00:00;Eva;Direito financeiro;0,0;0,15519807333141483;0,009256481174413592;2,020024899426579;0,07682978233360918;0,005902815453429766;cenario_2_concentrado_societario;7;cenario_2_concentrado_societario_7_analistas
2027-09-09 09:00:00;Eva;Governança;0,0;0,15519807333141483;0,009256481174413592;1,6599602165668217;0,09349505595525659;0,008741325488076561;cenario_2_concentrado_societario;7;cenario_2_concentrado_societario_7_analistas
2027-09-09 09:00:00;Eva;Propriedade intelectual;8,200000000000001;0,24685065933799424;0,013125628039360857;1,1780390993264833;0,20954368957628436;0,04390855784124222;cenario_2_concentrado_societario;7;cenario_2_concentrado_societario_7_analistas
2027-09-09 09:00:00;Eva;Regulatório;0,0;0,15519807333141483;0,009256481174413592;1,844200531649524;0,08415466250440763;0,007082007221230752;cenario_2_concentrado_societario;7;cenario_2_concentrado_societario_7_analistas
2027-09-09 09:00:00;Eva;Societário;102,80000000000001;0,9961784868939997;0,0002687677855368176;6,932404262857461;0,14369884518006829;0,020649358106085234;cenario_2_concentrado_societario;7;cenario_2_concentrado_societario_7_analistas
2027-09-09 09:00:00;Eva;Trabalhista;0,0;0,15519807333141483;0,009256481174413592;1,226779942064506;0,1265084861676474;0,016004397072429833;cenario_2_concentrado_societario;7;cenario_2_concentrado_societario_7_analistas
2027-09-09 09:00:00;Eva;Tributário;0,0;0,15519807333141483;0,009256481174413592;1,1512366790857969;0,13480987545902243;0,018173702521277136;cenario_2_concentrado_societario;7;cenario_2_concentrado_societario_7_analistas
2027-09-09 09:00:00;Abraão;Concorrencial;0,0;0,15519807333141483;0,009256481174413592;1,8894876506477214;0,0821376489432003;0,006746593373916414;cenario_2_concentrado_societario;7;cenario_2_concentrado_societario_7_analistas
2027-09-09 09:00:00;Abraão;Contencioso;0,0;0,15519807333141483;0,009256481174413592;1,4909119466033396;0,10409606931180197;0,01083599164616748;cenario_2_concentrado_societario;7;cenario_2_concentrado_societario_7_analistas
2027-09-09 09:00:00;Abraão;Contratos;2,7000000000000006;0,1818624268473483;0,010504467009127006;3,5629579745535995;0,05104254053687897;0,0026053409444589328;cenario_2_concentrado_societario;7;cenario_2_concentrado_societario_7_analistas
2027-09-09 09:00:00;Abraão;Direito digital;0,0;0,15519807333141483;0,009256481174413592;1,3421334816993569;0,11563534882902192;0,01337153389880958;cenario_2_concentrado_societario;7;cenario_2_concentrado_societario_7_analistas
2027-09-09 09:00:00;Abraão;Direito financeiro;13,100000000000001;0,3165786219005196;0,015274775822759776;2,020024899426579;0,15672015824675542;0,02456120800088806;cenario_2_concentrado_societario;7;cenario_2_concentrado_societario_7_analistas
2027-09-09 09:00:00;Abraão;Governança;0,0;0,15519807333141483;0,009256481174413592;1,6599602165668217;0,09349505595525659;0,008741325488076561;cenario_2_concentrado_societario;7;cenario_2_concentrado_societario_7_analistas
2027-09-09 09:00:00;Abraão;Propriedade intelectual;0,0;0,15519807333141483;0,009256481174413592;1,1780390993264833;0,1317427184039526;0,017356143852463153;cenario_2_concentrado_societario;7;cenario_2_concentrado_societario_7_analistas
2027-09-09 09:00:00;Abraão;Regulatório;0,0;0,15519807333141483;0,009256481174413592;1,844200531649524;0,08415466250440763;0,007082007221230752;cenario_2_concentrado_societario;7;cenario_2_concentrado_societario_7_analistas
2027-09-09 09:00:00;Abraão;Societário;74,0;0,9715294123099029;0,0019527969408634402;6,932404262857461;0,14014321373541033;0,019640120356088902;cenario_2_concentrado_societario;7;cenario_2_concentrado_societario_7_analistas
2027-09-09 09:00:00;Abraão;Trabalhista;0,0;0,15519807333141483;0,009256481174413592;1,226779942064506;0,1265084861676474;0,016004397072429833;cenario_2_concentrado_societario;7;cenario_2_concentrado_societario_7_analistas
2027-09-09 09:00:00;Abraão;Tributário;0,1;0,15612597639059406;0,009301596305599447;1,1512366790857969;0,1356158809277815;0,018391667159818215;cenario_2_concentrado_societario;7;cenario_2_concentrado_societario_7_analistas
2027-09-09 09:00:00;Adão;Concorrencial;0,0;0,15519807333141483;0,009256481174413592;1,8894876506477214;0,0821376489432003;0,006746593373916414;cenario_2_concentrado_societario;7;cenario_2_concentrado_societario_7_analistas
2027-09-09 09:00:00;Adão;Contencioso;0,0;0,15519807333141483;0,009256481174413592;1,4909119466033396;0,10409606931180197;0,01083599164616748;cenario_2_concentrado_societario;7;cenario_2_concentrado_societario_7_analistas
2027-09-09 09:00:00;Adão;Contratos;61,900000000000006;0,9355798484856076;0,004255075808883812;3,5629579745535995;0,26258514839845276;0,06895096015943745;cenario_2_concentrado_societario;7;cenario_2_concentrado_societario_7_analistas
2027-09-09 09:00:00;Adão;Direito digital;0,0;0,15519807333141483;0,009256481174413592;1,3421334816993569;0,11563534882902192;0,01337153389880958;cenario_2_concentrado_societario;7;cenario_2_concentrado_societario_7_analistas
2027-09-09 09:00:00;Adão;Direito financeiro;0,0;0,15519807333141483;0,009256481174413592;2,020024899426579;0,07682978233360918;0,005902815453429766;cenario_2_concentrado_societario;7;cenario_2_concentrado_societario_7_analistas
2027-09-09 09:00:00;Adão;Governança;0,0;0,15519807333141483;0,009256481174413592;1,6599602165668217;0,09349505595525659;0,008741325488076561;cenario_2_concentrado_societario;7;cenario_2_concentrado_societario_7_analistas
2027-09-09 09:00:00;Adão;Propriedade intelectual;0,0;0,15519807333141483;0,009256481174413592;1,1780390993264833;0,1317427184039526;0,017356143852463153;cenario_2_concentrado_societario;7;cenario_2_concentrado_societario_7_analistas
2027-09-09 09:00:00;Adão;Regulatório;0,0;0,15519807333141483;0,009256481174413592;1,844200531649524;0,08415466250440763;0,007082007221230752;cenario_2_concentrado_societario;7;cenario_2_concentrado_societario_7_analistas
2027-09-09 09:00:00;Adão;Societário;141,2;0,9997450836099905;1,7992509379639793e-05;6,932404262857461;0,14421332710881268;0,020797483715793406;cenario_2_concentrado_societario;7;cenario_2_concentrado_societario_7_analistas
2027-09-09 09:00:00;Adão;Trabalhista;0,0;0,15519807333141483;0,009256481174413592;1,226779942064506;0,1265084861676474;0,016004397072429833;cenario_2_concentrado_societario;7;cenario_2_concentrado_societario_7_analistas
2027-09-09 09:00:00;Adão;Tributário;0,0;0,15519807333141483;0,009256481174413592;1,1512366790857969;0,13480987545902243;0,018173702521277136;cenario_2_concentrado_societario;7;cenario_2_concentrado_societario_7_analistas
2027-09-09 09:00:00;Esaú;Concorrencial;68,4;0,9582992106592324;0,0028213054457441908;1,8894876506477214;0,5071741063407982;0,2572255741425873;cenario_2_concentrado_societario;7;cenario_2_concentrado_societario_7_analistas
2027-09-09 09:00:00;Esaú;Contencioso;0,0;0,15519807333141483;0,009256481174413592;1,4909119466033396;0,10409606931180197;0,01083599164616748;cenario_2_concentrado_societario;7;cenario_2_concentrado_societario_7_analistas
2027-09-09 09:00:00;Esaú;Contratos;111,00000000000001;0,9978544253913407;0,00015115256094901125;3,5629579745535995;0,2800634844749639;0,07843555533625833;cenario_2_concentrado_societario;7;cenario_2_concentrado_societario_7_analistas
2027-09-09 09:00:00;Esaú;Direito digital;0,0;0,15519807333141483;0,009256481174413592;1,3421334816993569;0,11563534882902192;0,01337153389880958;cenario_2_concentrado_societario;7;cenario_2_concentrado_societario_7_analistas
2027-09-09 09:00:00;Esaú;Direito financeiro;0,0;0,15519807333141483;0,009256481174413592;2,020024899426579;0,07682978233360918;0,005902815453429766;cenario_2_concentrado_societario;7;cenario_2_concentrado_societario_7_analistas
2027-09-09 09:00:00;Esaú;Governança;0,0;0,15519807333141483;0,009256481174413592;1,6599602165668217;0,09349505595525659;0,008741325488076561;cenario_2_concentrado_societario;7;cenario_2_concentrado_societario_7_analistas
2027-09-09 09:00:00;Esaú;Propriedade intelectual;0,0;0,15519807333141483;0,009256481174413592;1,1780390993264833;0,1317427184039526;0,017356143852463153;cenario_2_concentrado_societario;7;cenario_2_concentrado_societario_7_analistas
2027-09-09 09:00:00;Esaú;Regulatório;0,0;0,15519807333141483;0,009256481174413592;1,844200531649524;0,08415466250440763;0,007082007221230752;cenario_2_concentrado_societario;7;cenario_2_concentrado_societario_7_analistas
2027-09-09 09:00:00;Esaú;Societário;157,0;0,999916434814724;5,899209070785976e-06;6,932404262857461;0,144238044537029;0,020804613491865957;cenario_2_concentrado_societario;7;cenario_2_concentrado_societario_7_analistas
2027-09-09 09:00:00;Esaú;Trabalhista;11,700000000000001;0,2955915020760169;0,014700131917938146;1,226779942064506;0,24094908299411555;0,058056460595705184;cenario_2_concentrado_societario;7;cenario_2_concentrado_societario_7_analistas
2027-09-09 09:00:00;Esaú;Tributário;0,0;0,15519807333141483;0,009256481174413592;1,1512366790857969;0,13480987545902243;0,018173702521277136;cenario_2_concentrado_societario;7;cenario_2_concentrado_societario_7_analistas
2027-09-09 09:00:00;Caim;Concorrencial;0,0;0,15519807333141483;0,009256481174413592;1,8894876506477214;0,0821376489432003;0,006746593373916414;cenario_2_concentrado_societario;7;cenario_2_concentrado_societario_7_analistas
2027-09-09 09:00:00;Caim;Contencioso;0,0;0,15519807333141483;0,009256481174413592;1,4909119466033396;0,10409606931180197;0,01083599164616748;cenario_2_concentrado_societario;7;cenario_2_concentrado_societario_7_analistas
2027-09-09 09:00:00;Caim;Contratos;80,70000000000002;0,9820670538350584;0,001243361705839153;3,5629579745535995;0,2756325112024654;0,07597328123177721;cenario_2_concentrado_societario;7;cenario_2_concentrado_societario_7_analistas
2027-09-09 09:00:00;Caim;Direito digital;18,900000000000002;0,4109450417108678;0,017090086536930938;1,3421334816993569;0,30618790702586846;0,09375103440888187;cenario_2_concentrado_societario;7;cenario_2_concentrado_societario_7_analistas
2027-09-09 09:00:00;Caim;Direito financeiro;59,900000000000006;0,9265280078098057;0,0048060144138981605;2,020024899426579;0,45867157779729234;0,2103796162790576;cenario_2_concentrado_societario;7;cenario_2_concentrado_societario_7_analistas
2027-09-09 09:00:00;Caim;Governança;38,00000000000001;0,7287717765783327;0,013955041281428255;1,6599602165668217;0,4390296642684605;0,19274704610767715;cenario_2_concentrado_societario;7;cenario_2_concentrado_societario_7_analistas
2027-09-09 09:00:00;Caim;Propriedade intelectual;0,0;0,15519807333141483;0,009256481174413592;1,1780390993264833;0,1317427184039526;0,017356143852463153;cenario_2_concentrado_societario;7;cenario_2_concentrado_societario_7_analistas
2027-09-09 09:00:00;Caim;Regulatório;57,300000000000004;0,9130120916610349;0,005607123457209448;1,844200531649524;0,4950720249735541;0,2450963099114154;cenario_2_concentrado_societario;7;cenario_2_concentrado_societario_7_analistas
2027-09-09 09:00:00;Caim;Societário;390,5;0,99999999999421;4,087764793302064e-13;6,932404262857461;0,144250098822428;0,020808091010280246;cenario_2_concentrado_societario;7;cenario_2_concentrado_societario_7_analistas
2027-09-09 09:00:00;Caim;Trabalhista;0,0;0,15519807333141483;0,009256481174413592;1,226779942064506;0,1265084861676474;0,016004397072429833;cenario_2_concentrado_societario;7;cenario_2_concentrado_societario_7_analistas
2027-09-09 09:00:00;Caim;Tributário;0,0;0,15519807333141483;0,009256481174413592;1,1512366790857969;0,13480987545902243;0,018173702521277136;cenario_2_concentrado_societario;7;cenario_2_concentrado_societario_7_analistas
2027-09-09 09:00:00;Davi;Concorrencial;0,0;0,15519807333141483;0,009256481174413592;1,8894876506477214;0,0821376489432003;0,006746593373916414;cenario_2_concentrado_societario;7;cenario_2_concentrado_societario_7_analistas
2027-09-09 09:00:00;Davi;Contencioso;0,0;0,15519807333141483;0,009256481174413592;1,4909119466033396;0,10409606931180197;0,01083599164616748;cenario_2_concentrado_societario;7;cenario_2_concentrado_societario_7_analistas
2027-09-09 09:00:00;Davi;Contratos;0,0;0,15519807333141483;0,009256481174413592;3,5629579745535995;0,04355877179574634;0,0018973666003539067;cenario_2_concentrado_societario;7;cenario_2_concentrado_societario_7_analistas
2027-09-09 09:00:00;Davi;Direito digital;0,0;0,15519807333141483;0,009256481174413592;1,3421334816993569;0,11563534882902192;0,01337153389880958;cenario_2_concentrado_societario;7;cenario_2_concentrado_societario_7_analistas
2027-09-09 09:00:00;Davi;Direito financeiro;0,1;0,15612597639059406;0,009301596305599447;2,020024899426579;0,07728913462151545;0,005973610330542737;cenario_2_concentrado_societario;7;cenario_2_concentrado_societario_7_analistas
2027-09-09 09:00:00;Davi;Governança;0,0;0,15519807333141483;0,009256481174413592;1,6599602165668217;0,09349505595525659;0,008741325488076561;cenario_2_concentrado_societario;7;cenario_2_concentrado_societario_7_analistas
2027-09-09 09:00:00;Davi;Propriedade intelectual;0,0;0,15519807333141483;0,009256481174413592;1,1780390993264833;0,1317427184039526;0,017356143852463153;cenario_2_concentrado_societario;7;cenario_2_concentrado_societario_7_analistas
2027-09-09 09:00:00;Davi;Regulatório;0,0;0,15519807333141483;0,009256481174413592;1,844200531649524;0,08415466250440763;0,007082007221230752;cenario_2_concentrado_societario;7;cenario_2_concentrado_societario_7_analistas
2027-09-09 09:00:00;Davi;Societário;75,1;0,9736006032045489;0,001814594286286693;6,932404262857461;0,14044198322664486;0,019723950652633198;cenario_2_concentrado_societario;7;cenario_2_concentrado_societario_7_analistas
2027-09-09 09:00:00;Davi;Trabalhista;0,0;0,15519807333141483;0,009256481174413592;1,226779942064506;0,1265084861676474;0,016004397072429833;cenario_2_concentrado_societario;7;cenario_2_concentrado_societario_7_analistas
2027-09-09 09:00:00;Davi;Tributário;6,0;0,21912033603812855;0,012080126974710233;1,1512366790857969;0,19033474177710633;0,03622731392735774;cenario_2_concentrado_societario;7;cenario_2_concentrado_societario_7_analistas
2027-10-07 09:00:00;Jacó;Concorrencial;0,0;0,15519807333141483;0,009256481174413592;1,8894876506477214;0,0821376489432003;0,006746593373916414;cenario_2_concentrado_societario;7;cenario_2_concentrado_societario_7_analistas
2027-10-07 09:00:00;Jacó;Contencioso;27,400000000000002;0,5597235066148506;0,017398177054688387;1,4909119466033396;0,3754235841291882;0,14094286752040563;cenario_2_concentrado_societario;7;cenario_2_concentrado_societario_7_analistas
2027-10-07 09:00:00;Jacó;Contratos;0,0;0,15519807333141483;0,009256481174413592;3,5629579745535995;0,04355877179574634;0,0018973666003539067;cenario_2_concentrado_societario;7;cenario_2_concentrado_societario_7_analistas
2027-10-07 09:00:00;Jacó;Direito digital;0,0;0,15519807333141483;0,009256481174413592;1,3645178411453804;0,11373839802720431;0,012936423185794754;cenario_2_concentrado_societario;7;cenario_2_concentrado_societario_7_analistas
2027-10-07 09:00:00;Jacó;Direito financeiro;0,0;0,15519807333141483;0,009256481174413592;2,020024899426579;0,07682978233360918;0,005902815453429766;cenario_2_concentrado_societario;7;cenario_2_concentrado_societario_7_analistas
2027-10-07 09:00:00;Jacó;Governança;0,0;0,15519807333141483;0,009256481174413592;1,7071977449403313;0,09090808243589801;0,008264279452172028;cenario_2_concentrado_societario;7;cenario_2_concentrado_societario_7_analistas
2027-10-07 09:00:00;Jacó;Propriedade intelectual;0,0;0,15519807333141483;0,009256481174413592;1,1780390993264833;0,1317427184039526;0,017356143852463153;cenario_2_concentrado_societario;7;cenario_2_concentrado_societario_7_analistas
2027-10-07 09:00:00;Jacó;Regulatório;0,0;0,15519807333141483;0,009256481174413592;1,8659120211630214;0,08317545070248275;0,006918155599561138;cenario_2_concentrado_societario;7;cenario_2_concentrado_societario_7_analistas
2027-10-07 09:00:00;Jacó;Societário;91,3;0,9914342420300852;0,000599562434678282;6,932404262861789;0,14301448738951758;0,020453143603286483;cenario_2_concentrado_societario;7;cenario_2_concentrado_societario_7_analistas
2027-10-07 09:00:00;Jacó;Trabalhista;0,0;0,15519807333141483;0,009256481174413592;1,226779942064506;0,1265084861676474;0,016004397072429833;cenario_2_concentrado_societario;7;cenario_2_concentrado_societario_7_analistas
2027-10-07 09:00:00;Jacó;Tributário;0,0;0,15519807333141483;0,009256481174413592;1,1512366790857969;0,13480987545902243;0,018173702521277136;cenario_2_concentrado_societario;7;cenario_2_concentrado_societario_7_analistas
2027-10-07 09:00:00;Eva;Concorrencial;0,0;0,15519807333141483;0,009256481174413592;1,8894876506477214;0,0821376489432003;0,006746593373916414;cenario_2_concentrado_societario;7;cenario_2_concentrado_societario_7_analistas
2027-10-07 09:00:00;Eva;Contencioso;0,0;0,15519807333141483;0,009256481174413592;1,4909119466033396;0,10409606931180197;0,01083599164616748;cenario_2_concentrado_societario;7;cenario_2_concentrado_societario_7_analistas
2027-10-07 09:00:00;Eva;Contratos;0,0;0,15519807333141483;0,009256481174413592;3,5629579745535995;0,04355877179574634;0,0018973666003539067;cenario_2_concentrado_societario;7;cenario_2_concentrado_societario_7_analistas
2027-10-07 09:00:00;Eva;Direito digital;0,0;0,15519807333141483;0,009256481174413592;1,3645178411453804;0,11373839802720431;0,012936423185794754;cenario_2_concentrado_societario;7;cenario_2_concentrado_societario_7_analistas
2027-10-07 09:00:00;Eva;Direito financeiro;0,0;0,15519807333141483;0,009256481174413592;2,020024899426579;0,07682978233360918;0,005902815453429766;cenario_2_concentrado_societario;7;cenario_2_concentrado_societario_7_analistas
2027-10-07 09:00:00;Eva;Governança;0,0;0,15519807333141483;0,009256481174413592;1,7071977449403313;0,09090808243589801;0,008264279452172028;cenario_2_concentrado_societario;7;cenario_2_concentrado_societario_7_analistas
2027-10-07 09:00:00;Eva;Propriedade intelectual;8,200000000000001;0,24685065933799424;0,013125628039360857;1,1780390993264833;0,20954368957628436;0,04390855784124222;cenario_2_concentrado_societario;7;cenario_2_concentrado_societario_7_analistas
2027-10-07 09:00:00;Eva;Regulatório;0,0;0,15519807333141483;0,009256481174413592;1,8659120211630214;0,08317545070248275;0,006918155599561138;cenario_2_concentrado_societario;7;cenario_2_concentrado_societario_7_analistas
2027-10-07 09:00:00;Eva;Societário;102,80000000000001;0,9961784868939997;0,0002687677855368176;6,932404262861789;0,14369884517997855;0,020649358106059446;cenario_2_concentrado_societario;7;cenario_2_concentrado_societario_7_analistas
2027-10-07 09:00:00;Eva;Trabalhista;0,0;0,15519807333141483;0,009256481174413592;1,226779942064506;0,1265084861676474;0,016004397072429833;cenario_2_concentrado_societario;7;cenario_2_concentrado_societario_7_analistas
2027-10-07 09:00:00;Eva;Tributário;0,0;0,15519807333141483;0,009256481174413592;1,1512366790857969;0,13480987545902243;0,018173702521277136;cenario_2_concentrado_societario;7;cenario_2_concentrado_societario_7_analistas
2027-10-07 09:00:00;Abraão;Concorrencial;0,0;0,15519807333141483;0,009256481174413592;1,8894876506477214;0,0821376489432003;0,006746593373916414;cenario_2_concentrado_societario;7;cenario_2_concentrado_societario_7_analistas
2027-10-07 09:00:00;Abraão;Contencioso;0,0;0,15519807333141483;0,009256481174413592;1,4909119466033396;0,10409606931180197;0,01083599164616748;cenario_2_concentrado_societario;7;cenario_2_concentrado_societario_7_analistas
2027-10-07 09:00:00;Abraão;Contratos;2,7000000000000006;0,1818624268473483;0,010504467009127006;3,5629579745535995;0,05104254053687897;0,0026053409444589328;cenario_2_concentrado_societario;7;cenario_2_concentrado_societario_7_analistas
2027-10-07 09:00:00;Abraão;Direito digital;0,0;0,15519807333141483;0,009256481174413592;1,3645178411453804;0,11373839802720431;0,012936423185794754;cenario_2_concentrado_societario;7;cenario_2_concentrado_societario_7_analistas
2027-10-07 09:00:00;Abraão;Direito financeiro;13,100000000000001;0,3165786219005196;0,015274775822759776;2,020024899426579;0,15672015824675542;0,02456120800088806;cenario_2_concentrado_societario;7;cenario_2_concentrado_societario_7_analistas
2027-10-07 09:00:00;Abraão;Governança;0,0;0,15519807333141483;0,009256481174413592;1,7071977449403313;0,09090808243589801;0,008264279452172028;cenario_2_concentrado_societario;7;cenario_2_concentrado_societario_7_analistas
2027-10-07 09:00:00;Abraão;Propriedade intelectual;0,0;0,15519807333141483;0,009256481174413592;1,1780390993264833;0,1317427184039526;0,017356143852463153;cenario_2_concentrado_societario;7;cenario_2_concentrado_societario_7_analistas
2027-10-07 09:00:00;Abraão;Regulatório;0,0;0,15519807333141483;0,009256481174413592;1,8659120211630214;0,08317545070248275;0,006918155599561138;cenario_2_concentrado_societario;7;cenario_2_concentrado_societario_7_analistas
2027-10-07 09:00:00;Abraão;Societário;74,0;0,9715294123099029;0,0019527969408634402;6,932404262861789;0,14014321373532285;0,019640120356064383;cenario_2_concentrado_societario;7;cenario_2_concentrado_societario_7_analistas
2027-10-07 09:00:00;Abraão;Trabalhista;0,0;0,15519807333141483;0,009256481174413592;1,226779942064506;0,1265084861676474;0,016004397072429833;cenario_2_concentrado_societario;7;cenario_2_concentrado_societario_7_analistas
2027-10-07 09:00:00;Abraão;Tributário;0,1;0,15612597639059406;0,009301596305599447;1,1512366790857969;0,1356158809277815;0,018391667159818215;cenario_2_concentrado_societario;7;cenario_2_concentrado_societario_7_analistas
2027-10-07 09:00:00;Adão;Concorrencial;0,0;0,15519807333141483;0,009256481174413592;1,8894876506477214;0,0821376489432003;0,006746593373916414;cenario_2_concentrado_societario;7;cenario_2_concentrado_societario_7_analistas
2027-10-07 09:00:00;Adão;Contencioso;0,0;0,15519807333141483;0,009256481174413592;1,4909119466033396;0,10409606931180197;0,01083599164616748;cenario_2_concentrado_societario;7;cenario_2_concentrado_societario_7_analistas
2027-10-07 09:00:00;Adão;Contratos;61,900000000000006;0,9355798484856076;0,004255075808883812;3,5629579745535995;0,26258514839845276;0,06895096015943745;cenario_2_concentrado_societario;7;cenario_2_concentrado_societario_7_analistas
2027-10-07 09:00:00;Adão;Direito digital;0,0;0,15519807333141483;0,009256481174413592;1,3645178411453804;0,11373839802720431;0,012936423185794754;cenario_2_concentrado_societario;7;cenario_2_concentrado_societario_7_analistas
2027-10-07 09:00:00;Adão;Direito financeiro;0,0;0,15519807333141483;0,009256481174413592;2,020024899426579;0,07682978233360918;0,005902815453429766;cenario_2_concentrado_societario;7;cenario_2_concentrado_societario_7_analistas
2027-10-07 09:00:00;Adão;Governança;0,0;0,15519807333141483;0,009256481174413592;1,7071977449403313;0,09090808243589801;0,008264279452172028;cenario_2_concentrado_societario;7;cenario_2_concentrado_societario_7_analistas
2027-10-07 09:00:00;Adão;Propriedade intelectual;0,0;0,15519807333141483;0,009256481174413592;1,1780390993264833;0,1317427184039526;0,017356143852463153;cenario_2_concentrado_societario;7;cenario_2_concentrado_societario_7_analistas
2027-10-07 09:00:00;Adão;Regulatório;0,0;0,15519807333141483;0,009256481174413592;1,8659120211630214;0,08317545070248275;0,006918155599561138;cenario_2_concentrado_societario;7;cenario_2_concentrado_societario_7_analistas
2027-10-07 09:00:00;Adão;Societário;141,2;0,9997450836099905;1,7992509379639793e-05;6,932404262861789;0,14421332710872264;0,020797483715767437;cenario_2_concentrado_societario;7;cenario_2_concentrado_societario_7_analistas
2027-10-07 09:00:00;Adão;Trabalhista;0,0;0,15519807333141483;0,009256481174413592;1,226779942064506;0,1265084861676474;0,016004397072429833;cenario_2_concentrado_societario;7;cenario_2_concentrado_societario_7_analistas
2027-10-07 09:00:00;Adão;Tributário;0,0;0,15519807333141483;0,009256481174413592;1,1512366790857969;0,13480987545902243;0,018173702521277136;cenario_2_concentrado_societario;7;cenario_2_concentrado_societario_7_analistas
2027-10-07 09:00:00;Esaú;Concorrencial;68,4;0,9582992106592324;0,0028213054457441908;1,8894876506477214;0,5071741063407982;0,2572255741425873;cenario_2_concentrado_societario;7;cenario_2_concentrado_societario_7_analistas
2027-10-07 09:00:00;Esaú;Contencioso;0,0;0,15519807333141483;0,009256481174413592;1,4909119466033396;0,10409606931180197;0,01083599164616748;cenario_2_concentrado_societario;7;cenario_2_concentrado_societario_7_analistas
2027-10-07 09:00:00;Esaú;Contratos;111,00000000000001;0,9978544253913407;0,00015115256094901125;3,5629579745535995;0,2800634844749639;0,07843555533625833;cenario_2_concentrado_societario;7;cenario_2_concentrado_societario_7_analistas
2027-10-07 09:00:00;Esaú;Direito digital;0,0;0,15519807333141483;0,009256481174413592;1,3645178411453804;0,11373839802720431;0,012936423185794754;cenario_2_concentrado_societario;7;cenario_2_concentrado_societario_7_analistas
2027-10-07 09:00:00;Esaú;Direito financeiro;0,0;0,15519807333141483;0,009256481174413592;2,020024899426579;0,07682978233360918;0,005902815453429766;cenario_2_concentrado_societario;7;cenario_2_concentrado_societario_7_analistas
2027-10-07 09:00:00;Esaú;Governança;0,0;0,15519807333141483;0,009256481174413592;1,7071977449403313;0,09090808243589801;0,008264279452172028;cenario_2_concentrado_societario;7;cenario_2_concentrado_societario_7_analistas
2027-10-07 09:00:00;Esaú;Propriedade intelectual;0,0;0,15519807333141483;0,009256481174413592;1,1780390993264833;0,1317427184039526;0,017356143852463153;cenario_2_concentrado_societario;7;cenario_2_concentrado_societario_7_analistas
2027-10-07 09:00:00;Esaú;Regulatório;0,0;0,15519807333141483;0,009256481174413592;1,8659120211630214;0,08317545070248275;0,006918155599561138;cenario_2_concentrado_societario;7;cenario_2_concentrado_societario_7_analistas
2027-10-07 09:00:00;Esaú;Societário;157,0;0,999916434814724;5,899209070785976e-06;6,932404262861789;0,14423804453693892;0,020804613491839975;cenario_2_concentrado_societario;7;cenario_2_concentrado_societario_7_analistas
2027-10-07 09:00:00;Esaú;Trabalhista;11,700000000000001;0,2955915020760169;0,014700131917938146;1,226779942064506;0,24094908299411555;0,058056460595705184;cenario_2_concentrado_societario;7;cenario_2_concentrado_societario_7_analistas
2027-10-07 09:00:00;Esaú;Tributário;0,0;0,15519807333141483;0,009256481174413592;1,1512366790857969;0,13480987545902243;0,018173702521277136;cenario_2_concentrado_societario;7;cenario_2_concentrado_societario_7_analistas
2027-10-07 09:00:00;Caim;Concorrencial;0,0;0,15519807333141483;0,009256481174413592;1,8894876506477214;0,0821376489432003;0,006746593373916414;cenario_2_concentrado_societario;7;cenario_2_concentrado_societario_7_analistas
2027-10-07 09:00:00;Caim;Contencioso;0,0;0,15519807333141483;0,009256481174413592;1,4909119466033396;0,10409606931180197;0,01083599164616748;cenario_2_concentrado_societario;7;cenario_2_concentrado_societario_7_analistas
2027-10-07 09:00:00;Caim;Contratos;80,70000000000002;0,9820670538350584;0,001243361705839153;3,5629579745535995;0,2756325112024654;0,07597328123177721;cenario_2_concentrado_societario;7;cenario_2_concentrado_societario_7_analistas
2027-10-07 09:00:00;Caim;Direito digital;20,200000000000003;0,4333294011568915;0,01733618520624303;1,3645178411453804;0,3175696118367741;0,10085045836215939;cenario_2_concentrado_societario;7;cenario_2_concentrado_societario_7_analistas
2027-10-07 09:00:00;Caim;Direito financeiro;59,900000000000006;0,9265280078098057;0,0048060144138981605;2,020024899426579;0,45867157779729234;0,2103796162790576;cenario_2_concentrado_societario;7;cenario_2_concentrado_societario_7_analistas
2027-10-07 09:00:00;Caim;Governança;41,60000000000001;0,7760093049518423;0,012271611768748065;1,7071977449403313;0,4545515053846119;0,2066170710474169;cenario_2_concentrado_societario;7;cenario_2_concentrado_societario_7_analistas
2027-10-07 09:00:00;Caim;Propriedade intelectual;0,0;0,15519807333141483;0,009256481174413592;1,1780390993264833;0,1317427184039526;0,017356143852463153;cenario_2_concentrado_societario;7;cenario_2_concentrado_societario_7_analistas
2027-10-07 09:00:00;Caim;Regulatório;61,7;0,9347235811745322;0,004307687802737764;1,8659120211630214;0,5009472957851034;0,2509481931544079;cenario_2_concentrado_societario;7;cenario_2_concentrado_societario_7_analistas
2027-10-07 09:00:00;Caim;Societário;410,0;0,9999999999985385;1,0318172982677806e-13;6,932404262861789;0,14425009882296233;0,020808091010434397;cenario_2_concentrado_societario;7;cenario_2_concentrado_societario_7_analistas
2027-10-07 09:00:00;Caim;Trabalhista;0,0;0,15519807333141483;0,009256481174413592;1,226779942064506;0,1265084861676474;0,016004397072429833;cenario_2_concentrado_societario;7;cenario_2_concentrado_societario_7_analistas
2027-10-07 09:00:00;Caim;Tributário;0,0;0,15519807333141483;0,009256481174413592;1,1512366790857969;0,13480987545902243;0,018173702521277136;cenario_2_concentrado_societario;7;cenario_2_concentrado_societario_7_analistas
2027-10-07 09:00:00;Davi;Concorrencial;0,0;0,15519807333141483;0,009256481174413592;1,8894876506477214;0,0821376489432003;0,006746593373916414;cenario_2_concentrado_societario;7;cenario_2_concentrado_societario_7_analistas
2027-10-07 09:00:00;Davi;Contencioso;0,0;0,15519807333141483;0,009256481174413592;1,4909119466033396;0,10409606931180197;0,01083599164616748;cenario_2_concentrado_societario;7;cenario_2_concentrado_societario_7_analistas
2027-10-07 09:00:00;Davi;Contratos;0,0;0,15519807333141483;0,009256481174413592;3,5629579745535995;0,04355877179574634;0,0018973666003539067;cenario_2_concentrado_societario;7;cenario_2_concentrado_societario_7_analistas
2027-10-07 09:00:00;Davi;Direito digital;0,0;0,15519807333141483;0,009256481174413592;1,3645178411453804;0,11373839802720431;0,012936423185794754;cenario_2_concentrado_societario;7;cenario_2_concentrado_societario_7_analistas
2027-10-07 09:00:00;Davi;Direito financeiro;0,1;0,15612597639059406;0,009301596305599447;2,020024899426579;0,07728913462151545;0,005973610330542737;cenario_2_concentrado_societario;7;cenario_2_concentrado_societario_7_analistas
2027-10-07 09:00:00;Davi;Governança;0,0;0,15519807333141483;0,009256481174413592;1,7071977449403313;0,09090808243589801;0,008264279452172028;cenario_2_concentrado_societario;7;cenario_2_concentrado_societario_7_analistas
2027-10-07 09:00:00;Davi;Propriedade intelectual;0,0;0,15519807333141483;0,009256481174413592;1,1780390993264833;0,1317427184039526;0,017356143852463153;cenario_2_concentrado_societario;7;cenario_2_concentrado_societario_7_analistas
2027-10-07 09:00:00;Davi;Regulatório;0,0;0,15519807333141483;0,009256481174413592;1,8659120211630214;0,08317545070248275;0,006918155599561138;cenario_2_concentrado_societario;7;cenario_2_concentrado_societario_7_analistas
2027-10-07 09:00:00;Davi;Societário;75,1;0,9736006032045489;0,001814594286286693;6,932404262861789;0,14044198322655718;0,01972395065260857;cenario_2_concentrado_societario;7;cenario_2_concentrado_societario_7_analistas
2027-10-07 09:00:00;Davi;Trabalhista;0,0;0,15519807333141483;0,009256481174413592;1,226779942064506;0,1265084861676474;0,016004397072429833;cenario_2_concentrado_societario;7;cenario_2_concentrado_societario_7_analistas
2027-10-07 09:00:00;Davi;Tributário;6,0;0,21912033603812855;0,012080126974710233;1,1512366790857969;0,19033474177710633;0,03622731392735774;cenario_2_concentrado_societario;7;cenario_2_concentrado_societario_7_analistas
2027-11-04 09:00:00;Jacó;Concorrencial;0,0;0,15519807333141483;0,009256481174413592;1,8894876506477214;0,0821376489432003;0,006746593373916414;cenario_2_concentrado_societario;7;cenario_2_concentrado_societario_7_analistas
2027-11-04 09:00:00;Jacó;Contencioso;27,400000000000002;0,5597235066148506;0,017398177054688387;1,4909119466033396;0,3754235841291882;0,14094286752040563;cenario_2_concentrado_societario;7;cenario_2_concentrado_societario_7_analistas
2027-11-04 09:00:00;Jacó;Contratos;0,0;0,15519807333141483;0,009256481174413592;3,5629579745535995;0,04355877179574634;0,0018973666003539067;cenario_2_concentrado_societario;7;cenario_2_concentrado_societario_7_analistas
2027-11-04 09:00:00;Jacó;Direito digital;0,0;0,15519807333141483;0,009256481174413592;1,3645178411453804;0,11373839802720431;0,012936423185794754;cenario_2_concentrado_societario;7;cenario_2_concentrado_societario_7_analistas
2027-11-04 09:00:00;Jacó;Direito financeiro;0,0;0,15519807333141483;0,009256481174413592;2,020024899426579;0,07682978233360918;0,005902815453429766;cenario_2_concentrado_societario;7;cenario_2_concentrado_societario_7_analistas
2027-11-04 09:00:00;Jacó;Governança;0,0;0,15519807333141483;0,009256481174413592;1,7071977449403313;0,09090808243589801;0,008264279452172028;cenario_2_concentrado_societario;7;cenario_2_concentrado_societario_7_analistas
2027-11-04 09:00:00;Jacó;Propriedade intelectual;0,0;0,15519807333141483;0,009256481174413592;1,1780390993264833;0,1317427184039526;0,017356143852463153;cenario_2_concentrado_societario;7;cenario_2_concentrado_societario_7_analistas
2027-11-04 09:00:00;Jacó;Regulatório;0,0;0,15519807333141483;0,009256481174413592;1,8663414701169179;0,08315631186274416;0,006914972202613966;cenario_2_concentrado_societario;7;cenario_2_concentrado_societario_7_analistas
2027-11-04 09:00:00;Jacó;Societário;91,3;0,9914342420300852;0,000599562434678282;6,932404262863141;0,1430144873894897;0,020453143603278504;cenario_2_concentrado_societario;7;cenario_2_concentrado_societario_7_analistas
2027-11-04 09:00:00;Jacó;Trabalhista;0,0;0,15519807333141483;0,009256481174413592;1,226779942064506;0,1265084861676474;0,016004397072429833;cenario_2_concentrado_societario;7;cenario_2_concentrado_societario_7_analistas
2027-11-04 09:00:00;Jacó;Tributário;0,0;0,15519807333141483;0,009256481174413592;1,1512366790857969;0,13480987545902243;0,018173702521277136;cenario_2_concentrado_societario;7;cenario_2_concentrado_societario_7_analistas
2027-11-04 09:00:00;Eva;Concorrencial;0,0;0,15519807333141483;0,009256481174413592;1,8894876506477214;0,0821376489432003;0,006746593373916414;cenario_2_concentrado_societario;7;cenario_2_concentrado_societario_7_analistas
2027-11-04 09:00:00;Eva;Contencioso;0,0;0,15519807333141483;0,009256481174413592;1,4909119466033396;0,10409606931180197;0,01083599164616748;cenario_2_concentrado_societario;7;cenario_2_concentrado_societario_7_analistas
2027-11-04 09:00:00;Eva;Contratos;0,0;0,15519807333141483;0,009256481174413592;3,5629579745535995;0,04355877179574634;0,0018973666003539067;cenario_2_concentrado_societario;7;cenario_2_concentrado_societario_7_analistas
2027-11-04 09:00:00;Eva;Direito digital;0,0;0,15519807333141483;0,009256481174413592;1,3645178411453804;0,11373839802720431;0,012936423185794754;cenario_2_concentrado_societario;7;cenario_2_concentrado_societario_7_analistas
2027-11-04 09:00:00;Eva;Direito financeiro;0,0;0,15519807333141483;0,009256481174413592;2,020024899426579;0,07682978233360918;0,005902815453429766;cenario_2_concentrado_societario;7;cenario_2_concentrado_societario_7_analistas
2027-11-04 09:00:00;Eva;Governança;0,0;0,15519807333141483;0,009256481174413592;1,7071977449403313;0,09090808243589801;0,008264279452172028;cenario_2_concentrado_societario;7;cenario_2_concentrado_societario_7_analistas
2027-11-04 09:00:00;Eva;Propriedade intelectual;8,200000000000001;0,24685065933799424;0,013125628039360857;1,1780390993264833;0,20954368957628436;0,04390855784124222;cenario_2_concentrado_societario;7;cenario_2_concentrado_societario_7_analistas
2027-11-04 09:00:00;Eva;Regulatório;0,0;0,15519807333141483;0,009256481174413592;1,8663414701169179;0,08315631186274416;0,006914972202613966;cenario_2_concentrado_societario;7;cenario_2_concentrado_societario_7_analistas
2027-11-04 09:00:00;Eva;Societário;102,80000000000001;0,9961784868939997;0,0002687677855368176;6,932404262863141;0,14369884517995055;0,020649358106051396;cenario_2_concentrado_societario;7;cenario_2_concentrado_societario_7_analistas
2027-11-04 09:00:00;Eva;Trabalhista;0,0;0,15519807333141483;0,009256481174413592;1,226779942064506;0,1265084861676474;0,016004397072429833;cenario_2_concentrado_societario;7;cenario_2_concentrado_societario_7_analistas
2027-11-04 09:00:00;Eva;Tributário;0,0;0,15519807333141483;0,009256481174413592;1,1512366790857969;0,13480987545902243;0,018173702521277136;cenario_2_concentrado_societario;7;cenario_2_concentrado_societario_7_analistas
2027-11-04 09:00:00;Abraão;Concorrencial;0,0;0,15519807333141483;0,009256481174413592;1,8894876506477214;0,0821376489432003;0,006746593373916414;cenario_2_concentrado_societario;7;cenario_2_concentrado_societario_7_analistas
2027-11-04 09:00:00;Abraão;Contencioso;0,0;0,15519807333141483;0,009256481174413592;1,4909119466033396;0,10409606931180197;0,01083599164616748;cenario_2_concentrado_societario;7;cenario_2_concentrado_societario_7_analistas
2027-11-04 09:00:00;Abraão;Contratos;2,7000000000000006;0,1818624268473483;0,010504467009127006;3,5629579745535995;0,05104254053687897;0,0026053409444589328;cenario_2_concentrado_societario;7;cenario_2_concentrado_societario_7_analistas
2027-11-04 09:00:00;Abraão;Direito digital;0,0;0,15519807333141483;0,009256481174413592;1,3645178411453804;0,11373839802720431;0,012936423185794754;cenario_2_concentrado_societario;7;cenario_2_concentrado_societario_7_analistas
2027-11-04 09:00:00;Abraão;Direito financeiro;13,100000000000001;0,3165786219005196;0,015274775822759776;2,020024899426579;0,15672015824675542;0,02456120800088806;cenario_2_concentrado_societario;7;cenario_2_concentrado_societario_7_analistas
2027-11-04 09:00:00;Abraão;Governança;0,0;0,15519807333141483;0,009256481174413592;1,7071977449403313;0,09090808243589801;0,008264279452172028;cenario_2_concentrado_societario;7;cenario_2_concentrado_societario_7_analistas
2027-11-04 09:00:00;Abraão;Propriedade intelectual;0,0;0,15519807333141483;0,009256481174413592;1,1780390993264833;0,1317427184039526;0,017356143852463153;cenario_2_concentrado_societario;7;cenario_2_concentrado_societario_7_analistas
2027-11-04 09:00:00;Abraão;Regulatório;0,0;0,15519807333141483;0,009256481174413592;1,8663414701169179;0,08315631186274416;0,006914972202613966;cenario_2_concentrado_societario;7;cenario_2_concentrado_societario_7_analistas
2027-11-04 09:00:00;Abraão;Societário;74,0;0,9715294123099029;0,0019527969408634402;6,932404262863141;0,1401432137352955;0,01964012035605672;cenario_2_concentrado_societario;7;cenario_2_concentrado_societario_7_analistas
2027-11-04 09:00:00;Abraão;Trabalhista;0,0;0,15519807333141483;0,009256481174413592;1,226779942064506;0,1265084861676474;0,016004397072429833;cenario_2_concentrado_societario;7;cenario_2_concentrado_societario_7_analistas
2027-11-04 09:00:00;Abraão;Tributário;0,1;0,15612597639059406;0,009301596305599447;1,1512366790857969;0,1356158809277815;0,018391667159818215;cenario_2_concentrado_societario;7;cenario_2_concentrado_societario_7_analistas
2027-11-04 09:00:00;Adão;Concorrencial;0,0;0,15519807333141483;0,009256481174413592;1,8894876506477214;0,0821376489432003;0,006746593373916414;cenario_2_concentrado_societario;7;cenario_2_concentrado_societario_7_analistas
2027-11-04 09:00:00;Adão;Contencioso;0,0;0,15519807333141483;0,009256481174413592;1,4909119466033396;0,10409606931180197;0,01083599164616748;cenario_2_concentrado_societario;7;cenario_2_concentrado_societario_7_analistas
2027-11-04 09:00:00;Adão;Contratos;61,900000000000006;0,9355798484856076;0,004255075808883812;3,5629579745535995;0,26258514839845276;0,06895096015943745;cenario_2_concentrado_societario;7;cenario_2_concentrado_societario_7_analistas
2027-11-04 09:00:00;Adão;Direito digital;0,0;0,15519807333141483;0,009256481174413592;1,3645178411453804;0,11373839802720431;0,012936423185794754;cenario_2_concentrado_societario;7;cenario_2_concentrado_societario_7_analistas
2027-11-04 09:00:00;Adão;Direito financeiro;0,0;0,15519807333141483;0,009256481174413592;2,020024899426579;0,07682978233360918;0,005902815453429766;cenario_2_concentrado_societario;7;cenario_2_concentrado_societario_7_analistas
2027-11-04 09:00:00;Adão;Governança;0,0;0,15519807333141483;0,009256481174413592;1,7071977449403313;0,09090808243589801;0,008264279452172028;cenario_2_concentrado_societario;7;cenario_2_concentrado_societario_7_analistas
2027-11-04 09:00:00;Adão;Propriedade intelectual;0,0;0,15519807333141483;0,009256481174413592;1,1780390993264833;0,1317427184039526;0,017356143852463153;cenario_2_concentrado_societario;7;cenario_2_concentrado_societario_7_analistas
2027-11-04 09:00:00;Adão;Regulatório;0,0;0,15519807333141483;0,009256481174413592;1,8663414701169179;0,08315631186274416;0,006914972202613966;cenario_2_concentrado_societario;7;cenario_2_concentrado_societario_7_analistas
2027-11-04 09:00:00;Adão;Societário;141,2;0,9997450836099905;1,7992509379639793e-05;6,932404262863141;0,14421332710869453;0,02079748371575933;cenario_2_concentrado_societario;7;cenario_2_concentrado_societario_7_analistas
2027-11-04 09:00:00;Adão;Trabalhista;0,0;0,15519807333141483;0,009256481174413592;1,226779942064506;0,1265084861676474;0,016004397072429833;cenario_2_concentrado_societario;7;cenario_2_concentrado_societario_7_analistas
2027-11-04 09:00:00;Adão;Tributário;0,0;0,15519807333141483;0,009256481174413592;1,1512366790857969;0,13480987545902243;0,018173702521277136;cenario_2_concentrado_societario;7;cenario_2_concentrado_societario_7_analistas
2027-11-04 09:00:00;Esaú;Concorrencial;68,4;0,9582992106592324;0,0028213054457441908;1,8894876506477214;0,5071741063407982;0,2572255741425873;cenario_2_concentrado_societario;7;cenario_2_concentrado_societario_7_analistas
2027-11-04 09:00:00;Esaú;Contencioso;0,0;0,15519807333141483;0,009256481174413592;1,4909119466033396;0,10409606931180197;0,01083599164616748;cenario_2_concentrado_societario;7;cenario_2_concentrado_societario_7_analistas
2027-11-04 09:00:00;Esaú;Contratos;111,00000000000001;0,9978544253913407;0,00015115256094901125;3,5629579745535995;0,2800634844749639;0,07843555533625833;cenario_2_concentrado_societario;7;cenario_2_concentrado_societario_7_analistas
2027-11-04 09:00:00;Esaú;Direito digital;0,0;0,15519807333141483;0,009256481174413592;1,3645178411453804;0,11373839802720431;0,012936423185794754;cenario_2_concentrado_societario;7;cenario_2_concentrado_societario_7_analistas
2027-11-04 09:00:00;Esaú;Direito financeiro;0,0;0,15519807333141483;0,009256481174413592;2,020024899426579;0,07682978233360918;0,005902815453429766;cenario_2_concentrado_societario;7;cenario_2_concentrado_societario_7_analistas
2027-11-04 09:00:00;Esaú;Governança;0,0;0,15519807333141483;0,009256481174413592;1,7071977449403313;0,09090808243589801;0,008264279452172028;cenario_2_concentrado_societario;7;cenario_2_concentrado_societario_7_analistas
2027-11-04 09:00:00;Esaú;Propriedade intelectual;0,0;0,15519807333141483;0,009256481174413592;1,1780390993264833;0,1317427184039526;0,017356143852463153;cenario_2_concentrado_societario;7;cenario_2_concentrado_societario_7_analistas
2027-11-04 09:00:00;Esaú;Regulatório;0,0;0,15519807333141483;0,009256481174413592;1,8663414701169179;0,08315631186274416;0,006914972202613966;cenario_2_concentrado_societario;7;cenario_2_concentrado_societario_7_analistas
2027-11-04 09:00:00;Esaú;Societário;157,0;0,999916434814724;5,899209070785976e-06;6,932404262863141;0,1442380445369108;0,020804613491831863;cenario_2_concentrado_societario;7;cenario_2_concentrado_societario_7_analistas
2027-11-04 09:00:00;Esaú;Trabalhista;11,700000000000001;0,2955915020760169;0,014700131917938146;1,226779942064506;0,24094908299411555;0,058056460595705184;cenario_2_concentrado_societario;7;cenario_2_concentrado_societario_7_analistas
2027-11-04 09:00:00;Esaú;Tributário;0,0;0,15519807333141483;0,009256481174413592;1,1512366790857969;0,13480987545902243;0,018173702521277136;cenario_2_concentrado_societario;7;cenario_2_concentrado_societario_7_analistas
2027-11-04 09:00:00;Caim;Concorrencial;0,0;0,15519807333141483;0,009256481174413592;1,8894876506477214;0,0821376489432003;0,006746593373916414;cenario_2_concentrado_societario;7;cenario_2_concentrado_societario_7_analistas
2027-11-04 09:00:00;Caim;Contencioso;0,0;0,15519807333141483;0,009256481174413592;1,4909119466033396;0,10409606931180197;0,01083599164616748;cenario_2_concentrado_societario;7;cenario_2_concentrado_societario_7_analistas
2027-11-04 09:00:00;Caim;Contratos;80,70000000000002;0,9820670538350584;0,001243361705839153;3,5629579745535995;0,2756325112024654;0,07597328123177721;cenario_2_concentrado_societario;7;cenario_2_concentrado_societario_7_analistas
2027-11-04 09:00:00;Caim;Direito digital;20,200000000000003;0,4333294011568915;0,01733618520624303;1,3645178411453804;0,3175696118367741;0,10085045836215939;cenario_2_concentrado_societario;7;cenario_2_concentrado_societario_7_analistas
2027-11-04 09:00:00;Caim;Direito financeiro;59,900000000000006;0,9265280078098057;0,0048060144138981605;2,020024899426579;0,45867157779729234;0,2103796162790576;cenario_2_concentrado_societario;7;cenario_2_concentrado_societario_7_analistas
2027-11-04 09:00:00;Caim;Governança;41,60000000000001;0,7760093049518423;0,012271611768748065;1,7071977449403313;0,4545515053846119;0,2066170710474169;cenario_2_concentrado_societario;7;cenario_2_concentrado_societario_7_analistas
2027-11-04 09:00:00;Caim;Propriedade intelectual;0,0;0,15519807333141483;0,009256481174413592;1,1780390993264833;0,1317427184039526;0,017356143852463153;cenario_2_concentrado_societario;7;cenario_2_concentrado_societario_7_analistas
2027-11-04 09:00:00;Caim;Regulatório;61,800000000000004;0,9351530301284288;0,0042813139301253016;1,8663414701169179;0,501062128823535;0,25106325694117276;cenario_2_concentrado_societario;7;cenario_2_concentrado_societario_7_analistas
2027-11-04 09:00:00;Caim;Societário;446,6;0,9999999999998896;7,791145506529624e-15;6,932404262863141;0,1442500988231291;0,020808091010482515;cenario_2_concentrado_societario;7;cenario_2_concentrado_societario_7_analistas
2027-11-04 09:00:00;Caim;Trabalhista;0,0;0,15519807333141483;0,009256481174413592;1,226779942064506;0,1265084861676474;0,016004397072429833;cenario_2_concentrado_societario;7;cenario_2_concentrado_societario_7_analistas
2027-11-04 09:00:00;Caim;Tributário;0,0;0,15519807333141483;0,009256481174413592;1,1512366790857969;0,13480987545902243;0,018173702521277136;cenario_2_concentrado_societario;7;cenario_2_concentrado_societario_7_analistas
2027-11-04 09:00:00;Davi;Concorrencial;0,0;0,15519807333141483;0,009256481174413592;1,8894876506477214;0,0821376489432003;0,006746593373916414;cenario_2_concentrado_societario;7;cenario_2_concentrado_societario_7_analistas
2027-11-04 09:00:00;Davi;Contencioso;0,0;0,15519807333141483;0,009256481174413592;1,4909119466033396;0,10409606931180197;0,01083599164616748;cenario_2_concentrado_societario;7;cenario_2_concentrado_societario_7_analistas
2027-11-04 09:00:00;Davi;Contratos;0,0;0,15519807333141483;0,009256481174413592;3,5629579745535995;0,04355877179574634;0,0018973666003539067;cenario_2_concentrado_societario;7;cenario_2_concentrado_societario_7_analistas
2027-11-04 09:00:00;Davi;Direito digital;0,0;0,15519807333141483;0,009256481174413592;1,3645178411453804;0,11373839802720431;0,012936423185794754;cenario_2_concentrado_societario;7;cenario_2_concentrado_societario_7_analistas
2027-11-04 09:00:00;Davi;Direito financeiro;0,1;0,15612597639059406;0,009301596305599447;2,020024899426579;0,07728913462151545;0,005973610330542737;cenario_2_concentrado_societario;7;cenario_2_concentrado_societario_7_analistas
2027-11-04 09:00:00;Davi;Governança;0,0;0,15519807333141483;0,009256481174413592;1,7071977449403313;0,09090808243589801;0,008264279452172028;cenario_2_concentrado_societario;7;cenario_2_concentrado_societario_7_analistas
2027-11-04 09:00:00;Davi;Propriedade intelectual;0,0;0,15519807333141483;0,009256481174413592;1,1780390993264833;0,1317427184039526;0,017356143852463153;cenario_2_concentrado_societario;7;cenario_2_concentrado_societario_7_analistas
2027-11-04 09:00:00;Davi;Regulatório;0,0;0,15519807333141483;0,009256481174413592;1,8663414701169179;0,08315631186274416;0,006914972202613966;cenario_2_concentrado_societario;7;cenario_2_concentrado_societario_7_analistas
2027-11-04 09:00:00;Davi;Societário;75,1;0,9736006032045489;0,001814594286286693;6,932404262863141;0,1404419832265298;0,019723950652600873;cenario_2_concentrado_societario;7;cenario_2_concentrado_societario_7_analistas
2027-11-04 09:00:00;Davi;Trabalhista;0,0;0,15519807333141483;0,009256481174413592;1,226779942064506;0,1265084861676474;0,016004397072429833;cenario_2_concentrado_societario;7;cenario_2_concentrado_societario_7_analistas
2027-11-04 09:00:00;Davi;Tributário;6,0;0,21912033603812855;0,012080126974710233;1,1512366790857969;0,19033474177710633;0,03622731392735774;cenario_2_concentrado_societario;7;cenario_2_concentrado_societario_7_analistas
2027-12-02 09:00:00;Jacó;Concorrencial;0,0;0,15519807333141483;0,009256481174413592;1,8894876506477214;0,0821376489432003;0,006746593373916414;cenario_2_concentrado_societario;7;cenario_2_concentrado_societario_7_analistas
2027-12-02 09:00:00;Jacó;Contencioso;27,400000000000002;0,5597235066148506;0,017398177054688387;1,4909119466033396;0,3754235841291882;0,14094286752040563;cenario_2_concentrado_societario;7;cenario_2_concentrado_societario_7_analistas
2027-12-02 09:00:00;Jacó;Contratos;0,0;0,15519807333141483;0,009256481174413592;3,5629579745535995;0,04355877179574634;0,0018973666003539067;cenario_2_concentrado_societario;7;cenario_2_concentrado_societario_7_analistas
2027-12-02 09:00:00;Jacó;Direito digital;0,0;0,15519807333141483;0,009256481174413592;1,3645178411453804;0,11373839802720431;0,012936423185794754;cenario_2_concentrado_societario;7;cenario_2_concentrado_societario_7_analistas
2027-12-02 09:00:00;Jacó;Direito financeiro;0,0;0,15519807333141483;0,009256481174413592;2,020024899426579;0,07682978233360918;0,005902815453429766;cenario_2_concentrado_societario;7;cenario_2_concentrado_societario_7_analistas
2027-12-02 09:00:00;Jacó;Governança;0,0;0,15519807333141483;0,009256481174413592;1,7239085166419545;0,09002686153771612;0,00810483579833111;cenario_2_concentrado_societario;7;cenario_2_concentrado_societario_7_analistas
2027-12-02 09:00:00;Jacó;Propriedade intelectual;0,0;0,15519807333141483;0,009256481174413592;1,1780390993264833;0,1317427184039526;0,017356143852463153;cenario_2_concentrado_societario;7;cenario_2_concentrado_societario_7_analistas
2027-12-02 09:00:00;Jacó;Regulatório;0,0;0,15519807333141483;0,009256481174413592;1,8787672891616651;0,08260633141035077;0,006823805989076705;cenario_2_concentrado_societario;7;cenario_2_concentrado_societario_7_analistas
2027-12-02 09:00:00;Jacó;Societário;91,3;0,9914342420300852;0,000599562434678282;6,932404262863235;0,14301448738948774;0,02045314360327795;cenario_2_concentrado_societario;7;cenario_2_concentrado_societario_7_analistas
2027-12-02 09:00:00;Jacó;Trabalhista;0,0;0,15519807333141483;0,009256481174413592;1,226779942064506;0,1265084861676474;0,016004397072429833;cenario_2_concentrado_societario;7;cenario_2_concentrado_societario_7_analistas
2027-12-02 09:00:00;Jacó;Tributário;0,0;0,15519807333141483;0,009256481174413592;1,1512366790857969;0,13480987545902243;0,018173702521277136;cenario_2_concentrado_societario;7;cenario_2_concentrado_societario_7_analistas
2027-12-02 09:00:00;Eva;Concorrencial;0,0;0,15519807333141483;0,009256481174413592;1,8894876506477214;0,0821376489432003;0,006746593373916414;cenario_2_concentrado_societario;7;cenario_2_concentrado_societario_7_analistas
2027-12-02 09:00:00;Eva;Contencioso;0,0;0,15519807333141483;0,009256481174413592;1,4909119466033396;0,10409606931180197;0,01083599164616748;cenario_2_concentrado_societario;7;cenario_2_concentrado_societario_7_analistas
2027-12-02 09:00:00;Eva;Contratos;0,0;0,15519807333141483;0,009256481174413592;3,5629579745535995;0,04355877179574634;0,0018973666003539067;cenario_2_concentrado_societario;7;cenario_2_concentrado_societario_7_analistas
2027-12-02 09:00:00;Eva;Direito digital;0,0;0,15519807333141483;0,009256481174413592;1,3645178411453804;0,11373839802720431;0,012936423185794754;cenario_2_concentrado_societario;7;cenario_2_concentrado_societario_7_analistas
2027-12-02 09:00:00;Eva;Direito financeiro;0,0;0,15519807333141483;0,009256481174413592;2,020024899426579;0,07682978233360918;0,005902815453429766;cenario_2_concentrado_societario;7;cenario_2_concentrado_societario_7_analistas
2027-12-02 09:00:00;Eva;Governança;0,0;0,15519807333141483;0,009256481174413592;1,7239085166419545;0,09002686153771612;0,00810483579833111;cenario_2_concentrado_societario;7;cenario_2_concentrado_societario_7_analistas
2027-12-02 09:00:00;Eva;Propriedade intelectual;8,200000000000001;0,24685065933799424;0,013125628039360857;1,1780390993264833;0,20954368957628436;0,04390855784124222;cenario_2_concentrado_societario;7;cenario_2_concentrado_societario_7_analistas
2027-12-02 09:00:00;Eva;Regulatório;0,0;0,15519807333141483;0,009256481174413592;1,8787672891616651;0,08260633141035077;0,006823805989076705;cenario_2_concentrado_societario;7;cenario_2_concentrado_societario_7_analistas
2027-12-02 09:00:00;Eva;Societário;102,80000000000001;0,9961784868939997;0,0002687677855368176;6,932404262863235;0,1436988451799486;0,020649358106050838;cenario_2_concentrado_societario;7;cenario_2_concentrado_societario_7_analistas
2027-12-02 09:00:00;Eva;Trabalhista;0,0;0,15519807333141483;0,009256481174413592;1,226779942064506;0,1265084861676474;0,016004397072429833;cenario_2_concentrado_societario;7;cenario_2_concentrado_societario_7_analistas
2027-12-02 09:00:00;Eva;Tributário;0,0;0,15519807333141483;0,009256481174413592;1,1512366790857969;0,13480987545902243;0,018173702521277136;cenario_2_concentrado_societario;7;cenario_2_concentrado_societario_7_analistas
2027-12-02 09:00:00;Abraão;Concorrencial;0,0;0,15519807333141483;0,009256481174413592;1,8894876506477214;0,0821376489432003;0,006746593373916414;cenario_2_concentrado_societario;7;cenario_2_concentrado_societario_7_analistas
2027-12-02 09:00:00;Abraão;Contencioso;0,0;0,15519807333141483;0,009256481174413592;1,4909119466033396;0,10409606931180197;0,01083599164616748;cenario_2_concentrado_societario;7;cenario_2_concentrado_societario_7_analistas
2027-12-02 09:00:00;Abraão;Contratos;2,7000000000000006;0,1818624268473483;0,010504467009127006;3,5629579745535995;0,05104254053687897;0,0026053409444589328;cenario_2_concentrado_societario;7;cenario_2_concentrado_societario_7_analistas
2027-12-02 09:00:00;Abraão;Direito digital;0,0;0,15519807333141483;0,009256481174413592;1,3645178411453804;0,11373839802720431;0,012936423185794754;cenario_2_concentrado_societario;7;cenario_2_concentrado_societario_7_analistas
2027-12-02 09:00:00;Abraão;Direito financeiro;13,100000000000001;0,3165786219005196;0,015274775822759776;2,020024899426579;0,15672015824675542;0,02456120800088806;cenario_2_concentrado_societario;7;cenario_2_concentrado_societario_7_analistas
2027-12-02 09:00:00;Abraão;Governança;0,0;0,15519807333141483;0,009256481174413592;1,7239085166419545;0,09002686153771612;0,00810483579833111;cenario_2_concentrado_societario;7;cenario_2_concentrado_societario_7_analistas
2027-12-02 09:00:00;Abraão;Propriedade intelectual;0,0;0,15519807333141483;0,009256481174413592;1,1780390993264833;0,1317427184039526;0,017356143852463153;cenario_2_concentrado_societario;7;cenario_2_concentrado_societario_7_analistas
2027-12-02 09:00:00;Abraão;Regulatório;0,0;0,15519807333141483;0,009256481174413592;1,8787672891616651;0,08260633141035077;0,006823805989076705;cenario_2_concentrado_societario;7;cenario_2_concentrado_societario_7_analistas
2027-12-02 09:00:00;Abraão;Societário;74,0;0,9715294123099029;0,0019527969408634402;6,932404262863235;0,1401432137352936;0,01964012035605618;cenario_2_concentrado_societario;7;cenario_2_concentrado_societario_7_analistas
2027-12-02 09:00:00;Abraão;Trabalhista;0,0;0,15519807333141483;0,009256481174413592;1,226779942064506;0,1265084861676474;0,016004397072429833;cenario_2_concentrado_societario;7;cenario_2_concentrado_societario_7_analistas
2027-12-02 09:00:00;Abraão;Tributário;0,1;0,15612597639059406;0,009301596305599447;1,1512366790857969;0,1356158809277815;0,018391667159818215;cenario_2_concentrado_societario;7;cenario_2_concentrado_societario_7_analistas
2027-12-02 09:00:00;Adão;Concorrencial;0,0;0,15519807333141483;0,009256481174413592;1,8894876506477214;0,0821376489432003;0,006746593373916414;cenario_2_concentrado_societario;7;cenario_2_concentrado_societario_7_analistas
2027-12-02 09:00:00;Adão;Contencioso;0,0;0,15519807333141483;0,009256481174413592;1,4909119466033396;0,10409606931180197;0,01083599164616748;cenario_2_concentrado_societario;7;cenario_2_concentrado_societario_7_analistas
2027-12-02 09:00:00;Adão;Contratos;61,900000000000006;0,9355798484856076;0,004255075808883812;3,5629579745535995;0,26258514839845276;0,06895096015943745;cenario_2_concentrado_societario;7;cenario_2_concentrado_societario_7_analistas
2027-12-02 09:00:00;Adão;Direito digital;0,0;0,15519807333141483;0,009256481174413592;1,3645178411453804;0,11373839802720431;0,012936423185794754;cenario_2_concentrado_societario;7;cenario_2_concentrado_societario_7_analistas
2027-12-02 09:00:00;Adão;Direito financeiro;0,0;0,15519807333141483;0,009256481174413592;2,020024899426579;0,07682978233360918;0,005902815453429766;cenario_2_concentrado_societario;7;cenario_2_concentrado_societario_7_analistas
2027-12-02 09:00:00;Adão;Governança;0,0;0,15519807333141483;0,009256481174413592;1,7239085166419545;0,09002686153771612;0,00810483579833111;cenario_2_concentrado_societario;7;cenario_2_concentrado_societario_7_analistas
2027-12-02 09:00:00;Adão;Propriedade intelectual;0,0;0,15519807333141483;0,009256481174413592;1,1780390993264833;0,1317427184039526;0,017356143852463153;cenario_2_concentrado_societario;7;cenario_2_concentrado_societario_7_analistas
2027-12-02 09:00:00;Adão;Regulatório;0,0;0,15519807333141483;0,009256481174413592;1,8787672891616651;0,08260633141035077;0,006823805989076705;cenario_2_concentrado_societario;7;cenario_2_concentrado_societario_7_analistas
2027-12-02 09:00:00;Adão;Societário;141,2;0,9997450836099905;1,7992509379639793e-05;6,932404262863235;0,14421332710869256;0,02079748371575876;cenario_2_concentrado_societario;7;cenario_2_concentrado_societario_7_analistas
2027-12-02 09:00:00;Adão;Trabalhista;0,0;0,15519807333141483;0,009256481174413592;1,226779942064506;0,1265084861676474;0,016004397072429833;cenario_2_concentrado_societario;7;cenario_2_concentrado_societario_7_analistas
2027-12-02 09:00:00;Adão;Tributário;0,0;0,15519807333141483;0,009256481174413592;1,1512366790857969;0,13480987545902243;0,018173702521277136;cenario_2_concentrado_societario;7;cenario_2_concentrado_societario_7_analistas
2027-12-02 09:00:00;Esaú;Concorrencial;68,4;0,9582992106592324;0,0028213054457441908;1,8894876506477214;0,5071741063407982;0,2572255741425873;cenario_2_concentrado_societario;7;cenario_2_concentrado_societario_7_analistas
2027-12-02 09:00:00;Esaú;Contencioso;0,0;0,15519807333141483;0,009256481174413592;1,4909119466033396;0,10409606931180197;0,01083599164616748;cenario_2_concentrado_societario;7;cenario_2_concentrado_societario_7_analistas
2027-12-02 09:00:00;Esaú;Contratos;111,00000000000001;0,9978544253913407;0,00015115256094901125;3,5629579745535995;0,2800634844749639;0,07843555533625833;cenario_2_concentrado_societario;7;cenario_2_concentrado_societario_7_analistas
2027-12-02 09:00:00;Esaú;Direito digital;0,0;0,15519807333141483;0,009256481174413592;1,3645178411453804;0,11373839802720431;0,012936423185794754;cenario_2_concentrado_societario;7;cenario_2_concentrado_societario_7_analistas
2027-12-02 09:00:00;Esaú;Direito financeiro;0,0;0,15519807333141483;0,009256481174413592;2,020024899426579;0,07682978233360918;0,005902815453429766;cenario_2_concentrado_societario;7;cenario_2_concentrado_societario_7_analistas
2027-12-02 09:00:00;Esaú;Governança;0,0;0,15519807333141483;0,009256481174413592;1,7239085166419545;0,09002686153771612;0,00810483579833111;cenario_2_concentrado_societario;7;cenario_2_concentrado_societario_7_analistas
2027-12-02 09:00:00;Esaú;Propriedade intelectual;0,0;0,15519807333141483;0,009256481174413592;1,1780390993264833;0,1317427184039526;0,017356143852463153;cenario_2_concentrado_societario;7;cenario_2_concentrado_societario_7_analistas
2027-12-02 09:00:00;Esaú;Regulatório;0,0;0,15519807333141483;0,009256481174413592;1,8787672891616651;0,08260633141035077;0,006823805989076705;cenario_2_concentrado_societario;7;cenario_2_concentrado_societario_7_analistas
2027-12-02 09:00:00;Esaú;Societário;157,0;0,999916434814724;5,899209070785976e-06;6,932404262863235;0,14423804453690883;0,020804613491831297;cenario_2_concentrado_societario;7;cenario_2_concentrado_societario_7_analistas
2027-12-02 09:00:00;Esaú;Trabalhista;11,700000000000001;0,2955915020760169;0,014700131917938146;1,226779942064506;0,24094908299411555;0,058056460595705184;cenario_2_concentrado_societario;7;cenario_2_concentrado_societario_7_analistas
2027-12-02 09:00:00;Esaú;Tributário;0,0;0,15519807333141483;0,009256481174413592;1,1512366790857969;0,13480987545902243;0,018173702521277136;cenario_2_concentrado_societario;7;cenario_2_concentrado_societario_7_analistas
2027-12-02 09:00:00;Caim;Concorrencial;0,0;0,15519807333141483;0,009256481174413592;1,8894876506477214;0,0821376489432003;0,006746593373916414;cenario_2_concentrado_societario;7;cenario_2_concentrado_societario_7_analistas
2027-12-02 09:00:00;Caim;Contencioso;0,0;0,15519807333141483;0,009256481174413592;1,4909119466033396;0,10409606931180197;0,01083599164616748;cenario_2_concentrado_societario;7;cenario_2_concentrado_societario_7_analistas
2027-12-02 09:00:00;Caim;Contratos;80,70000000000002;0,9820670538350584;0,001243361705839153;3,5629579745535995;0,2756325112024654;0,07597328123177721;cenario_2_concentrado_societario;7;cenario_2_concentrado_societario_7_analistas
2027-12-02 09:00:00;Caim;Direito digital;20,200000000000003;0,4333294011568915;0,01733618520624303;1,3645178411453804;0,3175696118367741;0,10085045836215939;cenario_2_concentrado_societario;7;cenario_2_concentrado_societario_7_analistas
2027-12-02 09:00:00;Caim;Direito financeiro;59,900000000000006;0,9265280078098057;0,0048060144138981605;2,020024899426579;0,45867157779729234;0,2103796162790576;cenario_2_concentrado_societario;7;cenario_2_concentrado_societario_7_analistas
2027-12-02 09:00:00;Caim;Governança;43,00000000000001;0,7927200766534654;0,011600635944713646;1,7239085166419545;0,4598388307737032;0,21145175028732643;cenario_2_concentrado_societario;7;cenario_2_concentrado_societario_7_analistas
2027-12-02 09:00:00;Caim;Propriedade intelectual;0,0;0,15519807333141483;0,009256481174413592;1,1780390993264833;0,1317427184039526;0,017356143852463153;cenario_2_concentrado_societario;7;cenario_2_concentrado_societario_7_analistas
2027-12-02 09:00:00;Caim;Regulatório;65,0;0,947578849173176;0,0035069260683607633;1,8787672891616651;0,5043620115378953;0,254381038682552;cenario_2_concentrado_societario;7;cenario_2_concentrado_societario_7_analistas
2027-12-02 09:00:00;Caim;Societário;474,3;0,9999999999999845;1,0973444375394876e-15;6,932404262863235;0,14425009882314083;0,020808091010485894;cenario_2_concentrado_societario;7;cenario_2_concentrado_societario_7_analistas
2027-12-02 09:00:00;Caim;Trabalhista;0,0;0,15519807333141483;0,009256481174413592;1,226779942064506;0,1265084861676474;0,016004397072429833;cenario_2_concentrado_societario;7;cenario_2_concentrado_societario_7_analistas
2027-12-02 09:00:00;Caim;Tributário;0,0;0,15519807333141483;0,009256481174413592;1,1512366790857969;0,13480987545902243;0,018173702521277136;cenario_2_concentrado_societario;7;cenario_2_concentrado_societario_7_analistas
2027-12-02 09:00:00;Davi;Concorrencial;0,0;0,15519807333141483;0,009256481174413592;1,8894876506477214;0,0821376489432003;0,006746593373916414;cenario_2_concentrado_societario;7;cenario_2_concentrado_societario_7_analistas
2027-12-02 09:00:00;Davi;Contencioso;0,0;0,15519807333141483;0,009256481174413592;1,4909119466033396;0,10409606931180197;0,01083599164616748;cenario_2_concentrado_societario;7;cenario_2_concentrado_societario_7_analistas
2027-12-02 09:00:00;Davi;Contratos;0,0;0,15519807333141483;0,009256481174413592;3,5629579745535995;0,04355877179574634;0,0018973666003539067;cenario_2_concentrado_societario;7;cenario_2_concentrado_societario_7_analistas
2027-12-02 09:00:00;Davi;Direito digital;0,0;0,15519807333141483;0,009256481174413592;1,3645178411453804;0,11373839802720431;0,012936423185794754;cenario_2_concentrado_societario;7;cenario_2_concentrado_societario_7_analistas
2027-12-02 09:00:00;Davi;Direito financeiro;0,1;0,15612597639059406;0,009301596305599447;2,020024899426579;0,07728913462151545;0,005973610330542737;cenario_2_concentrado_societario;7;cenario_2_concentrado_societario_7_analistas
2027-12-02 09:00:00;Davi;Governança;0,0;0,15519807333141483;0,009256481174413592;1,7239085166419545;0,09002686153771612;0,00810483579833111;cenario_2_concentrado_societario;7;cenario_2_concentrado_societario_7_analistas
2027-12-02 09:00:00;Davi;Propriedade intelectual;0,0;0,15519807333141483;0,009256481174413592;1,1780390993264833;0,1317427184039526;0,017356143852463153;cenario_2_concentrado_societario;7;cenario_2_concentrado_societario_7_analistas
2027-12-02 09:00:00;Davi;Regulatório;0,0;0,15519807333141483;0,009256481174413592;1,8787672891616651;0,08260633141035077;0,006823805989076705;cenario_2_concentrado_societario;7;cenario_2_concentrado_societario_7_analistas
2027-12-02 09:00:00;Davi;Societário;75,1;0,9736006032045489;0,001814594286286693;6,932404262863235;0,14044198322652787;0,019723950652600335;cenario_2_concentrado_societario;7;cenario_2_concentrado_societario_7_analistas
2027-12-02 09:00:00;Davi;Trabalhista;0,0;0,15519807333141483;0,009256481174413592;1,226779942064506;0,1265084861676474;0,016004397072429833;cenario_2_concentrado_societario;7;cenario_2_concentrado_societario_7_analistas
2027-12-02 09:00:00;Davi;Tributário;6,0;0,21912033603812855;0,012080126974710233;1,1512366790857969;0,19033474177710633;0,03622731392735774;cenario_2_concentrado_societario;7;cenario_2_concentrado_societario_7_analistas
2027-12-30 09:00:00;Jacó;Concorrencial;0,0;0,15519807333141483;0,009256481174413592;1,8894876506477214;0,0821376489432003;0,006746593373916414;cenario_2_concentrado_societario;7;cenario_2_concentrado_societario_7_analistas
2027-12-30 09:00:00;Jacó;Contencioso;27,400000000000002;0,5597235066148506;0,017398177054688387;1,4909119466033396;0,3754235841291882;0,14094286752040563;cenario_2_concentrado_societario;7;cenario_2_concentrado_societario_7_analistas
2027-12-30 09:00:00;Jacó;Contratos;0,0;0,15519807333141483;0,009256481174413592;3,5629579745535995;0,04355877179574634;0,0018973666003539067;cenario_2_concentrado_societario;7;cenario_2_concentrado_societario_7_analistas
2027-12-30 09:00:00;Jacó;Direito digital;0,0;0,15519807333141483;0,009256481174413592;1,3645178411453804;0,11373839802720431;0,012936423185794754;cenario_2_concentrado_societario;7;cenario_2_concentrado_societario_7_analistas
2027-12-30 09:00:00;Jacó;Direito financeiro;0,0;0,15519807333141483;0,009256481174413592;2,020024899426579;0,07682978233360918;0,005902815453429766;cenario_2_concentrado_societario;7;cenario_2_concentrado_societario_7_analistas
2027-12-30 09:00:00;Jacó;Governança;0,0;0,15519807333141483;0,009256481174413592;1,7374844868345924;0,08932342965211729;0,007978675084816745;cenario_2_concentrado_societario;7;cenario_2_concentrado_societario_7_analistas
2027-12-30 09:00:00;Jacó;Propriedade intelectual;0,0;0,15519807333141483;0,009256481174413592;1,1780390993264833;0,1317427184039526;0,017356143852463153;cenario_2_concentrado_societario;7;cenario_2_concentrado_societario_7_analistas
2027-12-30 09:00:00;Jacó;Regulatório;0,0;0,15519807333141483;0,009256481174413592;1,8791168756557521;0,08259096352229588;0,006821267255541208;cenario_2_concentrado_societario;7;cenario_2_concentrado_societario_7_analistas
2027-12-30 09:00:00;Jacó;Societário;91,3;0,9914342420300852;0,000599562434678282;6,932404262863249;0,14301448738948744;0,02045314360327786;cenario_2_concentrado_societario;7;cenario_2_concentrado_societario_7_analistas
2027-12-30 09:00:00;Jacó;Trabalhista;0,0;0,15519807333141483;0,009256481174413592;1,226779942064506;0,1265084861676474;0,016004397072429833;cenario_2_concentrado_societario;7;cenario_2_concentrado_societario_7_analistas
2027-12-30 09:00:00;Jacó;Tributário;0,0;0,15519807333141483;0,009256481174413592;1,1512366790857969;0,13480987545902243;0,018173702521277136;cenario_2_concentrado_societario;7;cenario_2_concentrado_societario_7_analistas
2027-12-30 09:00:00;Eva;Concorrencial;0,0;0,15519807333141483;0,009256481174413592;1,8894876506477214;0,0821376489432003;0,006746593373916414;cenario_2_concentrado_societario;7;cenario_2_concentrado_societario_7_analistas
2027-12-30 09:00:00;Eva;Contencioso;0,0;0,15519807333141483;0,009256481174413592;1,4909119466033396;0,10409606931180197;0,01083599164616748;cenario_2_concentrado_societario;7;cenario_2_concentrado_societario_7_analistas
2027-12-30 09:00:00;Eva;Contratos;0,0;0,15519807333141483;0,009256481174413592;3,5629579745535995;0,04355877179574634;0,0018973666003539067;cenario_2_concentrado_societario;7;cenario_2_concentrado_societario_7_analistas
2027-12-30 09:00:00;Eva;Direito digital;0,0;0,15519807333141483;0,009256481174413592;1,3645178411453804;0,11373839802720431;0,012936423185794754;cenario_2_concentrado_societario;7;cenario_2_concentrado_societario_7_analistas
2027-12-30 09:00:00;Eva;Direito financeiro;0,0;0,15519807333141483;0,009256481174413592;2,020024899426579;0,07682978233360918;0,005902815453429766;cenario_2_concentrado_societario;7;cenario_2_concentrado_societario_7_analistas
2027-12-30 09:00:00;Eva;Governança;0,0;0,15519807333141483;0,009256481174413592;1,7374844868345924;0,08932342965211729;0,007978675084816745;cenario_2_concentrado_societario;7;cenario_2_concentrado_societario_7_analistas
2027-12-30 09:00:00;Eva;Propriedade intelectual;8,200000000000001;0,24685065933799424;0,013125628039360857;1,1780390993264833;0,20954368957628436;0,04390855784124222;cenario_2_concentrado_societario;7;cenario_2_concentrado_societario_7_analistas
2027-12-30 09:00:00;Eva;Regulatório;0,0;0,15519807333141483;0,009256481174413592;1,8791168756557521;0,08259096352229588;0,006821267255541208;cenario_2_concentrado_societario;7;cenario_2_concentrado_societario_7_analistas
2027-12-30 09:00:00;Eva;Societário;102,80000000000001;0,9961784868939997;0,0002687677855368176;6,932404262863249;0,1436988451799483;0,02064935810605075;cenario_2_concentrado_societario;7;cenario_2_concentrado_societario_7_analistas
2027-12-30 09:00:00;Eva;Trabalhista;0,0;0,15519807333141483;0,009256481174413592;1,226779942064506;0,1265084861676474;0,016004397072429833;cenario_2_concentrado_societario;7;cenario_2_concentrado_societario_7_analistas
2027-12-30 09:00:00;Eva;Tributário;0,0;0,15519807333141483;0,009256481174413592;1,1512366790857969;0,13480987545902243;0,018173702521277136;cenario_2_concentrado_societario;7;cenario_2_concentrado_societario_7_analistas
2027-12-30 09:00:00;Abraão;Concorrencial;0,0;0,15519807333141483;0,009256481174413592;1,8894876506477214;0,0821376489432003;0,006746593373916414;cenario_2_concentrado_societario;7;cenario_2_concentrado_societario_7_analistas
2027-12-30 09:00:00;Abraão;Contencioso;0,0;0,15519807333141483;0,009256481174413592;1,4909119466033396;0,10409606931180197;0,01083599164616748;cenario_2_concentrado_societario;7;cenario_2_concentrado_societario_7_analistas
2027-12-30 09:00:00;Abraão;Contratos;2,7000000000000006;0,1818624268473483;0,010504467009127006;3,5629579745535995;0,05104254053687897;0,0026053409444589328;cenario_2_concentrado_societario;7;cenario_2_concentrado_societario_7_analistas
2027-12-30 09:00:00;Abraão;Direito digital;0,0;0,15519807333141483;0,009256481174413592;1,3645178411453804;0,11373839802720431;0,012936423185794754;cenario_2_concentrado_societario;7;cenario_2_concentrado_societario_7_analistas
2027-12-30 09:00:00;Abraão;Direito financeiro;13,100000000000001;0,3165786219005196;0,015274775822759776;2,020024899426579;0,15672015824675542;0,02456120800088806;cenario_2_concentrado_societario;7;cenario_2_concentrado_societario_7_analistas
2027-12-30 09:00:00;Abraão;Governança;0,0;0,15519807333141483;0,009256481174413592;1,7374844868345924;0,08932342965211729;0,007978675084816745;cenario_2_concentrado_societario;7;cenario_2_concentrado_societario_7_analistas
2027-12-30 09:00:00;Abraão;Propriedade intelectual;0,0;0,15519807333141483;0,009256481174413592;1,1780390993264833;0,1317427184039526;0,017356143852463153;cenario_2_concentrado_societario;7;cenario_2_concentrado_societario_7_analistas
2027-12-30 09:00:00;Abraão;Regulatório;0,0;0,15519807333141483;0,009256481174413592;1,8791168756557521;0,08259096352229588;0,006821267255541208;cenario_2_concentrado_societario;7;cenario_2_concentrado_societario_7_analistas
2027-12-30 09:00:00;Abraão;Societário;74,0;0,9715294123099029;0,0019527969408634402;6,932404262863249;0,14014321373529331;0,019640120356056105;cenario_2_concentrado_societario;7;cenario_2_concentrado_societario_7_analistas
2027-12-30 09:00:00;Abraão;Trabalhista;0,0;0,15519807333141483;0,009256481174413592;1,226779942064506;0,1265084861676474;0,016004397072429833;cenario_2_concentrado_societario;7;cenario_2_concentrado_societario_7_analistas
2027-12-30 09:00:00;Abraão;Tributário;0,1;0,15612597639059406;0,009301596305599447;1,1512366790857969;0,1356158809277815;0,018391667159818215;cenario_2_concentrado_societario;7;cenario_2_concentrado_societario_7_analistas
2027-12-30 09:00:00;Adão;Concorrencial;0,0;0,15519807333141483;0,009256481174413592;1,8894876506477214;0,0821376489432003;0,006746593373916414;cenario_2_concentrado_societario;7;cenario_2_concentrado_societario_7_analistas
2027-12-30 09:00:00;Adão;Contencioso;0,0;0,15519807333141483;0,009256481174413592;1,4909119466033396;0,10409606931180197;0,01083599164616748;cenario_2_concentrado_societario;7;cenario_2_concentrado_societario_7_analistas
2027-12-30 09:00:00;Adão;Contratos;61,900000000000006;0,9355798484856076;0,004255075808883812;3,5629579745535995;0,26258514839845276;0,06895096015943745;cenario_2_concentrado_societario;7;cenario_2_concentrado_societario_7_analistas
2027-12-30 09:00:00;Adão;Direito digital;0,0;0,15519807333141483;0,009256481174413592;1,3645178411453804;0,11373839802720431;0,012936423185794754;cenario_2_concentrado_societario;7;cenario_2_concentrado_societario_7_analistas
2027-12-30 09:00:00;Adão;Direito financeiro;0,0;0,15519807333141483;0,009256481174413592;2,020024899426579;0,07682978233360918;0,005902815453429766;cenario_2_concentrado_societario;7;cenario_2_concentrado_societario_7_analistas
2027-12-30 09:00:00;Adão;Governança;0,0;0,15519807333141483;0,009256481174413592;1,7374844868345924;0,08932342965211729;0,007978675084816745;cenario_2_concentrado_societario;7;cenario_2_concentrado_societario_7_analistas
2027-12-30 09:00:00;Adão;Propriedade intelectual;0,0;0,15519807333141483;0,009256481174413592;1,1780390993264833;0,1317427184039526;0,017356143852463153;cenario_2_concentrado_societario;7;cenario_2_concentrado_societario_7_analistas
2027-12-30 09:00:00;Adão;Regulatório;0,0;0,15519807333141483;0,009256481174413592;1,8791168756557521;0,08259096352229588;0,006821267255541208;cenario_2_concentrado_societario;7;cenario_2_concentrado_societario_7_analistas
2027-12-30 09:00:00;Adão;Societário;141,2;0,9997450836099905;1,7992509379639793e-05;6,932404262863249;0,14421332710869228;0,02079748371575868;cenario_2_concentrado_societario;7;cenario_2_concentrado_societario_7_analistas
2027-12-30 09:00:00;Adão;Trabalhista;0,0;0,15519807333141483;0,009256481174413592;1,226779942064506;0,1265084861676474;0,016004397072429833;cenario_2_concentrado_societario;7;cenario_2_concentrado_societario_7_analistas
2027-12-30 09:00:00;Adão;Tributário;0,0;0,15519807333141483;0,009256481174413592;1,1512366790857969;0,13480987545902243;0,018173702521277136;cenario_2_concentrado_societario;7;cenario_2_concentrado_societario_7_analistas
2027-12-30 09:00:00;Esaú;Concorrencial;68,4;0,9582992106592324;0,0028213054457441908;1,8894876506477214;0,5071741063407982;0,2572255741425873;cenario_2_concentrado_societario;7;cenario_2_concentrado_societario_7_analistas
2027-12-30 09:00:00;Esaú;Contencioso;0,0;0,15519807333141483;0,009256481174413592;1,4909119466033396;0,10409606931180197;0,01083599164616748;cenario_2_concentrado_societario;7;cenario_2_concentrado_societario_7_analistas
2027-12-30 09:00:00;Esaú;Contratos;111,00000000000001;0,9978544253913407;0,00015115256094901125;3,5629579745535995;0,2800634844749639;0,07843555533625833;cenario_2_concentrado_societario;7;cenario_2_concentrado_societario_7_analistas
2027-12-30 09:00:00;Esaú;Direito digital;0,0;0,15519807333141483;0,009256481174413592;1,3645178411453804;0,11373839802720431;0,012936423185794754;cenario_2_concentrado_societario;7;cenario_2_concentrado_societario_7_analistas
2027-12-30 09:00:00;Esaú;Direito financeiro;0,0;0,15519807333141483;0,009256481174413592;2,020024899426579;0,07682978233360918;0,005902815453429766;cenario_2_concentrado_societario;7;cenario_2_concentrado_societario_7_analistas
2027-12-30 09:00:00;Esaú;Governança;0,0;0,15519807333141483;0,009256481174413592;1,7374844868345924;0,08932342965211729;0,007978675084816745;cenario_2_concentrado_societario;7;cenario_2_concentrado_societario_7_analistas
2027-12-30 09:00:00;Esaú;Propriedade intelectual;0,0;0,15519807333141483;0,009256481174413592;1,1780390993264833;0,1317427184039526;0,017356143852463153;cenario_2_concentrado_societario;7;cenario_2_concentrado_societario_7_analistas
2027-12-30 09:00:00;Esaú;Regulatório;0,0;0,15519807333141483;0,009256481174413592;1,8791168756557521;0,08259096352229588;0,006821267255541208;cenario_2_concentrado_societario;7;cenario_2_concentrado_societario_7_analistas
2027-12-30 09:00:00;Esaú;Societário;157,0;0,999916434814724;5,899209070785976e-06;6,932404262863249;0,14423804453690856;0,020804613491831214;cenario_2_concentrado_societario;7;cenario_2_concentrado_societario_7_analistas
2027-12-30 09:00:00;Esaú;Trabalhista;11,700000000000001;0,2955915020760169;0,014700131917938146;1,226779942064506;0,24094908299411555;0,058056460595705184;cenario_2_concentrado_societario;7;cenario_2_concentrado_societario_7_analistas
2027-12-30 09:00:00;Esaú;Tributário;0,0;0,15519807333141483;0,009256481174413592;1,1512366790857969;0,13480987545902243;0,018173702521277136;cenario_2_concentrado_societario;7;cenario_2_concentrado_societario_7_analistas
2027-12-30 09:00:00;Caim;Concorrencial;0,0;0,15519807333141483;0,009256481174413592;1,8894876506477214;0,0821376489432003;0,006746593373916414;cenario_2_concentrado_societario;7;cenario_2_concentrado_societario_7_analistas
2027-12-30 09:00:00;Caim;Contencioso;0,0;0,15519807333141483;0,009256481174413592;1,4909119466033396;0,10409606931180197;0,01083599164616748;cenario_2_concentrado_societario;7;cenario_2_concentrado_societario_7_analistas
2027-12-30 09:00:00;Caim;Contratos;80,70000000000002;0,9820670538350584;0,001243361705839153;3,5629579745535995;0,2756325112024654;0,07597328123177721;cenario_2_concentrado_societario;7;cenario_2_concentrado_societario_7_analistas
2027-12-30 09:00:00;Caim;Direito digital;20,200000000000003;0,4333294011568915;0,01733618520624303;1,3645178411453804;0,3175696118367741;0,10085045836215939;cenario_2_concentrado_societario;7;cenario_2_concentrado_societario_7_analistas
2027-12-30 09:00:00;Caim;Direito financeiro;59,900000000000006;0,9265280078098057;0,0048060144138981605;2,020024899426579;0,45867157779729234;0,2103796162790576;cenario_2_concentrado_societario;7;cenario_2_concentrado_societario_7_analistas
2027-12-30 09:00:00;Caim;Governança;44,2;0,8062960468461035;0,01102650085706334;1,7374844868345924;0,4640594220872962;0,21535114722799537;cenario_2_concentrado_societario;7;cenario_2_concentrado_societario_7_analistas
2027-12-30 09:00:00;Caim;Propriedade intelectual;0,0;0,15519807333141483;0,009256481174413592;1,1780390993264833;0,1317427184039526;0,017356143852463153;cenario_2_concentrado_societario;7;cenario_2_concentrado_societario_7_analistas
2027-12-30 09:00:00;Caim;Regulatório;65,10000000000001;0,947928435667263;0,003484824226359909;1,8791168756557521;0,5044542188662247;0,25447405893193287;cenario_2_concentrado_societario;7;cenario_2_concentrado_societario_7_analistas
2027-12-30 09:00:00;Caim;Societário;508,1;0,9999999999999987;9,405809464624313e-17;6,932404262863249;0,14425009882314258;0,020808091010486397;cenario_2_concentrado_societario;7;cenario_2_concentrado_societario_7_analistas
2027-12-30 09:00:00;Caim;Trabalhista;0,0;0,15519807333141483;0,009256481174413592;1,226779942064506;0,1265084861676474;0,016004397072429833;cenario_2_concentrado_societario;7;cenario_2_concentrado_societario_7_analistas
2027-12-30 09:00:00;Caim;Tributário;0,0;0,15519807333141483;0,009256481174413592;1,1512366790857969;0,13480987545902243;0,018173702521277136;cenario_2_concentrado_societario;7;cenario_2_concentrado_societario_7_analistas
2027-12-30 09:00:00;Davi;Concorrencial;0,0;0,15519807333141483;0,009256481174413592;1,8894876506477214;0,0821376489432003;0,006746593373916414;cenario_2_concentrado_societario;7;cenario_2_concentrado_societario_7_analistas
2027-12-30 09:00:00;Davi;Contencioso;0,0;0,15519807333141483;0,009256481174413592;1,4909119466033396;0,10409606931180197;0,01083599164616748;cenario_2_concentrado_societario;7;cenario_2_concentrado_societario_7_analistas
2027-12-30 09:00:00;Davi;Contratos;0,0;0,15519807333141483;0,009256481174413592;3,5629579745535995;0,04355877179574634;0,0018973666003539067;cenario_2_concentrado_societario;7;cenario_2_concentrado_societario_7_analistas
2027-12-30 09:00:00;Davi;Direito digital;0,0;0,15519807333141483;0,009256481174413592;1,3645178411453804;0,11373839802720431;0,012936423185794754;cenario_2_concentrado_societario;7;cenario_2_concentrado_societario_7_analistas
2027-12-30 09:00:00;Davi;Direito financeiro;0,1;0,15612597639059406;0,009301596305599447;2,020024899426579;0,07728913462151545;0,005973610330542737;cenario_2_concentrado_societario;7;cenario_2_concentrado_societario_7_analistas
2027-12-30 09:00:00;Davi;Governança;0,0;0,15519807333141483;0,009256481174413592;1,7374844868345924;0,08932342965211729;0,007978675084816745;cenario_2_concentrado_societario;7;cenario_2_concentrado_societario_7_analistas
2027-12-30 09:00:00;Davi;Propriedade intelectual;0,0;0,15519807333141483;0,009256481174413592;1,1780390993264833;0,1317427184039526;0,017356143852463153;cenario_2_concentrado_societario;7;cenario_2_concentrado_societario_7_analistas
2027-12-30 09:00:00;Davi;Regulatório;0,0;0,15519807333141483;0,009256481174413592;1,8791168756557521;0,08259096352229588;0,006821267255541208;cenario_2_concentrado_societario;7;cenario_2_concentrado_societario_7_analistas
2027-12-30 09:00:00;Davi;Societário;75,1;0,9736006032045489;0,001814594286286693;6,932404262863249;0,1404419832265276;0,01972395065260026;cenario_2_concentrado_societario;7;cenario_2_concentrado_societario_7_analistas
2027-12-30 09:00:00;Davi;Trabalhista;0,0;0,15519807333141483;0,009256481174413592;1,226779942064506;0,1265084861676474;0,016004397072429833;cenario_2_concentrado_societario;7;cenario_2_concentrado_societario_7_analistas
2027-12-30 09:00:00;Davi;Tributário;6,0;0,21912033603812855;0,012080126974710233;1,1512366790857969;0,19033474177710633;0,03622731392735774;cenario_2_concentrado_societario;7;cenario_2_concentrado_societario_7_analistas
2028-01-07 15:02:00;Jacó;Concorrencial;0,0;0,15519807333141483;0,009256481174413592;1,8894876506477214;0,0821376489432003;0,006746593373916414;cenario_2_concentrado_societario;7;cenario_2_concentrado_societario_7_analistas
2028-01-07 15:02:00;Jacó;Contencioso;27,400000000000002;0,5597235066148506;0,017398177054688387;1,4909119466033396;0,3754235841291882;0,14094286752040563;cenario_2_concentrado_societario;7;cenario_2_concentrado_societario_7_analistas
2028-01-07 15:02:00;Jacó;Contratos;0,0;0,15519807333141483;0,009256481174413592;3,5629579745535995;0,04355877179574634;0,0018973666003539067;cenario_2_concentrado_societario;7;cenario_2_concentrado_societario_7_analistas
2028-01-07 15:02:00;Jacó;Direito digital;0,0;0,15519807333141483;0,009256481174413592;1,3645178411453804;0,11373839802720431;0,012936423185794754;cenario_2_concentrado_societario;7;cenario_2_concentrado_societario_7_analistas
2028-01-07 15:02:00;Jacó;Direito financeiro;0,0;0,15519807333141483;0,009256481174413592;2,020024899426579;0,07682978233360918;0,005902815453429766;cenario_2_concentrado_societario;7;cenario_2_concentrado_societario_7_analistas
2028-01-07 15:02:00;Jacó;Governança;0,0;0,15519807333141483;0,009256481174413592;1,7503741014286571;0,08866565907524683;0,0078615990992479;cenario_2_concentrado_societario;7;cenario_2_concentrado_societario_7_analistas
2028-01-07 15:02:00;Jacó;Propriedade intelectual;0,0;0,15519807333141483;0,009256481174413592;1,1780390993264833;0,1317427184039526;0,017356143852463153;cenario_2_concentrado_societario;7;cenario_2_concentrado_societario_7_analistas
2028-01-07 15:02:00;Jacó;Regulatório;0,0;0,15519807333141483;0,009256481174413592;1,8791168756557521;0,08259096352229588;0,006821267255541208;cenario_2_concentrado_societario;7;cenario_2_concentrado_societario_7_analistas
2028-01-07 15:02:00;Jacó;Societário;91,3;0,9914342420300852;0,000599562434678282;6,932404262863251;0,1430144873894874;0,020453143603277855;cenario_2_concentrado_societario;7;cenario_2_concentrado_societario_7_analistas
2028-01-07 15:02:00;Jacó;Trabalhista;0,0;0,15519807333141483;0,009256481174413592;1,226779942064506;0,1265084861676474;0,016004397072429833;cenario_2_concentrado_societario;7;cenario_2_concentrado_societario_7_analistas
2028-01-07 15:02:00;Jacó;Tributário;0,0;0,15519807333141483;0,009256481174413592;1,1512366790857969;0,13480987545902243;0,018173702521277136;cenario_2_concentrado_societario;7;cenario_2_concentrado_societario_7_analistas
2028-01-07 15:02:00;Eva;Concorrencial;0,0;0,15519807333141483;0,009256481174413592;1,8894876506477214;0,0821376489432003;0,006746593373916414;cenario_2_concentrado_societario;7;cenario_2_concentrado_societario_7_analistas
2028-01-07 15:02:00;Eva;Contencioso;0,0;0,15519807333141483;0,009256481174413592;1,4909119466033396;0,10409606931180197;0,01083599164616748;cenario_2_concentrado_societario;7;cenario_2_concentrado_societario_7_analistas
2028-01-07 15:02:00;Eva;Contratos;0,0;0,15519807333141483;0,009256481174413592;3,5629579745535995;0,04355877179574634;0,0018973666003539067;cenario_2_concentrado_societario;7;cenario_2_concentrado_societario_7_analistas
2028-01-07 15:02:00;Eva;Direito digital;0,0;0,15519807333141483;0,009256481174413592;1,3645178411453804;0,11373839802720431;0,012936423185794754;cenario_2_concentrado_societario;7;cenario_2_concentrado_societario_7_analistas
2028-01-07 15:02:00;Eva;Direito financeiro;0,0;0,15519807333141483;0,009256481174413592;2,020024899426579;0,07682978233360918;0,005902815453429766;cenario_2_concentrado_societario;7;cenario_2_concentrado_societario_7_analistas
2028-01-07 15:02:00;Eva;Governança;0,0;0,15519807333141483;0,009256481174413592;1,7503741014286571;0,08866565907524683;0,0078615990992479;cenario_2_concentrado_societario;7;cenario_2_concentrado_societario_7_analistas
2028-01-07 15:02:00;Eva;Propriedade intelectual;8,200000000000001;0,24685065933799424;0,013125628039360857;1,1780390993264833;0,20954368957628436;0,04390855784124222;cenario_2_concentrado_societario;7;cenario_2_concentrado_societario_7_analistas
2028-01-07 15:02:00;Eva;Regulatório;0,0;0,15519807333141483;0,009256481174413592;1,8791168756557521;0,08259096352229588;0,006821267255541208;cenario_2_concentrado_societario;7;cenario_2_concentrado_societario_7_analistas
2028-01-07 15:02:00;Eva;Societário;102,80000000000001;0,9961784868939997;0,0002687677855368176;6,932404262863251;0,14369884517994827;0,02064935810605074;cenario_2_concentrado_societario;7;cenario_2_concentrado_societario_7_analistas
2028-01-07 15:02:00;Eva;Trabalhista;0,0;0,15519807333141483;0,009256481174413592;1,226779942064506;0,1265084861676474;0,016004397072429833;cenario_2_concentrado_societario;7;cenario_2_concentrado_societario_7_analistas
2028-01-07 15:02:00;Eva;Tributário;0,0;0,15519807333141483;0,009256481174413592;1,1512366790857969;0,13480987545902243;0,018173702521277136;cenario_2_concentrado_societario;7;cenario_2_concentrado_societario_7_analistas
2028-01-07 15:02:00;Abraão;Concorrencial;0,0;0,15519807333141483;0,009256481174413592;1,8894876506477214;0,0821376489432003;0,006746593373916414;cenario_2_concentrado_societario;7;cenario_2_concentrado_societario_7_analistas
2028-01-07 15:02:00;Abraão;Contencioso;0,0;0,15519807333141483;0,009256481174413592;1,4909119466033396;0,10409606931180197;0,01083599164616748;cenario_2_concentrado_societario;7;cenario_2_concentrado_societario_7_analistas
2028-01-07 15:02:00;Abraão;Contratos;2,7000000000000006;0,1818624268473483;0,010504467009127006;3,5629579745535995;0,05104254053687897;0,0026053409444589328;cenario_2_concentrado_societario;7;cenario_2_concentrado_societario_7_analistas
2028-01-07 15:02:00;Abraão;Direito digital;0,0;0,15519807333141483;0,009256481174413592;1,3645178411453804;0,11373839802720431;0,012936423185794754;cenario_2_concentrado_societario;7;cenario_2_concentrado_societario_7_analistas
2028-01-07 15:02:00;Abraão;Direito financeiro;13,100000000000001;0,3165786219005196;0,015274775822759776;2,020024899426579;0,15672015824675542;0,02456120800088806;cenario_2_concentrado_societario;7;cenario_2_concentrado_societario_7_analistas
2028-01-07 15:02:00;Abraão;Governança;0,0;0,15519807333141483;0,009256481174413592;1,7503741014286571;0,08866565907524683;0,0078615990992479;cenario_2_concentrado_societario;7;cenario_2_concentrado_societario_7_analistas
2028-01-07 15:02:00;Abraão;Propriedade intelectual;0,0;0,15519807333141483;0,009256481174413592;1,1780390993264833;0,1317427184039526;0,017356143852463153;cenario_2_concentrado_societario;7;cenario_2_concentrado_societario_7_analistas
2028-01-07 15:02:00;Abraão;Regulatório;0,0;0,15519807333141483;0,009256481174413592;1,8791168756557521;0,08259096352229588;0,006821267255541208;cenario_2_concentrado_societario;7;cenario_2_concentrado_societario_7_analistas
2028-01-07 15:02:00;Abraão;Societário;74,0;0,9715294123099029;0,0019527969408634402;6,932404262863251;0,1401432137352933;0,0196401203560561;cenario_2_concentrado_societario;7;cenario_2_concentrado_societario_7_analistas
2028-01-07 15:02:00;Abraão;Trabalhista;0,0;0,15519807333141483;0,009256481174413592;1,226779942064506;0,1265084861676474;0,016004397072429833;cenario_2_concentrado_societario;7;cenario_2_concentrado_societario_7_analistas
2028-01-07 15:02:00;Abraão;Tributário;0,1;0,15612597639059406;0,009301596305599447;1,1512366790857969;0,1356158809277815;0,018391667159818215;cenario_2_concentrado_societario;7;cenario_2_concentrado_societario_7_analistas
2028-01-07 15:02:00;Adão;Concorrencial;0,0;0,15519807333141483;0,009256481174413592;1,8894876506477214;0,0821376489432003;0,006746593373916414;cenario_2_concentrado_societario;7;cenario_2_concentrado_societario_7_analistas
2028-01-07 15:02:00;Adão;Contencioso;0,0;0,15519807333141483;0,009256481174413592;1,4909119466033396;0,10409606931180197;0,01083599164616748;cenario_2_concentrado_societario;7;cenario_2_concentrado_societario_7_analistas
2028-01-07 15:02:00;Adão;Contratos;61,900000000000006;0,9355798484856076;0,004255075808883812;3,5629579745535995;0,26258514839845276;0,06895096015943745;cenario_2_concentrado_societario;7;cenario_2_concentrado_societario_7_analistas
2028-01-07 15:02:00;Adão;Direito digital;0,0;0,15519807333141483;0,009256481174413592;1,3645178411453804;0,11373839802720431;0,012936423185794754;cenario_2_concentrado_societario;7;cenario_2_concentrado_societario_7_analistas
2028-01-07 15:02:00;Adão;Direito financeiro;0,0;0,15519807333141483;0,009256481174413592;2,020024899426579;0,07682978233360918;0,005902815453429766;cenario_2_concentrado_societario;7;cenario_2_concentrado_societario_7_analistas
2028-01-07 15:02:00;Adão;Governança;0,0;0,15519807333141483;0,009256481174413592;1,7503741014286571;0,08866565907524683;0,0078615990992479;cenario_2_concentrado_societario;7;cenario_2_concentrado_societario_7_analistas
2028-01-07 15:02:00;Adão;Propriedade intelectual;0,0;0,15519807333141483;0,009256481174413592;1,1780390993264833;0,1317427184039526;0,017356143852463153;cenario_2_concentrado_societario;7;cenario_2_concentrado_societario_7_analistas
2028-01-07 15:02:00;Adão;Regulatório;0,0;0,15519807333141483;0,009256481174413592;1,8791168756557521;0,08259096352229588;0,006821267255541208;cenario_2_concentrado_societario;7;cenario_2_concentrado_societario_7_analistas
2028-01-07 15:02:00;Adão;Societário;141,2;0,9997450836099905;1,7992509379639793e-05;6,932404262863251;0,14421332710869222;0,020797483715758663;cenario_2_concentrado_societario;7;cenario_2_concentrado_societario_7_analistas
2028-01-07 15:02:00;Adão;Trabalhista;0,0;0,15519807333141483;0,009256481174413592;1,226779942064506;0,1265084861676474;0,016004397072429833;cenario_2_concentrado_societario;7;cenario_2_concentrado_societario_7_analistas
2028-01-07 15:02:00;Adão;Tributário;0,0;0,15519807333141483;0,009256481174413592;1,1512366790857969;0,13480987545902243;0,018173702521277136;cenario_2_concentrado_societario;7;cenario_2_concentrado_societario_7_analistas
2028-01-07 15:02:00;Esaú;Concorrencial;68,4;0,9582992106592324;0,0028213054457441908;1,8894876506477214;0,5071741063407982;0,2572255741425873;cenario_2_concentrado_societario;7;cenario_2_concentrado_societario_7_analistas
2028-01-07 15:02:00;Esaú;Contencioso;0,0;0,15519807333141483;0,009256481174413592;1,4909119466033396;0,10409606931180197;0,01083599164616748;cenario_2_concentrado_societario;7;cenario_2_concentrado_societario_7_analistas
2028-01-07 15:02:00;Esaú;Contratos;111,00000000000001;0,9978544253913407;0,00015115256094901125;3,5629579745535995;0,2800634844749639;0,07843555533625833;cenario_2_concentrado_societario;7;cenario_2_concentrado_societario_7_analistas
2028-01-07 15:02:00;Esaú;Direito digital;0,0;0,15519807333141483;0,009256481174413592;1,3645178411453804;0,11373839802720431;0,012936423185794754;cenario_2_concentrado_societario;7;cenario_2_concentrado_societario_7_analistas
2028-01-07 15:02:00;Esaú;Direito financeiro;0,0;0,15519807333141483;0,009256481174413592;2,020024899426579;0,07682978233360918;0,005902815453429766;cenario_2_concentrado_societario;7;cenario_2_concentrado_societario_7_analistas
2028-01-07 15:02:00;Esaú;Governança;0,0;0,15519807333141483;0,009256481174413592;1,7503741014286571;0,08866565907524683;0,0078615990992479;cenario_2_concentrado_societario;7;cenario_2_concentrado_societario_7_analistas
2028-01-07 15:02:00;Esaú;Propriedade intelectual;0,0;0,15519807333141483;0,009256481174413592;1,1780390993264833;0,1317427184039526;0,017356143852463153;cenario_2_concentrado_societario;7;cenario_2_concentrado_societario_7_analistas
2028-01-07 15:02:00;Esaú;Regulatório;0,0;0,15519807333141483;0,009256481174413592;1,8791168756557521;0,08259096352229588;0,006821267255541208;cenario_2_concentrado_societario;7;cenario_2_concentrado_societario_7_analistas
2028-01-07 15:02:00;Esaú;Societário;157,0;0,999916434814724;5,899209070785976e-06;6,932404262863251;0,1442380445369085;0,0208046134918312;cenario_2_concentrado_societario;7;cenario_2_concentrado_societario_7_analistas
2028-01-07 15:02:00;Esaú;Trabalhista;11,700000000000001;0,2955915020760169;0,014700131917938146;1,226779942064506;0,24094908299411555;0,058056460595705184;cenario_2_concentrado_societario;7;cenario_2_concentrado_societario_7_analistas
2028-01-07 15:02:00;Esaú;Tributário;0,0;0,15519807333141483;0,009256481174413592;1,1512366790857969;0,13480987545902243;0,018173702521277136;cenario_2_concentrado_societario;7;cenario_2_concentrado_societario_7_analistas
2028-01-07 15:02:00;Caim;Concorrencial;0,0;0,15519807333141483;0,009256481174413592;1,8894876506477214;0,0821376489432003;0,006746593373916414;cenario_2_concentrado_societario;7;cenario_2_concentrado_societario_7_analistas
2028-01-07 15:02:00;Caim;Contencioso;0,0;0,15519807333141483;0,009256481174413592;1,4909119466033396;0,10409606931180197;0,01083599164616748;cenario_2_concentrado_societario;7;cenario_2_concentrado_societario_7_analistas
2028-01-07 15:02:00;Caim;Contratos;80,70000000000002;0,9820670538350584;0,001243361705839153;3,5629579745535995;0,2756325112024654;0,07597328123177721;cenario_2_concentrado_societario;7;cenario_2_concentrado_societario_7_analistas
2028-01-07 15:02:00;Caim;Direito digital;20,200000000000003;0,4333294011568915;0,01733618520624303;1,3645178411453804;0,3175696118367741;0,10085045836215939;cenario_2_concentrado_societario;7;cenario_2_concentrado_societario_7_analistas
2028-01-07 15:02:00;Caim;Direito financeiro;59,900000000000006;0,9265280078098057;0,0048060144138981605;2,020024899426579;0,45867157779729234;0,2103796162790576;cenario_2_concentrado_societario;7;cenario_2_concentrado_societario_7_analistas
2028-01-07 15:02:00;Caim;Governança;45,400000000000006;0,8191856614401681;0,010457308255288766;1,7503741014286571;0,468006045548519;0,21902965866996243;cenario_2_concentrado_societario;7;cenario_2_concentrado_societario_7_analistas
2028-01-07 15:02:00;Caim;Propriedade intelectual;0,0;0,15519807333141483;0,009256481174413592;1,1780390993264833;0,1317427184039526;0,017356143852463153;cenario_2_concentrado_societario;7;cenario_2_concentrado_societario_7_analistas
2028-01-07 15:02:00;Caim;Regulatório;65,10000000000001;0,947928435667263;0,003484824226359909;1,8791168756557521;0,5044542188662247;0,25447405893193287;cenario_2_concentrado_societario;7;cenario_2_concentrado_societario_7_analistas
2028-01-07 15:02:00;Caim;Societário;522,7;0,9999999999999996;3,1352698215414407e-17;6,932404262863251;0,1442500988231427;0,020808091010486432;cenario_2_concentrado_societario;7;cenario_2_concentrado_societario_7_analistas
2028-01-07 15:02:00;Caim;Trabalhista;0,0;0,15519807333141483;0,009256481174413592;1,226779942064506;0,1265084861676474;0,016004397072429833;cenario_2_concentrado_societario;7;cenario_2_concentrado_societario_7_analistas
2028-01-07 15:02:00;Caim;Tributário;0,0;0,15519807333141483;0,009256481174413592;1,1512366790857969;0,13480987545902243;0,018173702521277136;cenario_2_concentrado_societario;7;cenario_2_concentrado_societario_7_analistas
2028-01-07 15:02:00;Davi;Concorrencial;0,0;0,15519807333141483;0,009256481174413592;1,8894876506477214;0,0821376489432003;0,006746593373916414;cenario_2_concentrado_societario;7;cenario_2_concentrado_societario_7_analistas
2028-01-07 15:02:00;Davi;Contencioso;0,0;0,15519807333141483;0,009256481174413592;1,4909119466033396;0,10409606931180197;0,01083599164616748;cenario_2_concentrado_societario;7;cenario_2_concentrado_societario_7_analistas
2028-01-07 15:02:00;Davi;Contratos;0,0;0,15519807333141483;0,009256481174413592;3,5629579745535995;0,04355877179574634;0,0018973666003539067;cenario_2_concentrado_societario;7;cenario_2_concentrado_societario_7_analistas
2028-01-07 15:02:00;Davi;Direito digital;0,0;0,15519807333141483;0,009256481174413592;1,3645178411453804;0,11373839802720431;0,012936423185794754;cenario_2_concentrado_societario;7;cenario_2_concentrado_societario_7_analistas
2028-01-07 15:02:00;Davi;Direito financeiro;0,1;0,15612597639059406;0,009301596305599447;2,020024899426579;0,07728913462151545;0,005973610330542737;cenario_2_concentrado_societario;7;cenario_2_concentrado_societario_7_analistas
2028-01-07 15:02:00;Davi;Governança;0,0;0,15519807333141483;0,009256481174413592;1,7503741014286571;0,08866565907524683;0,0078615990992479;cenario_2_concentrado_societario;7;cenario_2_concentrado_societario_7_analistas
2028-01-07 15:02:00;Davi;Propriedade intelectual;0,0;0,15519807333141483;0,009256481174413592;1,1780390993264833;0,1317427184039526;0,017356143852463153;cenario_2_concentrado_societario;7;cenario_2_concentrado_societario_7_analistas
2028-01-07 15:02:00;Davi;Regulatório;0,0;0,15519807333141483;0,009256481174413592;1,8791168756557521;0,08259096352229588;0,006821267255541208;cenario_2_concentrado_societario;7;cenario_2_concentrado_societario_7_analistas
2028-01-07 15:02:00;Davi;Societário;75,1;0,9736006032045489;0,001814594286286693;6,932404262863251;0,14044198322652757;0,019723950652600252;cenario_2_concentrado_societario;7;cenario_2_concentrado_societario_7_analistas
2028-01-07 15:02:00;Davi;Trabalhista;0,0;0,15519807333141483;0,009256481174413592;1,226779942064506;0,1265084861676474;0,016004397072429833;cenario_2_concentrado_societario;7;cenario_2_concentrado_societario_7_analistas
2028-01-07 15:02:00;Davi;Tributário;6,0;0,21912033603812855;0,012080126974710233;1,1512366790857969;0,19033474177710633;0,03622731392735774;cenario_2_concentrado_societario;7;cenario_2_concentrado_societario_7_analistas
