area_wk;tarefa_WK;descritivo;analista;data_aloc;inicio_wk;fim_wk;comp_est;comp_real;tempo_est_h;prazo_est;prazo_real;crit_aloc;resum_exec;data_envio;data_aval;retorno;status;xp_creditada;score_ahp_escolhido;aprendizado_norm_escolhido;especializacao_norm_escolhido;workload_norm_escolhido;contrib_aprendizagem_escolhido;contrib_especializacao_escolhido;contrib_workload_escolhido
Societário;Integração societária;;Abraão;2026-01-01 09:00:00;2026-01-01 09:00:00.000000000;2026-01-01 11:00:00.000000000;1,0;;2,0;2026-01-01 11:00:00.000000000;;AHP_APRENDIZAGEM_ESPECIALIZACAO_WORKLOAD;;;;;CONCLUIDA;True;1,0;1,0;1,0;1,0;0,6586441863669917;0,1851740071976712;0,1561818064353371
Contratos;Contrato de Manutenção de Sistemas;;Adão;2026-01-01 09:01:00;2026-01-01 09:01:00.000000000;2026-01-02 09:00:59.999999999;3,0;;8,0;2026-01-02 09:00:59.999999999;;AHP_APRENDIZAGEM_ESPECIALIZACAO_WORKLOAD;;;;;CONCLUIDA;True;1,0;1,0;1,0;1,0;0,6586441863669917;0,1851740071976712;0,1561818064353371
Contratos;Contrato de trabalho;;Esaú;2026-01-01 09:02:00;2026-01-01 09:02:00.000000000;2026-01-01 11:02:00.000000000;1,0;;2,0;2026-01-01 11:02:00.000000000;;AHP_APRENDIZAGEM_ESPECIALIZACAO_WORKLOAD;;;;;CONCLUIDA;True;1,0;1,0;1,0;1,0;0,6586441863669917;0,1851740071976712;0,1561818064353371
Societário;Consolidação das versões finais dos documentos;;Eva;2026-01-01 09:03:00;2026-01-01 09:03:00.000000000;2026-01-01 11:03:00.000000000;1,0;;2,0;2026-01-01 11:03:00.000000000;;AHP_APRENDIZAGEM_ESPECIALIZACAO_WORKLOAD;;;;;CONCLUIDA;True;1,0;1,0;1,0;1,0;0,6586441863669917;0,1851740071976712;0,1561818064353371
Societário;Gestão de conflitos societários;;Jacó;2026-01-01 09:04:00;2026-01-01 09:04:00.000000000;2026-01-01 11:04:00.000000000;1,0;;2,0;2026-01-01 11:04:00.000000000;;AHP_APRENDIZAGEM_ESPECIALIZACAO_WORKLOAD;;;;;CONCLUIDA;True;1,0;1,0;1,0;1,0;0,6586441863669917;0,1851740071976712;0,1561818064353371
Societário;Organização de livros societários;;Abraão;2026-01-01 09:05:00;2026-01-01 11:00:00.000000000;2026-01-01 13:00:00.000000000;1,0;;2,0;2026-01-01 13:00:00.000000000;;AHP_APRENDIZAGEM_ESPECIALIZACAO_WORKLOAD;;;;;CONCLUIDA;True;1,0;1,0;1,0;1,0;0,6586441863669917;0,1851740071976712;0,1561818064353371
Societário;Estruturação de regras de governança;;Esaú;2026-01-01 09:06:00;2026-01-01 11:02:00.000000000;2026-01-06 11:01:59.999999999;5,0;;24,0;2026-01-06 11:01:59.999999999;;AHP_APRENDIZAGEM_ESPECIALIZACAO_WORKLOAD;;;;;CONCLUIDA;True;1,0;1,0;1,0;1,0;0,6586441863669917;0,1851740071976712;0,1561818064353371
Contratos;Contrato de Locação;;Eva;2026-01-01 09:07:00;2026-01-01 11:03:00.000000000;2026-01-02 11:02:59.999999999;3,0;;8,0;2026-01-02 11:02:59.999999999;;AHP_APRENDIZAGEM_ESPECIALIZACAO_WORKLOAD;;;;;CONCLUIDA;True;1,0;1,0;1,0;1,0;0,6586441863669917;0,1851740071976712;0,1561818064353371
Societário;Atas de Reunião e Assembleia;;Jacó;2026-01-01 09:08:00;2026-01-01 11:04:00.000000000;2026-01-01 15:04:00.000000000;2,0;;4,0;2026-01-01 15:04:00.000000000;;AHP_APRENDIZAGEM_ESPECIALIZACAO_WORKLOAD;;;;;CONCLUIDA;True;1,0;1,0;1,0;1,0;0,6586441863669917;0,1851740071976712;0,1561818064353371
Societário;Regularização societária;;Abraão;2026-01-01 09:09:00;2026-01-01 13:00:00.000000000;2026-01-02 13:00:00.000000000;3,0;;8,0;2026-01-02 13:00:00.000000000;;AHP_APRENDIZAGEM_ESPECIALIZACAO_WORKLOAD;;;;;CONCLUIDA;True;1,0;1,0;1,0;1,0;0,6586441863669917;0,1851740071976712;0,1561818064353371
Societário;Gestão jurídica do encerramento de operações;;Jacó;2026-01-01 09:10:00;2026-01-01 15:04:00.000000000;2026-01-02 09:03:59.999999999;1,0;;2,0;2026-01-02 09:03:59.999999999;;AHP_APRENDIZAGEM_ESPECIALIZACAO_WORKLOAD;;;;;CONCLUIDA;True;1,0;1,0;1,0;1,0;0,6586441863669917;0,1851740071976712;0,1561818064353371
Contratos;Contrato de Mútuo, Doação ou Comodato;;Adão;2026-01-01 09:11:00;2026-01-02 09:00:59.999999999;2026-01-05 09:00:59.999999999;3,0;;8,0;2026-01-05 09:00:59.999999999;;AHP_APRENDIZAGEM_ESPECIALIZACAO_WORKLOAD;;;;;CONCLUIDA;True;1,0;1,0;1,0;1,0;0,6586441863669917;0,1851740071976712;0,1561818064353371
Societário;Gestão de earn-outs, ajustes de preço e garantias;;Jacó;2026-01-01 09:12:00;2026-01-02 09:03:59.999999999;2026-01-02 11:03:59.999999999;1,0;;2,0;2026-01-02 11:03:59.999999999;;AHP_APRENDIZAGEM_ESPECIALIZACAO_WORKLOAD;;;;;CONCLUIDA;True;1,0;1,0;1,0;1,0;0,6586441863669917;0,1851740071976712;0,1561818064353371
Contratos;Contrato de Agência, Franquia ou Parceria Empresarial;;Eva;2026-01-01 09:13:00;2026-01-02 11:02:59.999999999;2026-01-05 11:02:59.999999999;3,0;;8,0;2026-01-05 11:02:59.999999999;;AHP_APRENDIZAGEM_ESPECIALIZACAO_WORKLOAD;;;;;CONCLUIDA;True;1,0;1,0;1,0;1,0;0,6586441863669917;0,1851740071976712;0,1561818064353371
Contratos;Contrato de Mútuo, Doação ou Comodato;;Jacó;2026-01-01 09:14:00;2026-01-02 11:03:59.999999999;2026-01-05 11:03:59.999999999;3,0;;8,0;2026-01-05 11:03:59.999999999;;AHP_APRENDIZAGEM_ESPECIALIZACAO_WORKLOAD;;;;;CONCLUIDA;True;1,0;1,0;1,0;1,0;0,6586441863669917;0,1851740071976712;0,1561818064353371
Societário;Due diligence;;Jacó;2026-01-02 09:00:00;2026-01-05 11:03:59.999999999;2026-01-08 11:03:59.999999999;5,0;;24,0;2026-01-08 11:03:59.999999999;;AHP_APRENDIZAGEM_ESPECIALIZACAO_WORKLOAD;;;;;CONCLUIDA;True;0,9324819744168825;1,0;1,0;0,5676959620064864;0,6586441863669917;0,1851740071976712;0,08866378085221956
Contratos;Contrato de Mandato;;Adão;2026-01-02 09:01:00;2026-01-05 09:00:59.999999999;2026-01-06 09:00:59.999999999;3,0;;8,0;2026-01-06 09:00:59.999999999;;AHP_APRENDIZAGEM_ESPECIALIZACAO_WORKLOAD;;;;;CONCLUIDA;True;0,9791353573455317;1,0;1,0;0,8664079822696453;0,6586441863669917;0,1851740071976712;0,13531716378086872
Regulatório;Apoio jurídico em temas de capital mínimo e patrimônio de referência;;Abraão;2026-01-02 09:02:00;2026-01-02 13:00:00.000000000;2026-01-02 15:00:00.000000000;1,0;;2,0;2026-01-02 15:00:00.000000000;;AHP_APRENDIZAGEM_ESPECIALIZACAO_WORKLOAD;;;;;CONCLUIDA;True;1,0;1,0;1,0;1,0;0,6586441863669917;0,1851740071976712;0,1561818064353371
Societário;Integração societária;;Jacó;2026-01-02 09:03:00;2026-01-08 11:03:59.999999999;2026-01-08 13:03:59.999999999;1,0;;2,0;2026-01-08 13:03:59.999999999;;AHP_APRENDIZAGEM_ESPECIALIZACAO_WORKLOAD;;;;;CONCLUIDA;True;0,8438181935646629;1,0;1,0;0,0;0,6586441863669917;0,1851740071976712;0,0
Societário;Consolidação das versões finais dos documentos;;Jacó;2026-01-02 09:04:00;2026-01-08 13:03:59.999999999;2026-01-08 15:03:59.999999999;1,0;;2,0;2026-01-08 15:03:59.999999999;;AHP_APRENDIZAGEM_ESPECIALIZACAO_WORKLOAD;;;;;CONCLUIDA;True;0,8438181935646629;1,0;1,0;0,0;0,6586441863669917;0,1851740071976712;0,0
Societário;Estruturação societária internacional;;Jacó;2026-01-02 09:05:00;2026-01-08 15:03:59.999999999;2026-01-13 15:04:00.000000000;5,0;;24,0;2026-01-13 15:04:00.000000000;;AHP_APRENDIZAGEM_ESPECIALIZACAO_WORKLOAD;;;;;CONCLUIDA;True;0,8438181935646629;1,0;1,0;0,0;0,6586441863669917;0,1851740071976712;0,0
Contratos;Contrato de trabalho;;Adão;2026-01-02 09:06:00;2026-01-06 09:00:59.999999999;2026-01-06 11:00:59.999999999;1,0;;2,0;2026-01-06 11:00:59.999999999;;AHP_APRENDIZAGEM_ESPECIALIZACAO_WORKLOAD;;;;;CONCLUIDA;True;0,9720971267343937;1,0;1,0;0,821343638529634;0,6586441863669917;0,1851740071976712;0,1282789331697308
Societário;Gestão de passivos;;Jacó;2026-01-02 09:07:00;2026-01-13 15:04:00.000000000;2026-01-14 09:03:59.999999999;1,0;;2,0;2026-01-14 09:03:59.999999999;;AHP_APRENDIZAGEM_ESPECIALIZACAO_WORKLOAD;;;;;CONCLUIDA;True;0,8438181935646629;1,0;1,0;0,0;0,6586441863669917;0,1851740071976712;0,0
Direito digital;Análise de responsabilidades em falhas de segurança;;Abraão;2026-01-02 09:08:00;2026-01-02 15:00:00.000000000;2026-01-02 17:00:00.000000000;1,0;;2,0;2026-01-02 17:00:00.000000000;;AHP_APRENDIZAGEM_ESPECIALIZACAO_WORKLOAD;;;;;CONCLUIDA;True;1,0;1,0;1,0;1,0;0,6586441863669917;0,1851740071976712;0,1561818064353371
Societário;Integração societária;;Jacó;2026-01-02 09:09:00;2026-01-14 09:03:59.999999999;2026-01-14 11:03:59.999999999;1,0;;2,0;2026-01-14 11:03:59.999999999;;AHP_APRENDIZAGEM_ESPECIALIZACAO_WORKLOAD;;;;;CONCLUIDA;True;0,8438181935646629;1,0;1,0;0,0;0,6586441863669917;0,1851740071976712;0,0
Direito digital;Avaliação de bases legais para tratamento de dados;;Abraão;2026-01-02 09:10:00;2026-01-05 09:00:00.000000000;2026-01-05 13:00:00.000000000;2,0;;4,0;2026-01-05 13:00:00.000000000;;AHP_APRENDIZAGEM_ESPECIALIZACAO_WORKLOAD;;;;;CONCLUIDA;True;1,0;1,0;1,0;1,0;0,6586441863669917;0,1851740071976712;0,1561818064353371
Societário;Acordo de Sócios / Acionistas;;Jacó;2026-01-02 09:11:00;2026-01-14 11:03:59.999999999;2026-01-15 11:03:59.999999999;3,0;;8,0;2026-01-15 11:03:59.999999999;;AHP_APRENDIZAGEM_ESPECIALIZACAO_WORKLOAD;;;;;CONCLUIDA;True;0,8438181935646629;1,0;1,0;0,0;0,6586441863669917;0,1851740071976712;0,0
Societário;SPA / SHA e documentos correlatos;;Jacó;2026-01-02 09:12:00;2026-01-15 11:03:59.999999999;2026-01-15 13:03:59.999999999;1,0;;2,0;2026-01-15 13:03:59.999999999;;AHP_APRENDIZAGEM_ESPECIALIZACAO_WORKLOAD;;;;;CONCLUIDA;True;0,8438181935646629;1,0;1,0;0,0;0,6586441863669917;0,1851740071976712;0,0
Contratos;Contrato de Joint Venture;;Adão;2026-01-02 09:13:00;2026-01-06 11:00:59.999999999;2026-01-09 11:00:59.999999999;5,0;;24,0;2026-01-09 11:00:59.999999999;;AHP_APRENDIZAGEM_ESPECIALIZACAO_WORKLOAD;;;;;CONCLUIDA;True;0,9811525111143421;1,0;1,0;0,8793234031810149;0,6586441863669917;0,1851740071976712;0,13733431754967915
Contratos;Contrato de Transferência de Tecnologia;;Adão;2026-01-02 09:14:00;2026-01-09 11:00:59.999999999;2026-01-12 11:01:00.000000000;3,0;;8,0;2026-01-12 11:01:00.000000000;;AHP_APRENDIZAGEM_ESPECIALIZACAO_WORKLOAD;;;;;CONCLUIDA;True;0,9243734650989708;1,0;1,0;0,5157788437263316;0,6586441863669917;0,1851740071976712;0,08055527153430792
Direito financeiro;Revisão de contratos bancários padrão;;Eva;2026-01-05 09:00:00;2026-01-05 11:02:59.999999999;2026-01-06 11:02:59.999999999;3,0;;8,0;2026-01-06 11:02:59.999999999;;AHP_APRENDIZAGEM_ESPECIALIZACAO_WORKLOAD;;;;;CONCLUIDA;True;1,0;1,0;1,0;1,0;0,6586441863669917;0,1851740071976712;0,1561818064353371
Concorrencial;Revisão concorrencial de documentos;;Abraão;2026-01-05 09:01:00;2026-01-05 13:00:00.000000000;2026-01-06 13:00:00.000000000;3,0;;8,0;2026-01-06 13:00:00.000000000;;AHP_APRENDIZAGEM_ESPECIALIZACAO_WORKLOAD;;;;;CONCLUIDA;True;1,0;1,0;1,0;1,0;0,6586441863669917;0,1851740071976712;0,1561818064353371
Societário;Integração societária;;Abraão;2026-01-05 09:02:00;2026-01-06 13:00:00.000000000;2026-01-06 15:00:00.000000000;1,0;;2,0;2026-01-06 15:00:00.000000000;;AHP_APRENDIZAGEM_ESPECIALIZACAO_WORKLOAD;;;;;CONCLUIDA;True;0,9947072219523341;1,0;1,0;0,9661114302077349;0,6586441863669917;0,1851740071976712;0,15088902838767115
Contratos;Contrato de Licenciamento de Software;;Adão;2026-01-05 09:03:00;2026-01-12 11:01:00.000000000;2026-01-14 11:00:59.999999999;4,0;;16,0;2026-01-14 11:00:59.999999999;;AHP_APRENDIZAGEM_ESPECIALIZACAO_WORKLOAD;;;;;CONCLUIDA;True;0,9139250756607088;1,0;1,0;0,44887995404939685;0,6586441863669917;0,1851740071976712;0,07010688209604592
Contratos;Contrato de Agência, Franquia ou Parceria Empresarial;;Adão;2026-01-05 09:04:00;2026-01-14 11:00:59.999999999;2026-01-15 11:01:00.000000000;3,0;;8,0;2026-01-15 11:01:00.000000000;;AHP_APRENDIZAGEM_ESPECIALIZACAO_WORKLOAD;;;;;CONCLUIDA;True;0,8708651864654408;1,0;1,0;0,1731763354394026;0,6586441863669917;0,1851740071976712;0,027046992900777788
Governança;Política de Governaça Corporativa;;Esaú;2026-01-05 09:05:00;2026-01-06 11:01:59.999999999;2026-01-07 11:02:00.000000000;3,0;;8,0;2026-01-07 11:02:00.000000000;;AHP_APRENDIZAGEM_ESPECIALIZACAO_WORKLOAD;;;;;CONCLUIDA;True;1,0;1,0;1,0;1,0;0,6586441863669917;0,1851740071976712;0,1561818064353371
Societário;Gestão de passivos;;Abraão;2026-01-05 09:06:00;2026-01-06 15:00:00.000000000;2026-01-06 17:00:00.000000000;1,0;;2,0;2026-01-06 17:00:00.000000000;;AHP_APRENDIZAGEM_ESPECIALIZACAO_WORKLOAD;;;;;CONCLUIDA;True;0,9893665360161512;1,0;1,0;0,931916116053816;0,6586441863669917;0,1851740071976712;0,14554834245148823
Societário;Gestão de Advisors e Governança da Operação;;Abraão;2026-01-05 09:07:00;2026-01-07 09:00:00.000000000;2026-01-07 17:00:00.000000000;3,0;;8,0;2026-01-07 17:00:00.000000000;;AHP_APRENDIZAGEM_ESPECIALIZACAO_WORKLOAD;;;;;CONCLUIDA;True;0,9839825036196442;1,0;1,0;0,8974432634252609;0,6586441863669917;0,1851740071976712;0,14016431005498134
Societário;Regularização societária;;Abraão;2026-01-05 09:08:00;2026-01-08 09:00:00.000000000;2026-01-08 17:00:00.000000000;3,0;;8,0;2026-01-08 17:00:00.000000000;;AHP_APRENDIZAGEM_ESPECIALIZACAO_WORKLOAD;;;;;CONCLUIDA;True;0,9624463740336168;1,0;1,0;0,7595518529110409;0,6586441863669917;0,1851740071976712;0,11862818046895383
Societário;Atualização de Contrato Social / Estatuto;;Abraão;2026-01-05 09:09:00;2026-01-09 09:00:00.000000000;2026-01-09 17:00:00.000000000;3,0;;8,0;2026-01-09 17:00:00.000000000;;AHP_APRENDIZAGEM_ESPECIALIZACAO_WORKLOAD;;;;;CONCLUIDA;True;0,9409102444475892;1,0;1,0;0,6216604423968208;0,6586441863669917;0,1851740071976712;0,0970920508829263
Societário;Due diligence societária;;Abraão;2026-01-05 09:10:00;2026-01-12 09:00:00.000000000;2026-01-14 17:00:00.000000000;5,0;;24,0;2026-01-14 17:00:00.000000000;;AHP_APRENDIZAGEM_ESPECIALIZACAO_WORKLOAD;;;;;CONCLUIDA;True;0,9193741148615617;1,0;1,0;0,4837690318826008;0,6586441863669917;0,1851740071976712;0,07555592129689878
Societário;Elaboração e negociação de LOI;;Abraão;2026-01-05 09:11:00;2026-01-15 09:00:00.000000000;2026-01-15 17:00:00.000000000;3,0;;8,0;2026-01-15 17:00:00.000000000;;AHP_APRENDIZAGEM_ESPECIALIZACAO_WORKLOAD;;;;;CONCLUIDA;True;0,8547657261034791;1,0;1,0;0,07009480033994077;0,6586441863669917;0,1851740071976712;0,01094753253881623
Regulatório;Análise de impactos regulatórios em operações, produtos e modelos de negócio;;Abraão;2026-01-05 09:12:00;2026-01-16 09:00:00.000000000;2026-01-16 17:00:00.000000000;3,0;;8,0;2026-01-16 17:00:00.000000000;;AHP_APRENDIZAGEM_ESPECIALIZACAO_WORKLOAD;;;;;CONCLUIDA;True;0,8438181935646629;1,0;1,0;0,0;0,6586441863669917;0,1851740071976712;0,0
Concorrencial;Contencioso Administrativo Concorrencial;;Eva;2026-01-05 09:13:00;2026-01-06 11:02:59.999999999;2026-01-08 11:03:00.000000000;4,0;;16,0;2026-01-08 11:03:00.000000000;;AHP_APRENDIZAGEM_ESPECIALIZACAO_WORKLOAD;;;;;CONCLUIDA;True;1,0;1,0;1,0;1,0;0,6586441863669917;0,1851740071976712;0,1561818064353371
Regulatório;Análise de impactos regulatórios em operações, produtos e modelos de negócio;;Abraão;2026-01-05 09:14:00;2026-01-19 09:00:00.000000000;2026-01-19 17:00:00.000000000;3,0;;8,0;2026-01-19 17:00:00.000000000;;AHP_APRENDIZAGEM_ESPECIALIZACAO_WORKLOAD;;;;;CONCLUIDA;True;0,8438181935646629;1,0;1,0;0,0;0,6586441863669917;0,1851740071976712;0,0
Societário;Acordo de Sócios / Acionistas;;Abraão;2026-01-06 09:00:00;2026-01-20 09:00:00.000000000;2026-01-20 17:00:00.000000000;3,0;;8,0;2026-01-20 17:00:00.000000000;;AHP_APRENDIZAGEM_ESPECIALIZACAO_WORKLOAD;;;;;CONCLUIDA;True;0,8438181935646629;1,0;1,0;0,0;0,6586441863669917;0,1851740071976712;0,0
Regulatório;Análise de requisitos prudenciais e de liquidez;;Abraão;2026-01-06 09:01:00;2026-01-21 09:00:00.000000000;2026-01-21 11:00:00.000000000;1,0;;2,0;2026-01-21 11:00:00.000000000;;AHP_APRENDIZAGEM_ESPECIALIZACAO_WORKLOAD;;;;;CONCLUIDA;True;0,8438181935646629;1,0;1,0;0,0;0,6586441863669917;0,1851740071976712;0,0
Societário;Atas de Reunião e Assembleia;;Abraão;2026-01-06 09:02:00;2026-01-21 11:00:00.000000000;2026-01-21 15:00:00.000000000;2,0;;4,0;2026-01-21 15:00:00.000000000;;AHP_APRENDIZAGEM_ESPECIALIZACAO_WORKLOAD;;;;;CONCLUIDA;True;0,8438181935646629;1,0;1,0;0,0;0,6586441863669917;0,1851740071976712;0,0
Propriedade intelectual;Avaliação de riscos em parcerias e projetos conjuntos;;Esaú;2026-01-06 09:03:00;2026-01-07 11:02:00.000000000;2026-01-08 11:02:00.000000000;3,0;;8,0;2026-01-08 11:02:00.000000000;;AHP_APRENDIZAGEM_ESPECIALIZACAO_WORKLOAD;;;;;CONCLUIDA;True;1,0;1,0;1,0;1,0;0,6586441863669917;0,1851740071976712;0,1561818064353371
Contencioso;Acordos, Mediação e Soluções Alternativas;;Esaú;2026-01-06 09:04:00;2026-01-08 11:02:00.000000000;2026-01-09 11:02:00.000000000;3,0;;8,0;2026-01-09 11:02:00.000000000;;AHP_APRENDIZAGEM_ESPECIALIZACAO_WORKLOAD;;;;;CONCLUIDA;True;1,0;1,0;1,0;1,0;0,6586441863669917;0,1851740071976712;0,1561818064353371
Societário;Gestão de conflitos societários;;Abraão;2026-01-06 09:05:00;2026-01-21 15:00:00.000000000;2026-01-21 17:00:00.000000000;1,0;;2,0;2026-01-21 17:00:00.000000000;;AHP_APRENDIZAGEM_ESPECIALIZACAO_WORKLOAD;;;;;CONCLUIDA;True;0,8438181935646629;1,0;1,0;0,0;0,6586441863669917;0,1851740071976712;0,0
Societário;Atos perante Junta Comercial;;Abraão;2026-01-06 09:06:00;2026-01-22 09:00:00.000000000;2026-01-22 11:00:00.000000000;1,0;;2,0;2026-01-22 11:00:00.000000000;;AHP_APRENDIZAGEM_ESPECIALIZACAO_WORKLOAD;;;;;CONCLUIDA;True;0,8438181935646629;1,0;1,0;0,0;0,6586441863669917;0,1851740071976712;0,0
Regulatório;Gestão de prazos regulatórios críticos;;Abraão;2026-01-06 09:07:00;2026-01-22 11:00:00.000000000;2026-01-23 11:00:00.000000000;3,0;;8,0;2026-01-23 11:00:00.000000000;;AHP_APRENDIZAGEM_ESPECIALIZACAO_WORKLOAD;;;;;CONCLUIDA;True;0,8438181935646629;1,0;1,0;0,0;0,6586441863669917;0,1851740071976712;0,0
Concorrencial;Gestão de canal de dúvidas;;Eva;2026-01-06 09:08:00;2026-01-08 11:03:00.000000000;2026-01-08 13:03:00.000000000;1,0;;2,0;2026-01-08 13:03:00.000000000;;AHP_APRENDIZAGEM_ESPECIALIZACAO_WORKLOAD;;;;;CONCLUIDA;True;1,0;1,0;1,0;1,0;0,6586441863669917;0,1851740071976712;0,1561818064353371
Societário;Organização de livros societários;;Abraão;2026-01-06 09:09:00;2026-01-23 11:00:00.000000000;2026-01-23 13:00:00.000000000;1,0;;2,0;2026-01-23 13:00:00.000000000;;AHP_APRENDIZAGEM_ESPECIALIZACAO_WORKLOAD;;;;;CONCLUIDA;True;0,8438181935646629;1,0;1,0;0,0;0,6586441863669917;0,1851740071976712;0,0
Societário;Consolidação das versões finais dos documentos;;Abraão;2026-01-06 09:10:00;2026-01-23 13:00:00.000000000;2026-01-23 15:00:00.000000000;1,0;;2,0;2026-01-23 15:00:00.000000000;;AHP_APRENDIZAGEM_ESPECIALIZACAO_WORKLOAD;;;;;CONCLUIDA;True;0,8438181935646629;1,0;1,0;0,0;0,6586441863669917;0,1851740071976712;0,0
Direito financeiro;Revisão de contratos bancários padrão;;Eva;2026-01-06 09:11:00;2026-01-08 13:03:00.000000000;2026-01-09 13:03:00.000000000;3,0;;8,0;2026-01-09 13:03:00.000000000;;AHP_APRENDIZAGEM_ESPECIALIZACAO_WORKLOAD;;;;;CONCLUIDA;True;1,0;1,0;1,0;1,0;0,6586441863669917;0,1851740071976712;0,1561818064353371
Societário;Estruturação de veículos societários (SPVs);;Abraão;2026-01-06 09:12:00;2026-01-23 15:00:00.000000000;2026-01-28 15:00:00.000000000;5,0;;24,0;2026-01-28 15:00:00.000000000;;AHP_APRENDIZAGEM_ESPECIALIZACAO_WORKLOAD;;;;;CONCLUIDA;True;0,8438181935646629;1,0;1,0;0,0;0,6586441863669917;0,1851740071976712;0,0
Direito financeiro;Revisão de contratos bancários padrão;;Esaú;2026-01-06 09:13:00;2026-01-09 11:02:00.000000000;2026-01-12 11:02:00.000000000;3,0;;8,0;2026-01-12 11:02:00.000000000;;AHP_APRENDIZAGEM_ESPECIALIZACAO_WORKLOAD;;;;;CONCLUIDA;True;1,0;1,0;1,0;1,0;0,6586441863669917;0,1851740071976712;0,1561818064353371
Direito financeiro;Implementação de políticas internas de compliance financeiro;;Eva;2026-01-06 09:14:00;2026-01-09 13:03:00.000000000;2026-01-12 13:03:00.000000000;3,0;;8,0;2026-01-12 13:03:00.000000000;;AHP_APRENDIZAGEM_ESPECIALIZACAO_WORKLOAD;;;;;CONCLUIDA;True;1,0;1,0;1,0;1,0;0,6586441863669917;0,1851740071976712;0,1561818064353371
Societário;Acordo de Sócios / Acionistas;;Esaú;2026-01-07 09:00:00;2026-01-12 11:02:00.000000000;2026-01-13 11:02:00.000000000;3,0;;8,0;2026-01-13 11:02:00.000000000;;AHP_APRENDIZAGEM_ESPECIALIZACAO_WORKLOAD;;;;;CONCLUIDA;True;1,0;1,0;1,0;1,0;0,6586441863669917;0,1851740071976712;0,1561818064353371
Societário;Estruturação de veículos societários (SPVs);;Esaú;2026-01-07 09:01:00;2026-01-13 11:02:00.000000000;2026-01-16 11:01:59.999999999;5,0;;24,0;2026-01-16 11:01:59.999999999;;AHP_APRENDIZAGEM_ESPECIALIZACAO_WORKLOAD;;;;;CONCLUIDA;True;0,99045954253696;1,0;1,0;0,9389144121150247;0,6586441863669917;0,1851740071976712;0,1466413489722971
Contratos;Contrato de Agência, Franquia ou Parceria Empresarial;;Adão;2026-01-07 09:02:00;2026-01-15 11:01:00.000000000;2026-01-16 11:01:00.000000000;3,0;;8,0;2026-01-16 11:01:00.000000000;;AHP_APRENDIZAGEM_ESPECIALIZACAO_WORKLOAD;;;;;CONCLUIDA;True;0,9649740308185858;1,0;1,0;0,775735919689751;0,6586441863669917;0,1851740071976712;0,1211558372539229
Regulatório;Gestão de prazos regulatórios críticos;;Abraão;2026-01-07 09:03:00;2026-01-28 15:00:00.000000000;2026-01-29 15:00:00.000000000;3,0;;8,0;2026-01-29 15:00:00.000000000;;AHP_APRENDIZAGEM_ESPECIALIZACAO_WORKLOAD;;;;;CONCLUIDA;True;0,8438181935646629;1,0;1,0;0,0;0,6586441863669917;0,1851740071976712;0,0
Contratos;Contrato de Joint Venture;;Adão;2026-01-07 09:04:00;2026-01-16 11:01:00.000000000;2026-01-21 11:00:59.999999999;5,0;;24,0;2026-01-21 11:00:59.999999999;;AHP_APRENDIZAGEM_ESPECIALIZACAO_WORKLOAD;;;;;CONCLUIDA;True;0,9558258788786955;1,0;1,0;0,717162183422474;0,6586441863669917;0,1851740071976712;0,11200768531403255
Contratos;Contrato de Licença de Uso de Marca;;Adão;2026-01-07 09:05:00;2026-01-21 11:00:59.999999999;2026-01-22 11:01:00.000000000;3,0;;8,0;2026-01-22 11:01:00.000000000;;AHP_APRENDIZAGEM_ESPECIALIZACAO_WORKLOAD;;;;;CONCLUIDA;True;0,9204472724185908;1,0;1,0;0,49064023910911864;0,6586441863669917;0,1851740071976712;0,07662907885392788
Concorrencial;Revisão concorrencial de documentos;;Abraão;2026-01-07 09:06:00;2026-01-29 15:00:00.000000000;2026-01-30 15:00:00.000000000;3,0;;8,0;2026-01-30 15:00:00.000000000;;AHP_APRENDIZAGEM_ESPECIALIZACAO_WORKLOAD;;;;;CONCLUIDA;True;0,8438181935646629;1,0;1,0;0,0;0,6586441863669917;0,1851740071976712;0,0
Regulatório;Apoio jurídico à governança de instituições reguladas;;Abraão;2026-01-07 09:07:00;2026-01-30 15:00:00.000000000;2026-02-02 15:00:00.000000000;3,0;;8,0;2026-02-02 15:00:00.000000000;;AHP_APRENDIZAGEM_ESPECIALIZACAO_WORKLOAD;;;;;CONCLUIDA;True;0,8438181935646629;1,0;1,0;0,0;0,6586441863669917;0,1851740071976712;0,0
Societário;Gestão jurídica do encerramento de operações;;Esaú;2026-01-07 09:08:00;2026-01-16 11:01:59.999999999;2026-01-16 13:01:59.999999999;1,0;;2,0;2026-01-16 13:01:59.999999999;;AHP_APRENDIZAGEM_ESPECIALIZACAO_WORKLOAD;;;;;CONCLUIDA;True;0,9616002364661512;1,0;1,0;0,7541342080087466;0,6586441863669917;0,1851740071976712;0,11778204290148832
Governança;Avaliação periódica da efetividade da governança;;Eva;2026-01-07 09:09:00;2026-01-12 13:03:00.000000000;2026-01-13 13:03:00.000000000;3,0;;8,0;2026-01-13 13:03:00.000000000;;AHP_APRENDIZAGEM_ESPECIALIZACAO_WORKLOAD;;;;;CONCLUIDA;True;1,0;1,0;1,0;1,0;0,6586441863669917;0,1851740071976712;0,1561818064353371
Societário;Gestão de earn-outs, ajustes de preço e garantias;;Esaú;2026-01-07 09:10:00;2026-01-16 13:01:59.999999999;2026-01-16 15:01:59.999999999;1,0;;2,0;2026-01-16 15:01:59.999999999;;AHP_APRENDIZAGEM_ESPECIALIZACAO_WORKLOAD;;;;;CONCLUIDA;True;0,9671280357670835;1,0;1,0;0,789527570571888;0,6586441863669917;0,1851740071976712;0,12330984220242057
Direito digital;Análise de relatórios de impacto à proteção de dados (DPIA / RIPD);;Abraão;2026-01-07 09:11:00;2026-02-02 15:00:00.000000000;2026-02-02 17:00:00.000000000;1,0;;2,0;2026-02-02 17:00:00.000000000;;AHP_APRENDIZAGEM_ESPECIALIZACAO_WORKLOAD;;;;;CONCLUIDA;True;0,8438181935646629;1,0;1,0;0,0;0,6586441863669917;0,1851740071976712;0,0
Societário;Consolidação das versões finais dos documentos;;Esaú;2026-01-07 09:12:00;2026-01-16 15:01:59.999999999;2026-01-19 09:02:00.000000000;1,0;;2,0;2026-01-19 09:02:00.000000000;;AHP_APRENDIZAGEM_ESPECIALIZACAO_WORKLOAD;;;;;CONCLUIDA;True;0,9650010872168046;1,0;1,0;0,775909156245508;0,6586441863669917;0,1851740071976712;0,12118289365214167
Societário;Gestão de Advisors e Governança da Operação;;Esaú;2026-01-07 09:13:00;2026-01-19 09:02:00.000000000;2026-01-20 09:01:59.999999999;3,0;;8,0;2026-01-20 09:01:59.999999999;;AHP_APRENDIZAGEM_ESPECIALIZACAO_WORKLOAD;;;;;CONCLUIDA;True;0,9623071362649229;1,0;1,0;0,7586603421014805;0,6586441863669917;0,1851740071976712;0,11848894270026006
Direito digital;Avaliação de fornecedores sob a ótica de privacidade (vendor assessment);;Abraão;2026-01-07 09:14:00;2026-02-03 09:00:00.000000000;2026-02-03 11:00:00.000000000;1,0;;2,0;2026-02-03 11:00:00.000000000;;AHP_APRENDIZAGEM_ESPECIALIZACAO_WORKLOAD;;;;;CONCLUIDA;True;0,8438181935646629;1,0;1,0;0,0;0,6586441863669917;0,1851740071976712;0,0
Contratos;Contrato de Transferência de Tecnologia;;Adão;2026-01-08 09:00:00;2026-01-22 11:01:00.000000000;2026-01-23 11:01:00.000000000;3,0;;8,0;2026-01-23 11:01:00.000000000;;AHP_APRENDIZAGEM_ESPECIALIZACAO_WORKLOAD;;;;;CONCLUIDA;True;0,9285408097732064;1,0;1,0;0,5424614949861052;0,6586441863669917;0,1851740071976712;0,08472261620854347
Governança;Gestão de documentos de governança;;Esaú;2026-01-08 09:01:00;2026-01-20 09:01:59.999999999;2026-01-21 09:01:59.999999999;3,0;;8,0;2026-01-21 09:01:59.999999999;;AHP_APRENDIZAGEM_ESPECIALIZACAO_WORKLOAD;;;;;CONCLUIDA;True;0,9523531835390854;1,0;1,0;0,6949272290518582;0,6586441863669917;0,1851740071976712;0,1085349899744225
Societário;Gestão de Advisors e Governança da Operação;;Esaú;2026-01-08 09:02:00;2026-01-21 09:01:59.999999999;2026-01-22 09:01:59.999999999;3,0;;8,0;2026-01-22 09:01:59.999999999;;AHP_APRENDIZAGEM_ESPECIALIZACAO_WORKLOAD;;;;;CONCLUIDA;True;0,9417600978970109;1,0;1,0;0,6271018793273986;0,6586441863669917;0,1851740071976712;0,0979419043323479
Societário;Gestão de Advisors e Governança da Operação;;Esaú;2026-01-08 09:03:00;2026-01-22 09:01:59.999999999;2026-01-23 09:01:59.999999999;3,0;;8,0;2026-01-23 09:01:59.999999999;;AHP_APRENDIZAGEM_ESPECIALIZACAO_WORKLOAD;;;;;CONCLUIDA;True;0,9311670122549363;1,0;1,0;0,559276529602939;0,6586441863669917;0,1851740071976712;0,0873488186902733
Direito digital;Apoio em planos de resposta a incidentes;;Abraão;2026-01-08 09:04:00;2026-02-03 11:00:00.000000000;2026-02-03 13:00:00.000000000;1,0;;2,0;2026-02-03 13:00:00.000000000;;AHP_APRENDIZAGEM_ESPECIALIZACAO_WORKLOAD;;;;;CONCLUIDA;True;0,8438181935646629;1,0;1,0;0,0;0,6586441863669917;0,1851740071976712;0,0
Societário;Atos perante Junta Comercial;;Esaú;2026-01-08 09:05:00;2026-01-23 09:01:59.999999999;2026-01-23 11:01:59.999999999;1,0;;2,0;2026-01-23 11:01:59.999999999;;AHP_APRENDIZAGEM_ESPECIALIZACAO_WORKLOAD;;;;;CONCLUIDA;True;0,921898246302518;1,0;1,0;0,49993052660830906;0,6586441863669917;0,1851740071976712;0,07808005273785507
Societário;Gestão jurídica do encerramento de operações;;Esaú;2026-01-08 09:06:00;2026-01-23 11:01:59.999999999;2026-01-23 13:01:59.999999999;1,0;;2,0;2026-01-23 13:01:59.999999999;;AHP_APRENDIZAGEM_ESPECIALIZACAO_WORKLOAD;;;;;CONCLUIDA;True;0,919294131147281;1,0;1,0;0,4832569126024733;0,6586441863669917;0,1851740071976712;0,0754759375826181
Societário;Elaboração e negociação de  SPA;;Esaú;2026-01-08 09:07:00;2026-01-23 13:01:59.999999999;2026-01-26 13:02:00.000000000;3,0;;8,0;2026-01-26 13:02:00.000000000;;AHP_APRENDIZAGEM_ESPECIALIZACAO_WORKLOAD;;;;;CONCLUIDA;True;0,916690015992044;1,0;1,0;0,46658329859663744;0,6586441863669917;0,1851740071976712;0,07287182242738112
Contratos;Contrato de SaaS;;Adão;2026-01-08 09:08:00;2026-01-23 11:01:00.000000000;2026-01-26 11:01:00.000000000;3,0;;8,0;2026-01-26 11:01:00.000000000;;AHP_APRENDIZAGEM_ESPECIALIZACAO_WORKLOAD;;;;;CONCLUIDA;True;0,9193158321072696;1,0;1,0;0,48339585938817103;0,6586441863669917;0,1851740071976712;0,07549763854260676
Regulatório;Apoio jurídico em consultas públicas e audiências regulatórias;;Abraão;2026-01-08 09:09:00;2026-02-03 13:00:00.000000000;2026-02-04 13:00:00.000000000;3,0;;8,0;2026-02-04 13:00:00.000000000;;AHP_APRENDIZAGEM_ESPECIALIZACAO_WORKLOAD;;;;;CONCLUIDA;True;0,8438181935646629;1,0;1,0;0,0;0,6586441863669917;0,1851740071976712;0,0
Direito digital;Interface entre jurídico, TI e segurança da informação;;Abraão;2026-01-08 09:10:00;2026-02-04 13:00:00.000000000;2026-02-04 15:00:00.000000000;1,0;;2,0;2026-02-04 15:00:00.000000000;;AHP_APRENDIZAGEM_ESPECIALIZACAO_WORKLOAD;;;;;CONCLUIDA;True;0,8438181935646629;1,0;1,0;0,0;0,6586441863669917;0,1851740071976712;0,0
Contratos;Letter of Intent;;Adão;2026-01-08 09:11:00;2026-01-26 11:01:00.000000000;2026-01-26 13:01:00.000000000;1,0;;2,0;2026-01-26 13:01:00.000000000;;AHP_APRENDIZAGEM_ESPECIALIZACAO_WORKLOAD;;;;;CONCLUIDA;True;0,9159098084631343;1,0;1,0;0,46158779017784624;0,6586441863669917;0,1851740071976712;0,07209161489847138
Societário;Gestão jurídica do encerramento de operações;;Esaú;2026-01-08 09:12:00;2026-01-26 13:02:00.000000000;2026-01-26 15:02:00.000000000;1,0;;2,0;2026-01-26 15:02:00.000000000;;AHP_APRENDIZAGEM_ESPECIALIZACAO_WORKLOAD;;;;;CONCLUIDA;True;0,9134860559196845;1,0;1,0;0,4460690008977813;0,6586441863669917;0,1851740071976712;0,0696678623550215
Contratos;Contrato de Mútuo, Doação ou Comodato;;Adão;2026-01-08 09:13:00;2026-01-26 13:01:00.000000000;2026-01-27 13:01:00.000000000;3,0;;8,0;2026-01-27 13:01:00.000000000;;AHP_APRENDIZAGEM_ESPECIALIZACAO_WORKLOAD;;;;;CONCLUIDA;True;0,9135060869327712;1,0;1,0;0,4461972553567612;0,6586441863669917;0,1851740071976712;0,06968789336810836
Societário;Regularização societária;;Esaú;2026-01-08 09:14:00;2026-01-26 15:02:00.000000000;2026-01-27 15:02:00.000000000;3,0;;8,0;2026-01-27 15:02:00.000000000;;AHP_APRENDIZAGEM_ESPECIALIZACAO_WORKLOAD;;;;;CONCLUIDA;True;0,9110823343893214;1,0;1,0;0,43067846607669613;0,6586441863669917;0,1851740071976712;0,06726414082465845
Societário;Aprovações regulatórias e concorrenciais;;Jacó;2026-01-09 09:00:00;2026-01-15 13:03:59.999999999;2026-01-16 13:04:00.000000000;3,0;;8,0;2026-01-16 13:04:00.000000000;;AHP_APRENDIZAGEM_ESPECIALIZACAO_WORKLOAD;;;;;CONCLUIDA;True;0,9807501967443428;1,0;1,0;0,8767474669744775;0,6586441863669917;0,1851740071976712;0,13693200317967996
Trabalhista;Revisão de políticas internas e regulamentos;;Eva;2026-01-09 09:01:00;2026-01-13 13:03:00.000000000;2026-01-14 13:03:00.000000000;3,0;;8,0;2026-01-14 13:03:00.000000000;;AHP_APRENDIZAGEM_ESPECIALIZACAO_WORKLOAD;;;;;CONCLUIDA;True;1,0;1,0;1,0;1,0;0,6586441863669917;0,1851740071976712;0,1561818064353371
Concorrencial;Monitoramento regulatório e jurisprudencial;;Eva;2026-01-09 09:02:00;2026-01-14 13:03:00.000000000;2026-01-15 13:03:00.000000000;3,0;;8,0;2026-01-15 13:03:00.000000000;;AHP_APRENDIZAGEM_ESPECIALIZACAO_WORKLOAD;;;;;CONCLUIDA;True;1,0;1,0;1,0;1,0;0,6586441863669917;0,1851740071976712;0,1561818064353371
Societário;Closing da operação;;Jacó;2026-01-09 09:03:00;2026-01-16 13:04:00.000000000;2026-01-16 15:04:00.000000000;1,0;;2,0;2026-01-16 15:04:00.000000000;;AHP_APRENDIZAGEM_ESPECIALIZACAO_WORKLOAD;;;;;CONCLUIDA;True;0,9890122204336117;1,0;1,0;0,9296475062161766;0,6586441863669917;0,1851740071976712;0,14519402686894875
Contratos;Contrato de Joint Venture;;Adão;2026-01-09 09:04:00;2026-01-27 13:01:00.000000000;2026-01-30 13:00:59.999999999;5,0;;24,0;2026-01-30 13:00:59.999999999;;AHP_APRENDIZAGEM_ESPECIALIZACAO_WORKLOAD;;;;;CONCLUIDA;True;0,9123261996348954;1,0;1,0;0,4386426795402467;0,6586441863669917;0,1851740071976712;0,06850800607023241
Contratos;Contrato de compra e venda;;Adão;2026-01-09 09:05:00;2026-01-30 13:00:59.999999999;2026-02-02 13:01:00.000000000;3,0;;8,0;2026-02-02 13:01:00.000000000;;AHP_APRENDIZAGEM_ESPECIALIZACAO_WORKLOAD;;;;;CONCLUIDA;True;0,8794313917854167;1,0;1,0;0,2280239871312955;0,6586441863669917;0,1851740071976712;0,035613198220753796
Contratos;Contratos Financeiros ou Bancários;;Adão;2026-01-09 09:06:00;2026-02-02 13:01:00.000000000;2026-02-03 13:01:00.000000000;3,0;;8,0;2026-02-03 13:01:00.000000000;;AHP_APRENDIZAGEM_ESPECIALIZACAO_WORKLOAD;;;;;CONCLUIDA;True;0,8684664558355905;1,0;1,0;0,15781775632831166;0,6586441863669917;0,1851740071976712;0,02464826227092757
Societário;Aumento e redução de capital;;Jacó;2026-01-09 09:07:00;2026-01-16 15:04:00.000000000;2026-01-19 09:03:59.999999999;1,0;;2,0;2026-01-19 09:03:59.999999999;;AHP_APRENDIZAGEM_ESPECIALIZACAO_WORKLOAD;;;;;CONCLUIDA;True;0,9862709864461552;1,0;1,0;0,9120959485154307;0,6586441863669917;0,1851740071976712;0,1424527928814922
Regulatório;Monitoramento contínuo de normas da CVM, BCB, CMN e circulares associadas;;Abraão;2026-01-09 09:08:00;2026-02-04 15:00:00.000000000;2026-02-04 17:00:00.000000000;1,0;;2,0;2026-02-04 17:00:00.000000000;;AHP_APRENDIZAGEM_ESPECIALIZACAO_WORKLOAD;;;;;CONCLUIDA;True;0,8438181935646629;1,0;1,0;0,0;0,6586441863669917;0,1851740071976712;0,0
Direito financeiro;Estratégias de prevenção de litígios;;Eva;2026-01-09 09:09:00;2026-01-15 13:03:00.000000000;2026-01-19 13:03:00.000000000;4,0;;16,0;2026-01-19 13:03:00.000000000;;AHP_APRENDIZAGEM_ESPECIALIZACAO_WORKLOAD;;;;;CONCLUIDA;True;1,0;1,0;1,0;1,0;0,6586441863669917;0,1851740071976712;0,1561818064353371
Concorrencial;Relacionamento CADE;;Eva;2026-01-09 09:10:00;2026-01-19 13:03:00.000000000;2026-01-19 15:03:00.000000000;1,0;;2,0;2026-01-19 15:03:00.000000000;;AHP_APRENDIZAGEM_ESPECIALIZACAO_WORKLOAD;;;;;CONCLUIDA;True;0,9940141995288574;1,0;1,0;0,9616741500962156;0,6586441863669917;0,1851740071976712;0,15019600596419447
Societário;Gestão de conflitos societários;;Jacó;2026-01-09 09:11:00;2026-01-19 09:03:59.999999999;2026-01-19 11:03:59.999999999;1,0;;2,0;2026-01-19 11:03:59.999999999;;AHP_APRENDIZAGEM_ESPECIALIZACAO_WORKLOAD;;;;;CONCLUIDA;True;1,0;1,0;1,0;1,0;0,6586441863669917;0,1851740071976712;0,1561818064353371
Direito digital;Revisão jurídica de contratos com provedores de tecnologia e SaaS;;Abraão;2026-01-09 09:12:00;2026-02-05 09:00:00.000000000;2026-02-05 17:00:00.000000000;3,0;;8,0;2026-02-05 17:00:00.000000000;;AHP_APRENDIZAGEM_ESPECIALIZACAO_WORKLOAD;;;;;CONCLUIDA;True;0,8438181935646629;1,0;1,0;0,0;0,6586441863669917;0,1851740071976712;0,0
Societário;Atos perante Junta Comercial;;Jacó;2026-01-09 09:13:00;2026-01-19 11:03:59.999999999;2026-01-19 13:03:59.999999999;1,0;;2,0;2026-01-19 13:03:59.999999999;;AHP_APRENDIZAGEM_ESPECIALIZACAO_WORKLOAD;;;;;CONCLUIDA;True;1,0;1,0;1,0;1,0;0,6586441863669917;0,1851740071976712;0,1561818064353371
Regulatório;Assessoria em relações com investidores (RI);;Abraão;2026-01-09 09:14:00;2026-02-06 09:00:00.000000000;2026-02-06 11:00:00.000000000;1,0;;2,0;2026-02-06 11:00:00.000000000;;AHP_APRENDIZAGEM_ESPECIALIZACAO_WORKLOAD;;;;;CONCLUIDA;True;0,8438181935646629;1,0;1,0;0,0;0,6586441863669917;0,1851740071976712;0,0
Societário;Suporte jurídico às negociações comerciais;;Jacó;2026-01-12 09:00:00;2026-01-19 13:03:59.999999999;2026-01-20 13:04:00.000000000;3,0;;8,0;2026-01-20 13:04:00.000000000;;AHP_APRENDIZAGEM_ESPECIALIZACAO_WORKLOAD;;;;;CONCLUIDA;True;1,0;1,0;1,0;1,0;0,6586441863669917;0,1851740071976712;0,1561818064353371
Societário;Due diligence;;Jacó;2026-01-12 09:01:00;2026-01-20 13:04:00.000000000;2026-01-23 13:04:00.000000000;5,0;;24,0;2026-01-23 13:04:00.000000000;;AHP_APRENDIZAGEM_ESPECIALIZACAO_WORKLOAD;;;;;CONCLUIDA;True;0,9912951007992656;1,0;1,0;0,9442643199011889;0,6586441863669917;0,1851740071976712;0,14747690723460272
Societário;Atos perante Junta Comercial;;Jacó;2026-01-12 09:02:00;2026-01-23 13:04:00.000000000;2026-01-23 15:04:00.000000000;1,0;;2,0;2026-01-23 15:04:00.000000000;;AHP_APRENDIZAGEM_ESPECIALIZACAO_WORKLOAD;;;;;CONCLUIDA;True;0,9565719571730675;1,0;1,0;0,7219391693685349;0,6586441863669917;0,1851740071976712;0,11275376360840457
Direito digital;Comunicação de incidentes às autoridades competentes;;Abraão;2026-01-12 09:03:00;2026-02-06 11:00:00.000000000;2026-02-06 13:00:00.000000000;1,0;;2,0;2026-02-06 13:00:00.000000000;;AHP_APRENDIZAGEM_ESPECIALIZACAO_WORKLOAD;;;;;CONCLUIDA;True;0,8438181935646629;1,0;1,0;0,0;0,6586441863669917;0,1851740071976712;0,0
Contratos;Contrato de Escrow de Código-Fonte;;Adão;2026-01-12 09:04:00;2026-02-03 13:01:00.000000000;2026-02-04 13:01:00.000000000;3,0;;8,0;2026-02-04 13:01:00.000000000;;AHP_APRENDIZAGEM_ESPECIALIZACAO_WORKLOAD;;;;;CONCLUIDA;True;0,8778860455368397;1,0;1,0;0,2181294527815675;0,6586441863669917;0,1851740071976712;0,03406785197217678
Societário;Estruturação jurídica de carve-outs, spin-offs e alienação de ativos;;Jacó;2026-01-12 09:05:00;2026-01-23 15:04:00.000000000;2026-01-28 15:04:00.000000000;5,0;;24,0;2026-01-28 15:04:00.000000000;;AHP_APRENDIZAGEM_ESPECIALIZACAO_WORKLOAD;;;;;CONCLUIDA;True;0,9545209564707773;1,0;1,0;0,7088070335000759;0,6586441863669917;0,1851740071976712;0,11070276290611436
Societário;Aprovações regulatórias e concorrenciais;;Jacó;2026-01-12 09:06:00;2026-01-28 15:04:00.000000000;2026-01-29 15:04:00.000000000;3,0;;8,0;2026-01-29 15:04:00.000000000;;AHP_APRENDIZAGEM_ESPECIALIZACAO_WORKLOAD;;;;;CONCLUIDA;True;0,9204294298273203;1,0;1,0;0,49052599666515084;0,6586441863669917;0,1851740071976712;0,07661123626265741
Contratos;Contrato de Representação Comercial;;Adão;2026-01-12 09:07:00;2026-02-04 13:01:00.000000000;2026-02-05 13:01:00.000000000;3,0;;8,0;2026-02-05 13:01:00.000000000;;AHP_APRENDIZAGEM_ESPECIALIZACAO_WORKLOAD;;;;;CONCLUIDA;True;0,866522203322354;1,0;1,0;0,14536910716992563;0,6586441863669917;0,1851740071976712;0,022704009757691098
Contratos;Contratos Administrativos;;Adão;2026-01-12 09:08:00;2026-02-05 13:01:00.000000000;2026-02-06 13:01:00.000000000;3,0;;8,0;2026-02-06 13:01:00.000000000;;AHP_APRENDIZAGEM_ESPECIALIZACAO_WORKLOAD;;;;;CONCLUIDA;True;0,8551583611078684;1,0;1,0;0,07260876155828419;0,6586441863669917;0,1851740071976712;0,011340167543205487
Societário;Due diligence societária;;Jacó;2026-01-12 09:09:00;2026-01-29 15:04:00.000000000;2026-02-03 15:04:00.000000000;5,0;;24,0;2026-02-03 15:04:00.000000000;;AHP_APRENDIZAGEM_ESPECIALIZACAO_WORKLOAD;;;;;CONCLUIDA;True;0,9090793697305047;1,0;1,0;0,4178538951197334;0,6586441863669917;0,1851740071976712;0,06526117616584186
Governança;Avaliação periódica da efetividade da governança;;Esaú;2026-01-12 09:10:00;2026-01-27 15:02:00.000000000;2026-01-28 15:02:00.000000000;3,0;;8,0;2026-01-28 15:02:00.000000000;;AHP_APRENDIZAGEM_ESPECIALIZACAO_WORKLOAD;;;;;CONCLUIDA;True;0,9318509516933411;1,0;1,0;0,5636556532282508;0,6586441863669917;0,1851740071976712;0,08803275812867817
Societário;SPA / SHA e documentos correlatos;;Jacó;2026-01-12 09:11:00;2026-02-03 15:04:00.000000000;2026-02-04 09:03:59.999999999;1,0;;2,0;2026-02-04 09:03:59.999999999;;AHP_APRENDIZAGEM_ESPECIALIZACAO_WORKLOAD;;;;;CONCLUIDA;True;0,8749930100356146;1,0;1,0;0,19960594119430125;0,6586441863669917;0,1851740071976712;0,03117481647095164
Societário;Suporte jurídico às negociações comerciais;;Jacó;2026-01-12 09:12:00;2026-02-04 09:03:59.999999999;2026-02-05 09:03:59.999999999;3,0;;8,0;2026-02-05 09:03:59.999999999;;AHP_APRENDIZAGEM_ESPECIALIZACAO_WORKLOAD;;;;;CONCLUIDA;True;0,8721524800610404;1,0;1,0;0,1814186117005152;0,6586441863669917;0,1851740071976712;0,02833428649637745
Societário;Consolidação das versões finais dos documentos;;Jacó;2026-01-12 09:13:00;2026-02-05 09:03:59.999999999;2026-02-05 11:03:59.999999999;1,0;;2,0;2026-02-05 11:03:59.999999999;;AHP_APRENDIZAGEM_ESPECIALIZACAO_WORKLOAD;;;;;CONCLUIDA;True;0,8607903601627437;1,0;1,0;0,10866929372537147;0,6586441863669917;0,1851740071976712;0,01697216659808076
Societário;Consolidação das versões finais dos documentos;;Jacó;2026-01-12 09:14:00;2026-02-05 11:03:59.999999999;2026-02-05 13:03:59.999999999;1,0;;2,0;2026-02-05 13:03:59.999999999;;AHP_APRENDIZAGEM_ESPECIALIZACAO_WORKLOAD;;;;;CONCLUIDA;True;0,8579498301881695;1,0;1,0;0,09048196423158548;0,6586441863669917;0,1851740071976712;0,01413163662350658
Societário;Acordo de Sócios / Acionistas;;Jacó;2026-01-13 09:00:00;2026-02-05 13:03:59.999999999;2026-02-06 13:04:00.000000000;3,0;;8,0;2026-02-06 13:04:00.000000000;;AHP_APRENDIZAGEM_ESPECIALIZACAO_WORKLOAD;;;;;CONCLUIDA;True;0,8551093002132293;1,0;1,0;0,07229463473545594;0,6586441863669917;0,1851740071976712;0,011291106648566378
Societário;Elaboração e negociação de  SHA;;Jacó;2026-01-13 09:01:00;2026-02-06 13:04:00.000000000;2026-02-09 13:04:00.000000000;3,0;;8,0;2026-02-09 13:04:00.000000000;;AHP_APRENDIZAGEM_ESPECIALIZACAO_WORKLOAD;;;;;CONCLUIDA;True;0,8438181935646629;1,0;1,0;0,0;0,6586441863669917;0,1851740071976712;0,0
Contratos;Contrato de Manutenção de Sistemas;;Adão;2026-01-13 09:02:00;2026-02-06 13:01:00.000000000;2026-02-09 13:01:00.000000000;3,0;;8,0;2026-02-09 13:01:00.000000000;;AHP_APRENDIZAGEM_ESPECIALIZACAO_WORKLOAD;;;;;CONCLUIDA;True;0,8544714646437296;1,0;1,0;0,06821070470507931;0,6586441863669917;0,1851740071976712;0,010653271079066636
Societário;Elaboração e negociação de LOI;;Jacó;2026-01-13 09:03:00;2026-02-09 13:04:00.000000000;2026-02-10 13:04:00.000000000;3,0;;8,0;2026-02-10 13:04:00.000000000;;AHP_APRENDIZAGEM_ESPECIALIZACAO_WORKLOAD;;;;;CONCLUIDA;True;0,8438181935646629;1,0;1,0;0,0;0,6586441863669917;0,1851740071976712;0,0
Direito digital;Análise de cláusulas de tratamento, compartilhamento e transferência de dados;;Abraão;2026-01-13 09:04:00;2026-02-06 13:00:00.000000000;2026-02-06 17:00:00.000000000;2,0;;4,0;2026-02-06 17:00:00.000000000;;AHP_APRENDIZAGEM_ESPECIALIZACAO_WORKLOAD;;;;;CONCLUIDA;True;0,8637308058386565;1,0;1,0;0,1274963629149583;0,6586441863669917;0,1851740071976712;0,01991261227399351
Trabalhista;Análise jurídica de bônus, comissões e PLR;;Eva;2026-01-13 09:05:00;2026-01-19 15:03:00.000000000;2026-01-20 09:03:00.000000000;1,0;;2,0;2026-01-20 09:03:00.000000000;;AHP_APRENDIZAGEM_ESPECIALIZACAO_WORKLOAD;;;;;CONCLUIDA;True;1,0;1,0;1,0;1,0;0,6586441863669917;0,1851740071976712;0,1561818064353371
Propriedade intelectual;Elaboração e revisão de NDAs;;Esaú;2026-01-13 09:06:00;2026-01-28 15:02:00.000000000;2026-01-29 15:02:00.000000000;3,0;;8,0;2026-01-29 15:02:00.000000000;;AHP_APRENDIZAGEM_ESPECIALIZACAO_WORKLOAD;;;;;CONCLUIDA;True;0,932015472242433;1,0;1,0;0,5647090444832684;0,6586441863669917;0,1851740071976712;0,08819727867777
Societário;Estruturação societária internacional;;Jacó;2026-01-13 09:07:00;2026-02-10 13:04:00.000000000;2026-02-13 13:04:00.000000000;5,0;;24,0;2026-02-13 13:04:00.000000000;;AHP_APRENDIZAGEM_ESPECIALIZACAO_WORKLOAD;;;;;CONCLUIDA;True;0,8438181935646629;1,0;1,0;0,0;0,6586441863669917;0,1851740071976712;0,0
Societário;Regularização societária;;Jacó;2026-01-13 09:08:00;2026-02-13 13:04:00.000000000;2026-02-16 13:04:00.000000000;3,0;;8,0;2026-02-16 13:04:00.000000000;;AHP_APRENDIZAGEM_ESPECIALIZACAO_WORKLOAD;;;;;CONCLUIDA;True;0,8438181935646629;1,0;1,0;0,0;0,6586441863669917;0,1851740071976712;0,0
Regulatório;Elaboração de defesas, manifestações e recursos;;Abraão;2026-01-13 09:09:00;2026-02-09 09:00:00.000000000;2026-02-10 17:00:00.000000000;4,0;;16,0;2026-02-10 17:00:00.000000000;;AHP_APRENDIZAGEM_ESPECIALIZACAO_WORKLOAD;;;;;CONCLUIDA;True;0,8879315037040745;1,0;1,0;0,28244845636149996;0,6586441863669917;0,1851740071976712;0,04411331013941155
Contratos;Contrato de Desenvolvimento de Software;;Adão;2026-01-13 09:10:00;2026-02-09 13:01:00.000000000;2026-02-10 13:01:00.000000000;3,0;;8,0;2026-02-10 13:01:00.000000000;;AHP_APRENDIZAGEM_ESPECIALIZACAO_WORKLOAD;;;;;CONCLUIDA;True;0,8839105854957299;1,0;1,0;0,2567033436616458;0,6586441863669917;0,1851740071976712;0,040092391931066985
Contratos;Contrato de prestação de serviços;;Adão;2026-01-13 09:11:00;2026-02-10 13:01:00.000000000;2026-02-11 13:01:00.000000000;3,0;;8,0;2026-02-11 13:01:00.000000000;;AHP_APRENDIZAGEM_ESPECIALIZACAO_WORKLOAD;;;;;CONCLUIDA;True;0,8759021176943239;1,0;1,0;0,2054267706459424;0,6586441863669917;0,1851740071976712;0,03208392412966096
Contratos;Contrato de Locação;;Adão;2026-01-13 09:12:00;2026-02-11 13:01:00.000000000;2026-02-12 13:01:00.000000000;3,0;;8,0;2026-02-12 13:01:00.000000000;;AHP_APRENDIZAGEM_ESPECIALIZACAO_WORKLOAD;;;;;CONCLUIDA;True;0,8678936498929178;1,0;1,0;0,1541501976302389;0,6586441863669917;0,1851740071976712;0,024075456328254932
Societário;Aumento e redução de capital;;Jacó;2026-01-13 09:13:00;2026-02-16 13:04:00.000000000;2026-02-16 15:04:00.000000000;1,0;;2,0;2026-02-16 15:04:00.000000000;;AHP_APRENDIZAGEM_ESPECIALIZACAO_WORKLOAD;;;;;CONCLUIDA;True;0,8438181935646629;1,0;1,0;0,0;0,6586441863669917;0,1851740071976712;0,0
Contratos;Contrato de Cessão de Direitos Autorais;;Adão;2026-01-13 09:14:00;2026-02-12 13:01:00.000000000;2026-02-13 13:01:00.000000000;3,0;;8,0;2026-02-13 13:01:00.000000000;;AHP_APRENDIZAGEM_ESPECIALIZACAO_WORKLOAD;;;;;CONCLUIDA;True;0,8616586003120601;1,0;1,0;0,11422845691558538;0,6586441863669917;0,1851740071976712;0,0178404067473972
Regulatório;Monitoramento contínuo de normas da CVM, BCB, CMN e circulares associadas;;Abraão;2026-01-14 09:00:00;2026-02-11 09:00:00.000000000;2026-02-11 11:00:00.000000000;1,0;;2,0;2026-02-11 11:00:00.000000000;;AHP_APRENDIZAGEM_ESPECIALIZACAO_WORKLOAD;;;;;CONCLUIDA;True;0,8735357316732212;1,0;1,0;0,19027528741551575;0,6586441863669917;0,1851740071976712;0,029717538108558216
Direito financeiro;Apoio a programas de prevenção à lavagem de dinheiro (PLD/FT);;Eva;2026-01-14 09:01:00;2026-01-20 09:03:00.000000000;2026-01-20 11:03:00.000000000;1,0;;2,0;2026-01-20 11:03:00.000000000;;AHP_APRENDIZAGEM_ESPECIALIZACAO_WORKLOAD;;;;;CONCLUIDA;True;1,0;1,0;1,0;1,0;0,6586441863669917;0,1851740071976712;0,1561818064353371
Direito digital;Apoio jurídico a squads de produto e tecnologia;;Abraão;2026-01-14 09:02:00;2026-02-11 11:00:00.000000000;2026-02-11 13:00:00.000000000;1,0;;2,0;2026-02-11 13:00:00.000000000;;AHP_APRENDIZAGEM_ESPECIALIZACAO_WORKLOAD;;;;;CONCLUIDA;True;0,8719145681010344;1,0;1,0;0,17989531032863282;0,6586441863669917;0,1851740071976712;0,02809637453637143
Societário;Estruturação de regras de governança;;Jacó;2026-01-14 09:03:00;2026-02-16 15:04:00.000000000;2026-02-19 15:04:00.000000000;5,0;;24,0;2026-02-19 15:04:00.000000000;;AHP_APRENDIZAGEM_ESPECIALIZACAO_WORKLOAD;;;;;CONCLUIDA;True;0,8438181935646629;1,0;1,0;0,0;0,6586441863669917;0,1851740071976712;0,0
Governança;Avaliação periódica da efetividade da governança;;Eva;2026-01-14 09:04:00;2026-01-20 11:03:00.000000000;2026-01-21 11:02:59.999999999;3,0;;8,0;2026-01-21 11:02:59.999999999;;AHP_APRENDIZAGEM_ESPECIALIZACAO_WORKLOAD;;;;;CONCLUIDA;True;1,0;1,0;1,0;1,0;0,6586441863669917;0,1851740071976712;0,1561818064353371
Regulatório;Tradução da norma para áreas de negócio, compliance e produto;;Abraão;2026-01-14 09:05:00;2026-02-11 13:00:00.000000000;2026-02-12 13:00:00.000000000;3,0;;8,0;2026-02-12 13:00:00.000000000;;AHP_APRENDIZAGEM_ESPECIALIZACAO_WORKLOAD;;;;;CONCLUIDA;True;0,889276012238232;1,0;1,0;0,29105706811240994;0,6586441863669917;0,1851740071976712;0,045457818673569135
Governança;Acompanhamento de planos de mitigação;;Eva;2026-01-14 09:06:00;2026-01-21 11:02:59.999999999;2026-01-21 13:02:59.999999999;1,0;;2,0;2026-01-21 13:02:59.999999999;;AHP_APRENDIZAGEM_ESPECIALIZACAO_WORKLOAD;;;;;CONCLUIDA;True;1,0;1,0;1,0;1,0;0,6586441863669917;0,1851740071976712;0,1561818064353371
Societário;Estruturação jurídica de carve-outs, spin-offs e alienação de ativos;;Jacó;2026-01-14 09:07:00;2026-02-19 15:04:00.000000000;2026-02-24 15:04:00.000000000;5,0;;24,0;2026-02-24 15:04:00.000000000;;AHP_APRENDIZAGEM_ESPECIALIZACAO_WORKLOAD;;;;;CONCLUIDA;True;0,8438181935646629;1,0;1,0;0,0;0,6586441863669917;0,1851740071976712;0,0
Direito financeiro;Estruturação jurídica de debêntures, CRI, CRA, notas comerciais;;Eva;2026-01-14 09:08:00;2026-01-21 13:02:59.999999999;2026-01-26 13:03:00.000000000;5,0;;24,0;2026-01-26 13:03:00.000000000;;AHP_APRENDIZAGEM_ESPECIALIZACAO_WORKLOAD;;;;;CONCLUIDA;True;1,0;1,0;1,0;1,0;0,6586441863669917;0,1851740071976712;0,1561818064353371
Contratos;Contrato de Locação;;Adão;2026-01-14 09:09:00;2026-02-13 13:01:00.000000000;2026-02-16 13:01:00.000000000;3,0;;8,0;2026-02-16 13:01:00.000000000;;AHP_APRENDIZAGEM_ESPECIALIZACAO_WORKLOAD;;;;;CONCLUIDA;True;0,8971444588146549;1,0;1,0;0,34143711400898846;0,6586441863669917;0,1851740071976712;0,05332626524999196
Regulatório;Análise de risco sancionador e reputacional;;Abraão;2026-01-14 09:10:00;2026-02-12 13:00:00.000000000;2026-02-12 15:00:00.000000000;1,0;;2,0;2026-02-12 15:00:00.000000000;;AHP_APRENDIZAGEM_ESPECIALIZACAO_WORKLOAD;;;;;CONCLUIDA;True;0,9045087808314098;1,0;1,0;0,38858935398390465;0,6586441863669917;0,1851740071976712;0,060690587266746886
Societário;Estruturação de veículos societários (SPVs);;Jacó;2026-01-14 09:11:00;2026-02-24 15:04:00.000000000;2026-02-27 15:04:00.000000000;5,0;;24,0;2026-02-27 15:04:00.000000000;;AHP_APRENDIZAGEM_ESPECIALIZACAO_WORKLOAD;;;;;CONCLUIDA;True;0,8438181935646629;1,0;1,0;0,0;0,6586441863669917;0,1851740071976712;0,0
Concorrencial;Contencioso Administrativo Concorrencial;;Eva;2026-01-14 09:12:00;2026-01-26 13:03:00.000000000;2026-01-28 13:03:00.000000000;4,0;;16,0;2026-01-28 13:03:00.000000000;;AHP_APRENDIZAGEM_ESPECIALIZACAO_WORKLOAD;;;;;CONCLUIDA;True;1,0;1,0;1,0;1,0;0,6586441863669917;0,1851740071976712;0,1561818064353371
Societário;Atualização de Contrato Social / Estatuto;;Jacó;2026-01-14 09:13:00;2026-02-27 15:04:00.000000000;2026-03-02 15:04:00.000000000;3,0;;8,0;2026-03-02 15:04:00.000000000;;AHP_APRENDIZAGEM_ESPECIALIZACAO_WORKLOAD;;;;;CONCLUIDA;True;0,8438181935646629;1,0;1,0;0,0;0,6586441863669917;0,1851740071976712;0,0
Regulatório;Resposta a ofícios, exigências e questionamentos da CVM e do BCB;;Abraão;2026-01-14 09:14:00;2026-02-12 15:00:00.000000000;2026-02-12 17:00:00.000000000;1,0;;2,0;2026-02-12 17:00:00.000000000;;AHP_APRENDIZAGEM_ESPECIALIZACAO_WORKLOAD;;;;;CONCLUIDA;True;0,9244769098348917;1,0;1,0;0,5164411791050928;0,6586441863669917;0,1851740071976712;0,08065871627022886
Societário;Reorganizações societárias internas;;Jacó;2026-01-15 09:00:00;2026-03-02 15:04:00.000000000;2026-03-05 15:04:00.000000000;5,0;;24,0;2026-03-05 15:04:00.000000000;;AHP_APRENDIZAGEM_ESPECIALIZACAO_WORKLOAD;;;;;CONCLUIDA;True;0,8438181935646629;1,0;1,0;0,0;0,6586441863669917;0,1851740071976712;0,0
Contratos;Contrato de Licenciamento de Software;;Adão;2026-01-15 09:01:00;2026-02-16 13:01:00.000000000;2026-02-18 13:00:59.999999999;4,0;;16,0;2026-02-18 13:00:59.999999999;;AHP_APRENDIZAGEM_ESPECIALIZACAO_WORKLOAD;;;;;CONCLUIDA;True;0,9226837466435266;1,0;1,0;0,5049599238149154;0,6586441863669917;0,1851740071976712;0,07886555307886368
Direito financeiro;Due diligence financeira e bancária;;Eva;2026-01-15 09:02:00;2026-01-28 13:03:00.000000000;2026-02-02 13:03:00.000000000;5,0;;24,0;2026-02-02 13:03:00.000000000;;AHP_APRENDIZAGEM_ESPECIALIZACAO_WORKLOAD;;;;;CONCLUIDA;True;1,0;1,0;1,0;1,0;0,6586441863669917;0,1851740071976712;0,1561818064353371
Societário;Avaliação de impactos (societário, contratual, regulatório, concorrencial, trabalhista, tributário);;Jacó;2026-01-15 09:03:00;2026-03-05 15:04:00.000000000;2026-03-06 15:04:00.000000000;3,0;;8,0;2026-03-06 15:04:00.000000000;;AHP_APRENDIZAGEM_ESPECIALIZACAO_WORKLOAD;;;;;CONCLUIDA;True;0,8438181935646629;1,0;1,0;0,0;0,6586441863669917;0,1851740071976712;0,0
Societário;Gestão de earn-outs, ajustes de preço e garantias;;Jacó;2026-01-15 09:04:00;2026-03-06 15:04:00.000000000;2026-03-09 09:03:59.999999999;1,0;;2,0;2026-03-09 09:03:59.999999999;;AHP_APRENDIZAGEM_ESPECIALIZACAO_WORKLOAD;;;;;CONCLUIDA;True;0,8438181935646629;1,0;1,0;0,0;0,6586441863669917;0,1851740071976712;0,0
Societário;Atos perante Junta Comercial;;Jacó;2026-01-15 09:05:00;2026-03-09 09:03:59.999999999;2026-03-09 11:03:59.999999999;1,0;;2,0;2026-03-09 11:03:59.999999999;;AHP_APRENDIZAGEM_ESPECIALIZACAO_WORKLOAD;;;;;CONCLUIDA;True;0,8438181935646629;1,0;1,0;0,0;0,6586441863669917;0,1851740071976712;0,0
Societário;Reorganizações societárias internas;;Jacó;2026-01-15 09:06:00;2026-03-09 11:03:59.999999999;2026-03-12 11:03:59.999999999;5,0;;24,0;2026-03-12 11:03:59.999999999;;AHP_APRENDIZAGEM_ESPECIALIZACAO_WORKLOAD;;;;;CONCLUIDA;True;0,8438181935646629;1,0;1,0;0,0;0,6586441863669917;0,1851740071976712;0,0
Contratos;Contrato de compra e venda;;Adão;2026-01-15 09:07:00;2026-02-18 13:00:59.999999999;2026-02-19 13:01:00.000000000;3,0;;8,0;2026-02-19 13:01:00.000000000;;AHP_APRENDIZAGEM_ESPECIALIZACAO_WORKLOAD;;;;;CONCLUIDA;True;0,9272247040905668;1,0;1,0;0,5340347408546344;0,6586441863669917;0,1851740071976712;0,08340651052590392
Societário;Análise jurídica preliminar e de estrutura da operação;;Jacó;2026-01-15 09:08:00;2026-03-12 11:03:59.999999999;2026-03-17 11:03:59.999999999;5,0;;24,0;2026-03-17 11:03:59.999999999;;AHP_APRENDIZAGEM_ESPECIALIZACAO_WORKLOAD;;;;;CONCLUIDA;True;0,8438181935646629;1,0;1,0;0,0;0,6586441863669917;0,1851740071976712;0,0
Societário;Estruturação societária internacional;;Jacó;2026-01-15 09:09:00;2026-03-17 11:03:59.999999999;2026-03-20 11:03:59.999999999;5,0;;24,0;2026-03-20 11:03:59.999999999;;AHP_APRENDIZAGEM_ESPECIALIZACAO_WORKLOAD;;;;;CONCLUIDA;True;0,8438181935646629;1,0;1,0;0,0;0,6586441863669917;0,1851740071976712;0,0
Societário;Integração societária;;Jacó;2026-01-15 09:10:00;2026-03-20 11:03:59.999999999;2026-03-20 13:03:59.999999999;1,0;;2,0;2026-03-20 13:03:59.999999999;;AHP_APRENDIZAGEM_ESPECIALIZACAO_WORKLOAD;;;;;CONCLUIDA;True;0,8438181935646629;1,0;1,0;0,0;0,6586441863669917;0,1851740071976712;0,0
Concorrencial;Monitoramento regulatório e jurisprudencial;;Eva;2026-01-15 09:11:00;2026-02-02 13:03:00.000000000;2026-02-03 13:03:00.000000000;3,0;;8,0;2026-02-03 13:03:00.000000000;;AHP_APRENDIZAGEM_ESPECIALIZACAO_WORKLOAD;;;;;CONCLUIDA;True;0,9923465272570375;1,0;1,0;0,9509963873664685;0,6586441863669917;0,1851740071976712;0,14852833369237464
Contratos;Contrato de Joint Venture;;Adão;2026-01-15 09:12:00;2026-02-19 13:01:00.000000000;2026-02-24 13:00:59.999999999;5,0;;24,0;2026-02-24 13:00:59.999999999;;AHP_APRENDIZAGEM_ESPECIALIZACAO_WORKLOAD;;;;;CONCLUIDA;True;0,9355779624893162;1,0;1,0;0,5875189371858369;0,6586441863669917;0,1851740071976712;0,09175976892465336
Societário;Gestão de Advisors e Governança da Operação;;Jacó;2026-01-15 09:13:00;2026-03-20 13:03:59.999999999;2026-03-23 13:04:00.000000000;3,0;;8,0;2026-03-23 13:04:00.000000000;;AHP_APRENDIZAGEM_ESPECIALIZACAO_WORKLOAD;;;;;CONCLUIDA;True;0,8438181935646629;1,0;1,0;0,0;0,6586441863669917;0,1851740071976712;0,0
Regulatório;Apoio jurídico em temas de capital mínimo e patrimônio de referência;;Abraão;2026-01-15 09:14:00;2026-02-13 09:00:00.000000000;2026-02-13 11:00:00.000000000;1,0;;2,0;2026-02-13 11:00:00.000000000;;AHP_APRENDIZAGEM_ESPECIALIZACAO_WORKLOAD;;;;;CONCLUIDA;True;0,95646173200025;1,0;1,0;0,7212334202461929;0,6586441863669917;0,1851740071976712;0,11264353843558704
Direito digital;Análise de risco jurídico digital;;Abraão;2026-01-16 09:00:00;2026-02-13 11:00:00.000000000;2026-02-13 13:00:00.000000000;1,0;;2,0;2026-02-13 13:00:00.000000000;;AHP_APRENDIZAGEM_ESPECIALIZACAO_WORKLOAD;;;;;CONCLUIDA;True;0,9553993911788297;1,0;1,0;0,7144314703541601;0,6586441863669917;0,1851740071976712;0,11158119761416671
Governança;Benchmarking de melhores práticas;;Esaú;2026-01-16 09:01:00;2026-01-29 15:02:00.000000000;2026-01-30 09:02:00.000000000;1,0;;2,0;2026-01-30 09:02:00.000000000;;AHP_APRENDIZAGEM_ESPECIALIZACAO_WORKLOAD;;;;;CONCLUIDA;True;1,0;1,0;1,0;1,0;0,6586441863669917;0,1851740071976712;0,1561818064353371
Societário;Gestão de conflitos societários;;Abraão;2026-01-16 09:02:00;2026-02-13 13:00:00.000000000;2026-02-13 15:00:00.000000000;1,0;;2,0;2026-02-13 15:00:00.000000000;;AHP_APRENDIZAGEM_ESPECIALIZACAO_WORKLOAD;;;;;CONCLUIDA;True;0,8451945127818807;0,8807999465398354;0,8304891280784016;0,7124757447773156;0,5801337641408197;0,1537849997803776;0,11127574886068334
Societário;Estruturação de regras de governança;;Abraão;2026-01-16 09:03:00;2026-02-13 15:00:00.000000000;2026-02-18 15:00:00.000000000;5,0;;24,0;2026-02-18 15:00:00.000000000;;AHP_APRENDIZAGEM_ESPECIALIZACAO_WORKLOAD;;;;;CONCLUIDA;True;0,8441248964839568;0,8807999465398354;0,8304891280784016;0,7056272115048647;0,5801337641408197;0,1537849997803776;0,11020613256275946
Societário;Regularização societária;;Jacó;2026-01-16 09:04:00;2026-03-23 13:04:00.000000000;2026-03-24 13:04:00.000000000;3,0;;8,0;2026-03-24 13:04:00.000000000;;AHP_APRENDIZAGEM_ESPECIALIZACAO_WORKLOAD;;;;;CONCLUIDA;True;0,8438181935646629;1,0;1,0;0,0;0,6586441863669917;0,1851740071976712;0,0
Governança;Política de Governaça Corporativa;;Esaú;2026-01-16 09:05:00;2026-01-30 09:02:00.000000000;2026-02-02 09:01:59.999999999;3,0;;8,0;2026-02-02 09:01:59.999999999;;AHP_APRENDIZAGEM_ESPECIALIZACAO_WORKLOAD;;;;;CONCLUIDA;True;1,0;1,0;1,0;1,0;0,6586441863669917;0,1851740071976712;0,1561818064353371
Contratos;Contrato de Representação Comercial;;Adão;2026-01-16 09:06:00;2026-02-24 13:00:59.999999999;2026-02-25 13:01:00.000000000;3,0;;8,0;2026-02-25 13:01:00.000000000;;AHP_APRENDIZAGEM_ESPECIALIZACAO_WORKLOAD;;;;;CONCLUIDA;True;0,9294142378060233;1,0;1,0;0,5480538751278887;0,6586441863669917;0,1851740071976712;0,08559604424136033
Societário;Gestão jurídica do encerramento de operações;;Jacó;2026-01-16 09:07:00;2026-03-24 13:04:00.000000000;2026-03-24 15:04:00.000000000;1,0;;2,0;2026-03-24 15:04:00.000000000;;AHP_APRENDIZAGEM_ESPECIALIZACAO_WORKLOAD;;;;;CONCLUIDA;True;0,8438181935646629;1,0;1,0;0,0;0,6586441863669917;0,1851740071976712;0,0
Societário;Análise jurídica preliminar e de estrutura da operação;;Jacó;2026-01-16 09:08:00;2026-03-24 15:04:00.000000000;2026-03-27 15:04:00.000000000;5,0;;24,0;2026-03-27 15:04:00.000000000;;AHP_APRENDIZAGEM_ESPECIALIZACAO_WORKLOAD;;;;;CONCLUIDA;True;0,8438181935646629;1,0;1,0;0,0;0,6586441863669917;0,1851740071976712;0,0
Contratos;Letter of Intent;;Adão;2026-01-16 09:09:00;2026-02-25 13:01:00.000000000;2026-02-25 15:01:00.000000000;1,0;;2,0;2026-02-25 15:01:00.000000000;;AHP_APRENDIZAGEM_ESPECIALIZACAO_WORKLOAD;;;;;CONCLUIDA;True;0,9312561056361045;1,0;1,0;0,5598469762074556;0,6586441863669917;0,1851740071976712;0,08743791207144161
Regulatório;Apoio a ofertas públicas e privadas sob a ótica regulatória;;Abraão;2026-01-16 09:10:00;2026-02-18 15:00:00.000000000;2026-02-19 15:00:00.000000000;3,0;;8,0;2026-02-19 15:00:00.000000000;;AHP_APRENDIZAGEM_ESPECIALIZACAO_WORKLOAD;;;;;CONCLUIDA;True;0,9499255690298103;1,0;1,0;0,6793837123985262;0,6586441863669917;0,1851740071976712;0,10610737546514735
Contratos;Contrato de Manutenção de Sistemas;;Adão;2026-01-16 09:11:00;2026-02-25 15:01:00.000000000;2026-02-26 15:01:00.000000000;3,0;;8,0;2026-02-26 15:01:00.000000000;;AHP_APRENDIZAGEM_ESPECIALIZACAO_WORKLOAD;;;;;CONCLUIDA;True;0,9302739330770319;1,0;1,0;0,5535583272188855;0,6586441863669917;0,1851740071976712;0,08645573951236898
Governança;Código de Conduta;;Esaú;2026-01-16 09:12:00;2026-02-02 09:01:59.999999999;2026-02-02 11:01:59.999999999;1,0;;2,0;2026-02-02 11:01:59.999999999;;AHP_APRENDIZAGEM_ESPECIALIZACAO_WORKLOAD;;;;;CONCLUIDA;True;1,0;1,0;1,0;1,0;0,6586441863669917;0,1851740071976712;0,1561818064353371
Societário;Regularização societária;;Jacó;2026-01-16 09:13:00;2026-03-27 15:04:00.000000000;2026-03-30 15:04:00.000000000;3,0;;8,0;2026-03-30 15:04:00.000000000;;AHP_APRENDIZAGEM_ESPECIALIZACAO_WORKLOAD;;;;;CONCLUIDA;True;0,8438181935646629;1,0;1,0;0,0;0,6586441863669917;0,1851740071976712;0,0
Contratos;Contrato de Hosting;;Adão;2026-01-16 09:14:00;2026-02-26 15:01:00.000000000;2026-02-27 15:01:00.000000000;3,0;;8,0;2026-02-27 15:01:00.000000000;;AHP_APRENDIZAGEM_ESPECIALIZACAO_WORKLOAD;;;;;CONCLUIDA;True;0,9286730655621452;1,0;1,0;0,5433083016145944;0,6586441863669917;0,1851740071976712;0,08485487199748233
Societário;Closing da operação;;Esaú;2026-01-19 09:00:00;2026-02-02 11:01:59.999999999;2026-02-02 13:01:59.999999999;1,0;;2,0;2026-02-02 13:01:59.999999999;;AHP_APRENDIZAGEM_ESPECIALIZACAO_WORKLOAD;;;;;CONCLUIDA;True;0,8886390515110114;0,8814663790120011;0,8202260207034427;1,0;0,5805727060142178;0,1518845390614565;0,1561818064353371
Contencioso;Contencioso Civil;;Esaú;2026-01-19 09:01:00;2026-02-02 13:01:59.999999999;2026-02-04 13:02:00.000000000;4,0;;16,0;2026-02-04 13:02:00.000000000;;AHP_APRENDIZAGEM_ESPECIALIZACAO_WORKLOAD;;;;;CONCLUIDA;True;1,0;1,0;1,0;1,0;0,6586441863669917;0,1851740071976712;0,1561818064353371
Societário;Consolidação das versões finais dos documentos;;Esaú;2026-01-19 09:02:00;2026-02-04 13:02:00.000000000;2026-02-04 15:02:00.000000000;1,0;;2,0;2026-02-04 15:02:00.000000000;;AHP_APRENDIZAGEM_ESPECIALIZACAO_WORKLOAD;;;;;CONCLUIDA;True;0,8897448197041262;0,8870325518867103;0,8278420703467164;0,9745767209817018;0,5842388334184586;0,1532948334929179;0,1522111527927497
Societário;Regularização societária;;Esaú;2026-01-19 09:03:00;2026-02-04 15:02:00.000000000;2026-02-05 15:02:00.000000000;3,0;;8,0;2026-02-05 15:02:00.000000000;;AHP_APRENDIZAGEM_ESPECIALIZACAO_WORKLOAD;;;;;CONCLUIDA;True;0,888750083927243;0,8870325518867103;0,8278420703467164;0,9682076322921361;0,5842388334184586;0,1532948334929179;0,15121641701586644
Direito digital;Relacionamento ANPD;;Abraão;2026-01-19 09:04:00;2026-02-19 15:00:00.000000000;2026-02-19 17:00:00.000000000;1,0;;2,0;2026-02-19 17:00:00.000000000;;AHP_APRENDIZAGEM_ESPECIALIZACAO_WORKLOAD;;;;;CONCLUIDA;True;0,9512828153271435;1,0;1,0;0,688073881428523;0,6586441863669917;0,1851740071976712;0,10746462176248067
Societário;SPA / SHA e documentos correlatos;;Esaú;2026-01-19 09:05:00;2026-02-05 15:02:00.000000000;2026-02-06 09:02:00.000000000;1,0;;2,0;2026-02-06 09:02:00.000000000;;AHP_APRENDIZAGEM_ESPECIALIZACAO_WORKLOAD;;;;;CONCLUIDA;True;0,8808390557459884;0,8829148465288871;0,8212537678247706;0,9427312775338734;0,5815267307233563;0,15207485111429864;0,14723747390833347
Regulatório;Interface com áreas de risco, tesouraria e controles internos;;Abraão;2026-01-19 09:06:00;2026-02-20 09:00:00.000000000;2026-02-20 11:00:00.000000000;1,0;;2,0;2026-02-20 11:00:00.000000000;;AHP_APRENDIZAGEM_ESPECIALIZACAO_WORKLOAD;;;;;CONCLUIDA;True;0,9502880795502604;1,0;1,0;0,6817047927389573;0,6586441863669917;0,1851740071976712;0,10646988598559744
Societário;Acordo de Sócios / Acionistas;;Esaú;2026-01-19 09:07:00;2026-02-06 09:02:00.000000000;2026-02-09 09:01:59.999999999;3,0;;8,0;2026-02-09 09:01:59.999999999;;AHP_APRENDIZAGEM_ESPECIALIZACAO_WORKLOAD;;;;;CONCLUIDA;True;0,8798443199691052;0,8829148465288871;0,8212537678247706;0,936362188844308;0,5815267307233563;0,15207485111429864;0,14624273813145028
Concorrencial;M&A Concorrencial;;Eva;2026-01-19 09:08:00;2026-02-03 13:03:00.000000000;2026-02-06 13:03:00.000000000;5,0;;24,0;2026-02-06 13:03:00.000000000;;AHP_APRENDIZAGEM_ESPECIALIZACAO_WORKLOAD;;;;;CONCLUIDA;True;1,0;1,0;1,0;1,0;0,6586441863669917;0,1851740071976712;0,1561818064353371
Contratos;Contratos de Seguros ou Previdência;;Adão;2026-01-19 09:09:00;2026-02-27 15:01:00.000000000;2026-03-02 15:01:00.000000000;3,0;;8,0;2026-03-02 15:01:00.000000000;;AHP_APRENDIZAGEM_ESPECIALIZACAO_WORKLOAD;;;;;CONCLUIDA;True;0,9343176564857026;1,0;1,0;0,5794494569283177;0,6586441863669917;0,1851740071976712;0,09049946292103972
Contratos;Contratos Financeiros ou Bancários;;Adão;2026-01-19 09:10:00;2026-03-02 15:01:00.000000000;2026-03-03 15:01:00.000000000;3,0;;8,0;2026-03-03 15:01:00.000000000;;AHP_APRENDIZAGEM_ESPECIALIZACAO_WORKLOAD;;;;;CONCLUIDA;True;0,9300094404585184;1,0;1,0;0,5518648353548186;0,6586441863669917;0,1851740071976712;0,08619124689385546
Contencioso;Acordos, Mediação e Soluções Alternativas;;Esaú;2026-01-19 09:11:00;2026-02-09 09:01:59.999999999;2026-02-10 09:01:59.999999999;3,0;;8,0;2026-02-10 09:01:59.999999999;;AHP_APRENDIZAGEM_ESPECIALIZACAO_WORKLOAD;;;;;CONCLUIDA;True;0,9978548674366141;1,0;1,0;0,9862651571758196;0,6586441863669917;0,1851740071976712;0,1540366738719512
Societário;Estruturação de holdings e grupos;;Esaú;2026-01-19 09:12:00;2026-02-10 09:01:59.999999999;2026-02-13 09:01:59.999999999;5,0;;24,0;2026-02-13 09:01:59.999999999;;AHP_APRENDIZAGEM_ESPECIALIZACAO_WORKLOAD;;;;;CONCLUIDA;True;0,8833300396824217;0,8829148465288871;0,8212537678247706;0,9586805356023202;0,5815267307233563;0,15207485111429864;0,14972845784476688
Regulatório;Apoio a ofertas públicas e privadas sob a ótica regulatória;;Abraão;2026-01-19 09:13:00;2026-02-20 11:00:00.000000000;2026-02-23 11:00:00.000000000;3,0;;8,0;2026-02-23 11:00:00.000000000;;AHP_APRENDIZAGEM_ESPECIALIZACAO_WORKLOAD;;;;;CONCLUIDA;True;0,9580218200851232;1,0;1,0;0,731222343543217;0,6586441863669917;0,1851740071976712;0,11420362652046029
Societário;Gestão de conflitos societários;;Esaú;2026-01-19 09:14:00;2026-02-13 09:01:59.999999999;2026-02-13 11:01:59.999999999;1,0;;2,0;2026-02-13 11:01:59.999999999;;AHP_APRENDIZAGEM_ESPECIALIZACAO_WORKLOAD;;;;;CONCLUIDA;True;0,8704053916008689;0,8829148465288871;0,8212537678247706;0,8759266708818229;0,5815267307233563;0,15207485111429864;0,1368038097632141
Societário;Análise jurídica preliminar e de estrutura da operação;;Esaú;2026-01-20 09:00:00;2026-02-13 11:01:59.999999999;2026-02-18 11:01:59.999999999;5,0;;24,0;2026-02-18 11:01:59.999999999;;AHP_APRENDIZAGEM_ESPECIALIZACAO_WORKLOAD;;;;;CONCLUIDA;True;0,8616651903481809;0,8749081785447049;0,8083491384865484;0,8690305154885735;0,5762531854034039;0,14968524918833942;0,1357267557564376
Societário;Aprovações regulatórias e concorrenciais;;Esaú;2026-01-20 09:01:00;2026-02-18 11:01:59.999999999;2026-02-19 11:02:00.000000000;3,0;;8,0;2026-02-19 11:02:00.000000000;;AHP_APRENDIZAGEM_ESPECIALIZACAO_WORKLOAD;;;;;CONCLUIDA;True;0,8487405422666404;0,8749081785447049;0,8083491384865484;0,7862766507681552;0,5762531854034039;0,14968524918833942;0,12280210767489717
Direito digital;Análise de cláusulas de tratamento, compartilhamento e transferência de dados;;Abraão;2026-01-20 09:02:00;2026-02-23 11:00:00.000000000;2026-02-23 15:00:00.000000000;2,0;;4,0;2026-02-23 15:00:00.000000000;;AHP_APRENDIZAGEM_ESPECIALIZACAO_WORKLOAD;;;;;CONCLUIDA;True;0,9537136040579832;1,0;1,0;0,7036377219700016;0,6586441863669917;0,1851740071976712;0,10989541049332034
Societário;Gestão de earn-outs, ajustes de preço e garantias;;Esaú;2026-01-20 09:03:00;2026-02-19 11:02:00.000000000;2026-02-19 13:02:00.000000000;1,0;;2,0;2026-02-19 13:02:00.000000000;;AHP_APRENDIZAGEM_ESPECIALIZACAO_WORKLOAD;;;;;CONCLUIDA;True;0,902786001347905;0,9380162790107324;0,8990092256007775;0,7586920291946823;0,6178189688880169;0,16647314081217116;0,118493891647717
Regulatório;Apoio jurídico em consultas públicas e audiências regulatórias;;Abraão;2026-01-20 09:04:00;2026-02-23 15:00:00.000000000;2026-02-24 15:00:00.000000000;3,0;;8,0;2026-02-24 15:00:00.000000000;;AHP_APRENDIZAGEM_ESPECIALIZACAO_WORKLOAD;;;;;CONCLUIDA;True;0,9515594960443932;1,0;1,0;0,6898454111832654;0,6586441863669917;0,1851740071976712;0,10774130247973028
Direito digital;Avaliação de bases legais para tratamento de dados;;Abraão;2026-01-20 09:05:00;2026-02-24 15:00:00.000000000;2026-02-25 11:00:00.000000000;2,0;;4,0;2026-02-25 11:00:00.000000000;;AHP_APRENDIZAGEM_ESPECIALIZACAO_WORKLOAD;;;;;CONCLUIDA;True;0,947251280017213;1,0;1,0;0,6622607896097925;0,6586441863669917;0,1851740071976712;0,10343308645255013
Societário;Avaliação de impactos (societário, contratual, regulatório, concorrencial, trabalhista, tributário);;Esaú;2026-01-20 09:06:00;2026-02-19 13:02:00.000000000;2026-02-20 13:02:00.000000000;3,0;;8,0;2026-02-20 13:02:00.000000000;;AHP_APRENDIZAGEM_ESPECIALIZACAO_WORKLOAD;;;;;CONCLUIDA;True;0,90170894734111;0,9380162790107324;0,8990092256007775;0,7517958738013142;0,6178189688880169;0,16647314081217116;0,11741683764092198
Regulatório;Interface com reguladores durante processos de autorização;;Abraão;2026-01-20 09:07:00;2026-02-25 11:00:00.000000000;2026-02-26 11:00:00.000000000;3,0;;8,0;2026-02-26 11:00:00.000000000;;AHP_APRENDIZAGEM_ESPECIALIZACAO_WORKLOAD;;;;;CONCLUIDA;True;0,945097172003623;1,0;1,0;0,6484684788230561;0,6586441863669917;0,1851740071976712;0,10127897843896005
Societário;Estruturação societária internacional;;Esaú;2026-01-20 09:08:00;2026-02-20 13:02:00.000000000;2026-02-25 13:01:59.999999999;5,0;;24,0;2026-02-25 13:01:59.999999999;;AHP_APRENDIZAGEM_ESPECIALIZACAO_WORKLOAD;;;;;CONCLUIDA;True;0,8974007313139298;0,9380162790107324;0,8990092256007775;0,7242112522278413;0,6178189688880169;0,16647314081217116;0,11310862161374181
Governança;Benchmarking de melhores práticas;;Eva;2026-01-20 09:09:00;2026-02-06 13:03:00.000000000;2026-02-06 15:03:00.000000000;1,0;;2,0;2026-02-06 15:03:00.000000000;;AHP_APRENDIZAGEM_ESPECIALIZACAO_WORKLOAD;;;;;CONCLUIDA;True;1,0;1,0;1,0;1,0;0,6586441863669917;0,1851740071976712;0,1561818064353371
Contratos;Contrato de Escrow de Código-Fonte;;Adão;2026-01-20 09:10:00;2026-03-03 15:01:00.000000000;2026-03-04 15:01:00.000000000;3,0;;8,0;2026-03-04 15:01:00.000000000;;AHP_APRENDIZAGEM_ESPECIALIZACAO_WORKLOAD;;;;;CONCLUIDA;True;0,9262698236851526;1,0;1,0;0,5279208379154369;0,6586441863669917;0,1851740071976712;0,08245163012048974
Societário;Estruturação de holdings e grupos;;Esaú;2026-01-20 09:11:00;2026-02-25 13:01:59.999999999;2026-03-02 13:01:59.999999999;5,0;;24,0;2026-03-02 13:01:59.999999999;;AHP_APRENDIZAGEM_ESPECIALIZACAO_WORKLOAD;;;;;CONCLUIDA;True;0,8851717650114452;0,9380162790107324;0,8990092256007775;0,6459116949260266;0,6178189688880169;0,16647314081217116;0,1008796553112572
Societário;Gestão de earn-outs, ajustes de preço e garantias;;Esaú;2026-01-20 09:12:00;2026-03-02 13:01:59.999999999;2026-03-02 15:01:59.999999999;1,0;;2,0;2026-03-02 15:01:59.999999999;;AHP_APRENDIZAGEM_ESPECIALIZACAO_WORKLOAD;;;;;CONCLUIDA;True;0,8721573676231642;0,9380162790107324;0,8990092256007775;0,5625831838444921;0,6178189688880169;0,16647314081217116;0,08786525792297614
Governança;Política de Conflito de Interesses e de Partes Relacionadas;;Eva;2026-01-20 09:13:00;2026-02-06 15:03:00.000000000;2026-02-09 15:03:00.000000000;3,0;;8,0;2026-02-09 15:03:00.000000000;;AHP_APRENDIZAGEM_ESPECIALIZACAO_WORKLOAD;;;;;CONCLUIDA;True;1,0;1,0;1,0;1,0;0,6586441863669917;0,1851740071976712;0,1561818064353371
Societário;Estruturação jurídica de carve-outs, spin-offs e alienação de ativos;;Esaú;2026-01-20 09:14:00;2026-03-02 15:01:59.999999999;2026-03-05 15:02:00.000000000;5,0;;24,0;2026-03-05 15:02:00.000000000;;AHP_APRENDIZAGEM_ESPECIALIZACAO_WORKLOAD;;;;;CONCLUIDA;True;0,8735521362101999;0,9380162790107324;0,8990092256007775;0,5715136003819218;0,6178189688880169;0,16647314081217116;0,08926002651001191
Contencioso;Prevenção de Litígios e Atuação Preventiva;;Esaú;2026-01-21 09:00:00;2026-03-05 15:02:00.000000000;2026-03-09 15:02:00.000000000;4,0;;16,0;2026-03-09 15:02:00.000000000;;AHP_APRENDIZAGEM_ESPECIALIZACAO_WORKLOAD;;;;;CONCLUIDA;True;0,9196920048929506;1,0;1,0;0,4858044164042955;0,6586441863669917;0,1851740071976712;0,07587381132828759
Societário;Atos perante Junta Comercial;;Jacó;2026-01-21 09:01:00;2026-03-30 15:04:00.000000000;2026-03-31 09:03:59.999999999;1,0;;2,0;2026-03-31 09:03:59.999999999;;AHP_APRENDIZAGEM_ESPECIALIZACAO_WORKLOAD;;;;;CONCLUIDA;True;0,8438181935646629;1,0;1,0;0,0;0,6586441863669917;0,1851740071976712;0,0
Societário;Gestão de conflitos societários;;Jacó;2026-01-21 09:02:00;2026-03-31 09:03:59.999999999;2026-03-31 11:03:59.999999999;1,0;;2,0;2026-03-31 11:03:59.999999999;;AHP_APRENDIZAGEM_ESPECIALIZACAO_WORKLOAD;;;;;CONCLUIDA;True;0,8438181935646629;1,0;1,0;0,0;0,6586441863669917;0,1851740071976712;0,0
Societário;Integração societária;;Jacó;2026-01-21 09:03:00;2026-03-31 11:03:59.999999999;2026-03-31 13:03:59.999999999;1,0;;2,0;2026-03-31 13:03:59.999999999;;AHP_APRENDIZAGEM_ESPECIALIZACAO_WORKLOAD;;;;;CONCLUIDA;True;0,8438181935646629;1,0;1,0;0,0;0,6586441863669917;0,1851740071976712;0,0
Contratos;Outros tipos contratuais;;Adão;2026-01-21 09:04:00;2026-03-04 15:01:00.000000000;2026-03-05 15:01:00.000000000;3,0;;8,0;2026-03-05 15:01:00.000000000;;AHP_APRENDIZAGEM_ESPECIALIZACAO_WORKLOAD;;;;;CONCLUIDA;True;0,9257542580911228;1,0;1,0;0,5246197774027109;0,6586441863669917;0,1851740071976712;0,08193606452645984
Societário;Due diligence societária;;Jacó;2026-01-21 09:05:00;2026-03-31 13:03:59.999999999;2026-04-03 13:04:00.000000000;5,0;;24,0;2026-04-03 13:04:00.000000000;;AHP_APRENDIZAGEM_ESPECIALIZACAO_WORKLOAD;;;;;EM_EXECUCAO;True;0,8438181935646629;1,0;1,0;0,0;0,6586441863669917;0,1851740071976712;0,0
Societário;Atualização de Contrato Social / Estatuto;;Jacó;2026-01-21 09:06:00;2026-04-03 13:04:00.000000000;2026-04-06 13:04:00.000000000;3,0;;8,0;2026-04-06 13:04:00.000000000;;AHP_APRENDIZAGEM_ESPECIALIZACAO_WORKLOAD;;;;;PENDENTE;True;0,8438181935646629;1,0;1,0;0,0;0,6586441863669917;0,1851740071976712;0,0
Concorrencial;Revisão concorrencial de documentos;;Eva;2026-01-21 09:07:00;2026-02-09 15:03:00.000000000;2026-02-10 15:03:00.000000000;3,0;;8,0;2026-02-10 15:03:00.000000000;;AHP_APRENDIZAGEM_ESPECIALIZACAO_WORKLOAD;;;;;CONCLUIDA;True;1,0;1,0;1,0;1,0;0,6586441863669917;0,1851740071976712;0,1561818064353371
Societário;Gestão de passivos;;Jacó;2026-01-21 09:08:00;2026-04-06 13:04:00.000000000;2026-04-06 15:04:00.000000000;1,0;;2,0;2026-04-06 15:04:00.000000000;;AHP_APRENDIZAGEM_ESPECIALIZACAO_WORKLOAD;;;;;PENDENTE;True;0,8438181935646629;1,0;1,0;0,0;0,6586441863669917;0,1851740071976712;0,0
Direito financeiro;Implementação de políticas internas de compliance financeiro;;Eva;2026-01-21 09:09:00;2026-02-10 15:03:00.000000000;2026-02-11 15:03:00.000000000;3,0;;8,0;2026-02-11 15:03:00.000000000;;AHP_APRENDIZAGEM_ESPECIALIZACAO_WORKLOAD;;;;;CONCLUIDA;True;1,0;1,0;1,0;1,0;0,6586441863669917;0,1851740071976712;0,1561818064353371
Societário;Gestão jurídica do encerramento de operações;;Jacó;2026-01-21 09:10:00;2026-04-06 15:04:00.000000000;2026-04-07 09:03:59.999999999;1,0;;2,0;2026-04-07 09:03:59.999999999;;AHP_APRENDIZAGEM_ESPECIALIZACAO_WORKLOAD;;;;;PENDENTE;True;0,8438181935646629;1,0;1,0;0,0;0,6586441863669917;0,1851740071976712;0,0
Contratos;Contrato de SaaS;;Adão;2026-01-21 09:11:00;2026-03-05 15:01:00.000000000;2026-03-06 15:01:00.000000000;3,0;;8,0;2026-03-06 15:01:00.000000000;;AHP_APRENDIZAGEM_ESPECIALIZACAO_WORKLOAD;;;;;CONCLUIDA;True;0,9346896187675274;1,0;1,0;0,5818310549538135;0,6586441863669917;0,1851740071976712;0,09087142520286448
Societário;Estruturação de holdings e grupos;;Jacó;2026-01-21 09:12:00;2026-04-07 09:03:59.999999999;2026-04-10 09:03:59.999999999;5,0;;24,0;2026-04-10 09:03:59.999999999;;AHP_APRENDIZAGEM_ESPECIALIZACAO_WORKLOAD;;;;;PENDENTE;True;0,8438181935646629;1,0;1,0;0,0;0,6586441863669917;0,1851740071976712;0,0
Societário;SPA / SHA e documentos correlatos;;Jacó;2026-01-21 09:13:00;2026-04-10 09:03:59.999999999;2026-04-10 11:03:59.999999999;1,0;;2,0;2026-04-10 11:03:59.999999999;;AHP_APRENDIZAGEM_ESPECIALIZACAO_WORKLOAD;;;;;PENDENTE;True;0,8438181935646629;1,0;1,0;0,0;0,6586441863669917;0,1851740071976712;0,0
Societário;Due diligence societária;;Jacó;2026-01-21 09:14:00;2026-04-10 11:03:59.999999999;2026-04-15 11:03:59.999999999;5,0;;24,0;2026-04-15 11:03:59.999999999;;AHP_APRENDIZAGEM_ESPECIALIZACAO_WORKLOAD;;;;;PENDENTE;True;0,8438181935646629;1,0;1,0;0,0;0,6586441863669917;0,1851740071976712;0,0
Societário;Elaboração e negociação de  SPA;;Jacó;2026-01-22 09:00:00;2026-04-15 11:03:59.999999999;2026-04-16 11:03:59.999999999;3,0;;8,0;2026-04-16 11:03:59.999999999;;AHP_APRENDIZAGEM_ESPECIALIZACAO_WORKLOAD;;;;;PENDENTE;True;0,8438181935646629;1,0;1,0;0,0;0,6586441863669917;0,1851740071976712;0,0
Societário;Due diligence societária;;Jacó;2026-01-22 09:01:00;2026-04-16 11:03:59.999999999;2026-04-21 11:03:59.999999999;5,0;;24,0;2026-04-21 11:03:59.999999999;;AHP_APRENDIZAGEM_ESPECIALIZACAO_WORKLOAD;;;;;PENDENTE;True;0,8438181935646629;1,0;1,0;0,0;0,6586441863669917;0,1851740071976712;0,0
Trabalhista;Apoio em programas de stock options e incentivos de longo prazo;;Eva;2026-01-22 09:02:00;2026-02-11 15:03:00.000000000;2026-02-12 09:03:00.000000000;1,0;;2,0;2026-02-12 09:03:00.000000000;;AHP_APRENDIZAGEM_ESPECIALIZACAO_WORKLOAD;;;;;CONCLUIDA;True;1,0;1,0;1,0;1,0;0,6586441863669917;0,1851740071976712;0,1561818064353371
Societário;Acordo de Sócios / Acionistas;;Esaú;2026-01-22 09:03:00;2026-03-09 15:02:00.000000000;2026-03-10 15:02:00.000000000;3,0;;8,0;2026-03-10 15:02:00.000000000;;AHP_APRENDIZAGEM_ESPECIALIZACAO_WORKLOAD;;;;;CONCLUIDA;True;0,8905503616438373;0,947576604650454;0,9056292248709269;0,632183411770505;0,6241158217903949;0,1676989926046704;0,09873554724877202
Contratos;Contratos Administrativos;;Adão;2026-01-22 09:04:00;2026-03-06 15:01:00.000000000;2026-03-09 15:01:00.000000000;3,0;;8,0;2026-03-09 15:01:00.000000000;;AHP_APRENDIZAGEM_ESPECIALIZACAO_WORKLOAD;;;;;CONCLUIDA;True;0,9457972729965356;1,0;1,0;0,6529510815595182;0,6586441863669917;0,1851740071976712;0,10197907943187268
Contratos;Contrato de Locação;;Adão;2026-01-22 09:05:00;2026-03-09 15:01:00.000000000;2026-03-10 15:01:00.000000000;3,0;;8,0;2026-03-10 15:01:00.000000000;;AHP_APRENDIZAGEM_ESPECIALIZACAO_WORKLOAD;;;;;CONCLUIDA;True;0,9425604841234748;1,0;1,0;0,6322265877984543;0,6586441863669917;0,1851740071976712;0,09874229055881185
Contratos;Contrato de Cessão de Direitos Autorais;;Adão;2026-01-22 09:06:00;2026-03-10 15:01:00.000000000;2026-03-11 15:01:00.000000000;3,0;;8,0;2026-03-11 15:01:00.000000000;;AHP_APRENDIZAGEM_ESPECIALIZACAO_WORKLOAD;;;;;CONCLUIDA;True;0,9393236952504139;1,0;1,0;0,6115020940373905;0,6586441863669917;0,1851740071976712;0,09550550168575103
Contencioso;Estratégia processual;;Esaú;2026-01-22 09:07:00;2026-03-10 15:02:00.000000000;2026-03-11 09:02:00.000000000;1,0;;2,0;2026-03-11 09:02:00.000000000;;AHP_APRENDIZAGEM_ESPECIALIZACAO_WORKLOAD;;;;;CONCLUIDA;True;0,9393169519403741;1,0;1,0;0,6114589180094412;0,6586441863669917;0,1851740071976712;0,0954987583757112
Direito digital;Avaliação de riscos legais em plataformas e marketplaces;;Abraão;2026-01-22 09:08:00;2026-02-26 11:00:00.000000000;2026-02-26 15:00:00.000000000;2,0;;4,0;2026-02-26 15:00:00.000000000;;AHP_APRENDIZAGEM_ESPECIALIZACAO_WORKLOAD;;;;;CONCLUIDA;True;0,9668431439815832;1,0;1,0;0,7877034670351021;0,6586441863669917;0,1851740071976712;0,12302495041692026
Regulatório;Análise de requisitos prudenciais e de liquidez;;Abraão;2026-01-22 09:09:00;2026-02-26 15:00:00.000000000;2026-02-26 17:00:00.000000000;1,0;;2,0;2026-02-26 17:00:00.000000000;;AHP_APRENDIZAGEM_ESPECIALIZACAO_WORKLOAD;;;;;CONCLUIDA;True;0,9652247495450528;1,0;1,0;0,7773412201545701;0,6586441863669917;0,1851740071976712;0,12140655598038984
Direito financeiro;Estruturação jurídica de debêntures, CRI, CRA, notas comerciais;;Eva;2026-01-22 09:10:00;2026-02-12 09:03:00.000000000;2026-02-17 09:03:00.000000000;5,0;;24,0;2026-02-17 09:03:00.000000000;;AHP_APRENDIZAGEM_ESPECIALIZACAO_WORKLOAD;;;;;CONCLUIDA;True;1,0;1,0;1,0;1,0;0,6586441863669917;0,1851740071976712;0,1561818064353371
Concorrencial;Relacionamento CADE;;Eva;2026-01-22 09:11:00;2026-02-17 09:03:00.000000000;2026-02-17 11:03:00.000000000;1,0;;2,0;2026-02-17 11:03:00.000000000;;AHP_APRENDIZAGEM_ESPECIALIZACAO_WORKLOAD;;;;;CONCLUIDA;True;1,0;1,0;1,0;1,0;0,6586441863669917;0,1851740071976712;0,1561818064353371
Societário;Regularização societária;;Esaú;2026-01-22 09:12:00;2026-03-11 09:02:00.000000000;2026-03-12 09:01:59.999999999;3,0;;8,0;2026-03-12 09:01:59.999999999;;AHP_APRENDIZAGEM_ESPECIALIZACAO_WORKLOAD;;;;;CONCLUIDA;True;0,8933427494891631;0,947576604650454;0,9056292248709269;0,6500624971073872;0,6241158217903949;0,1676989926046704;0,10152793509409783
Contratos;Contrato de Manutenção de Sistemas;;Adão;2026-01-22 09:13:00;2026-03-11 15:01:00.000000000;2026-03-12 15:01:00.000000000;3,0;;8,0;2026-03-12 15:01:00.000000000;;AHP_APRENDIZAGEM_ESPECIALIZACAO_WORKLOAD;;;;;CONCLUIDA;True;0,9427504493609092;1,0;1,0;0,6334428961622147;0,6586441863669917;0,1851740071976712;0,09893225579624636
Societário;Gestão de passivos;;Esaú;2026-01-22 09:14:00;2026-03-12 09:01:59.999999999;2026-03-12 11:01:59.999999999;1,0;;2,0;2026-03-12 11:01:59.999999999;;AHP_APRENDIZAGEM_ESPECIALIZACAO_WORKLOAD;;;;;CONCLUIDA;True;0,8898722033529212;0,947576604650454;0,9056292248709269;0,6278413036441214;0,6241158217903949;0,1676989926046704;0,09805738895785587
Regulatório;Apoio a ofertas públicas e privadas sob a ótica regulatória;;Abraão;2026-01-23 09:00:00;2026-02-27 09:00:00.000000000;2026-02-27 17:00:00.000000000;3,0;;8,0;2026-02-27 17:00:00.000000000;;AHP_APRENDIZAGEM_ESPECIALIZACAO_WORKLOAD;;;;;CONCLUIDA;True;0,9731249583574766;1,0;1,0;0,8279246331188371;0,6586441863669917;0,1851740071976712;0,12930676479281372
Contencioso;Gestão de escritórios externos;;Esaú;2026-01-23 09:01:00;2026-03-12 11:01:59.999999999;2026-03-12 13:01:59.999999999;1,0;;2,0;2026-03-12 13:01:59.999999999;;AHP_APRENDIZAGEM_ESPECIALIZACAO_WORKLOAD;;;;;CONCLUIDA;True;0,9410079459884584;1,0;1,0;0,622286005278305;0,6586441863669917;0,1851740071976712;0,0971897524237954
Direito digital;Apoio a litígios envolvendo dados, tecnologia e plataformas;;Abraão;2026-01-23 09:02:00;2026-03-02 09:00:00.000000000;2026-03-03 17:00:00.000000000;4,0;;16,0;2026-03-03 17:00:00.000000000;;AHP_APRENDIZAGEM_ESPECIALIZACAO_WORKLOAD;;;;;CONCLUIDA;True;0,9696544122212347;1,0;1,0;0,8057034396555713;0,6586441863669917;0,1851740071976712;0,12583621865657174
Contencioso;Elaboração de recursos;;Esaú;2026-01-23 09:03:00;2026-03-12 13:01:59.999999999;2026-03-16 13:02:00.000000000;4,0;;16,0;2026-03-16 13:02:00.000000000;;AHP_APRENDIZAGEM_ESPECIALIZACAO_WORKLOAD;;;;;CONCLUIDA;True;0,9401403094543979;1,0;1,0;0,6167307069124887;0,6586441863669917;0,1851740071976712;0,09632211588973492
Governança;Monitoramento de aderência a políticas;;Eva;2026-01-23 09:04:00;2026-02-17 11:03:00.000000000;2026-02-18 11:02:59.999999999;3,0;;8,0;2026-02-18 11:02:59.999999999;;AHP_APRENDIZAGEM_ESPECIALIZACAO_WORKLOAD;;;;;CONCLUIDA;True;1,0;1,0;1,0;1,0;0,6586441863669917;0,1851740071976712;0,1561818064353371
Societário;Gestão jurídica do encerramento de operações;;Esaú;2026-01-23 09:05:00;2026-03-16 13:02:00.000000000;2026-03-16 15:02:00.000000000;1,0;;2,0;2026-03-16 15:02:00.000000000;;AHP_APRENDIZAGEM_ESPECIALIZACAO_WORKLOAD;;;;;CONCLUIDA;True;0,931394004537344;0,9962378262060708;0,9926632820150607;0,5852942569015042;0,656166252469518;0,18381543772872075;0,0914123143391052
Societário;Organização de livros societários;;Esaú;2026-01-23 09:06:00;2026-03-16 15:02:00.000000000;2026-03-17 09:02:00.000000000;1,0;;2,0;2026-03-17 09:02:00.000000000;;AHP_APRENDIZAGEM_ESPECIALIZACAO_WORKLOAD;;;;;CONCLUIDA;True;0,9305066499247668;0,9962378262060708;0,9926632820150607;0,5796127077324307;0,656166252469518;0,18381543772872075;0,0905249597265281
Direito financeiro;Apoio em auditorias internas e externas;;Eva;2026-01-23 09:07:00;2026-02-18 11:02:59.999999999;2026-02-19 11:02:59.999999999;3,0;;8,0;2026-02-19 11:02:59.999999999;;AHP_APRENDIZAGEM_ESPECIALIZACAO_WORKLOAD;;;;;CONCLUIDA;True;1,0;1,0;1,0;1,0;0,6586441863669917;0,1851740071976712;0,1561818064353371
Contratos;Contrato de Mandato;;Adão;2026-01-23 09:08:00;2026-03-12 15:01:00.000000000;2026-03-13 15:01:00.000000000;3,0;;8,0;2026-03-13 15:01:00.000000000;;AHP_APRENDIZAGEM_ESPECIALIZACAO_WORKLOAD;;;;;CONCLUIDA;True;0,9437197676340277;1,0;1,0;0,6396492418003005;0,6586441863669917;0,1851740071976712;0,09990157406936467
Direito digital;Relacionamento ANPD;;Abraão;2026-01-23 09:09:00;2026-03-04 09:00:00.000000000;2026-03-04 11:00:00.000000000;1,0;;2,0;2026-03-04 11:00:00.000000000;;AHP_APRENDIZAGEM_ESPECIALIZACAO_WORKLOAD;;;;;CONCLUIDA;True;0,9682430579134195;1,0;1,0;0,7966668281575504;0,6586441863669917;0,1851740071976712;0,1244248643487565
Societário;Estruturação jurídica de carve-outs, spin-offs e alienação de ativos;;Esaú;2026-01-23 09:10:00;2026-03-17 09:02:00.000000000;2026-03-20 09:01:59.999999999;5,0;;24,0;2026-03-20 09:01:59.999999999;;AHP_APRENDIZAGEM_ESPECIALIZACAO_WORKLOAD;;;;;CONCLUIDA;True;0,9317037897870067;0,9962378262060708;0,9926632820150607;0,5872777481719231;0,656166252469518;0,18381543772872075;0,09172209958876795
Concorrencial;Avaliação de riscos concorrenciais;;Eva;2026-01-23 09:11:00;2026-02-19 11:02:59.999999999;2026-02-19 13:02:59.999999999;1,0;;2,0;2026-02-19 13:02:59.999999999;;AHP_APRENDIZAGEM_ESPECIALIZACAO_WORKLOAD;;;;;CONCLUIDA;True;1,0;1,0;1,0;1,0;0,6586441863669917;0,1851740071976712;0,1561818064353371
Societário;Avaliação de impactos (societário, contratual, regulatório, concorrencial, trabalhista, tributário);;Esaú;2026-01-23 09:12:00;2026-03-20 09:01:59.999999999;2026-03-23 09:01:59.999999999;3,0;;8,0;2026-03-23 09:01:59.999999999;;AHP_APRENDIZAGEM_ESPECIALIZACAO_WORKLOAD;;;;;CONCLUIDA;True;0,9212805575217061;0,9962378262060708;0,9926632820150607;0,5205399347018503;0,656166252469518;0,18381543772872075;0,0812988673234674
Societário;Gestão de earn-outs, ajustes de preço e garantias;;Esaú;2026-01-23 09:13:00;2026-03-23 09:01:59.999999999;2026-03-23 11:01:59.999999999;1,0;;2,0;2026-03-23 11:01:59.999999999;;AHP_APRENDIZAGEM_ESPECIALIZACAO_WORKLOAD;;;;;CONCLUIDA;True;0,9176273599636455;0,9962378262060708;0,9926632820150607;0,49714926173269663;0,656166252469518;0,18381543772872075;0,07764566976540677
Propriedade intelectual;Estratégia de Ativos Intangíveis;;Esaú;2026-01-23 09:14:00;2026-03-23 11:01:59.999999999;2026-03-23 13:01:59.999999999;1,0;;2,0;2026-03-23 13:01:59.999999999;;AHP_APRENDIZAGEM_ESPECIALIZACAO_WORKLOAD;;;;;CONCLUIDA;True;0,9205505639405546;1,0;1,0;0,49130159349040825;0,6586441863669917;0,1851740071976712;0,07673237037589162
Societário;Consolidação das versões finais dos documentos;;Jacó;2026-01-26 09:00:00;2026-04-21 11:03:59.999999999;2026-04-21 13:03:59.999999999;1,0;;2,0;2026-04-21 13:03:59.999999999;;AHP_APRENDIZAGEM_ESPECIALIZACAO_WORKLOAD;;;;;PENDENTE;True;0,8438181935646629;1,0;1,0;0,0;0,6586441863669917;0,1851740071976712;0,0
Contratos;Contrato de Joint Venture;;Adão;2026-01-26 09:01:00;2026-03-13 15:01:00.000000000;2026-03-18 15:00:59.999999999;5,0;;24,0;2026-03-18 15:00:59.999999999;;AHP_APRENDIZAGEM_ESPECIALIZACAO_WORKLOAD;;;;;CONCLUIDA;True;0,9409957983342494;1,0;1,0;0,6222082263456229;0,6586441863669917;0,1851740071976712;0,09717760476958649
Direito financeiro;Revisão de contratos bancários padrão;;Eva;2026-01-26 09:02:00;2026-02-19 13:02:59.999999999;2026-02-20 13:03:00.000000000;3,0;;8,0;2026-02-20 13:03:00.000000000;;AHP_APRENDIZAGEM_ESPECIALIZACAO_WORKLOAD;;;;;CONCLUIDA;True;1,0;1,0;1,0;1,0;0,6586441863669917;0,1851740071976712;0,1561818064353371
Contratos;Contrato de Distribuição;;Adão;2026-01-26 09:03:00;2026-03-18 15:00:59.999999999;2026-03-19 15:01:00.000000000;3,0;;8,0;2026-03-19 15:01:00.000000000;;AHP_APRENDIZAGEM_ESPECIALIZACAO_WORKLOAD;;;;;CONCLUIDA;True;0,9321541460859738;1,0;1,0;0,5655969445960021;0,6586441863669917;0,1851740071976712;0,08833595252131088
Societário;Estruturação de veículos societários (SPVs);;Jacó;2026-01-26 09:04:00;2026-04-21 13:03:59.999999999;2026-04-24 13:04:00.000000000;5,0;;24,0;2026-04-24 13:04:00.000000000;;AHP_APRENDIZAGEM_ESPECIALIZACAO_WORKLOAD;;;;;PENDENTE;True;0,8438181935646629;1,0;1,0;0,0;0,6586441863669917;0,1851740071976712;0,0
Contratos;Contrato de Cessão de Direitos Autorais;;Adão;2026-01-26 09:05:00;2026-03-19 15:01:00.000000000;2026-03-20 15:01:00.000000000;3,0;;8,0;2026-03-20 15:01:00.000000000;;AHP_APRENDIZAGEM_ESPECIALIZACAO_WORKLOAD;;;;;CONCLUIDA;True;0,933206447486244;1,0;1,0;0,5723346141382344;0,6586441863669917;0,1851740071976712;0,08938825392158108
Regulatório;Assessoria em relações com investidores (RI);;Abraão;2026-01-26 09:06:00;2026-03-04 11:00:00.000000000;2026-03-04 13:00:00.000000000;1,0;;2,0;2026-03-04 13:00:00.000000000;;AHP_APRENDIZAGEM_ESPECIALIZACAO_WORKLOAD;;;;;CONCLUIDA;True;0,9731249583574766;1,0;1,0;0,8279246331188371;0,6586441863669917;0,1851740071976712;0,12930676479281372
Societário;Integração societária;;Jacó;2026-01-26 09:07:00;2026-04-24 13:04:00.000000000;2026-04-24 15:04:00.000000000;1,0;;2,0;2026-04-24 15:04:00.000000000;;AHP_APRENDIZAGEM_ESPECIALIZACAO_WORKLOAD;;;;;PENDENTE;True;0,8438181935646629;1,0;1,0;0,0;0,6586441863669917;0,1851740071976712;0,0
Societário;Estruturação societária internacional;;Jacó;2026-01-26 09:08:00;2026-04-24 15:04:00.000000000;2026-04-29 15:04:00.000000000;5,0;;24,0;2026-04-29 15:04:00.000000000;;AHP_APRENDIZAGEM_ESPECIALIZACAO_WORKLOAD;;;;;PENDENTE;True;0,8438181935646629;1,0;1,0;0,0;0,6586441863669917;0,1851740071976712;0,0
Societário;Consolidação das versões finais dos documentos;;Jacó;2026-01-26 09:09:00;2026-04-29 15:04:00.000000000;2026-04-30 09:03:59.999999999;1,0;;2,0;2026-04-30 09:03:59.999999999;;AHP_APRENDIZAGEM_ESPECIALIZACAO_WORKLOAD;;;;;PENDENTE;True;0,8438181935646629;1,0;1,0;0,0;0,6586441863669917;0,1851740071976712;0,0
Societário;Estruturação de regras de governança;;Jacó;2026-01-26 09:10:00;2026-04-30 09:03:59.999999999;2026-05-05 09:03:59.999999999;5,0;;24,0;2026-05-05 09:03:59.999999999;;AHP_APRENDIZAGEM_ESPECIALIZACAO_WORKLOAD;;;;;PENDENTE;True;0,8438181935646629;1,0;1,0;0,0;0,6586441863669917;0,1851740071976712;0,0
Societário;Gestão de passivos;;Jacó;2026-01-26 09:11:00;2026-05-05 09:03:59.999999999;2026-05-05 11:03:59.999999999;1,0;;2,0;2026-05-05 11:03:59.999999999;;AHP_APRENDIZAGEM_ESPECIALIZACAO_WORKLOAD;;;;;PENDENTE;True;0,8438181935646629;1,0;1,0;0,0;0,6586441863669917;0,1851740071976712;0,0
Contratos;Contrato de Mútuo, Doação ou Comodato;;Adão;2026-01-26 09:12:00;2026-03-20 15:01:00.000000000;2026-03-23 15:01:00.000000000;3,0;;8,0;2026-03-23 15:01:00.000000000;;AHP_APRENDIZAGEM_ESPECIALIZACAO_WORKLOAD;;;;;CONCLUIDA;True;0,9389004148408435;1,0;1,0;0,6087919165895094;0,6586441863669917;0,1851740071976712;0,09508222127618064
Propriedade intelectual;Elaboração e revisão de NDAs;;Esaú;2026-01-26 09:13:00;2026-03-23 13:01:59.999999999;2026-03-24 13:02:00.000000000;3,0;;8,0;2026-03-24 13:02:00.000000000;;AHP_APRENDIZAGEM_ESPECIALIZACAO_WORKLOAD;;;;;CONCLUIDA;True;0,9366307142602246;1,0;1,0;0,5942594903586813;0,6586441863669917;0,1851740071976712;0,09281252069556165
Societário;Gestão de passivos;;Jacó;2026-01-26 09:14:00;2026-05-05 11:03:59.999999999;2026-05-05 13:03:59.999999999;1,0;;2,0;2026-05-05 13:03:59.999999999;;AHP_APRENDIZAGEM_ESPECIALIZACAO_WORKLOAD;;;;;PENDENTE;True;0,8438181935646629;1,0;1,0;0,0;0,6586441863669917;0,1851740071976712;0,0
Societário;Suporte jurídico às negociações comerciais;;Jacó;2026-01-27 09:00:00;2026-05-05 13:03:59.999999999;2026-05-06 13:04:00.000000000;3,0;;8,0;2026-05-06 13:04:00.000000000;;AHP_APRENDIZAGEM_ESPECIALIZACAO_WORKLOAD;;;;;PENDENTE;True;0,8438181935646629;1,0;1,0;0,0;0,6586441863669917;0,1851740071976712;0,0
Societário;Reorganizações societárias internas;;Jacó;2026-01-27 09:01:00;2026-05-06 13:04:00.000000000;2026-05-11 13:04:00.000000000;5,0;;24,0;2026-05-11 13:04:00.000000000;;AHP_APRENDIZAGEM_ESPECIALIZACAO_WORKLOAD;;;;;PENDENTE;True;0,8438181935646629;1,0;1,0;0,0;0,6586441863669917;0,1851740071976712;0,0
Societário;SPA / SHA e documentos correlatos;;Esaú;2026-01-27 09:02:00;2026-03-24 13:02:00.000000000;2026-03-24 15:02:00.000000000;1,0;;2,0;2026-03-24 15:02:00.000000000;;AHP_APRENDIZAGEM_ESPECIALIZACAO_WORKLOAD;;;;;CONCLUIDA;True;0,8447296674988872;0,926594933013865;0,753888426385147;0,6071946728172315;0,6102963657466943;0,1396005408936842;0,0948327608585087
Societário;Elaboração e negociação de  SHA;;Esaú;2026-01-27 09:03:00;2026-03-24 15:02:00.000000000;2026-03-25 15:02:00.000000000;3,0;;8,0;2026-03-25 15:02:00.000000000;;AHP_APRENDIZAGEM_ESPECIALIZACAO_WORKLOAD;;;;;CONCLUIDA;True;0,8440324532296175;0,926594933013865;0,753888426385147;0,6027305531788252;0,6102963657466943;0,1396005408936842;0,09413554658923894
Societário;Aprovações regulatórias e concorrenciais;;Jacó;2026-01-27 09:04:00;2026-05-11 13:04:00.000000000;2026-05-12 13:04:00.000000000;3,0;;8,0;2026-05-12 13:04:00.000000000;;AHP_APRENDIZAGEM_ESPECIALIZACAO_WORKLOAD;;;;;PENDENTE;True;0,8438181935646629;1,0;1,0;0,0;0,6586441863669917;0,1851740071976712;0,0
Societário;Aumento e redução de capital;;Jacó;2026-01-27 09:05:00;2026-05-12 13:04:00.000000000;2026-05-12 15:04:00.000000000;1,0;;2,0;2026-05-12 15:04:00.000000000;;AHP_APRENDIZAGEM_ESPECIALIZACAO_WORKLOAD;;;;;PENDENTE;True;0,8438181935646629;1,0;1,0;0,0;0,6586441863669917;0,1851740071976712;0,0
Societário;Elaboração e negociação de LOI;;Jacó;2026-01-27 09:06:00;2026-05-12 15:04:00.000000000;2026-05-13 15:04:00.000000000;3,0;;8,0;2026-05-13 15:04:00.000000000;;AHP_APRENDIZAGEM_ESPECIALIZACAO_WORKLOAD;;;;;PENDENTE;True;0,8438181935646629;1,0;1,0;0,0;0,6586441863669917;0,1851740071976712;0,0
Societário;Consolidação das versões finais dos documentos;;Jacó;2026-01-27 09:07:00;2026-05-13 15:04:00.000000000;2026-05-14 09:03:59.999999999;1,0;;2,0;2026-05-14 09:03:59.999999999;;AHP_APRENDIZAGEM_ESPECIALIZACAO_WORKLOAD;;;;;PENDENTE;True;0,8438181935646629;1,0;1,0;0,0;0,6586441863669917;0,1851740071976712;0,0
Direito financeiro;Estruturação de garantias (alienação fiduciária, penhor, hipoteca, fiança, aval);;Eva;2026-01-27 09:08:00;2026-02-20 13:03:00.000000000;2026-02-25 13:03:00.000000000;5,0;;24,0;2026-02-25 13:03:00.000000000;;AHP_APRENDIZAGEM_ESPECIALIZACAO_WORKLOAD;;;;;CONCLUIDA;True;1,0;1,0;1,0;1,0;0,6586441863669917;0,1851740071976712;0,1561818064353371
Societário;Regularização societária;;Esaú;2026-01-27 09:09:00;2026-03-25 15:02:00.000000000;2026-03-26 15:02:00.000000000;3,0;;8,0;2026-03-26 15:02:00.000000000;;AHP_APRENDIZAGEM_ESPECIALIZACAO_WORKLOAD;;;;;CONCLUIDA;True;0,8491014608425022;0,926594933013865;0,753888426385147;0,6351863668781201;0,6102963657466943;0,1396005408936842;0,09920455420212358
Direito financeiro;Monitoramento de mudanças regulatórias;;Eva;2026-01-27 09:10:00;2026-02-25 13:03:00.000000000;2026-02-26 13:03:00.000000000;3,0;;8,0;2026-02-26 13:03:00.000000000;;AHP_APRENDIZAGEM_ESPECIALIZACAO_WORKLOAD;;;;;CONCLUIDA;True;1,0;1,0;1,0;1,0;0,6586441863669917;0,1851740071976712;0,1561818064353371
Regulatório;Atuação em processos administrativos na CVM e no BCB;;Abraão;2026-01-27 09:11:00;2026-03-04 13:00:00.000000000;2026-03-04 15:00:00.000000000;1,0;;2,0;2026-03-04 15:00:00.000000000;;AHP_APRENDIZAGEM_ESPECIALIZACAO_WORKLOAD;;;;;CONCLUIDA;True;0,988555463363918;1,0;1,0;0,9267229845953902;0,6586441863669917;0,1851740071976712;0,1447372697992551
Societário;Atos perante Junta Comercial;;Esaú;2026-01-27 09:12:00;2026-03-26 15:02:00.000000000;2026-03-27 09:02:00.000000000;1,0;;2,0;2026-03-27 09:02:00.000000000;;AHP_APRENDIZAGEM_ESPECIALIZACAO_WORKLOAD;;;;;CONCLUIDA;True;0,8480560466354021;0,926594933013865;0,753888426385147;0,6284927946179428;0,6102963657466943;0,1396005408936842;0,09815913999502363
Contratos;Contrato de Licenciamento de Software;;Adão;2026-01-27 09:13:00;2026-03-23 15:01:00.000000000;2026-03-25 15:00:59.999999999;4,0;;16,0;2026-03-25 15:00:59.999999999;;AHP_APRENDIZAGEM_ESPECIALIZACAO_WORKLOAD;;;;;CONCLUIDA;True;0,9505801386158128;1,0;1,0;0,6835747868965253;0,6586441863669917;0,1851740071976712;0,10676194505114993
Regulatório;Monitoramento contínuo de normas da CVM, BCB, CMN e circulares associadas;;Abraão;2026-01-27 09:14:00;2026-03-04 15:00:00.000000000;2026-03-04 17:00:00.000000000;1,0;;2,0;2026-03-04 17:00:00.000000000;;AHP_APRENDIZAGEM_ESPECIALIZACAO_WORKLOAD;;;;;CONCLUIDA;True;0,9878390604446015;1,0;1,0;0,9221360039753832;0,6586441863669917;0,1851740071976712;0,14402086687993854
Societário;Gestão de passivos;;Esaú;2026-01-28 09:00:00;2026-03-27 09:02:00.000000000;2026-03-27 11:02:00.000000000;1,0;;2,0;2026-03-27 11:02:00.000000000;;AHP_APRENDIZAGEM_ESPECIALIZACAO_WORKLOAD;;;;;CONCLUIDA;True;0,877955449501182;0,9556735394719219;0,8157942568379409;0,6239058139979359;0,6294488208379472;0,1510638915875277;0,09744273707570705
Direito financeiro;Avaliação de impactos regulatórios em operações;;Eva;2026-01-28 09:01:00;2026-02-26 13:03:00.000000000;2026-02-27 13:03:00.000000000;3,0;;8,0;2026-02-27 13:03:00.000000000;;AHP_APRENDIZAGEM_ESPECIALIZACAO_WORKLOAD;;;;;CONCLUIDA;True;1,0;1,0;1,0;1,0;0,6586441863669917;0,1851740071976712;0,1561818064353371
Propriedade intelectual;Apoio na prevenção de vazamento de informações estratégicas;;Esaú;2026-01-28 09:02:00;2026-03-27 11:02:00.000000000;2026-03-27 13:02:00.000000000;1,0;;2,0;2026-03-27 13:02:00.000000000;;AHP_APRENDIZAGEM_ESPECIALIZACAO_WORKLOAD;;;;;CONCLUIDA;True;0,9423524261827593;1,0;1,0;0,6308944355749386;0,6586441863669917;0,1851740071976712;0,09853423261809632
Societário;Elaboração e negociação de LOI;;Esaú;2026-01-28 09:03:00;2026-03-27 13:02:00.000000000;2026-03-30 13:02:00.000000000;3,0;;8,0;2026-03-30 13:02:00.000000000;;AHP_APRENDIZAGEM_ESPECIALIZACAO_WORKLOAD;;;;;CONCLUIDA;True;0,8783171519369072;0,9556735394719219;0,8157942568379409;0,6262217203379931;0,6294488208379472;0,1510638915875277;0,09780443951143224
Societário;Análise jurídica preliminar e de estrutura da operação;;Esaú;2026-01-28 09:04:00;2026-03-30 13:02:00.000000000;2026-04-02 13:01:59.999999999;5,0;;24,0;2026-04-02 13:01:59.999999999;;AHP_APRENDIZAGEM_ESPECIALIZACAO_WORKLOAD;;;;;CONCLUIDA;True;0,8753979795102508;0,9556735394719219;0,8157942568379409;0,6075308593902106;0,6294488208379472;0,1510638915875277;0,09488526708477588
Societário;Atualização de Contrato Social / Estatuto;;Esaú;2026-01-28 09:05:00;2026-04-02 13:01:59.999999999;2026-04-03 13:02:00.000000000;3,0;;8,0;2026-04-03 13:02:00.000000000;;AHP_APRENDIZAGEM_ESPECIALIZACAO_WORKLOAD;;;;;EM_EXECUCAO;True;0,8666404622302818;0,9556735394719219;0,8157942568379409;0,5514582765468635;0,6294488208379472;0,1510638915875277;0,08612774980480684
Contratos;Contrato de Cessão de Crédito;;Adão;2026-01-28 09:06:00;2026-03-25 15:00:59.999999999;2026-03-26 15:01:00.000000000;3,0;;8,0;2026-03-26 15:01:00.000000000;;AHP_APRENDIZAGEM_ESPECIALIZACAO_WORKLOAD;;;;;CONCLUIDA;True;0,9467372664320673;1,0;1,0;0,6589696662909025;0,6586441863669917;0,1851740071976712;0,10291907286740441
Societário;Estruturação societária internacional;;Esaú;2026-01-28 09:07:00;2026-04-03 13:02:00.000000000;2026-04-08 13:01:59.999999999;5,0;;24,0;2026-04-08 13:01:59.999999999;;AHP_APRENDIZAGEM_ESPECIALIZACAO_WORKLOAD;;;;;PENDENTE;True;0,8637212898036254;0,9556735394719219;0,8157942568379409;0,532767415599081;0,6294488208379472;0,1510638915875277;0,08320857737815048
Societário;Aprovações regulatórias e concorrenciais;;Esaú;2026-01-28 09:08:00;2026-04-08 13:01:59.999999999;2026-04-09 13:02:00.000000000;3,0;;8,0;2026-04-09 13:02:00.000000000;;AHP_APRENDIZAGEM_ESPECIALIZACAO_WORKLOAD;;;;;PENDENTE;True;0,8549637725236563;0,9556735394719219;0,8157942568379409;0,4766948327557339;0,6294488208379472;0,1510638915875277;0,07445106009818142
Societário;Aumento e redução de capital;;Esaú;2026-01-28 09:09:00;2026-04-09 13:02:00.000000000;2026-04-09 15:02:00.000000000;1,0;;2,0;2026-04-09 15:02:00.000000000;;AHP_APRENDIZAGEM_ESPECIALIZACAO_WORKLOAD;;;;;PENDENTE;True;0,852044600097;0,9556735394719219;0,8157942568379409;0,4580039718079515;0,6294488208379472;0,1510638915875277;0,07153188767152507
Societário;Análise jurídica preliminar e de estrutura da operação;;Esaú;2026-01-28 09:10:00;2026-04-09 15:02:00.000000000;2026-04-14 15:02:00.000000000;5,0;;24,0;2026-04-14 15:02:00.000000000;;AHP_APRENDIZAGEM_ESPECIALIZACAO_WORKLOAD;;;;;PENDENTE;True;0,8513148069903359;0,9556735394719219;0,8157942568379409;0,45333125657100576;0,6294488208379472;0,1510638915875277;0,07080209456486096
Societário;Organização de livros societários;;Jacó;2026-01-28 09:11:00;2026-05-14 09:03:59.999999999;2026-05-14 11:03:59.999999999;1,0;;2,0;2026-05-14 11:03:59.999999999;;AHP_APRENDIZAGEM_ESPECIALIZACAO_WORKLOAD;;;;;PENDENTE;True;0,8438181935646629;1,0;1,0;0,0;0,6586441863669917;0,1851740071976712;0,0
Societário;Aprovações regulatórias e concorrenciais;;Jacó;2026-01-28 09:12:00;2026-05-14 11:03:59.999999999;2026-05-15 11:03:59.999999999;3,0;;8,0;2026-05-15 11:03:59.999999999;;AHP_APRENDIZAGEM_ESPECIALIZACAO_WORKLOAD;;;;;PENDENTE;True;0,8438181935646629;1,0;1,0;0,0;0,6586441863669917;0,1851740071976712;0,0
Societário;Estruturação jurídica de carve-outs, spin-offs e alienação de ativos;;Esaú;2026-01-28 09:13:00;2026-04-14 15:02:00.000000000;2026-04-17 15:02:00.000000000;5,0;;24,0;2026-04-17 15:02:00.000000000;;AHP_APRENDIZAGEM_ESPECIALIZACAO_WORKLOAD;;;;;PENDENTE;True;0,8447064597377733;0,9556735394719219;0,8157942568379409;0,4110193676039725;0,6294488208379472;0,1510638915875277;0,06419374731229831
Societário;Gestão de passivos;;Jacó;2026-01-28 09:14:00;2026-05-15 11:03:59.999999999;2026-05-15 13:03:59.999999999;1,0;;2,0;2026-05-15 13:03:59.999999999;;AHP_APRENDIZAGEM_ESPECIALIZACAO_WORKLOAD;;;;;PENDENTE;True;0,8438181935646629;1,0;1,0;0,0;0,6586441863669917;0,1851740071976712;0,0
Societário;Due diligence;;Abraão;2026-01-29 09:00:00;2026-03-05 09:00:00.000000000;2026-03-09 17:00:00.000000000;5,0;;24,0;2026-03-09 17:00:00.000000000;;AHP_APRENDIZAGEM_ESPECIALIZACAO_WORKLOAD;;;;;CONCLUIDA;True;0,9241571393263597;1,0;0,6439989436913387;0,9364796788000455;0,6586441863669917;0,1192518650343926;0,14626108792497536
Contratos;Contrato de trabalho;;Adão;2026-01-29 09:01:00;2026-03-26 15:01:00.000000000;2026-03-27 09:00:59.999999999;1,0;;2,0;2026-03-27 09:00:59.999999999;;AHP_APRENDIZAGEM_ESPECIALIZACAO_WORKLOAD;;;;;CONCLUIDA;True;0,9453502697683027;1,0;1,0;0,6500890117804881;0,6586441863669917;0,1851740071976712;0,10153207620363977
Societário;Estruturação de holdings e grupos;;Abraão;2026-01-29 09:02:00;2026-03-10 09:00:00.000000000;2026-03-12 17:00:00.000000000;5,0;;24,0;2026-03-12 17:00:00.000000000;;AHP_APRENDIZAGEM_ESPECIALIZACAO_WORKLOAD;;;;;CONCLUIDA;True;0,9156384543800741;1,0;0,6439989436913387;0,8819362902920342;0,6586441863669917;0,1192518650343926;0,13774240297868975
Societário;Estruturação jurídica de carve-outs, spin-offs e alienação de ativos;;Abraão;2026-01-29 09:03:00;2026-03-13 09:00:00.000000000;2026-03-17 17:00:00.000000000;5,0;;24,0;2026-03-17 17:00:00.000000000;;AHP_APRENDIZAGEM_ESPECIALIZACAO_WORKLOAD;;;;;CONCLUIDA;True;0,9071197694337885;1,0;0,6439989436913387;0,8273929017840234;0,6586441863669917;0,1192518650343926;0,12922371803240423
Societário;Estruturação de holdings e grupos;;Abraão;2026-01-29 09:04:00;2026-03-18 09:00:00.000000000;2026-03-20 17:00:00.000000000;5,0;;24,0;2026-03-20 17:00:00.000000000;;AHP_APRENDIZAGEM_ESPECIALIZACAO_WORKLOAD;;;;;CONCLUIDA;True;0,898601084487503;1,0;0,6439989436913387;0,7728495132760123;0,6586441863669917;0,1192518650343926;0,12070503308611864
Societário;Due diligence societária;;Abraão;2026-01-29 09:05:00;2026-03-23 09:00:00.000000000;2026-03-25 17:00:00.000000000;5,0;;24,0;2026-03-25 17:00:00.000000000;;AHP_APRENDIZAGEM_ESPECIALIZACAO_WORKLOAD;;;;;CONCLUIDA;True;0,8900823995412174;1,0;0,6439989436913387;0,7183061247680013;0,6586441863669917;0,1192518650343926;0,11218634813983308
Contratos;Letter of Intent;;Adão;2026-01-29 09:06:00;2026-03-27 09:00:59.999999999;2026-03-27 11:00:59.999999999;1,0;;2,0;2026-03-27 11:00:59.999999999;;AHP_APRENDIZAGEM_ESPECIALIZACAO_WORKLOAD;;;;;CONCLUIDA;True;0,9446403793561122;1,0;1,0;0,6455437294048205;0,6586441863669917;0,1851740071976712;0,10082218579144932
Societário;Elaboração e negociação de LOI;;Abraão;2026-01-29 09:07:00;2026-03-26 09:00:00.000000000;2026-03-26 17:00:00.000000000;3,0;;8,0;2026-03-26 17:00:00.000000000;;AHP_APRENDIZAGEM_ESPECIALIZACAO_WORKLOAD;;;;;CONCLUIDA;True;0,8815637145949318;1,0;0,6439989436913387;0,6637627362599902;0,6586441863669917;0,1192518650343926;0,10366766319354749
Contratos;Contrato de trabalho;;Adão;2026-01-29 09:08:00;2026-03-27 11:00:59.999999999;2026-03-27 13:00:59.999999999;1,0;;2,0;2026-03-27 13:00:59.999999999;;AHP_APRENDIZAGEM_ESPECIALIZACAO_WORKLOAD;;;;;CONCLUIDA;True;0,9439304889439217;1,0;1,0;0,640998447029153;0,6586441863669917;0,1851740071976712;0,10011229537925885
Contratos;Contrato de Cessão de Crédito;;Adão;2026-01-29 09:09:00;2026-03-27 13:00:59.999999999;2026-03-30 13:01:00.000000000;3,0;;8,0;2026-03-30 13:01:00.000000000;;AHP_APRENDIZAGEM_ESPECIALIZACAO_WORKLOAD;;;;;CONCLUIDA;True;0,9432205985317313;1,0;1,0;0,6364531646534854;0,6586441863669917;0,1851740071976712;0,0994024049670684
Governança;Integração com outras áreas;;Esaú;2026-01-29 09:10:00;2026-04-17 15:02:00.000000000;2026-04-20 09:02:00.000000000;1,0;;2,0;2026-04-20 09:02:00.000000000;;AHP_APRENDIZAGEM_ESPECIALIZACAO_WORKLOAD;;;;;PENDENTE;True;0,8999113676345795;1,0;1,0;0,3591530623840006;0,6586441863669917;0,1851740071976712;0,056093174069916533
Regulatório;Apoio jurídico em pedidos de autorização ao BCB (instituições financeiras, fintechs, SCD, SEP, IPs);;Abraão;2026-01-29 09:11:00;2026-03-27 09:00:00.000000000;2026-03-27 11:00:00.000000000;1,0;;2,0;2026-03-27 11:00:00.000000000;;AHP_APRENDIZAGEM_ESPECIALIZACAO_WORKLOAD;;;;;CONCLUIDA;True;0,9446462951094485;1,0;1,0;0,6455816067573198;0,6586441863669917;0,1851740071976712;0,10082810154478564
Societário;Estruturação de regras de governança;;Abraão;2026-01-29 09:12:00;2026-03-27 11:00:00.000000000;2026-04-01 11:00:00.000000000;5,0;;24,0;2026-04-01 11:00:00.000000000;;AHP_APRENDIZAGEM_ESPECIALIZACAO_WORKLOAD;;;;;CONCLUIDA;True;0,8780142625339795;1,0;0,6439989436913387;0,6410363243816523;0,6586441863669917;0,1192518650343926;0,10011821113259518
Societário;Integração societária;;Abraão;2026-01-29 09:13:00;2026-04-01 11:00:00.000000000;2026-04-01 13:00:00.000000000;1,0;;2,0;2026-04-01 13:00:00.000000000;;AHP_APRENDIZAGEM_ESPECIALIZACAO_WORKLOAD;;;;;CONCLUIDA;True;0,8694955775876939;1,0;0,6439989436913387;0,5864929358736413;0,6586441863669917;0,1192518650343926;0,09159952618630962
Contratos;Contrato de Licenciamento de Software;;Adão;2026-01-29 09:14:00;2026-03-30 13:01:00.000000000;2026-04-01 13:00:59.999999999;4,0;;16,0;2026-04-01 13:00:59.999999999;;AHP_APRENDIZAGEM_ESPECIALIZACAO_WORKLOAD;;;;;CONCLUIDA;True;0,9403810368829695;1,0;1,0;0,6182720351508149;0,6586441863669917;0,1851740071976712;0,0965628433183065
Direito financeiro;Gestão de litígios bancários e financeiros;;Eva;2026-01-30 09:00:00;2026-02-27 13:03:00.000000000;2026-03-03 13:03:00.000000000;4,0;;16,0;2026-03-03 13:03:00.000000000;;AHP_APRENDIZAGEM_ESPECIALIZACAO_WORKLOAD;;;;;CONCLUIDA;True;1,0;1,0;1,0;1,0;0,6586441863669917;0,1851740071976712;0,1561818064353371
Societário;Closing da operação;;Abraão;2026-01-30 09:01:00;2026-04-01 13:00:00.000000000;2026-04-01 15:00:00.000000000;1,0;;2,0;2026-04-01 15:00:00.000000000;;AHP_APRENDIZAGEM_ESPECIALIZACAO_WORKLOAD;;;;;CONCLUIDA;True;0,8669286154706626;1,0;0,6154488542514563;0,6039070791242481;0,6586441863669917;0,11396513056695766;0,09431929853671313
Direito financeiro;Implementação de políticas internas de compliance financeiro;;Eva;2026-01-30 09:02:00;2026-03-03 13:03:00.000000000;2026-03-04 13:03:00.000000000;3,0;;8,0;2026-03-04 13:03:00.000000000;;AHP_APRENDIZAGEM_ESPECIALIZACAO_WORKLOAD;;;;;CONCLUIDA;True;1,0;1,0;1,0;1,0;0,6586441863669917;0,1851740071976712;0,1561818064353371
Societário;Gestão de earn-outs, ajustes de preço e garantias;;Abraão;2026-01-30 09:03:00;2026-04-01 15:00:00.000000000;2026-04-01 17:00:00.000000000;1,0;;2,0;2026-04-01 17:00:00.000000000;;AHP_APRENDIZAGEM_ESPECIALIZACAO_WORKLOAD;;;;;CONCLUIDA;True;0,8679915314806534;1,0;0,6154488542514563;0,6107127118304555;0,6586441863669917;0,11396513056695766;0,09538221454670401
Societário;Gestão de passivos;;Abraão;2026-01-30 09:04:00;2026-04-02 09:00:00.000000000;2026-04-02 11:00:00.000000000;1,0;;2,0;2026-04-02 11:00:00.000000000;;AHP_APRENDIZAGEM_ESPECIALIZACAO_WORKLOAD;;;;;CONCLUIDA;True;0,8672406874931433;1,0;0,6154488542514563;0,6059052121309243;0,6586441863669917;0,11396513056695766;0,09463137055919389
Contratos;Contrato de Mútuo, Doação ou Comodato;;Adão;2026-01-30 09:05:00;2026-04-01 13:00:59.999999999;2026-04-02 13:01:00.000000000;3,0;;8,0;2026-04-02 13:01:00.000000000;;AHP_APRENDIZAGEM_ESPECIALIZACAO_WORKLOAD;;;;;CONCLUIDA;True;0,9399449950657521;1,0;1,0;0,6154801490331585;0,6586441863669917;0,1851740071976712;0,0961268015010892
Societário;Reorganizações societárias internas;;Abraão;2026-01-30 09:06:00;2026-04-02 11:00:00.000000000;2026-04-07 11:00:00.000000000;5,0;;24,0;2026-04-07 11:00:00.000000000;;AHP_APRENDIZAGEM_ESPECIALIZACAO_WORKLOAD;;;;;EM_EXECUCAO;True;0,8664898435056332;1,0;0,6154488542514563;0,6010977124313931;0,6586441863669917;0,11396513056695766;0,09388052657168376
Governança;Gestão de fluxo de informações com Conselho de Administração;;Esaú;2026-01-30 09:07:00;2026-04-20 09:02:00.000000000;2026-04-20 11:02:00.000000000;1,0;;2,0;2026-04-20 11:02:00.000000000;;AHP_APRENDIZAGEM_ESPECIALIZACAO_WORKLOAD;;;;;PENDENTE;True;0,9023965386570162;1,0;1,0;0,37506510155909895;0,6586441863669917;0,1851740071976712;0,05857834509235325
Direito digital;Avaliação de fornecedores sob a ótica de privacidade (vendor assessment);;Abraão;2026-01-30 09:08:00;2026-04-07 11:00:00.000000000;2026-04-07 13:00:00.000000000;1,0;;2,0;2026-04-07 13:00:00.000000000;;AHP_APRENDIZAGEM_ESPECIALIZACAO_WORKLOAD;;;;;PENDENTE;True;0,928688592286225;1,0;1,0;0,5434077160370178;0,6586441863669917;0,1851740071976712;0,08487039872156214
Trabalhista;Gestão de riscos relacionados a acidentes de trabalho;;Eva;2026-01-30 09:09:00;2026-03-04 13:03:00.000000000;2026-03-04 15:03:00.000000000;1,0;;2,0;2026-03-04 15:03:00.000000000;;AHP_APRENDIZAGEM_ESPECIALIZACAO_WORKLOAD;;;;;CONCLUIDA;True;1,0;1,0;1,0;1,0;0,6586441863669917;0,1851740071976712;0,1561818064353371
Societário;Suporte jurídico às negociações comerciais;;Abraão;2026-01-30 09:10:00;2026-04-07 13:00:00.000000000;2026-04-08 13:00:00.000000000;3,0;;8,0;2026-04-08 13:00:00.000000000;;AHP_APRENDIZAGEM_ESPECIALIZACAO_WORKLOAD;;;;;PENDENTE;True;0,8571352299695225;1,0;0,6154488542514563;0,5412020450062397;0,6586441863669917;0,11396513056695766;0,08452591303557314
Societário;Aprovações regulatórias e concorrenciais;;Abraão;2026-01-30 09:11:00;2026-04-08 13:00:00.000000000;2026-04-09 13:00:00.000000000;3,0;;8,0;2026-04-09 13:00:00.000000000;;AHP_APRENDIZAGEM_ESPECIALIZACAO_WORKLOAD;;;;;PENDENTE;True;0,8541173455409987;1,0;0,6154488542514563;0,5218791514029226;0,6586441863669917;0,11396513056695766;0,08150802860704925
Trabalhista;Análise de regimes de jornada e banco de horas;;Eva;2026-01-30 09:12:00;2026-03-04 15:03:00.000000000;2026-03-05 09:03:00.000000000;1,0;;2,0;2026-03-05 09:03:00.000000000;;AHP_APRENDIZAGEM_ESPECIALIZACAO_WORKLOAD;;;;;CONCLUIDA;True;1,0;1,0;1,0;1,0;0,6586441863669917;0,1851740071976712;0,1561818064353371
Contratos;Letter of Intent;;Adão;2026-01-30 09:13:00;2026-04-02 13:01:00.000000000;2026-04-02 15:01:00.000000000;1,0;;2,0;2026-04-02 15:01:00.000000000;;AHP_APRENDIZAGEM_ESPECIALIZACAO_WORKLOAD;;;;;CONCLUIDA;True;0,9378456934708045;1,0;1,0;0,6020387524783247;0,6586441863669917;0,1851740071976712;0,09402749990614154
Societário;Integração societária;;Abraão;2026-01-30 09:14:00;2026-04-09 13:00:00.000000000;2026-04-09 15:00:00.000000000;1,0;;2,0;2026-04-09 15:00:00.000000000;;AHP_APRENDIZAGEM_ESPECIALIZACAO_WORKLOAD;;;;;PENDENTE;True;0,8514804658170345;1,0;0,6154488542514563;0,5049957525990049;0,6586441863669917;0,11396513056695766;0,07887114888308516
Societário;Elaboração e negociação de  SPA;;Abraão;2026-02-02 09:00:00;2026-04-09 15:00:00.000000000;2026-04-10 15:00:00.000000000;3,0;;8,0;2026-04-10 15:00:00.000000000;;AHP_APRENDIZAGEM_ESPECIALIZACAO_WORKLOAD;;;;;PENDENTE;True;0,8507223323769536;1,0;0,6154488542514563;0,5001415800331701;0,6586441863669917;0,11396513056695766;0,07811301544300424
Contratos;Contrato de Cessão de Direitos Autorais;;Adão;2026-02-02 09:01:00;2026-04-02 15:01:00.000000000;2026-04-03 15:01:00.000000000;3,0;;8,0;2026-04-03 15:01:00.000000000;;AHP_APRENDIZAGEM_ESPECIALIZACAO_WORKLOAD;;;;;EM_EXECUCAO;True;0,9370875600306182;1,0;1,0;0,5971845799118157;0,6586441863669917;0,1851740071976712;0,09326936646595531
Trabalhista;Apoio em programas de stock options e incentivos de longo prazo;;Eva;2026-02-02 09:02:00;2026-03-05 09:03:00.000000000;2026-03-05 11:03:00.000000000;1,0;;2,0;2026-03-05 11:03:00.000000000;;AHP_APRENDIZAGEM_ESPECIALIZACAO_WORKLOAD;;;;;CONCLUIDA;True;1,0;1,0;1,0;1,0;0,6586441863669917;0,1851740071976712;0,1561818064353371
Societário;Closing da operação;;Abraão;2026-02-02 09:03:00;2026-04-10 15:00:00.000000000;2026-04-10 17:00:00.000000000;1,0;;2,0;2026-04-10 17:00:00.000000000;;AHP_APRENDIZAGEM_ESPECIALIZACAO_WORKLOAD;;;;;PENDENTE;True;0,8480560299812867;1,0;0,6154488542514563;0,48306979391081667;0,6586441863669917;0,11396513056695766;0,07544671304733735
Contencioso;Gestão de provas e documentos;;Esaú;2026-02-02 09:04:00;2026-04-20 11:02:00.000000000;2026-04-20 13:02:00.000000000;1,0;;2,0;2026-04-20 13:02:00.000000000;;AHP_APRENDIZAGEM_ESPECIALIZACAO_WORKLOAD;;;;;PENDENTE;True;0,9024919163839787;1,0;1,0;0,37567578553785075;0,6586441863669917;0,1851740071976712;0,05867372281931582
Societário;Organização de livros societários;;Abraão;2026-02-02 09:05:00;2026-04-13 09:00:00.000000000;2026-04-13 11:00:00.000000000;1,0;;2,0;2026-04-13 11:00:00.000000000;;AHP_APRENDIZAGEM_ESPECIALIZACAO_WORKLOAD;;;;;PENDENTE;True;0,8472941984796307;1,0;0,6154488542514563;0,4781919434169343;0,6586441863669917;0,11396513056695766;0,0746848815456813
Contratos;Contratos de Seguros ou Previdência;;Adão;2026-02-02 09:06:00;2026-04-03 15:01:00.000000000;2026-04-06 15:01:00.000000000;3,0;;8,0;2026-04-06 15:01:00.000000000;;AHP_APRENDIZAGEM_ESPECIALIZACAO_WORKLOAD;;;;;PENDENTE;True;0,9344951880492741;1,0;1,0;0,5805861550343483;0,6586441863669917;0,1851740071976712;0,09067699448461121
Governança;Governança e Regimentos de Comitês;;Esaú;2026-02-02 09:07:00;2026-04-20 13:02:00.000000000;2026-04-21 13:02:00.000000000;3,0;;8,0;2026-04-21 13:02:00.000000000;;AHP_APRENDIZAGEM_ESPECIALIZACAO_WORKLOAD;;;;;PENDENTE;True;0,9017300848823226;1,0;1,0;0,37079793504396846;0,6586441863669917;0,1851740071976712;0,05791189131765978
Contratos;Contrato de Mandato;;Adão;2026-02-02 09:08:00;2026-04-06 15:01:00.000000000;2026-04-07 15:01:00.000000000;3,0;;8,0;2026-04-07 15:01:00.000000000;;AHP_APRENDIZAGEM_ESPECIALIZACAO_WORKLOAD;;;;;PENDENTE;True;0,93144786204265;1,0;1,0;0,5610747530588188;0,6586441863669917;0,1851740071976712;0,087629668477987
Societário;Regularização societária;;Abraão;2026-02-02 09:09:00;2026-04-13 11:00:00.000000000;2026-04-14 11:00:00.000000000;3,0;;8,0;2026-04-14 11:00:00.000000000;;AHP_APRENDIZAGEM_ESPECIALIZACAO_WORKLOAD;;;;;PENDENTE;True;0,8465323669779746;1,0;0,6154488542514563;0,47331409292305177;0,6586441863669917;0,11396513056695766;0,07392305004402523
Contratos;Contrato de Agência, Franquia ou Parceria Empresarial;;Adão;2026-02-02 09:10:00;2026-04-07 15:01:00.000000000;2026-04-08 15:01:00.000000000;3,0;;8,0;2026-04-08 15:01:00.000000000;;AHP_APRENDIZAGEM_ESPECIALIZACAO_WORKLOAD;;;;;PENDENTE;True;0,9284005360360257;1,0;1,0;0,5415633510832892;0,6586441863669917;0,1851740071976712;0,08458234247136279
Contratos;Contrato de Licença de Uso de Marca;;Adão;2026-02-02 09:11:00;2026-04-08 15:01:00.000000000;2026-04-09 15:01:00.000000000;3,0;;8,0;2026-04-09 15:01:00.000000000;;AHP_APRENDIZAGEM_ESPECIALIZACAO_WORKLOAD;;;;;PENDENTE;True;0,9253532100294015;1,0;1,0;0,5220519491077598;0,6586441863669917;0,1851740071976712;0,0815350164647386
Societário;Estruturação de regras de governança;;Abraão;2026-02-02 09:12:00;2026-04-14 11:00:00.000000000;2026-04-17 11:00:00.000000000;5,0;;24,0;2026-04-17 11:00:00.000000000;;AHP_APRENDIZAGEM_ESPECIALIZACAO_WORKLOAD;;;;;PENDENTE;True;0,8434850409713505;1,0;0,6154488542514563;0,45380269094752246;0,6586441863669917;0,11396513056695766;0,07087572403740106
Societário;Atualização de Contrato Social / Estatuto;;Abraão;2026-02-02 09:13:00;2026-04-17 11:00:00.000000000;2026-04-20 11:00:00.000000000;3,0;;8,0;2026-04-20 11:00:00.000000000;;AHP_APRENDIZAGEM_ESPECIALIZACAO_WORKLOAD;;;;;PENDENTE;True;0,8343430629514779;1,0;0,6154488542514563;0,3952684850209342;0,6586441863669917;0,11396513056695766;0,06173374601752849
Societário;Gestão jurídica do encerramento de operações;;Abraão;2026-02-02 09:14:00;2026-04-20 11:00:00.000000000;2026-04-20 13:00:00.000000000;1,0;;2,0;2026-04-20 13:00:00.000000000;;AHP_APRENDIZAGEM_ESPECIALIZACAO_WORKLOAD;;;;;PENDENTE;True;0,8312957369448537;1,0;0,6154488542514563;0,37575708304540456;0,6586441863669917;0,11396513056695766;0,05868642001090427
Societário;Análise jurídica preliminar e de estrutura da operação;;Abraão;2026-02-03 09:00:00;2026-04-20 13:00:00.000000000;2026-04-23 13:00:00.000000000;5,0;;24,0;2026-04-23 13:00:00.000000000;;AHP_APRENDIZAGEM_ESPECIALIZACAO_WORKLOAD;;;;;PENDENTE;True;0,8305339054431976;1,0;0,6154488542514563;0,3708792325515222;0,6586441863669917;0,11396513056695766;0,05792458850924822
Governança;Política de Governaça Corporativa;;Esaú;2026-02-03 09:01:00;2026-04-21 13:02:00.000000000;2026-04-22 13:02:00.000000000;3,0;;8,0;2026-04-22 13:02:00.000000000;;AHP_APRENDIZAGEM_ESPECIALIZACAO_WORKLOAD;;;;;PENDENTE;True;0,8986827588755927;1,0;1,0;0,3512865330677614;0,6586441863669917;0,1851740071976712;0,05486456531092976
Direito financeiro;Registro de garantias em cartórios e sistemas competentes;;Eva;2026-02-03 09:02:00;2026-03-05 11:03:00.000000000;2026-03-05 13:03:00.000000000;1,0;;2,0;2026-03-05 13:03:00.000000000;;AHP_APRENDIZAGEM_ESPECIALIZACAO_WORKLOAD;;;;;CONCLUIDA;True;1,0;1,0;1,0;1,0;0,6586441863669917;0,1851740071976712;0,1561818064353371
Societário;Análise jurídica preliminar e de estrutura da operação;;Abraão;2026-02-03 09:03:00;2026-04-23 13:00:00.000000000;2026-04-28 13:00:00.000000000;5,0;;24,0;2026-04-28 13:00:00.000000000;;AHP_APRENDIZAGEM_ESPECIALIZACAO_WORKLOAD;;;;;PENDENTE;True;0,821631048098899;1,0;0,6154488542514563;0,31387606715411953;0,6586441863669917;0,11396513056695766;0,04902173116494957
Societário;Estruturação societária internacional;;Esaú;2026-02-03 09:04:00;2026-04-22 13:02:00.000000000;2026-04-27 13:01:59.999999999;5,0;;24,0;2026-04-27 13:01:59.999999999;;AHP_APRENDIZAGEM_ESPECIALIZACAO_WORKLOAD;;;;;PENDENTE;True;0,8144661861509327;0,9898152766649537;0,5965139236670859;0,33340141334095824;0,6519360775526073;0,11045887359464004;0,05207123500368536
Regulatório;Atuação em processos administrativos na CVM e no BCB;;Abraão;2026-02-03 09:05:00;2026-04-28 13:00:00.000000000;2026-04-28 15:00:00.000000000;1,0;;2,0;2026-04-28 15:00:00.000000000;;AHP_APRENDIZAGEM_ESPECIALIZACAO_WORKLOAD;;;;;PENDENTE;True;0,8836531349225423;1,0;1,0;0,25505494056615335;0,6586441863669917;0,1851740071976712;0,03983494135787937
Societário;Consolidação das versões finais dos documentos;;Abraão;2026-02-03 09:06:00;2026-04-28 15:00:00.000000000;2026-04-28 17:00:00.000000000;1,0;;2,0;2026-04-28 17:00:00.000000000;;AHP_APRENDIZAGEM_ESPECIALIZACAO_WORKLOAD;;;;;PENDENTE;True;0,8116786924745729;1,0;0,6154488542514563;0,25015318001715625;0,6586441863669917;0,11396513056695766;0,039069375540623535
Governança;Política de PLDFTP e Fraudes;;Esaú;2026-02-03 09:07:00;2026-04-27 13:01:59.999999999;2026-04-28 13:02:00.000000000;3,0;;8,0;2026-04-28 13:02:00.000000000;;AHP_APRENDIZAGEM_ESPECIALIZACAO_WORKLOAD;;;;;PENDENTE;True;0,8867026387612781;1,0;1,0;0,2745802867529922;0,6586441863669917;0,1851740071976712;0,04288444519661518
Societário;Estruturação jurídica de carve-outs, spin-offs e alienação de ativos;;Abraão;2026-02-03 09:08:00;2026-04-29 09:00:00.000000000;2026-05-01 17:00:00.000000000;5,0;;24,0;2026-05-01 17:00:00.000000000;;AHP_APRENDIZAGEM_ESPECIALIZACAO_WORKLOAD;;;;;PENDENTE;True;0,8109131266573171;1,0;0,6154488542514563;0,24525141946815904;0,6586441863669917;0,11396513056695766;0,03830380972336768
Societário;Estruturação societária internacional;;Esaú;2026-02-03 09:09:00;2026-04-28 13:02:00.000000000;2026-05-01 13:01:59.999999999;5,0;;24,0;2026-05-01 13:01:59.999999999;;AHP_APRENDIZAGEM_ESPECIALIZACAO_WORKLOAD;;;;;PENDENTE;True;0,8022171330748391;0,9898152766649537;0,5965139236670859;0,25497324455700354;0,6519360775526073;0,11045887359464004;0,0398221819275918
Contratos;Contrato de Hosting;;Adão;2026-02-03 09:10:00;2026-04-09 15:01:00.000000000;2026-04-10 15:01:00.000000000;3,0;;8,0;2026-04-10 15:01:00.000000000;;AHP_APRENDIZAGEM_ESPECIALIZACAO_WORKLOAD;;;;;PENDENTE;True;0,9226906118874468;1,0;1,0;0,5050038805604345;0,6586441863669917;0,1851740071976712;0,07887241832278388
Societário;Estruturação de regras de governança;;Abraão;2026-02-03 09:11:00;2026-05-04 09:00:00.000000000;2026-05-06 17:00:00.000000000;5,0;;24,0;2026-05-06 17:00:00.000000000;;AHP_APRENDIZAGEM_ESPECIALIZACAO_WORKLOAD;;;;;PENDENTE;True;0,8017263368502469;1,0;0,6154488542514563;0,1864302928801928;0,6586441863669917;0,11396513056695766;0,02911701991629748
Societário;Estruturação de veículos societários (SPVs);;Jacó;2026-02-03 09:12:00;2026-05-15 13:03:59.999999999;2026-05-20 13:04:00.000000000;5,0;;24,0;2026-05-20 13:04:00.000000000;;AHP_APRENDIZAGEM_ESPECIALIZACAO_WORKLOAD;;;;;PENDENTE;True;0,7938353525131849;0,9241125298210285;1,0;0,0;0,6086613453155137;0,1851740071976712;0,0
Societário;Estruturação societária internacional;;Abraão;2026-02-03 09:13:00;2026-05-07 09:00:00.000000000;2026-05-11 17:00:00.000000000;5,0;;24,0;2026-05-11 17:00:00.000000000;;AHP_APRENDIZAGEM_ESPECIALIZACAO_WORKLOAD;;;;;PENDENTE;True;0,8001087870381459;1,0;0,6154488542514563;0,17607345395625182;0,6586441863669917;0,11396513056695766;0,027499470104196563
Governança;Gestão de documentos de governança;;Esaú;2026-02-03 09:14:00;2026-05-01 13:01:59.999999999;2026-05-04 13:02:00.000000000;3,0;;8,0;2026-05-04 13:02:00.000000000;;AHP_APRENDIZAGEM_ESPECIALIZACAO_WORKLOAD;;;;;PENDENTE;True;0,8814281174012963;1,0;1,0;0,24080861077890497;0,6586441863669917;0,1851740071976712;0,03760992383663337
Propriedade intelectual;Gestão de portfólio de marcas (renovações, extensões e classes);;Esaú;2026-02-04 09:00:00;2026-05-04 13:02:00.000000000;2026-05-05 09:01:59.999999999;2,0;;4,0;2026-05-05 09:01:59.999999999;;AHP_APRENDIZAGEM_ESPECIALIZACAO_WORKLOAD;;;;;PENDENTE;True;0,8785359733061231;1,0;1,0;0,22229080668134096;0,6586441863669917;0,1851740071976712;0,034717779741460134
Societário;Estruturação jurídica de carve-outs, spin-offs e alienação de ativos;;Esaú;2026-02-04 09:01:00;2026-05-05 09:01:59.999999999;2026-05-08 09:01:59.999999999;5,0;;24,0;2026-05-08 09:01:59.999999999;;AHP_APRENDIZAGEM_ESPECIALIZACAO_WORKLOAD;;;;;PENDENTE;True;0,7767440721540771;0,9898152766649537;0,49432578736520094;0,21303190463280292;0,6519360775526073;0,09153628690755819;0,03327170769391162
Societário;Due diligence societária;;Abraão;2026-02-04 09:02:00;2026-05-12 09:00:00.000000000;2026-05-14 17:00:00.000000000;5,0;;24,0;2026-05-14 17:00:00.000000000;;AHP_APRENDIZAGEM_ESPECIALIZACAO_WORKLOAD;;;;;PENDENTE;True;0,7719091150864706;1,0;0,5100169960670589;0,12052004166449368;0,6586441863669917;0,09444189090065619;0,018823037818822715
Societário;Acordo de Sócios / Acionistas;;Esaú;2026-02-04 09:03:00;2026-05-08 09:01:59.999999999;2026-05-11 09:01:59.999999999;3,0;;8,0;2026-05-11 09:01:59.999999999;;AHP_APRENDIZAGEM_ESPECIALIZACAO_WORKLOAD;;;;;PENDENTE;True;0,768067639868786;0,9898152766649537;0,49432578736520094;0,1574784923415747;0,6519360775526073;0,09153628690755819;0,02459527540862054
Societário;Aumento e redução de capital;;Esaú;2026-02-04 09:04:00;2026-05-11 09:01:59.999999999;2026-05-11 11:01:59.999999999;1,0;;2,0;2026-05-11 11:01:59.999999999;;AHP_APRENDIZAGEM_ESPECIALIZACAO_WORKLOAD;;;;;PENDENTE;True;0,7649341968375604;0,9898152766649537;0,4930226944539419;0,13896068824449842;0,6519360775526073;0,09129498797142949;0,021703131313523475
Societário;Gestão de Advisors e Governança da Operação;;Esaú;2026-02-04 09:05:00;2026-05-11 11:01:59.999999999;2026-05-12 11:02:00.000000000;3,0;;8,0;2026-05-12 11:02:00.000000000;;AHP_APRENDIZAGEM_ESPECIALIZACAO_WORKLOAD;;;;;PENDENTE;True;0,764211160813786;0,9898152766649537;0,4930226944539419;0,1343312372202294;0,6519360775526073;0,09129498797142949;0,020980095289749222
Societário;Gestão de passivos;;Abraão;2026-02-04 09:06:00;2026-05-15 09:00:00.000000000;2026-05-15 11:00:00.000000000;1,0;;2,0;2026-05-15 11:00:00.000000000;;AHP_APRENDIZAGEM_ESPECIALIZACAO_WORKLOAD;;;;;PENDENTE;True;0,7629837243982314;1,0;0,5086725395382199;0,0649666293732655;0,6586441863669917;0,094192932497708;0,010146605533531639
Contratos;Contrato de prestação de serviços;;Adão;2026-02-04 09:07:00;2026-04-10 15:01:00.000000000;2026-04-13 15:01:00.000000000;3,0;;8,0;2026-04-13 15:01:00.000000000;;AHP_APRENDIZAGEM_ESPECIALIZACAO_WORKLOAD;;;;;PENDENTE;True;0,9240932681040993;1,0;1,0;0,5139847999688245;0,6586441863669917;0,1851740071976712;0,08027507453943641
Societário;Organização de livros societários;;Abraão;2026-02-04 09:08:00;2026-05-15 11:00:00.000000000;2026-05-15 13:00:00.000000000;1,0;;2,0;2026-05-15 13:00:00.000000000;;AHP_APRENDIZAGEM_ESPECIALIZACAO_WORKLOAD;;;;;PENDENTE;True;0,7622606883744572;1,0;0,5086725395382199;0,06033717834899648;0,6586441863669917;0,094192932497708;0,009423569509757382
Societário;Gestão de Advisors e Governança da Operação;;Abraão;2026-02-04 09:09:00;2026-05-15 13:00:00.000000000;2026-05-18 13:00:00.000000000;3,0;;8,0;2026-05-18 13:00:00.000000000;;AHP_APRENDIZAGEM_ESPECIALIZACAO_WORKLOAD;;;;;PENDENTE;True;0,7615376523506828;1,0;0,5086725395382199;0,05570772732472746;0,6586441863669917;0,094192932497708;0,008700533485983123
Societário;Gestão jurídica do encerramento de operações;;Esaú;2026-02-04 09:10:00;2026-05-12 11:02:00.000000000;2026-05-12 13:02:00.000000000;1,0;;2,0;2026-05-12 13:02:00.000000000;;AHP_APRENDIZAGEM_ESPECIALIZACAO_WORKLOAD;;;;;PENDENTE;True;0,7613190167186891;0,9898152766649537;0,4930226944539419;0,11581343312315358;0,6519360775526073;0,09129498797142949;0,01808795119465223
Contratos;Contrato de Escrow de Código-Fonte;;Adão;2026-02-04 09:11:00;2026-04-13 15:01:00.000000000;2026-04-14 15:01:00.000000000;3,0;;8,0;2026-04-14 15:01:00.000000000;;AHP_APRENDIZAGEM_ESPECIALIZACAO_WORKLOAD;;;;;PENDENTE;True;0,9212011240090023;1,0;1,0;0,4954669958717484;0,6586441863669917;0,1851740071976712;0,07738293044433937
Contratos;Contrato de Mandato;;Adão;2026-02-04 09:12:00;2026-04-14 15:01:00.000000000;2026-04-15 15:01:00.000000000;3,0;;8,0;2026-04-15 15:01:00.000000000;;AHP_APRENDIZAGEM_ESPECIALIZACAO_WORKLOAD;;;;;PENDENTE;True;0,9183089799139053;1,0;1,0;0,4769491917746725;0,6586441863669917;0,1851740071976712;0,07449078634924237
Societário;Atos perante Junta Comercial;;Esaú;2026-02-04 09:13:00;2026-05-12 13:02:00.000000000;2026-05-12 15:02:00.000000000;1,0;;2,0;2026-05-12 15:02:00.000000000;;AHP_APRENDIZAGEM_ESPECIALIZACAO_WORKLOAD;;;;;PENDENTE;True;0,7605959806949149;0,9898152766649537;0,4930226944539419;0,11118398209888482;0,6519360775526073;0,09129498797142949;0,017364915170878015
Direito digital;Elaboração e atualização de políticas de privacidade e cookies;;Abraão;2026-02-04 09:14:00;2026-05-18 13:00:00.000000000;2026-05-19 13:00:00.000000000;3,0;;8,0;2026-05-19 13:00:00.000000000;;AHP_APRENDIZAGEM_ESPECIALIZACAO_WORKLOAD;;;;;PENDENTE;True;0,849626582955549;1,0;1,0;0,037189923227651404;0,6586441863669917;0,1851740071976712;0,005808389390886099
Societário;Estruturação de regras de governança;;Esaú;2026-02-05 09:00:00;2026-05-12 15:02:00.000000000;2026-05-15 15:02:00.000000000;5,0;;24,0;2026-05-15 15:02:00.000000000;;AHP_APRENDIZAGEM_ESPECIALIZACAO_WORKLOAD;;;;;PENDENTE;True;0,7618591936241734;0,9919526660217705;0,49614662036512774;0,10655453107461557;0,6533438566264773;0,0918734578505924;0,016641879147103723
Societário;Acordo de Sócios / Acionistas;;Abraão;2026-02-05 09:01:00;2026-05-19 13:00:00.000000000;2026-05-20 13:00:00.000000000;3,0;;8,0;2026-05-20 13:00:00.000000000;;AHP_APRENDIZAGEM_ESPECIALIZACAO_WORKLOAD;;;;;PENDENTE;True;0,7557533641604888;1,0;0,5086725395382199;0,018672119130575336;0,6586441863669917;0,094192932497708;0,002916245295789072
Societário;Atos perante Junta Comercial;;Esaú;2026-02-05 09:02:00;2026-05-15 15:02:00.000000000;2026-05-18 09:02:00.000000000;1,0;;2,0;2026-05-18 09:02:00.000000000;;AHP_APRENDIZAGEM_ESPECIALIZACAO_WORKLOAD;;;;;PENDENTE;True;0,7531827613388824;0,9919526660217705;0,49614662036512774;0,05100111878338737;0,6533438566264773;0,0918734578505924;0,007965446861812641
Societário;Gestão de Advisors e Governança da Operação;;Abraão;2026-02-05 09:03:00;2026-05-20 13:00:00.000000000;2026-05-21 13:00:00.000000000;3,0;;8,0;2026-05-21 13:00:00.000000000;;AHP_APRENDIZAGEM_ESPECIALIZACAO_WORKLOAD;;;;;PENDENTE;True;0,7528612200653918;1,0;0,5086725395382199;0,00015431503349927538;0,6586441863669917;0,094192932497708;2,4101200692046388e-05
Societário;Análise jurídica preliminar e de estrutura da operação;;Esaú;2026-02-05 09:04:00;2026-05-18 09:02:00.000000000;2026-05-21 09:01:59.999999999;5,0;;24,0;2026-05-21 09:01:59.999999999;;AHP_APRENDIZAGEM_ESPECIALIZACAO_WORKLOAD;;;;;PENDENTE;True;0,7523813305505945;0,9919526660217705;0,4812194584025514;0,06356782967761494;0,6533438566264773;0,08910933545389349;0,009928138470223734
Societário;Gestão de passivos;;Abraão;2026-02-05 09:05:00;2026-05-21 13:00:00.000000000;2026-05-21 15:00:00.000000000;1,0;;2,0;2026-05-21 15:00:00.000000000;;AHP_APRENDIZAGEM_ESPECIALIZACAO_WORKLOAD;;;;;PENDENTE;True;0,7500032123108497;1,0;0,4933685203795;0,0;0,6586441863669917;0,09135902594385792;0,0
Societário;Estruturação de holdings e grupos;;Abraão;2026-02-05 09:06:00;2026-05-21 15:00:00.000000000;2026-05-26 15:00:00.000000000;5,0;;24,0;2026-05-26 15:00:00.000000000;;AHP_APRENDIZAGEM_ESPECIALIZACAO_WORKLOAD;;;;;PENDENTE;True;0,7500032123108497;1,0;0,4933685203795;0,0;0,6586441863669917;0,09135902594385792;0,0
Societário;Integração societária;;Esaú;2026-02-05 09:07:00;2026-05-21 09:01:59.999999999;2026-05-21 11:01:59.999999999;1,0;;2,0;2026-05-21 11:01:59.999999999;;AHP_APRENDIZAGEM_ESPECIALIZACAO_WORKLOAD;;;;;PENDENTE;True;0,7524977207483514;0,9919526660217705;0,4812194584025514;0,06431305218728744;0,6533438566264773;0,08910933545389349;0,01004452866798066
Propriedade intelectual;Análise de riscos de colisão marcária;;Esaú;2026-02-05 09:08:00;2026-05-21 11:01:59.999999999;2026-05-21 13:01:59.999999999;1,0;;2,0;2026-05-21 13:01:59.999999999;;AHP_APRENDIZAGEM_ESPECIALIZACAO_WORKLOAD;;;;;PENDENTE;True;0,8531923421213212;1,0;1,0;0,06002074614586693;0,6586441863669917;0,1851740071976712;0,009374148556658295
Concorrencial;Gestão de canal de dúvidas;;Eva;2026-02-05 09:09:00;2026-03-05 13:03:00.000000000;2026-03-05 15:03:00.000000000;1,0;;2,0;2026-03-05 15:03:00.000000000;;AHP_APRENDIZAGEM_ESPECIALIZACAO_WORKLOAD;;;;;CONCLUIDA;True;1,0;1,0;1,0;1,0;0,6586441863669917;0,1851740071976712;0,1561818064353371
Regulatório;Atuação em processos administrativos na CVM e no BCB;;Abraão;2026-02-05 09:10:00;2026-05-26 15:00:00.000000000;2026-05-26 17:00:00.000000000;1,0;;2,0;2026-05-26 17:00:00.000000000;;AHP_APRENDIZAGEM_ESPECIALIZACAO_WORKLOAD;;;;;PENDENTE;True;0,8438181935646629;1,0;1,0;0,0;0,6586441863669917;0,1851740071976712;0,0
Societário;Gestão de passivos;;Esaú;2026-02-05 09:11:00;2026-05-21 13:01:59.999999999;2026-05-21 15:01:59.999999999;1,0;;2,0;2026-05-21 15:01:59.999999999;;AHP_APRENDIZAGEM_ESPECIALIZACAO_WORKLOAD;;;;;PENDENTE;True;0,751827340637029;0,9919526660217705;0,4812194584025514;0,060020746145866694;0,6533438566264773;0,08910933545389349;0,009374148556658258
Governança;Trasnparência e divulgação de informações;;Esaú;2026-02-05 09:12:00;2026-05-21 15:01:59.999999999;2026-05-22 09:02:00.000000000;1,0;;2,0;2026-05-22 09:02:00.000000000;;AHP_APRENDIZAGEM_ESPECIALIZACAO_WORKLOAD;;;;;PENDENTE;True;0,8525219620099989;1,0;1,0;0,055728440104446185;0,6586441863669917;0,1851740071976712;0,008703768445335892
Societário;Estruturação de veículos societários (SPVs);;Esaú;2026-02-05 09:13:00;2026-05-22 09:02:00.000000000;2026-05-27 09:01:59.999999999;5,0;;24,0;2026-05-27 09:01:59.999999999;;AHP_APRENDIZAGEM_ESPECIALIZACAO_WORKLOAD;;;;;PENDENTE;True;0,7504865804143842;0,9919526660217705;0,4812194584025514;0,05143613406302543;0,6533438566264773;0,08910933545389349;0,008033388334013486
Societário;Suporte jurídico às negociações comerciais;;Abraão;2026-02-05 09:14:00;2026-05-27 09:00:00.000000000;2026-05-27 17:00:00.000000000;3,0;;8,0;2026-05-27 17:00:00.000000000;;AHP_APRENDIZAGEM_ESPECIALIZACAO_WORKLOAD;;;;;PENDENTE;True;0,7500143845134631;1,0;0,4933685203795;7,153331664216107e-05;0,6586441863669917;0,09135902594385792;1,1172202613483678e-05
Societário;Closing da operação;;Esaú;2026-02-06 09:00:00;2026-05-27 09:01:59.999999999;2026-05-27 11:01:59.999999999;1,0;;2,0;2026-05-27 11:01:59.999999999;;AHP_APRENDIZAGEM_ESPECIALIZACAO_WORKLOAD;;;;;PENDENTE;True;0,7566830736106267;1,0;0,5152646159897756;0,016809086753173746;0,6586441863669917;0,09541361370999599;0,002625273533638971
Trabalhista;Gestão de escritórios externos;;Eva;2026-02-06 09:01:00;2026-03-05 15:03:00.000000000;2026-03-06 09:03:00.000000000;1,0;;2,0;2026-03-06 09:03:00.000000000;;AHP_APRENDIZAGEM_ESPECIALIZACAO_WORKLOAD;;;;;CONCLUIDA;True;1,0;1,0;1,0;1,0;0,6586441863669917;0,1851740071976712;0,1561818064353371
Societário;Atualização de Contrato Social / Estatuto;;Esaú;2026-02-06 09:02:00;2026-05-27 11:01:59.999999999;2026-05-28 11:02:00.000000000;3,0;;8,0;2026-05-28 11:02:00.000000000;;AHP_APRENDIZAGEM_ESPECIALIZACAO_WORKLOAD;;;;;PENDENTE;True;0,7565968218165087;1,0;0,5183129942305258;0,012642582195030293;0,6586441863669917;0,09597809412428988;0,001974541325227061
Contencioso;Contencioso Civil;;Esaú;2026-02-06 09:03:00;2026-05-28 11:02:00.000000000;2026-06-01 11:02:00.000000000;4,0;;16,0;2026-06-01 11:02:00.000000000;;AHP_APRENDIZAGEM_ESPECIALIZACAO_WORKLOAD;;;;;PENDENTE;True;0,8438181935646629;1,0;1,0;0,0;0,6586441863669917;0,1851740071976712;0,0
Societário;Estruturação de holdings e grupos;;Esaú;2026-02-06 09:04:00;2026-06-01 11:02:00.000000000;2026-06-04 11:01:59.999999999;5,0;;24,0;2026-06-04 11:01:59.999999999;;AHP_APRENDIZAGEM_ESPECIALIZACAO_WORKLOAD;;;;;PENDENTE;True;0,7546222804912817;1,0;0,5183129942305258;0,0;0,6586441863669917;0,09597809412428988;0,0
Contratos;Contrato de Manutenção de Sistemas;;Adão;2026-02-06 09:05:00;2026-04-15 15:01:00.000000000;2026-04-16 15:01:00.000000000;3,0;;8,0;2026-04-16 15:01:00.000000000;;AHP_APRENDIZAGEM_ESPECIALIZACAO_WORKLOAD;;;;;PENDENTE;True;0,9301210621227685;1,0;1,0;0,5525795259247234;0,6586441863669917;0,1851740071976712;0,08630286855810548
Direito financeiro;Estratégias de prevenção de litígios;;Eva;2026-02-06 09:06:00;2026-03-06 09:03:00.000000000;2026-03-10 09:03:00.000000000;4,0;;16,0;2026-03-10 09:03:00.000000000;;AHP_APRENDIZAGEM_ESPECIALIZACAO_WORKLOAD;;;;;CONCLUIDA;True;1,0;1,0;1,0;1,0;0,6586441863669917;0,1851740071976712;0,1561818064353371
Societário;Elaboração e negociação de  SPA;;Esaú;2026-02-06 09:07:00;2026-06-04 11:01:59.999999999;2026-06-05 11:02:00.000000000;3,0;;8,0;2026-06-05 11:02:00.000000000;;AHP_APRENDIZAGEM_ESPECIALIZACAO_WORKLOAD;;;;;PENDENTE;True;0,7546222804912817;1,0;0,5183129942305258;0,0;0,6586441863669917;0,09597809412428988;0,0
Governança;Acompanhamento de planos de mitigação;;Esaú;2026-02-06 09:08:00;2026-06-05 11:02:00.000000000;2026-06-05 13:02:00.000000000;1,0;;2,0;2026-06-05 13:02:00.000000000;;AHP_APRENDIZAGEM_ESPECIALIZACAO_WORKLOAD;;;;;PENDENTE;True;0,8438181935646629;1,0;1,0;0,0;0,6586441863669917;0,1851740071976712;0,0
Contratos;Contrato de Representação Comercial;;Adão;2026-02-06 09:09:00;2026-04-16 15:01:00.000000000;2026-04-17 15:01:00.000000000;3,0;;8,0;2026-04-17 15:01:00.000000000;;AHP_APRENDIZAGEM_ESPECIALIZACAO_WORKLOAD;;;;;PENDENTE;True;0,9317553299613847;1,0;1,0;0,5630434069356841;0,6586441863669917;0,1851740071976712;0,08793713639672175
Concorrencial;Monitoramento regulatório e jurisprudencial;;Eva;2026-02-06 09:10:00;2026-03-10 09:03:00.000000000;2026-03-11 09:02:59.999999999;3,0;;8,0;2026-03-11 09:02:59.999999999;;AHP_APRENDIZAGEM_ESPECIALIZACAO_WORKLOAD;;;;;CONCLUIDA;True;1,0;1,0;1,0;1,0;0,6586441863669917;0,1851740071976712;0,1561818064353371
Societário;Regularização societária;;Abraão;2026-02-06 09:11:00;2026-05-28 09:00:00.000000000;2026-05-28 17:00:00.000000000;3,0;;8,0;2026-05-28 17:00:00.000000000;;AHP_APRENDIZAGEM_ESPECIALIZACAO_WORKLOAD;;;;;PENDENTE;True;0,7560021448211243;0,9851073714184176;0,49096005038680657;0,10407013567069152;0,6488352431320096;0,09091303990409552;0,016253861785019214
Contratos;Contrato de Mútuo, Doação ou Comodato;;Adão;2026-02-06 09:12:00;2026-04-17 15:01:00.000000000;2026-04-20 15:01:00.000000000;3,0;;8,0;2026-04-20 15:01:00.000000000;;AHP_APRENDIZAGEM_ESPECIALIZACAO_WORKLOAD;;;;;PENDENTE;True;0,9306633788423956;1,0;1,0;0,5560518683953666;0,6586441863669917;0,1851740071976712;0,08684518527773269
Contencioso;Gestão de escritórios externos;;Esaú;2026-02-06 09:13:00;2026-06-05 13:02:00.000000000;2026-06-05 15:02:00.000000000;1,0;;2,0;2026-06-05 15:02:00.000000000;;AHP_APRENDIZAGEM_ESPECIALIZACAO_WORKLOAD;;;;;PENDENTE;True;0,8438181935646629;1,0;1,0;0,0;0,6586441863669917;0,1851740071976712;0,0
Governança;Suporte jurídico às decisões do Conselho de Administração;;Esaú;2026-02-06 09:14:00;2026-06-05 15:02:00.000000000;2026-06-08 09:02:00.000000000;1,0;;2,0;2026-06-08 09:02:00.000000000;;AHP_APRENDIZAGEM_ESPECIALIZACAO_WORKLOAD;;;;;PENDENTE;True;0,8438181935646629;1,0;1,0;0,0;0,6586441863669917;0,1851740071976712;0,0
Contratos;Contratos Administrativos;;Adão;2026-02-09 09:00:00;2026-04-20 15:01:00.000000000;2026-04-21 15:01:00.000000000;3,0;;8,0;2026-04-21 15:01:00.000000000;;AHP_APRENDIZAGEM_ESPECIALIZACAO_WORKLOAD;;;;;PENDENTE;True;0,9287345294091747;1,0;1,0;0,5437018419918779;0,6586441863669917;0,1851740071976712;0,0849163358445117
Direito financeiro;Negociação jurídica com bancos e instituições de crédito;;Eva;2026-02-09 09:01:00;2026-03-11 09:02:59.999999999;2026-03-12 09:02:59.999999999;3,0;;8,0;2026-03-12 09:02:59.999999999;;AHP_APRENDIZAGEM_ESPECIALIZACAO_WORKLOAD;;;;;CONCLUIDA;True;1,0;1,0;1,0;1,0;0,6586441863669917;0,1851740071976712;0,1561818064353371
Contratos;NDA;;Adão;2026-02-09 09:02:00;2026-04-21 15:01:00.000000000;2026-04-22 09:00:59.999999999;1,0;;2,0;2026-04-22 09:00:59.999999999;;AHP_APRENDIZAGEM_ESPECIALIZACAO_WORKLOAD;;;;;PENDENTE;True;0,9275850477100713;1,0;1,0;0,5363419469737649;0,6586441863669917;0,1851740071976712;0,0837668541454084
Concorrencial;Gestão de canal de dúvidas;;Eva;2026-02-09 09:03:00;2026-03-12 09:02:59.999999999;2026-03-12 11:02:59.999999999;1,0;;2,0;2026-03-12 11:02:59.999999999;;AHP_APRENDIZAGEM_ESPECIALIZACAO_WORKLOAD;;;;;CONCLUIDA;True;1,0;1,0;1,0;1,0;0,6586441863669917;0,1851740071976712;0,1561818064353371
Regulatório;Elaboração de defesas, manifestações e recursos;;Abraão;2026-02-09 09:04:00;2026-05-29 09:00:00.000000000;2026-06-01 17:00:00.000000000;4,0;;16,0;2026-06-01 17:00:00.000000000;;AHP_APRENDIZAGEM_ESPECIALIZACAO_WORKLOAD;;;;;PENDENTE;True;0,859004804656275;1,0;1,0;0,09723674887765944;0,6586441863669917;0,1851740071976712;0,01518661109161209
Regulatório;Enquadramento jurídico-regulatório de tokens, valores mobiliários e instrumentos financeiros;;Abraão;2026-02-09 09:05:00;2026-06-02 09:00:00.000000000;2026-06-02 17:00:00.000000000;3,0;;8,0;2026-06-02 17:00:00.000000000;;AHP_APRENDIZAGEM_ESPECIALIZACAO_WORKLOAD;;;;;PENDENTE;True;0,8539461139387067;1,0;1,0;0,06484699213821006;0,6586441863669917;0,1851740071976712;0,010127920374043751
Societário;Acordo de Sócios / Acionistas;;Esaú;2026-02-09 09:06:00;2026-06-08 09:02:00.000000000;2026-06-09 09:01:59.999999999;3,0;;8,0;2026-06-09 09:01:59.999999999;;AHP_APRENDIZAGEM_ESPECIALIZACAO_WORKLOAD;;;;;PENDENTE;True;0,7585616029193789;1,0;0,5395866194423629;0,0;0,6586441863669917;0,09991741655238716;0,0
Concorrencial;Avaliação de riscos concorrenciais;;Eva;2026-02-09 09:07:00;2026-03-12 11:02:59.999999999;2026-03-12 13:02:59.999999999;1,0;;2,0;2026-03-12 13:02:59.999999999;;AHP_APRENDIZAGEM_ESPECIALIZACAO_WORKLOAD;;;;;CONCLUIDA;True;1,0;1,0;1,0;1,0;0,6586441863669917;0,1851740071976712;0,1561818064353371
Societário;Gestão jurídica do encerramento de operações;;Esaú;2026-02-09 09:08:00;2026-06-09 09:01:59.999999999;2026-06-09 11:01:59.999999999;1,0;;2,0;2026-06-09 11:01:59.999999999;;AHP_APRENDIZAGEM_ESPECIALIZACAO_WORKLOAD;;;;;PENDENTE;True;0,7585616029193789;1,0;0,5395866194423629;0,0;0,6586441863669917;0,09991741655238716;0,0
Societário;Análise jurídica preliminar e de estrutura da operação;;Esaú;2026-02-09 09:09:00;2026-06-09 11:01:59.999999999;2026-06-12 11:01:59.999999999;5,0;;24,0;2026-06-12 11:01:59.999999999;;AHP_APRENDIZAGEM_ESPECIALIZACAO_WORKLOAD;;;;;PENDENTE;True;0,7585616029193789;1,0;0,5395866194423629;0,0;0,6586441863669917;0,09991741655238716;0,0
Regulatório;Apoio a ofertas públicas e privadas sob a ótica regulatória;;Abraão;2026-02-09 09:10:00;2026-06-03 09:00:00.000000000;2026-06-03 17:00:00.000000000;3,0;;8,0;2026-06-03 17:00:00.000000000;;AHP_APRENDIZAGEM_ESPECIALIZACAO_WORKLOAD;;;;;PENDENTE;True;0,8610502050354171;1,0;1,0;0,1103330270282702;0,6586441863669917;0,1851740071976712;0,017232011470754115
Societário;Regularização societária;;Esaú;2026-02-09 09:11:00;2026-06-12 11:01:59.999999999;2026-06-15 11:02:00.000000000;3,0;;8,0;2026-06-15 11:02:00.000000000;;AHP_APRENDIZAGEM_ESPECIALIZACAO_WORKLOAD;;;;;PENDENTE;True;0,7585616029193789;1,0;0,5395866194423629;0,0;0,6586441863669917;0,09991741655238716;0,0
Contratos;Contrato de compra e venda;;Adão;2026-02-09 09:12:00;2026-04-22 09:00:59.999999999;2026-04-23 09:00:59.999999999;3,0;;8,0;2026-04-23 09:00:59.999999999;;AHP_APRENDIZAGEM_ESPECIALIZACAO_WORKLOAD;;;;;PENDENTE;True;0,9333233013382549;1,0;1,0;0,5730828053307807;0,6586441863669917;0,1851740071976712;0,08950510777359197
Societário;Atualização de Contrato Social / Estatuto;;Esaú;2026-02-09 09:13:00;2026-06-15 11:02:00.000000000;2026-06-16 11:02:00.000000000;3,0;;8,0;2026-06-16 11:02:00.000000000;;AHP_APRENDIZAGEM_ESPECIALIZACAO_WORKLOAD;;;;;PENDENTE;True;0,7585616029193789;1,0;0,5395866194423629;0,0;0,6586441863669917;0,09991741655238716;0,0
Societário;Gestão de conflitos societários;;Esaú;2026-02-09 09:14:00;2026-06-16 11:02:00.000000000;2026-06-16 13:02:00.000000000;1,0;;2,0;2026-06-16 13:02:00.000000000;;AHP_APRENDIZAGEM_ESPECIALIZACAO_WORKLOAD;;;;;PENDENTE;True;0,7585616029193789;1,0;0,5395866194423629;0,0;0,6586441863669917;0,09991741655238716;0,0
Societário;Reorganizações societárias internas;;Esaú;2026-02-10 09:00:00;2026-06-16 13:02:00.000000000;2026-06-19 13:01:59.999999999;5,0;;24,0;2026-06-19 13:01:59.999999999;;AHP_APRENDIZAGEM_ESPECIALIZACAO_WORKLOAD;;;;;PENDENTE;True;0,7559635984847468;1,0;0,5255565486243851;0,0;0,6586441863669917;0,0973194121177551;0,0
Contencioso;Suporte técnico às áreas internas envolvidas;;Esaú;2026-02-10 09:01:00;2026-06-19 13:01:59.999999999;2026-06-19 15:01:59.999999999;1,0;;2,0;2026-06-19 15:01:59.999999999;;AHP_APRENDIZAGEM_ESPECIALIZACAO_WORKLOAD;;;;;PENDENTE;True;0,8438181935646629;1,0;1,0;0,0;0,6586441863669917;0,1851740071976712;0,0
Regulatório;Alterações cadastrais e societárias perante CVM e BCB;;Abraão;2026-02-10 09:02:00;2026-06-04 09:00:00.000000000;2026-06-04 11:00:00.000000000;1,0;;2,0;2026-06-04 11:00:00.000000000;;AHP_APRENDIZAGEM_ESPECIALIZACAO_WORKLOAD;;;;;PENDENTE;True;0,8695843783041581;1,0;1,0;0,16497558408099877;0,6586441863669917;0,1851740071976712;0,025766184739495233
Societário;Estruturação de regras de governança;;Esaú;2026-02-10 09:03:00;2026-06-19 15:01:59.999999999;2026-06-24 15:02:00.000000000;5,0;;24,0;2026-06-24 15:02:00.000000000;;AHP_APRENDIZAGEM_ESPECIALIZACAO_WORKLOAD;;;;;PENDENTE;True;0,7559635984847468;1,0;0,5255565486243851;0,0;0,6586441863669917;0,0973194121177551;0,0
Societário;SPA / SHA e documentos correlatos;;Abraão;2026-02-10 09:04:00;2026-06-04 11:00:00.000000000;2026-06-04 13:00:00.000000000;1,0;;2,0;2026-06-04 13:00:00.000000000;;AHP_APRENDIZAGEM_ESPECIALIZACAO_WORKLOAD;;;;;PENDENTE;True;0,7568785817237912;0,972123897935247;0,4648873673262447;0,19534779314757944;0,6402837538034692;0,08608505670337645;0,030509771216945526
Contratos;Contrato de Mandato;;Adão;2026-02-10 09:05:00;2026-04-23 09:00:59.999999999;2026-04-24 09:00:59.999999999;3,0;;8,0;2026-04-24 09:00:59.999999999;;AHP_APRENDIZAGEM_ESPECIALIZACAO_WORKLOAD;;;;;PENDENTE;True;0,9379549926902401;1,0;1,0;0,6027385729115121;0,6586441863669917;0,1851740071976712;0,09413679912557711
Societário;Gestão de earn-outs, ajustes de preço e garantias;;Abraão;2026-02-10 09:06:00;2026-06-04 13:00:00.000000000;2026-06-04 15:00:00.000000000;1,0;;2,0;2026-06-04 15:00:00.000000000;;AHP_APRENDIZAGEM_ESPECIALIZACAO_WORKLOAD;;;;;PENDENTE;True;0,7563527023003436;0,972123897935247;0,4648873673262447;0,19198069530532658;0,6402837538034692;0,08608505670337645;0,029983891793497947
Governança;Política de PLDFTP e Fraudes;;Esaú;2026-02-10 09:07:00;2026-06-24 15:02:00.000000000;2026-06-25 15:02:00.000000000;3,0;;8,0;2026-06-25 15:02:00.000000000;;AHP_APRENDIZAGEM_ESPECIALIZACAO_WORKLOAD;;;;;PENDENTE;True;0,8438181935646629;1,0;1,0;0,0;0,6586441863669917;0,1851740071976712;0,0
Contratos;Contratos Financeiros ou Bancários;;Adão;2026-02-10 09:08:00;2026-04-24 09:00:59.999999999;2026-04-27 09:00:59.999999999;3,0;;8,0;2026-04-27 09:00:59.999999999;;AHP_APRENDIZAGEM_ESPECIALIZACAO_WORKLOAD;;;;;PENDENTE;True;0,9367039706912839;1,0;1,0;0,5947285362272834;0,6586441863669917;0,1851740071976712;0,09288577712662095
Governança;Avaliação periódica da efetividade da governança;;Esaú;2026-02-10 09:09:00;2026-06-25 15:02:00.000000000;2026-06-26 15:02:00.000000000;3,0;;8,0;2026-06-26 15:02:00.000000000;;AHP_APRENDIZAGEM_ESPECIALIZACAO_WORKLOAD;;;;;PENDENTE;True;0,8438181935646629;1,0;1,0;0,0;0,6586441863669917;0,1851740071976712;0,0
Direito digital;Adequação de contratos a regras internacionais de privacidade;;Abraão;2026-02-10 09:10:00;2026-06-04 15:00:00.000000000;2026-06-05 15:00:00.000000000;3,0;;8,0;2026-06-05 15:00:00.000000000;;AHP_APRENDIZAGEM_ESPECIALIZACAO_WORKLOAD;;;;;PENDENTE;True;0,8766001995493675;1,0;1,0;0,20989644525770754;0,6586441863669917;0,1851740071976712;0,03278200598470461
Societário;Consolidação das versões finais dos documentos;;Abraão;2026-02-10 09:11:00;2026-06-05 15:00:00.000000000;2026-06-05 17:00:00.000000000;1,0;;2,0;2026-06-05 17:00:00.000000000;;AHP_APRENDIZAGEM_ESPECIALIZACAO_WORKLOAD;;;;;PENDENTE;True;0,757102474539885;0,972123897935247;0,4648873673262447;0,19678133282293558;0,6402837538034692;0,08608505670337645;0,030733664033039374
Societário;Suporte jurídico às negociações comerciais;;Abraão;2026-02-10 09:12:00;2026-06-08 09:00:00.000000000;2026-06-08 17:00:00.000000000;3,0;;8,0;2026-06-08 17:00:00.000000000;;AHP_APRENDIZAGEM_ESPECIALIZACAO_WORKLOAD;;;;;PENDENTE;True;0,7565903890519687;0,972123897935247;0,4648873673262447;0,19350255471424246;0,6402837538034692;0,08608505670337645;0,030221578545123043
Societário;Due diligence;;Esaú;2026-02-10 09:13:00;2026-06-26 15:02:00.000000000;2026-07-01 15:02:00.000000000;5,0;;24,0;2026-07-01 15:02:00.000000000;;AHP_APRENDIZAGEM_ESPECIALIZACAO_WORKLOAD;;;;;PENDENTE;True;0,7559635984847468;1,0;0,5255565486243851;0,0;0,6586441863669917;0,0973194121177551;0,0
Societário;Estruturação de holdings e grupos;;Abraão;2026-02-10 09:14:00;2026-06-09 09:00:00.000000000;2026-06-11 17:00:00.000000000;5,0;;24,0;2026-06-11 17:00:00.000000000;;AHP_APRENDIZAGEM_ESPECIALIZACAO_WORKLOAD;;;;;PENDENTE;True;0,7593879247672344;0,972123897935247;0,4648873673262447;0,21141460080409208;0,6402837538034692;0,08608505670337645;0,033019114260388775
Contencioso;Avaliação de riscos, êxito e impacto financeiro;;Esaú;2026-02-11 09:00:00;2026-07-01 15:02:00.000000000;2026-07-02 09:02:00.000000000;1,0;;2,0;2026-07-02 09:02:00.000000000;;AHP_APRENDIZAGEM_ESPECIALIZACAO_WORKLOAD;;;;;PENDENTE;True;0,8438181935646629;1,0;1,0;0,0;0,6586441863669917;0,1851740071976712;0,0
Contratos;Contratos imobiliários;;Adão;2026-02-11 09:01:00;2026-04-27 09:00:59.999999999;2026-04-28 09:00:59.999999999;3,0;;8,0;2026-04-28 09:00:59.999999999;;AHP_APRENDIZAGEM_ESPECIALIZACAO_WORKLOAD;;;;;PENDENTE;True;0,9381232068531551;1,0;1,0;0,603815613616536;0,6586441863669917;0,1851740071976712;0,09430501328849213
Contencioso;Padronização de teses jurídicas;;Esaú;2026-02-11 09:02:00;2026-07-02 09:02:00.000000000;2026-07-02 11:02:00.000000000;1,0;;2,0;2026-07-02 11:02:00.000000000;;AHP_APRENDIZAGEM_ESPECIALIZACAO_WORKLOAD;;;;;PENDENTE;True;0,8438181935646629;1,0;1,0;0,0;0,6586441863669917;0,1851740071976712;0,0
Contratos;Contratos de Seguros ou Previdência;;Adão;2026-02-11 09:03:00;2026-04-28 09:00:59.999999999;2026-04-29 09:00:59.999999999;3,0;;8,0;2026-04-29 09:00:59.999999999;;AHP_APRENDIZAGEM_ESPECIALIZACAO_WORKLOAD;;;;;PENDENTE;True;0,9363587393406451;1,0;1,0;0,5925180908590404;0,6586441863669917;0,1851740071976712;0,09254054577598213
Societário;Regularização societária;;Esaú;2026-02-11 09:04:00;2026-07-02 11:02:00.000000000;2026-07-03 11:02:00.000000000;3,0;;8,0;2026-07-03 11:02:00.000000000;;AHP_APRENDIZAGEM_ESPECIALIZACAO_WORKLOAD;;;;;PENDENTE;True;0,7536013104898951;1,0;0,5127994234176596;0,0;0,6586441863669917;0,09495712412290333;0,0
Concorrencial;Análise de exclusividade, não concorrência e cláusulas MFN;;Eva;2026-02-11 09:05:00;2026-03-12 13:02:59.999999999;2026-03-12 15:02:59.999999999;1,0;;2,0;2026-03-12 15:02:59.999999999;;AHP_APRENDIZAGEM_ESPECIALIZACAO_WORKLOAD;;;;;CONCLUIDA;True;1,0;1,0;1,0;1,0;0,6586441863669917;0,1851740071976712;0,1561818064353371
Regulatório;Análise regulatória de novos produtos financeiros e de investimento;;Abraão;2026-02-11 09:06:00;2026-06-12 09:00:00.000000000;2026-06-12 17:00:00.000000000;3,0;;8,0;2026-06-12 17:00:00.000000000;;AHP_APRENDIZAGEM_ESPECIALIZACAO_WORKLOAD;;;;;PENDENTE;True;0,8734142800761521;1,0;1,0;0,1894976578065295;0,6586441863669917;0,1851740071976712;0,029596086511489136
Concorrencial;M&A Concorrencial;;Eva;2026-02-11 09:07:00;2026-03-12 15:02:59.999999999;2026-03-17 15:03:00.000000000;5,0;;24,0;2026-03-17 15:03:00.000000000;;AHP_APRENDIZAGEM_ESPECIALIZACAO_WORKLOAD;;;;;CONCLUIDA;True;1,0;1,0;1,0;1,0;0,6586441863669917;0,1851740071976712;0,1561818064353371
Societário;Avaliação de impactos (societário, contratual, regulatório, concorrencial, trabalhista, tributário);;Esaú;2026-02-11 09:08:00;2026-07-03 11:02:00.000000000;2026-07-06 11:02:00.000000000;3,0;;8,0;2026-07-06 11:02:00.000000000;;AHP_APRENDIZAGEM_ESPECIALIZACAO_WORKLOAD;;;;;PENDENTE;True;0,7536013104898951;1,0;0,5127994234176596;0,0;0,6586441863669917;0,09495712412290333;0,0
Societário;Reorganizações societárias internas;;Abraão;2026-02-11 09:09:00;2026-06-15 09:00:00.000000000;2026-06-17 17:00:00.000000000;5,0;;24,0;2026-06-17 17:00:00.000000000;;AHP_APRENDIZAGEM_ESPECIALIZACAO_WORKLOAD;;;;;PENDENTE;True;0,7546293671879791;0,972123897935247;0,4536028987613891;0,19432575174464747;0,6402837538034692;0,08399546644012598;0,030350146944383902
Societário;Estruturação de veículos societários (SPVs);;Esaú;2026-02-11 09:10:00;2026-07-06 11:02:00.000000000;2026-07-09 11:01:59.999999999;5,0;;24,0;2026-07-09 11:01:59.999999999;;AHP_APRENDIZAGEM_ESPECIALIZACAO_WORKLOAD;;;;;PENDENTE;True;0,7536013104898951;1,0;0,5127994234176596;0,0;0,6586441863669917;0,09495712412290333;0,0
Governança;Estruturação de framework de riscos;;Esaú;2026-02-11 09:11:00;2026-07-09 11:01:59.999999999;2026-07-14 11:01:59.999999999;5,0;;24,0;2026-07-14 11:01:59.999999999;;AHP_APRENDIZAGEM_ESPECIALIZACAO_WORKLOAD;;;;;PENDENTE;True;0,8438181935646629;1,0;1,0;0,0;0,6586441863669917;0,1851740071976712;0,0
Societário;Gestão de earn-outs, ajustes de preço e garantias;;Abraão;2026-02-11 09:12:00;2026-06-18 09:00:00.000000000;2026-06-18 11:00:00.000000000;1,0;;2,0;2026-06-18 11:00:00.000000000;;AHP_APRENDIZAGEM_ESPECIALIZACAO_WORKLOAD;;;;;PENDENTE;True;0,7580193269519555;0,972123897935247;0,4536028987613891;0,21603096723259782;0,6402837538034692;0,08399546644012598;0,033740106708360244
Contratos;Contrato de Licença de Uso de Marca;;Adão;2026-02-11 09:13:00;2026-04-29 09:00:59.999999999;2026-04-30 09:00:59.999999999;3,0;;8,0;2026-04-30 09:00:59.999999999;;AHP_APRENDIZAGEM_ESPECIALIZACAO_WORKLOAD;;;;;PENDENTE;True;0,9440950845477168;1,0;1,0;0,6420523188440059;0,6586441863669917;0,1851740071976712;0,10027689098305388
Contratos;Contratos imobiliários;;Adão;2026-02-11 09:14:00;2026-04-30 09:00:59.999999999;2026-05-01 09:00:59.999999999;3,0;;8,0;2026-05-01 09:00:59.999999999;;AHP_APRENDIZAGEM_ESPECIALIZACAO_WORKLOAD;;;;;PENDENTE;True;0,9422467335753311;1,0;1,0;0,6302177075370162;0,6586441863669917;0,1851740071976712;0,09842854001066816
Societário;Avaliação de impactos (societário, contratual, regulatório, concorrencial, trabalhista, tributário);;Abraão;2026-02-12 09:00:00;2026-06-18 11:00:00.000000000;2026-06-19 11:00:00.000000000;3,0;;8,0;2026-06-19 11:00:00.000000000;;AHP_APRENDIZAGEM_ESPECIALIZACAO_WORKLOAD;;;;;PENDENTE;True;0,7575572392088591;0,972123897935247;0,4536028987613891;0,2130723144058504;0,6402837538034692;0,08399546644012598;0,03327801896526381
Direito financeiro;Apoio jurídico à governança financeira corporativa;;Eva;2026-02-12 09:01:00;2026-03-17 15:03:00.000000000;2026-03-18 15:03:00.000000000;3,0;;8,0;2026-03-18 15:03:00.000000000;;AHP_APRENDIZAGEM_ESPECIALIZACAO_WORKLOAD;;;;;CONCLUIDA;True;1,0;1,0;1,0;1,0;0,6586441863669917;0,1851740071976712;0,1561818064353371
Societário;Reorganizações societárias internas;;Abraão;2026-02-12 09:02:00;2026-06-19 11:00:00.000000000;2026-06-24 11:00:00.000000000;5,0;;24,0;2026-06-24 11:00:00.000000000;;AHP_APRENDIZAGEM_ESPECIALIZACAO_WORKLOAD;;;;;PENDENTE;True;0,756085300837501;0,972123897935247;0,4536028987613891;0,20364779560335142;0,6402837538034692;0,08399546644012598;0,031806080593905724
Contratos;Contratos imobiliários;;Adão;2026-02-12 09:03:00;2026-05-01 09:00:59.999999999;2026-05-04 09:00:59.999999999;3,0;;8,0;2026-05-04 09:00:59.999999999;;AHP_APRENDIZAGEM_ESPECIALIZACAO_WORKLOAD;;;;;PENDENTE;True;0,9415550604326914;1,0;1,0;0,6257890665933222;0,6586441863669917;0,1851740071976712;0,09773686686802853
Societário;Avaliação de impactos (societário, contratual, regulatório, concorrencial, trabalhista, tributário);;Esaú;2026-02-12 09:04:00;2026-07-14 11:01:59.999999999;2026-07-15 11:02:00.000000000;3,0;;8,0;2026-07-15 11:02:00.000000000;;AHP_APRENDIZAGEM_ESPECIALIZACAO_WORKLOAD;;;;;PENDENTE;True;0,7536013104898951;1,0;0,5127994234176596;0,0;0,6586441863669917;0,09495712412290333;0,0
Regulatório;Interface direta com equipes técnicas dos reguladores;;Abraão;2026-02-12 09:05:00;2026-06-24 11:00:00.000000000;2026-06-25 11:00:00.000000000;3,0;;8,0;2026-06-25 11:00:00.000000000;;AHP_APRENDIZAGEM_ESPECIALIZACAO_WORKLOAD;;;;;PENDENTE;True;0,8715511596127695;1,0;1,0;0,17756848048488114;0,6586441863669917;0,1851740071976712;0,02773296604810664
Contratos;Contratos imobiliários;;Adão;2026-02-12 09:06:00;2026-05-04 09:00:59.999999999;2026-05-05 09:00:59.999999999;3,0;;8,0;2026-05-05 09:00:59.999999999;;AHP_APRENDIZAGEM_ESPECIALIZACAO_WORKLOAD;;;;;PENDENTE;True;0,9403983826029454;1,0;1,0;0,6183830962300265;0,6586441863669917;0,1851740071976712;0,09658018903828244
Contratos;Contrato de Distribuição;;Adão;2026-02-12 09:07:00;2026-05-05 09:00:59.999999999;2026-05-06 09:00:59.999999999;3,0;;8,0;2026-05-06 09:00:59.999999999;;AHP_APRENDIZAGEM_ESPECIALIZACAO_WORKLOAD;;;;;PENDENTE;True;0,9385500316305596;1,0;1,0;0,6065484849230367;0,6586441863669917;0,1851740071976712;0,0947318380658967
Societário;Estruturação jurídica de carve-outs, spin-offs e alienação de ativos;;Esaú;2026-02-12 09:08:00;2026-07-15 11:02:00.000000000;2026-07-20 11:01:59.999999999;5,0;;24,0;2026-07-20 11:01:59.999999999;;AHP_APRENDIZAGEM_ESPECIALIZACAO_WORKLOAD;;;;;PENDENTE;True;0,7536013104898951;1,0;0,5127994234176596;0,0;0,6586441863669917;0,09495712412290333;0,0
Societário;Integração societária;;Abraão;2026-02-12 09:09:00;2026-06-25 11:00:00.000000000;2026-06-25 13:00:00.000000000;1,0;;2,0;2026-06-25 13:00:00.000000000;;AHP_APRENDIZAGEM_ESPECIALIZACAO_WORKLOAD;;;;;PENDENTE;True;0,7546312739620915;0,972123897935247;0,4536028987613891;0,19433796042730953;0,6402837538034692;0,08399546644012598;0,03035205371849626
Contratos;Letter of Intent;;Adão;2026-02-12 09:10:00;2026-05-06 09:00:59.999999999;2026-05-06 11:00:59.999999999;1,0;;2,0;2026-05-06 11:00:59.999999999;;AHP_APRENDIZAGEM_ESPECIALIZACAO_WORKLOAD;;;;;PENDENTE;True;0,9388719604232223;1,0;1,0;0,6086097288029114;0,6586441863669917;0,1851740071976712;0,09505376685855932
Regulatório;Apoio a ofertas públicas e privadas sob a ótica regulatória;;Abraão;2026-02-12 09:11:00;2026-06-25 13:00:00.000000000;2026-06-26 13:00:00.000000000;3,0;;8,0;2026-06-26 13:00:00.000000000;;AHP_APRENDIZAGEM_ESPECIALIZACAO_WORKLOAD;;;;;PENDENTE;True;0,873724002925621;1,0;1,0;0,19148074954133507;0,6586441863669917;0,1851740071976712;0,029905809360958057
Regulatório;Registro de companhias abertas, emissores e participantes de mercado na CVM;;Abraão;2026-02-12 09:12:00;2026-06-26 13:00:00.000000000;2026-06-26 15:00:00.000000000;1,0;;2,0;2026-06-26 15:00:00.000000000;;AHP_APRENDIZAGEM_ESPECIALIZACAO_WORKLOAD;;;;;PENDENTE;True;0,8719390254954681;1,0;1,0;0,1800519059974365;0,6586441863669917;0,1851740071976712;0,02812083193080514
Regulatório;Análise de impactos regulatórios em operações, produtos e modelos de negócio;;Abraão;2026-02-12 09:13:00;2026-06-26 15:00:00.000000000;2026-06-29 15:00:00.000000000;3,0;;8,0;2026-06-29 15:00:00.000000000;;AHP_APRENDIZAGEM_ESPECIALIZACAO_WORKLOAD;;;;;PENDENTE;True;0,8714927811379298;1,0;1,0;0,17719469511146188;0,6586441863669917;0,1851740071976712;0,027674587573266914
Societário;Regularização societária;;Esaú;2026-02-12 09:14:00;2026-07-20 11:01:59.999999999;2026-07-21 11:02:00.000000000;3,0;;8,0;2026-07-21 11:02:00.000000000;;AHP_APRENDIZAGEM_ESPECIALIZACAO_WORKLOAD;;;;;PENDENTE;True;0,7536013104898951;1,0;0,5127994234176596;0,0;0,6586441863669917;0,09495712412290333;0,0
Contratos;Letter of Intent;;Adão;2026-02-13 09:00:00;2026-05-06 11:00:59.999999999;2026-05-06 13:00:59.999999999;1,0;;2,0;2026-05-06 13:00:59.999999999;;AHP_APRENDIZAGEM_ESPECIALIZACAO_WORKLOAD;;;;;PENDENTE;True;0,939121487065201;1,0;1,0;0,6102073965958122;0,6586441863669917;0,1851740071976712;0,09530329350053814
Societário;SPA / SHA e documentos correlatos;;Esaú;2026-02-13 09:01:00;2026-07-21 11:02:00.000000000;2026-07-21 13:02:00.000000000;1,0;;2,0;2026-07-21 13:02:00.000000000;;AHP_APRENDIZAGEM_ESPECIALIZACAO_WORKLOAD;;;;;PENDENTE;True;0,7536013104898951;1,0;0,5127994234176596;0,0;0,6586441863669917;0,09495712412290333;0,0
Contratos;Contrato de compra e venda;;Adão;2026-02-13 09:02:00;2026-05-06 13:00:59.999999999;2026-05-07 13:01:00.000000000;3,0;;8,0;2026-05-07 13:01:00.000000000;;AHP_APRENDIZAGEM_ESPECIALIZACAO_WORKLOAD;;;;;PENDENTE;True;0,9388530207814838;1,0;1,0;0,6084884621703203;0,6586441863669917;0,1851740071976712;0,09503482721682091
Regulatório;Apoio a ofertas públicas e privadas sob a ótica regulatória;;Abraão;2026-02-13 09:03:00;2026-06-29 15:00:00.000000000;2026-06-30 15:00:00.000000000;3,0;;8,0;2026-06-30 15:00:00.000000000;;AHP_APRENDIZAGEM_ESPECIALIZACAO_WORKLOAD;;;;;PENDENTE;True;0,871542948142514;1,0;1,0;0,177515904128883;0,6586441863669917;0,1851740071976712;0,027724754577851063
Contratos;Contrato de Cessão de Crédito;;Adão;2026-02-13 09:04:00;2026-05-07 13:01:00.000000000;2026-05-08 13:01:00.000000000;3,0;;8,0;2026-05-08 13:01:00.000000000;;AHP_APRENDIZAGEM_ESPECIALIZACAO_WORKLOAD;;;;;PENDENTE;True;0,9370931844686833;1,0;1,0;0,5972205920325192;0,6586441863669917;0,1851740071976712;0,09327499090402035
Contratos;Contrato de prestação de serviços;;Adão;2026-02-13 09:05:00;2026-05-08 13:01:00.000000000;2026-05-11 13:01:00.000000000;3,0;;8,0;2026-05-11 13:01:00.000000000;;AHP_APRENDIZAGEM_ESPECIALIZACAO_WORKLOAD;;;;;PENDENTE;True;0,9353333481558828;1,0;1,0;0,5859527218947181;0,6586441863669917;0,1851740071976712;0,09151515459121978
Contratos;Contrato de Escrow de Código-Fonte;;Adão;2026-02-13 09:06:00;2026-05-11 13:01:00.000000000;2026-05-12 13:01:00.000000000;3,0;;8,0;2026-05-12 13:01:00.000000000;;AHP_APRENDIZAGEM_ESPECIALIZACAO_WORKLOAD;;;;;PENDENTE;True;0,9335735118430821;1,0;1,0;0,5746848517569172;0,6586441863669917;0,1851740071976712;0,08975531827841925
Direito financeiro;Estruturação jurídica de debêntures, CRI, CRA, notas comerciais;;Eva;2026-02-13 09:07:00;2026-03-18 15:03:00.000000000;2026-03-23 15:03:00.000000000;5,0;;24,0;2026-03-23 15:03:00.000000000;;AHP_APRENDIZAGEM_ESPECIALIZACAO_WORKLOAD;;;;;CONCLUIDA;True;1,0;1,0;1,0;1,0;0,6586441863669917;0,1851740071976712;0,1561818064353371
Societário;Integração societária;;Esaú;2026-02-13 09:08:00;2026-07-21 13:02:00.000000000;2026-07-21 15:02:00.000000000;1,0;;2,0;2026-07-21 15:02:00.000000000;;AHP_APRENDIZAGEM_ESPECIALIZACAO_WORKLOAD;;;;;PENDENTE;True;0,7723183195513119;0,9807696933012588;0,6822775226689008;0,0;0,6459782566578116;0,1263400628935003;0,0
Direito digital;Mapeamento de dados pessoais (data mapping / data inventory);;Abraão;2026-02-13 09:09:00;2026-06-30 15:00:00.000000000;2026-07-01 11:00:00.000000000;2,0;;4,0;2026-07-01 11:00:00.000000000;;AHP_APRENDIZAGEM_ESPECIALIZACAO_WORKLOAD;;;;;PENDENTE;True;0,8710674333705;1,0;1,0;0,17447128079619761;0,6586441863669917;0,1851740071976712;0,027249239805837083
Contratos;Contrato de Hosting;;Adão;2026-02-13 09:10:00;2026-05-12 13:01:00.000000000;2026-05-13 13:01:00.000000000;3,0;;8,0;2026-05-13 13:01:00.000000000;;AHP_APRENDIZAGEM_ESPECIALIZACAO_WORKLOAD;;;;;PENDENTE;True;0,9350815805901647;1,0;1,0;0,5843407059277859;0,6586441863669917;0,1851740071976712;0,0912633870255017
Societário;Análise jurídica preliminar e de estrutura da operação;;Esaú;2026-02-13 09:11:00;2026-07-21 15:02:00.000000000;2026-07-24 15:02:00.000000000;5,0;;24,0;2026-07-24 15:02:00.000000000;;AHP_APRENDIZAGEM_ESPECIALIZACAO_WORKLOAD;;;;;PENDENTE;True;0,7723183195513119;0,9807696933012588;0,6822775226689008;0,0;0,6459782566578116;0,1263400628935003;0,0
Contratos;Contrato de Transferência de Tecnologia;;Adão;2026-02-13 09:12:00;2026-05-13 13:01:00.000000000;2026-05-14 13:01:00.000000000;3,0;;8,0;2026-05-14 13:01:00.000000000;;AHP_APRENDIZAGEM_ESPECIALIZACAO_WORKLOAD;;;;;PENDENTE;True;0,9355150003064784;1,0;1,0;0,5871158032723874;0,6586441863669917;0,1851740071976712;0,09169680674181548
Regulatório;Análise regulatória de modelos inovadores (open finance, cripto, tokenização);;Abraão;2026-02-13 09:13:00;2026-07-01 11:00:00.000000000;2026-07-02 11:00:00.000000000;3,0;;8,0;2026-07-02 11:00:00.000000000;;AHP_APRENDIZAGEM_ESPECIALIZACAO_WORKLOAD;;;;;PENDENTE;True;0,8745361302595203;1,0;1,0;0,19668063390965643;0,6586441863669917;0,1851740071976712;0,03071793669485736
Societário;Due diligence societária;;Esaú;2026-02-13 09:14:00;2026-07-24 15:02:00.000000000;2026-07-29 15:02:00.000000000;5,0;;24,0;2026-07-29 15:02:00.000000000;;AHP_APRENDIZAGEM_ESPECIALIZACAO_WORKLOAD;;;;;PENDENTE;True;0,7723183195513119;0,9807696933012588;0,6822775226689008;0,0;0,6459782566578116;0,1263400628935003;0,0
Societário;Análise jurídica preliminar e de estrutura da operação;;Abraão;2026-02-16 09:00:00;2026-07-02 11:00:00.000000000;2026-07-07 11:00:00.000000000;5,0;;24,0;2026-07-07 11:00:00.000000000;;AHP_APRENDIZAGEM_ESPECIALIZACAO_WORKLOAD;;;;;PENDENTE;True;0,7682534307578;1,0;0,4131123467972211;0,21200661246828206;0,6586441863669917;0,07649766867927545;0,033111575711532754
Societário;Aprovações regulatórias e concorrenciais;;Abraão;2026-02-16 09:01:00;2026-07-07 11:00:00.000000000;2026-07-08 11:00:00.000000000;3,0;;8,0;2026-07-08 11:00:00.000000000;;AHP_APRENDIZAGEM_ESPECIALIZACAO_WORKLOAD;;;;;PENDENTE;True;0,7631604304347182;1,0;0,4131123467972211;0,17939717837782385;0,6586441863669917;0,07649766867927545;0,028018575388450928
Societário;Suporte jurídico às negociações comerciais;;Abraão;2026-02-16 09:02:00;2026-07-08 11:00:00.000000000;2026-07-09 11:00:00.000000000;3,0;;8,0;2026-07-09 11:00:00.000000000;;AHP_APRENDIZAGEM_ESPECIALIZACAO_WORKLOAD;;;;;PENDENTE;True;0,7614627636603575;1,0;0,4131123467972211;0,16852736701433765;0,6586441863669917;0,07649766867927545;0,0263209086140903
Concorrencial;Revisão concorrencial de documentos;;Eva;2026-02-16 09:03:00;2026-03-23 15:03:00.000000000;2026-03-24 15:03:00.000000000;3,0;;8,0;2026-03-24 15:03:00.000000000;;AHP_APRENDIZAGEM_ESPECIALIZACAO_WORKLOAD;;;;;CONCLUIDA;True;1,0;1,0;1,0;1,0;0,6586441863669917;0,1851740071976712;0,1561818064353371
Direito financeiro;Apoio jurídico a emissões de valores mobiliários;;Eva;2026-02-16 09:04:00;2026-03-24 15:03:00.000000000;2026-03-25 09:03:00.000000000;1,0;;2,0;2026-03-25 09:03:00.000000000;;AHP_APRENDIZAGEM_ESPECIALIZACAO_WORKLOAD;;;;;CONCLUIDA;True;1,0;1,0;1,0;1,0;0,6586441863669917;0,1851740071976712;0,1561818064353371
Societário;Integração societária;;Abraão;2026-02-16 09:05:00;2026-07-09 11:00:00.000000000;2026-07-09 13:00:00.000000000;1,0;;2,0;2026-07-09 13:00:00.000000000;;AHP_APRENDIZAGEM_ESPECIALIZACAO_WORKLOAD;;;;;PENDENTE;True;0,7601042677830295;1,0;0,4131123467972211;0,15982919718051375;0,6586441863669917;0,07649766867927545;0,024962412736762325
Societário;Atos perante Junta Comercial;;Abraão;2026-02-16 09:06:00;2026-07-09 13:00:00.000000000;2026-07-09 15:00:00.000000000;1,0;;2,0;2026-07-09 15:00:00.000000000;;AHP_APRENDIZAGEM_ESPECIALIZACAO_WORKLOAD;;;;;PENDENTE;True;0,7596740049952647;1,0;0,4131123467972211;0,1570743130004351;0,6586441863669917;0,07649766867927545;0,02453214994899751
Societário;Regularização societária;;Abraão;2026-02-16 09:07:00;2026-07-09 15:00:00.000000000;2026-07-10 15:00:00.000000000;3,0;;8,0;2026-07-10 15:00:00.000000000;;AHP_APRENDIZAGEM_ESPECIALIZACAO_WORKLOAD;;;;;PENDENTE;True;0,7592437422074999;1,0;0,4131123467972211;0,15431942882035646;0,6586441863669917;0,07649766867927545;0,024101887161232696
Societário;Análise jurídica preliminar e de estrutura da operação;;Esaú;2026-02-16 09:08:00;2026-07-29 15:02:00.000000000;2026-08-03 15:02:00.000000000;5,0;;24,0;2026-08-03 15:02:00.000000000;;AHP_APRENDIZAGEM_ESPECIALIZACAO_WORKLOAD;;;;;PENDENTE;True;0,7580164531931158;0,9765442990998346;0,6200720587021191;0,0;0,6431952253319349;0,114821227861181;0,0
Societário;Suporte jurídico às negociações comerciais;;Abraão;2026-02-16 09:09:00;2026-07-10 15:00:00.000000000;2026-07-13 15:00:00.000000000;3,0;;8,0;2026-07-13 15:00:00.000000000;;AHP_APRENDIZAGEM_ESPECIALIZACAO_WORKLOAD;;;;;PENDENTE;True;0,7618044172595186;1,0;0,4131123467972211;0,17071490477535453;0,6586441863669917;0,07649766867927545;0,026662562213251428
Regulatório;Interface com escritórios externos especializados;;Abraão;2026-02-16 09:10:00;2026-07-13 15:00:00.000000000;2026-07-13 17:00:00.000000000;1,0;;2,0;2026-07-13 17:00:00.000000000;;AHP_APRENDIZAGEM_ESPECIALIZACAO_WORKLOAD;;;;;PENDENTE;True;0,8688147794875748;1,0;1,0;0,1600480010663793;0,6586441863669917;0,1851740071976712;0,024996585922911877
Societário;Estruturação de veículos societários (SPVs);;Abraão;2026-02-16 09:11:00;2026-07-14 09:00:00.000000000;2026-07-16 17:00:00.000000000;5,0;;24,0;2026-07-16 17:00:00.000000000;;AHP_APRENDIZAGEM_ESPECIALIZACAO_WORKLOAD;;;;;PENDENTE;True;0,7597219468965942;1,0;0,4131123467972211;0,1573812751391356;0,6586441863669917;0,07649766867927545;0,02458009185032701
Societário;Due diligence societária;;Esaú;2026-02-16 09:12:00;2026-08-03 15:02:00.000000000;2026-08-06 15:02:00.000000000;5,0;;24,0;2026-08-06 15:02:00.000000000;;AHP_APRENDIZAGEM_ESPECIALIZACAO_WORKLOAD;;;;;PENDENTE;True;0,7580164531931158;0,9765442990998346;0,6200720587021191;0,0;0,6431952253319349;0,114821227861181;0,0
Concorrencial;Gestão de canal de dúvidas;;Eva;2026-02-16 09:13:00;2026-03-25 09:03:00.000000000;2026-03-25 11:03:00.000000000;1,0;;2,0;2026-03-25 11:03:00.000000000;;AHP_APRENDIZAGEM_ESPECIALIZACAO_WORKLOAD;;;;;CONCLUIDA;True;1,0;1,0;1,0;1,0;0,6586441863669917;0,1851740071976712;0,1561818064353371
Concorrencial;Gestão de canal de dúvidas;;Eva;2026-02-16 09:14:00;2026-03-25 11:03:00.000000000;2026-03-25 13:03:00.000000000;1,0;;2,0;2026-03-25 13:03:00.000000000;;AHP_APRENDIZAGEM_ESPECIALIZACAO_WORKLOAD;;;;;CONCLUIDA;True;1,0;1,0;1,0;1,0;0,6586441863669917;0,1851740071976712;0,1561818064353371
Contratos;Contrato de Representação Comercial;;Eva;2026-02-17 09:00:00;2026-03-25 13:03:00.000000000;2026-03-26 13:03:00.000000000;3,0;;8,0;2026-03-26 13:03:00.000000000;;AHP_APRENDIZAGEM_ESPECIALIZACAO_WORKLOAD;;;;;CONCLUIDA;True;0,8212707333903976;1,0;0,03480369996631941;1,0;0,6586441863669917;0,0064447405880688185;0,1561818064353371
Societário;Gestão de Advisors e Governança da Operação;;Abraão;2026-02-17 09:01:00;2026-07-17 09:00:00.000000000;2026-07-17 17:00:00.000000000;3,0;;8,0;2026-07-17 17:00:00.000000000;;AHP_APRENDIZAGEM_ESPECIALIZACAO_WORKLOAD;;;;;PENDENTE;True;0,758031486173289;1,0;0,40607375528151;0,1549027756509529;0,6586441863669917;0,07519430448328371;0,024192995323013576
Contratos;MoU;;Eva;2026-02-17 09:02:00;2026-03-26 13:03:00.000000000;2026-03-26 15:03:00.000000000;1,0;;2,0;2026-03-26 15:03:00.000000000;;AHP_APRENDIZAGEM_ESPECIALIZACAO_WORKLOAD;;;;;CONCLUIDA;True;0,8212707333903976;1,0;0,03480369996631941;1,0;0,6586441863669917;0,0064447405880688185;0,1561818064353371
Regulatório;Elaboração de defesas, manifestações e recursos;;Abraão;2026-02-17 09:03:00;2026-07-20 09:00:00.000000000;2026-07-21 17:00:00.000000000;4,0;;16,0;2026-07-21 17:00:00.000000000;;AHP_APRENDIZAGEM_ESPECIALIZACAO_WORKLOAD;;;;;PENDENTE;True;0,8664308009921036;1,0;1,0;0,14478387683909166;0,6586441863669917;0,1851740071976712;0,0226126074274407
Societário;Atos perante Junta Comercial;;Esaú;2026-02-17 09:04:00;2026-08-06 15:02:00.000000000;2026-08-07 09:02:00.000000000;1,0;;2,0;2026-08-07 09:02:00.000000000;;AHP_APRENDIZAGEM_ESPECIALIZACAO_WORKLOAD;;;;;PENDENTE;True;0,7567873743737211;0,9776484470578625;0,6095072959557456;0,0;0,6439224659653788;0,11286490840834233;0,0
Societário;Atas de Reunião e Assembleia;;Esaú;2026-02-17 09:05:00;2026-08-07 09:02:00.000000000;2026-08-07 13:02:00.000000000;2,0;;4,0;2026-08-07 13:02:00.000000000;;AHP_APRENDIZAGEM_ESPECIALIZACAO_WORKLOAD;;;;;PENDENTE;True;0,7567873743737211;0,9776484470578625;0,6095072959557456;0,0;0,6439224659653788;0,11286490840834233;0,0
Contratos;Contrato de Mútuo, Doação ou Comodato;;Eva;2026-02-17 09:06:00;2026-03-26 15:03:00.000000000;2026-03-27 15:03:00.000000000;3,0;;8,0;2026-03-27 15:03:00.000000000;;AHP_APRENDIZAGEM_ESPECIALIZACAO_WORKLOAD;;;;;CONCLUIDA;True;0,8212707333903976;1,0;0,03480369996631941;1,0;0,6586441863669917;0,0064447405880688185;0,1561818064353371
Regulatório;Análise de requisitos prudenciais e de liquidez;;Abraão;2026-02-17 09:07:00;2026-07-22 09:00:00.000000000;2026-07-22 11:00:00.000000000;1,0;;2,0;2026-07-22 11:00:00.000000000;;AHP_APRENDIZAGEM_ESPECIALIZACAO_WORKLOAD;;;;;PENDENTE;True;0,8644299748752158;1,0;1,0;0,1319729985264745;0,6586441863669917;0,1851740071976712;0,02061178131055287
Societário;Gestão de passivos;;Esaú;2026-02-17 09:08:00;2026-08-07 13:02:00.000000000;2026-08-07 15:02:00.000000000;1,0;;2,0;2026-08-07 15:02:00.000000000;;AHP_APRENDIZAGEM_ESPECIALIZACAO_WORKLOAD;;;;;PENDENTE;True;0,7567873743737211;0,9776484470578625;0,6095072959557456;0,0;0,6439224659653788;0,11286490840834233;0,0
Governança;Treinamentos corporativos;;Esaú;2026-02-17 09:09:00;2026-08-07 15:02:00.000000000;2026-08-10 09:02:00.000000000;1,0;;2,0;2026-08-10 09:02:00.000000000;;AHP_APRENDIZAGEM_ESPECIALIZACAO_WORKLOAD;;;;;PENDENTE;True;0,8438181935646629;1,0;1,0;0,0;0,6586441863669917;0,1851740071976712;0,0
Societário;Closing da operação;;Esaú;2026-02-17 09:10:00;2026-08-10 09:02:00.000000000;2026-08-10 11:02:00.000000000;1,0;;2,0;2026-08-10 11:02:00.000000000;;AHP_APRENDIZAGEM_ESPECIALIZACAO_WORKLOAD;;;;;PENDENTE;True;0,7567873743737211;0,9776484470578625;0,6095072959557456;0,0;0,6439224659653788;0,11286490840834233;0,0
Societário;Atualização de Contrato Social / Estatuto;;Esaú;2026-02-17 09:11:00;2026-08-10 11:02:00.000000000;2026-08-11 11:02:00.000000000;3,0;;8,0;2026-08-11 11:02:00.000000000;;AHP_APRENDIZAGEM_ESPECIALIZACAO_WORKLOAD;;;;;PENDENTE;True;0,7567873743737211;0,9776484470578625;0,6095072959557456;0,0;0,6439224659653788;0,11286490840834233;0,0
Regulatório;Interface com áreas de risco, tesouraria e controles internos;;Abraão;2026-02-17 09:12:00;2026-07-22 11:00:00.000000000;2026-07-22 13:00:00.000000000;1,0;;2,0;2026-07-22 13:00:00.000000000;;AHP_APRENDIZAGEM_ESPECIALIZACAO_WORKLOAD;;;;;PENDENTE;True;0,8664839269107221;1,0;1,0;0,14512403117480416;0,6586441863669917;0,1851740071976712;0,02266573334605909
Societário;Atualização de Contrato Social / Estatuto;;Esaú;2026-02-17 09:13:00;2026-08-11 11:02:00.000000000;2026-08-12 11:02:00.000000000;3,0;;8,0;2026-08-12 11:02:00.000000000;;AHP_APRENDIZAGEM_ESPECIALIZACAO_WORKLOAD;;;;;PENDENTE;True;0,7567873743737211;0,9776484470578625;0,6095072959557456;0,0;0,6439224659653788;0,11286490840834233;0,0
Societário;Gestão de conflitos societários;;Abraão;2026-02-17 09:14:00;2026-07-22 13:00:00.000000000;2026-07-22 15:00:00.000000000;1,0;;2,0;2026-07-22 15:00:00.000000000;;AHP_APRENDIZAGEM_ESPECIALIZACAO_WORKLOAD;;;;;PENDENTE;True;0,7574731743514794;1,0;0,40607375528151;0,15132801982918132;0,6586441863669917;0,07519430448328371;0,02363468350120405
Societário;Estruturação de veículos societários (SPVs);;Abraão;2026-02-18 09:00:00;2026-07-22 15:00:00.000000000;2026-07-27 15:00:00.000000000;5,0;;24,0;2026-07-27 15:00:00.000000000;;AHP_APRENDIZAGEM_ESPECIALIZACAO_WORKLOAD;;;;;PENDENTE;True;0,7570726996239717;1,0;0,40607375528151;0,1487638624753378;0,6586441863669917;0,07519430448328371;0,023234208773696318
Societário;Regularização societária;;Esaú;2026-02-18 09:01:00;2026-08-12 11:02:00.000000000;2026-08-13 11:02:00.000000000;3,0;;8,0;2026-08-13 11:02:00.000000000;;AHP_APRENDIZAGEM_ESPECIALIZACAO_WORKLOAD;;;;;PENDENTE;True;0,7567873743737211;0,9776484470578625;0,6095072959557456;0,0;0,6439224659653788;0,11286490840834233;0,0
Contratos;Contrato de Licença de Uso de Marca;;Eva;2026-02-18 09:02:00;2026-03-27 15:03:00.000000000;2026-03-30 15:03:00.000000000;3,0;;8,0;2026-03-30 15:03:00.000000000;;AHP_APRENDIZAGEM_ESPECIALIZACAO_WORKLOAD;;;;;CONCLUIDA;True;0,8212707333903976;1,0;0,03480369996631941;1,0;0,6586441863669917;0,0064447405880688185;0,1561818064353371
Contratos;Contratos imobiliários;;Eva;2026-02-18 09:03:00;2026-03-30 15:03:00.000000000;2026-03-31 15:03:00.000000000;3,0;;8,0;2026-03-31 15:03:00.000000000;;AHP_APRENDIZAGEM_ESPECIALIZACAO_WORKLOAD;;;;;CONCLUIDA;True;0,8212707333903976;1,0;0,03480369996631941;1,0;0,6586441863669917;0,0064447405880688185;0,1561818064353371
Societário;Due diligence societária;;Esaú;2026-02-18 09:04:00;2026-08-13 11:02:00.000000000;2026-08-18 11:01:59.999999999;5,0;;24,0;2026-08-18 11:01:59.999999999;;AHP_APRENDIZAGEM_ESPECIALIZACAO_WORKLOAD;;;;;PENDENTE;True;0,7567873743737211;0,9776484470578625;0,6095072959557456;0,0;0,6439224659653788;0,11286490840834233;0,0
Contratos;Contrato de Desenvolvimento de Software;;Eva;2026-02-18 09:05:00;2026-03-31 15:03:00.000000000;2026-04-01 15:03:00.000000000;3,0;;8,0;2026-04-01 15:03:00.000000000;;AHP_APRENDIZAGEM_ESPECIALIZACAO_WORKLOAD;;;;;CONCLUIDA;True;0,8212707333903976;1,0;0,03480369996631941;1,0;0,6586441863669917;0,0064447405880688185;0,1561818064353371
Tributário;Interface com escritórios externos;;Eva;2026-02-18 09:06:00;2026-04-01 15:03:00.000000000;2026-04-02 09:03:00.000000000;1,0;;2,0;2026-04-02 09:03:00.000000000;;AHP_APRENDIZAGEM_ESPECIALIZACAO_WORKLOAD;;;;;CONCLUIDA;True;1,0;1,0;1,0;1,0;0,6586441863669917;0,1851740071976712;0,1561818064353371
Societário;Suporte jurídico às negociações comerciais;;Abraão;2026-02-18 09:07:00;2026-07-27 15:00:00.000000000;2026-07-28 15:00:00.000000000;3,0;;8,0;2026-07-28 15:00:00.000000000;;AHP_APRENDIZAGEM_ESPECIALIZACAO_WORKLOAD;;;;;PENDENTE;True;0,7584850059054966;1,0;0,40607375528151;0,1578065692653223;0,6586441863669917;0,07519430448328371;0,024646515055221186
Tributário;Análise tributária de aquisições, cisões e incorporações;;Eva;2026-02-18 09:08:00;2026-04-02 09:03:00.000000000;2026-04-07 09:03:00.000000000;5,0;;24,0;2026-04-07 09:03:00.000000000;;AHP_APRENDIZAGEM_ESPECIALIZACAO_WORKLOAD;;;;;EM_EXECUCAO;True;1,0;1,0;1,0;1,0;0,6586441863669917;0,1851740071976712;0,1561818064353371
Governança;Política de Governaça Corporativa;;Esaú;2026-02-18 09:09:00;2026-08-18 11:01:59.999999999;2026-08-19 11:02:00.000000000;3,0;;8,0;2026-08-19 11:02:00.000000000;;AHP_APRENDIZAGEM_ESPECIALIZACAO_WORKLOAD;;;;;PENDENTE;True;0,8438181935646629;1,0;1,0;0,0;0,6586441863669917;0,1851740071976712;0,0
Concorrencial;Análise de exclusividade, não concorrência e cláusulas MFN;;Eva;2026-02-18 09:10:00;2026-04-07 09:03:00.000000000;2026-04-07 11:03:00.000000000;1,0;;2,0;2026-04-07 11:03:00.000000000;;AHP_APRENDIZAGEM_ESPECIALIZACAO_WORKLOAD;;;;;PENDENTE;True;1,0;1,0;1,0;1,0;0,6586441863669917;0,1851740071976712;0,1561818064353371
Societário;Closing da operação;;Abraão;2026-02-18 09:11:00;2026-07-28 15:00:00.000000000;2026-07-28 17:00:00.000000000;1,0;;2,0;2026-07-28 17:00:00.000000000;;AHP_APRENDIZAGEM_ESPECIALIZACAO_WORKLOAD;;;;;PENDENTE;True;0,7590626711382412;1,0;0,40607375528151;0,1615052409987921;0,6586441863669917;0,07519430448328371;0,025224180287965817
Concorrencial;Monitoramento regulatório e jurisprudencial;;Eva;2026-02-18 09:12:00;2026-04-07 11:03:00.000000000;2026-04-08 11:02:59.999999999;3,0;;8,0;2026-04-08 11:02:59.999999999;;AHP_APRENDIZAGEM_ESPECIALIZACAO_WORKLOAD;;;;;PENDENTE;True;1,0;1,0;1,0;1,0;0,6586441863669917;0,1851740071976712;0,1561818064353371
Contratos;Contratos Financeiros ou Bancários;;Eva;2026-02-18 09:13:00;2026-04-08 11:02:59.999999999;2026-04-09 11:02:59.999999999;3,0;;8,0;2026-04-09 11:02:59.999999999;;AHP_APRENDIZAGEM_ESPECIALIZACAO_WORKLOAD;;;;;PENDENTE;True;0,8212707333903976;1,0;0,03480369996631941;1,0;0,6586441863669917;0,0064447405880688185;0,1561818064353371
Societário;Estruturação de holdings e grupos;;Abraão;2026-02-18 09:14:00;2026-07-29 09:00:00.000000000;2026-07-31 17:00:00.000000000;5,0;;24,0;2026-07-31 17:00:00.000000000;;AHP_APRENDIZAGEM_ESPECIALIZACAO_WORKLOAD;;;;;PENDENTE;True;0,7591839813690576;1,0;0,40607375528151;0,1622819654687236;0,6586441863669917;0,07519430448328371;0,025345490518782248
Regulatório;Atuação em processos administrativos na CVM e no BCB;;Abraão;2026-02-19 09:00:00;2026-08-03 09:00:00.000000000;2026-08-03 11:00:00.000000000;1,0;;2,0;2026-08-03 11:00:00.000000000;;AHP_APRENDIZAGEM_ESPECIALIZACAO_WORKLOAD;;;;;PENDENTE;True;0,864179047871104;1,0;1,0;0,1303663645027112;0,6586441863669917;0,1851740071976712;0,02036085430644104
Regulatório;Resposta a ofícios, exigências e questionamentos da CVM e do BCB;;Abraão;2026-02-19 09:01:00;2026-08-03 11:00:00.000000000;2026-08-03 13:00:00.000000000;1,0;;2,0;2026-08-03 13:00:00.000000000;;AHP_APRENDIZAGEM_ESPECIALIZACAO_WORKLOAD;;;;;PENDENTE;True;0,8637636615200714;1,0;1,0;0,12770673108885103;0,6586441863669917;0,1851740071976712;0,01994546795540858
Societário;Gestão de earn-outs, ajustes de preço e garantias;;Abraão;2026-02-19 09:02:00;2026-08-03 13:00:00.000000000;2026-08-03 15:00:00.000000000;1,0;;2,0;2026-08-03 15:00:00.000000000;;AHP_APRENDIZAGEM_ESPECIALIZACAO_WORKLOAD;;;;;PENDENTE;True;0,7813597371555067;1,0;0,5572351689402578;0,1250470976749909;0,6586441863669917;0,10318546918413882;0,01953008160437612
Governança;Integração com outras áreas;;Eva;2026-02-19 09:03:00;2026-04-09 11:02:59.999999999;2026-04-09 13:02:59.999999999;1,0;;2,0;2026-04-09 13:02:59.999999999;;AHP_APRENDIZAGEM_ESPECIALIZACAO_WORKLOAD;;;;;PENDENTE;True;1,0;1,0;1,0;1,0;0,6586441863669917;0,1851740071976712;0,1561818064353371
Contratos;NDA;;Eva;2026-02-19 09:04:00;2026-04-09 13:02:59.999999999;2026-04-09 15:02:59.999999999;1,0;;2,0;2026-04-09 15:02:59.999999999;;AHP_APRENDIZAGEM_ESPECIALIZACAO_WORKLOAD;;;;;PENDENTE;True;0,8210026686555477;1,0;0,033356063017124064;1,0;0,6586441863669917;0,006176675853218905;0,1561818064353371
Societário;Integração societária;;Abraão;2026-02-19 09:05:00;2026-08-03 15:00:00.000000000;2026-08-03 17:00:00.000000000;1,0;;2,0;2026-08-03 17:00:00.000000000;;AHP_APRENDIZAGEM_ESPECIALIZACAO_WORKLOAD;;;;;PENDENTE;True;0,7810465707037768;1,0;0,5572351689402578;0,12304195726281661;0,6586441863669917;0,10318546918413882;0,019216915152646244
Societário;Estruturação jurídica de carve-outs, spin-offs e alienação de ativos;;Abraão;2026-02-19 09:06:00;2026-08-04 09:00:00.000000000;2026-08-06 17:00:00.000000000;5,0;;24,0;2026-08-06 17:00:00.000000000;;AHP_APRENDIZAGEM_ESPECIALIZACAO_WORKLOAD;;;;;PENDENTE;True;0,7806289629858635;1,0;0,5572351689402578;0,12036810089346907;0,6586441863669917;0,10318546918413882;0,018799307434732914
Contratos;Contrato de Transferência de Tecnologia;;Eva;2026-02-19 09:07:00;2026-04-09 15:02:59.999999999;2026-04-10 15:03:00.000000000;3,0;;8,0;2026-04-10 15:03:00.000000000;;AHP_APRENDIZAGEM_ESPECIALIZACAO_WORKLOAD;;;;;PENDENTE;True;0,8210026686555477;1,0;0,033356063017124064;1,0;0,6586441863669917;0,006176675853218905;0,1561818064353371
Contratos;Contrato de Mútuo, Doação ou Comodato;;Eva;2026-02-19 09:08:00;2026-04-10 15:03:00.000000000;2026-04-13 15:03:00.000000000;3,0;;8,0;2026-04-13 15:03:00.000000000;;AHP_APRENDIZAGEM_ESPECIALIZACAO_WORKLOAD;;;;;PENDENTE;True;0,8210026686555477;1,0;0,033356063017124064;1,0;0,6586441863669917;0,006176675853218905;0,1561818064353371
Societário;Regularização societária;;Abraão;2026-02-19 09:09:00;2026-08-07 09:00:00.000000000;2026-08-07 17:00:00.000000000;3,0;;8,0;2026-08-07 17:00:00.000000000;;AHP_APRENDIZAGEM_ESPECIALIZACAO_WORKLOAD;;;;;PENDENTE;True;0,7759190546061311;1,0;0,5572351689402578;0,09021152576330264;0,6586441863669917;0,10318546918413882;0,01408939905500056
Societário;Atos perante Junta Comercial;;Abraão;2026-02-19 09:10:00;2026-08-10 09:00:00.000000000;2026-08-10 11:00:00.000000000;1,0;;2,0;2026-08-10 11:00:00.000000000;;AHP_APRENDIZAGEM_ESPECIALIZACAO_WORKLOAD;;;;;PENDENTE;True;0,7742121107529257;1,0;0,5572351689402578;0,07928231517108063;0,6586441863669917;0,10318546918413882;0,012382455201795105
Societário;Estruturação jurídica de carve-outs, spin-offs e alienação de ativos;;Abraão;2026-02-19 09:11:00;2026-08-10 11:00:00.000000000;2026-08-13 11:00:00.000000000;5,0;;24,0;2026-08-13 11:00:00.000000000;;AHP_APRENDIZAGEM_ESPECIALIZACAO_WORKLOAD;;;;;PENDENTE;True;0,7737853747896243;1,0;0,5572351689402578;0,07655001252302472;0,6586441863669917;0,10318546918413882;0,011955719238493678
Societário;SPA / SHA e documentos correlatos;;Abraão;2026-02-19 09:12:00;2026-08-13 11:00:00.000000000;2026-08-13 13:00:00.000000000;1,0;;2,0;2026-08-13 13:00:00.000000000;;AHP_APRENDIZAGEM_ESPECIALIZACAO_WORKLOAD;;;;;PENDENTE;True;0,7686645432300077;1,0;0,5572351689402578;0,04376238074635737;0,6586441863669917;0,10318546918413882;0,0068348876788771095
Societário;Due diligence societária;;Abraão;2026-02-19 09:13:00;2026-08-13 13:00:00.000000000;2026-08-18 13:00:00.000000000;5,0;;24,0;2026-08-18 13:00:00.000000000;;AHP_APRENDIZAGEM_ESPECIALIZACAO_WORKLOAD;;;;;PENDENTE;True;0,7682378072667063;1,0;0,5572351689402578;0,041030078098301746;0,6586441863669917;0,10318546918413882;0,006408151715575728
Societário;Elaboração e negociação de  SPA;;Abraão;2026-02-19 09:14:00;2026-08-18 13:00:00.000000000;2026-08-19 13:00:00.000000000;3,0;;8,0;2026-08-19 13:00:00.000000000;;AHP_APRENDIZAGEM_ESPECIALIZACAO_WORKLOAD;;;;;PENDENTE;True;0,7631169757070897;1,0;0,5572351689402578;0,008242446321634391;0,6586441863669917;0,10318546918413882;0,0012873201559591588
Societário;Acordo de Sócios / Acionistas;;Abraão;2026-02-20 09:00:00;2026-08-19 13:00:00.000000000;2026-08-20 13:00:00.000000000;3,0;;8,0;2026-08-20 13:00:00.000000000;;AHP_APRENDIZAGEM_ESPECIALIZACAO_WORKLOAD;;;;;PENDENTE;True;0,7554962312612675;1,0;0,5230326132700003;0,0;0,6586441863669917;0,0968520448942758;0,0
Societário;Gestão de conflitos societários;;Abraão;2026-02-20 09:01:00;2026-08-20 13:00:00.000000000;2026-08-20 15:00:00.000000000;1,0;;2,0;2026-08-20 15:00:00.000000000;;AHP_APRENDIZAGEM_ESPECIALIZACAO_WORKLOAD;;;;;PENDENTE;True;0,7554962312612675;1,0;0,5230326132700003;0,0;0,6586441863669917;0,0968520448942758;0,0
Societário;Gestão jurídica do encerramento de operações;;Abraão;2026-02-20 09:02:00;2026-08-20 15:00:00.000000000;2026-08-20 17:00:00.000000000;1,0;;2,0;2026-08-20 17:00:00.000000000;;AHP_APRENDIZAGEM_ESPECIALIZACAO_WORKLOAD;;;;;PENDENTE;True;0,7554962312612675;1,0;0,5230326132700003;0,0;0,6586441863669917;0,0968520448942758;0,0
Societário;Regularização societária;;Abraão;2026-02-20 09:03:00;2026-08-21 09:00:00.000000000;2026-08-21 17:00:00.000000000;3,0;;8,0;2026-08-21 17:00:00.000000000;;AHP_APRENDIZAGEM_ESPECIALIZACAO_WORKLOAD;;;;;PENDENTE;True;0,7554962312612675;1,0;0,5230326132700003;0,0;0,6586441863669917;0,0968520448942758;0,0
Societário;Aumento e redução de capital;;Abraão;2026-02-20 09:04:00;2026-08-24 09:00:00.000000000;2026-08-24 11:00:00.000000000;1,0;;2,0;2026-08-24 11:00:00.000000000;;AHP_APRENDIZAGEM_ESPECIALIZACAO_WORKLOAD;;;;;PENDENTE;True;0,7554962312612675;1,0;0,5230326132700003;0,0;0,6586441863669917;0,0968520448942758;0,0
Societário;Avaliação de impactos (societário, contratual, regulatório, concorrencial, trabalhista, tributário);;Abraão;2026-02-20 09:05:00;2026-08-24 11:00:00.000000000;2026-08-25 11:00:00.000000000;3,0;;8,0;2026-08-25 11:00:00.000000000;;AHP_APRENDIZAGEM_ESPECIALIZACAO_WORKLOAD;;;;;PENDENTE;True;0,7554962312612675;1,0;0,5230326132700003;0,0;0,6586441863669917;0,0968520448942758;0,0
Contratos;Contrato de Distribuição;;Eva;2026-02-20 09:06:00;2026-04-13 15:03:00.000000000;2026-04-14 15:03:00.000000000;3,0;;8,0;2026-04-14 15:03:00.000000000;;AHP_APRENDIZAGEM_ESPECIALIZACAO_WORKLOAD;;;;;PENDENTE;True;0,8209176413378843;1,0;0,03289688778540458;1,0;0,6586441863669917;0,00609164853555549;0,1561818064353371
Societário;Elaboração e negociação de  SPA;;Abraão;2026-02-20 09:07:00;2026-08-25 11:00:00.000000000;2026-08-26 11:00:00.000000000;3,0;;8,0;2026-08-26 11:00:00.000000000;;AHP_APRENDIZAGEM_ESPECIALIZACAO_WORKLOAD;;;;;PENDENTE;True;0,7554962312612675;1,0;0,5230326132700003;0,0;0,6586441863669917;0,0968520448942758;0,0
Contratos;Contrato de trabalho;;Eva;2026-02-20 09:08:00;2026-04-14 15:03:00.000000000;2026-04-15 09:03:00.000000000;1,0;;2,0;2026-04-15 09:03:00.000000000;;AHP_APRENDIZAGEM_ESPECIALIZACAO_WORKLOAD;;;;;PENDENTE;True;0,8209176413378843;1,0;0,03289688778540458;1,0;0,6586441863669917;0,00609164853555549;0,1561818064353371
Contratos;Contratos imobiliários;;Eva;2026-02-20 09:09:00;2026-04-15 09:03:00.000000000;2026-04-16 09:02:59.999999999;3,0;;8,0;2026-04-16 09:02:59.999999999;;AHP_APRENDIZAGEM_ESPECIALIZACAO_WORKLOAD;;;;;PENDENTE;True;0,8209176413378843;1,0;0,03289688778540458;1,0;0,6586441863669917;0,00609164853555549;0,1561818064353371
Regulatório;Preparação de informações e documentos para fiscalização;;Abraão;2026-02-20 09:10:00;2026-08-26 11:00:00.000000000;2026-08-28 11:00:00.000000000;4,0;;16,0;2026-08-28 11:00:00.000000000;;AHP_APRENDIZAGEM_ESPECIALIZACAO_WORKLOAD;;;;;PENDENTE;True;0,8438181935646629;1,0;1,0;0,0;0,6586441863669917;0,1851740071976712;0,0
Societário;Organização de livros societários;;Abraão;2026-02-20 09:11:00;2026-08-28 11:00:00.000000000;2026-08-28 13:00:00.000000000;1,0;;2,0;2026-08-28 13:00:00.000000000;;AHP_APRENDIZAGEM_ESPECIALIZACAO_WORKLOAD;;;;;PENDENTE;True;0,7554962312612675;1,0;0,5230326132700003;0,0;0,6586441863669917;0,0968520448942758;0,0
Societário;Estruturação jurídica de carve-outs, spin-offs e alienação de ativos;;Abraão;2026-02-20 09:12:00;2026-08-28 13:00:00.000000000;2026-09-02 13:00:00.000000000;5,0;;24,0;2026-09-02 13:00:00.000000000;;AHP_APRENDIZAGEM_ESPECIALIZACAO_WORKLOAD;;;;;PENDENTE;True;0,7554962312612675;1,0;0,5230326132700003;0,0;0,6586441863669917;0,0968520448942758;0,0
Societário;Elaboração e negociação de LOI;;Abraão;2026-02-20 09:13:00;2026-09-02 13:00:00.000000000;2026-09-03 13:00:00.000000000;3,0;;8,0;2026-09-03 13:00:00.000000000;;AHP_APRENDIZAGEM_ESPECIALIZACAO_WORKLOAD;;;;;PENDENTE;True;0,7554962312612675;1,0;0,5230326132700003;0,0;0,6586441863669917;0,0968520448942758;0,0
Direito digital;Elaboração e atualização de políticas de privacidade e cookies;;Abraão;2026-02-20 09:14:00;2026-09-03 13:00:00.000000000;2026-09-04 13:00:00.000000000;3,0;;8,0;2026-09-04 13:00:00.000000000;;AHP_APRENDIZAGEM_ESPECIALIZACAO_WORKLOAD;;;;;PENDENTE;True;0,8438181935646629;1,0;1,0;0,0;0,6586441863669917;0,1851740071976712;0,0
Contratos;Contrato de Distribuição;;Eva;2026-02-23 09:00:00;2026-04-16 09:02:59.999999999;2026-04-17 09:02:59.999999999;3,0;;8,0;2026-04-17 09:02:59.999999999;;AHP_APRENDIZAGEM_ESPECIALIZACAO_WORKLOAD;;;;;PENDENTE;True;0,8209176413378843;1,0;0,03289688778540458;1,0;0,6586441863669917;0,00609164853555549;0,1561818064353371
Societário;Elaboração e negociação de  SHA;;Abraão;2026-02-23 09:01:00;2026-09-04 13:00:00.000000000;2026-09-07 13:00:00.000000000;3,0;;8,0;2026-09-07 13:00:00.000000000;;AHP_APRENDIZAGEM_ESPECIALIZACAO_WORKLOAD;;;;;PENDENTE;True;0,7554962312612675;1,0;0,5230326132700003;0,0;0,6586441863669917;0,0968520448942758;0,0
Societário;Due diligence;;Abraão;2026-02-23 09:02:00;2026-09-07 13:00:00.000000000;2026-09-10 13:00:00.000000000;5,0;;24,0;2026-09-10 13:00:00.000000000;;AHP_APRENDIZAGEM_ESPECIALIZACAO_WORKLOAD;;;;;PENDENTE;True;0,7554962312612675;1,0;0,5230326132700003;0,0;0,6586441863669917;0,0968520448942758;0,0
Contratos;Contrato de Cessão de Crédito;;Eva;2026-02-23 09:03:00;2026-04-17 09:02:59.999999999;2026-04-20 09:02:59.999999999;3,0;;8,0;2026-04-20 09:02:59.999999999;;AHP_APRENDIZAGEM_ESPECIALIZACAO_WORKLOAD;;;;;PENDENTE;True;0,8209176413378843;1,0;0,03289688778540458;1,0;0,6586441863669917;0,00609164853555549;0,1561818064353371
Contratos;Contratos imobiliários;;Eva;2026-02-23 09:04:00;2026-04-20 09:02:59.999999999;2026-04-21 09:02:59.999999999;3,0;;8,0;2026-04-21 09:02:59.999999999;;AHP_APRENDIZAGEM_ESPECIALIZACAO_WORKLOAD;;;;;PENDENTE;True;0,8209176413378843;1,0;0,03289688778540458;1,0;0,6586441863669917;0,00609164853555549;0,1561818064353371
Societário;Estruturação jurídica de carve-outs, spin-offs e alienação de ativos;;Abraão;2026-02-23 09:05:00;2026-09-10 13:00:00.000000000;2026-09-15 13:00:00.000000000;5,0;;24,0;2026-09-15 13:00:00.000000000;;AHP_APRENDIZAGEM_ESPECIALIZACAO_WORKLOAD;;;;;PENDENTE;True;0,7554962312612675;1,0;0,5230326132700003;0,0;0,6586441863669917;0,0968520448942758;0,0
Contratos;Contratos imobiliários;;Eva;2026-02-23 09:06:00;2026-04-21 09:02:59.999999999;2026-04-22 09:02:59.999999999;3,0;;8,0;2026-04-22 09:02:59.999999999;;AHP_APRENDIZAGEM_ESPECIALIZACAO_WORKLOAD;;;;;PENDENTE;True;0,8209176413378843;1,0;0,03289688778540458;1,0;0,6586441863669917;0,00609164853555549;0,1561818064353371
Societário;Gestão de conflitos societários;;Abraão;2026-02-23 09:07:00;2026-09-15 13:00:00.000000000;2026-09-15 15:00:00.000000000;1,0;;2,0;2026-09-15 15:00:00.000000000;;AHP_APRENDIZAGEM_ESPECIALIZACAO_WORKLOAD;;;;;PENDENTE;True;0,7554962312612675;1,0;0,5230326132700003;0,0;0,6586441863669917;0,0968520448942758;0,0
Societário;Regularização societária;;Abraão;2026-02-23 09:08:00;2026-09-15 15:00:00.000000000;2026-09-16 15:00:00.000000000;3,0;;8,0;2026-09-16 15:00:00.000000000;;AHP_APRENDIZAGEM_ESPECIALIZACAO_WORKLOAD;;;;;PENDENTE;True;0,7554962312612675;1,0;0,5230326132700003;0,0;0,6586441863669917;0,0968520448942758;0,0
Societário;Aumento e redução de capital;;Abraão;2026-02-23 09:09:00;2026-09-16 15:00:00.000000000;2026-09-16 17:00:00.000000000;1,0;;2,0;2026-09-16 17:00:00.000000000;;AHP_APRENDIZAGEM_ESPECIALIZACAO_WORKLOAD;;;;;PENDENTE;True;0,7554962312612675;1,0;0,5230326132700003;0,0;0,6586441863669917;0,0968520448942758;0,0
Direito digital;Análise de cláusulas de tratamento, compartilhamento e transferência de dados;;Abraão;2026-02-23 09:10:00;2026-09-17 09:00:00.000000000;2026-09-17 13:00:00.000000000;2,0;;4,0;2026-09-17 13:00:00.000000000;;AHP_APRENDIZAGEM_ESPECIALIZACAO_WORKLOAD;;;;;PENDENTE;True;0,8438181935646629;1,0;1,0;0,0;0,6586441863669917;0,1851740071976712;0,0
Societário;Gestão jurídica do encerramento de operações;;Abraão;2026-02-23 09:11:00;2026-09-17 13:00:00.000000000;2026-09-17 15:00:00.000000000;1,0;;2,0;2026-09-17 15:00:00.000000000;;AHP_APRENDIZAGEM_ESPECIALIZACAO_WORKLOAD;;;;;PENDENTE;True;0,7554962312612675;1,0;0,5230326132700003;0,0;0,6586441863669917;0,0968520448942758;0,0
Concorrencial;Relacionamento CADE;;Eva;2026-02-23 09:12:00;2026-04-22 09:02:59.999999999;2026-04-22 11:02:59.999999999;1,0;;2,0;2026-04-22 11:02:59.999999999;;AHP_APRENDIZAGEM_ESPECIALIZACAO_WORKLOAD;;;;;PENDENTE;True;1,0;1,0;1,0;1,0;0,6586441863669917;0,1851740071976712;0,1561818064353371
Contratos;Contrato de Licenciamento de Software;;Eva;2026-02-23 09:13:00;2026-04-22 11:02:59.999999999;2026-04-24 11:03:00.000000000;4,0;;16,0;2026-04-24 11:03:00.000000000;;AHP_APRENDIZAGEM_ESPECIALIZACAO_WORKLOAD;;;;;PENDENTE;True;0,8209176413378843;1,0;0,03289688778540458;1,0;0,6586441863669917;0,00609164853555549;0,1561818064353371
Concorrencial;M&A Concorrencial;;Eva;2026-02-23 09:14:00;2026-04-24 11:03:00.000000000;2026-04-29 11:03:00.000000000;5,0;;24,0;2026-04-29 11:03:00.000000000;;AHP_APRENDIZAGEM_ESPECIALIZACAO_WORKLOAD;;;;;PENDENTE;True;1,0;1,0;1,0;1,0;0,6586441863669917;0,1851740071976712;0,1561818064353371
Societário;Estruturação jurídica de carve-outs, spin-offs e alienação de ativos;;Abraão;2026-02-24 09:00:00;2026-09-17 15:00:00.000000000;2026-09-22 15:00:00.000000000;5,0;;24,0;2026-09-22 15:00:00.000000000;;AHP_APRENDIZAGEM_ESPECIALIZACAO_WORKLOAD;;;;;PENDENTE;True;0,7554962312612675;1,0;0,5230326132700003;0,0;0,6586441863669917;0,0968520448942758;0,0
Societário;Gestão jurídica do encerramento de operações;;Abraão;2026-02-24 09:01:00;2026-09-22 15:00:00.000000000;2026-09-22 17:00:00.000000000;1,0;;2,0;2026-09-22 17:00:00.000000000;;AHP_APRENDIZAGEM_ESPECIALIZACAO_WORKLOAD;;;;;PENDENTE;True;0,7554962312612675;1,0;0,5230326132700003;0,0;0,6586441863669917;0,0968520448942758;0,0
Contratos;Contrato de Joint Venture;;Eva;2026-02-24 09:02:00;2026-04-29 11:03:00.000000000;2026-05-04 11:03:00.000000000;5,0;;24,0;2026-05-04 11:03:00.000000000;;AHP_APRENDIZAGEM_ESPECIALIZACAO_WORKLOAD;;;;;PENDENTE;True;0,8209176413378843;1,0;0,03289688778540458;1,0;0,6586441863669917;0,00609164853555549;0,1561818064353371
Societário;Atualização de Contrato Social / Estatuto;;Abraão;2026-02-24 09:03:00;2026-09-23 09:00:00.000000000;2026-09-23 17:00:00.000000000;3,0;;8,0;2026-09-23 17:00:00.000000000;;AHP_APRENDIZAGEM_ESPECIALIZACAO_WORKLOAD;;;;;PENDENTE;True;0,7554962312612675;1,0;0,5230326132700003;0,0;0,6586441863669917;0,0968520448942758;0,0
Societário;Closing da operação;;Abraão;2026-02-24 09:04:00;2026-09-24 09:00:00.000000000;2026-09-24 11:00:00.000000000;1,0;;2,0;2026-09-24 11:00:00.000000000;;AHP_APRENDIZAGEM_ESPECIALIZACAO_WORKLOAD;;;;;PENDENTE;True;0,7554962312612675;1,0;0,5230326132700003;0,0;0,6586441863669917;0,0968520448942758;0,0
Societário;Elaboração e negociação de  SHA;;Abraão;2026-02-24 09:05:00;2026-09-24 11:00:00.000000000;2026-09-25 11:00:00.000000000;3,0;;8,0;2026-09-25 11:00:00.000000000;;AHP_APRENDIZAGEM_ESPECIALIZACAO_WORKLOAD;;;;;PENDENTE;True;0,7554962312612675;1,0;0,5230326132700003;0,0;0,6586441863669917;0,0968520448942758;0,0
Governança;Política de PLDFTP e Fraudes;;Eva;2026-02-24 09:06:00;2026-05-04 11:03:00.000000000;2026-05-05 11:02:59.999999999;3,0;;8,0;2026-05-05 11:02:59.999999999;;AHP_APRENDIZAGEM_ESPECIALIZACAO_WORKLOAD;;;;;PENDENTE;True;1,0;1,0;1,0;1,0;0,6586441863669917;0,1851740071976712;0,1561818064353371
Societário;Elaboração e negociação de  SPA;;Abraão;2026-02-24 09:07:00;2026-09-25 11:00:00.000000000;2026-09-28 11:00:00.000000000;3,0;;8,0;2026-09-28 11:00:00.000000000;;AHP_APRENDIZAGEM_ESPECIALIZACAO_WORKLOAD;;;;;PENDENTE;True;0,7554962312612675;1,0;0,5230326132700003;0,0;0,6586441863669917;0,0968520448942758;0,0
Contencioso;Acordos, Mediação e Soluções Alternativas;;Esaú;2026-02-24 09:08:00;2026-08-19 11:02:00.000000000;2026-08-20 11:02:00.000000000;3,0;;8,0;2026-08-20 11:02:00.000000000;;AHP_APRENDIZAGEM_ESPECIALIZACAO_WORKLOAD;;;;;PENDENTE;True;0,8858634109230912;1,0;1,0;0,2692068834268219;0,6586441863669917;0,1851740071976712;0,04204521735842826
Direito digital;Treinamentos e conscientização sobre LGPD e segurança da informação;;Abraão;2026-02-24 09:09:00;2026-09-28 11:00:00.000000000;2026-09-28 13:00:00.000000000;1,0;;2,0;2026-09-28 13:00:00.000000000;;AHP_APRENDIZAGEM_ESPECIALIZACAO_WORKLOAD;;;;;PENDENTE;True;0,8438181935646629;1,0;1,0;0,0;0,6586441863669917;0,1851740071976712;0,0
Trabalhista;Gestão de riscos relacionados a acidentes de trabalho;;Eva;2026-02-24 09:10:00;2026-05-05 11:02:59.999999999;2026-05-05 13:02:59.999999999;1,0;;2,0;2026-05-05 13:02:59.999999999;;AHP_APRENDIZAGEM_ESPECIALIZACAO_WORKLOAD;;;;;PENDENTE;True;1,0;1,0;1,0;1,0;0,6586441863669917;0,1851740071976712;0,1561818064353371
Contratos;Contrato de Locação;;Eva;2026-02-24 09:11:00;2026-05-05 13:02:59.999999999;2026-05-06 13:03:00.000000000;3,0;;8,0;2026-05-06 13:03:00.000000000;;AHP_APRENDIZAGEM_ESPECIALIZACAO_WORKLOAD;;;;;PENDENTE;True;0,8209176413378843;1,0;0,03289688778540458;1,0;0,6586441863669917;0,00609164853555549;0,1561818064353371
Societário;Reorganizações societárias internas;;Abraão;2026-02-24 09:12:00;2026-09-28 13:00:00.000000000;2026-10-01 13:00:00.000000000;5,0;;24,0;2026-10-01 13:00:00.000000000;;AHP_APRENDIZAGEM_ESPECIALIZACAO_WORKLOAD;;;;;PENDENTE;True;0,7554962312612675;1,0;0,5230326132700003;0,0;0,6586441863669917;0,0968520448942758;0,0
Governança;Benchmarking de melhores práticas;;Eva;2026-02-24 09:13:00;2026-05-06 13:03:00.000000000;2026-05-06 15:03:00.000000000;1,0;;2,0;2026-05-06 15:03:00.000000000;;AHP_APRENDIZAGEM_ESPECIALIZACAO_WORKLOAD;;;;;PENDENTE;True;1,0;1,0;1,0;1,0;0,6586441863669917;0,1851740071976712;0,1561818064353371
Direito financeiro;Gestão de litígios bancários e financeiros;;Eva;2026-02-24 09:14:00;2026-05-06 15:03:00.000000000;2026-05-08 15:03:00.000000000;4,0;;16,0;2026-05-08 15:03:00.000000000;;AHP_APRENDIZAGEM_ESPECIALIZACAO_WORKLOAD;;;;;PENDENTE;True;1,0;1,0;1,0;1,0;0,6586441863669917;0,1851740071976712;0,1561818064353371
Regulatório;Atuação em processos administrativos na CVM e no BCB;;Abraão;2026-02-25 09:00:00;2026-10-01 13:00:00.000000000;2026-10-01 15:00:00.000000000;1,0;;2,0;2026-10-01 15:00:00.000000000;;AHP_APRENDIZAGEM_ESPECIALIZACAO_WORKLOAD;;;;;PENDENTE;True;0,8438181935646629;1,0;1,0;0,0;0,6586441863669917;0,1851740071976712;0,0
Societário;Estruturação societária internacional;;Abraão;2026-02-25 09:01:00;2026-10-01 15:00:00.000000000;2026-10-06 15:00:00.000000000;5,0;;24,0;2026-10-06 15:00:00.000000000;;AHP_APRENDIZAGEM_ESPECIALIZACAO_WORKLOAD;;;;;PENDENTE;True;0,75142589747367;1,0;0,5010514840111161;0,0;0,6586441863669917;0,09278171110667824;0,0
Governança;Governança e Regimentos de Comitês;;Eva;2026-02-25 09:02:00;2026-05-08 15:03:00.000000000;2026-05-11 15:03:00.000000000;3,0;;8,0;2026-05-11 15:03:00.000000000;;AHP_APRENDIZAGEM_ESPECIALIZACAO_WORKLOAD;;;;;PENDENTE;True;1,0;1,0;1,0;1,0;0,6586441863669917;0,1851740071976712;0,1561818064353371
Contratos;Contratos de Seguros ou Previdência;;Eva;2026-02-25 09:03:00;2026-05-11 15:03:00.000000000;2026-05-12 15:03:00.000000000;3,0;;8,0;2026-05-12 15:03:00.000000000;;AHP_APRENDIZAGEM_ESPECIALIZACAO_WORKLOAD;;;;;PENDENTE;True;0,8205895526270747;1,0;0,03112510180002401;1,0;0,6586441863669917;0,0057635598247458945;0,1561818064353371
Societário;Estruturação de veículos societários (SPVs);;Abraão;2026-02-25 09:04:00;2026-10-06 15:00:00.000000000;2026-10-09 15:00:00.000000000;5,0;;24,0;2026-10-09 15:00:00.000000000;;AHP_APRENDIZAGEM_ESPECIALIZACAO_WORKLOAD;;;;;PENDENTE;True;0,75142589747367;1,0;0,5010514840111161;0,0;0,6586441863669917;0,09278171110667824;0,0
Societário;Reorganizações societárias internas;;Abraão;2026-02-25 09:05:00;2026-10-09 15:00:00.000000000;2026-10-14 15:00:00.000000000;5,0;;24,0;2026-10-14 15:00:00.000000000;;AHP_APRENDIZAGEM_ESPECIALIZACAO_WORKLOAD;;;;;PENDENTE;True;0,75142589747367;1,0;0,5010514840111161;0,0;0,6586441863669917;0,09278171110667824;0,0
Societário;SPA / SHA e documentos correlatos;;Abraão;2026-02-25 09:06:00;2026-10-14 15:00:00.000000000;2026-10-14 17:00:00.000000000;1,0;;2,0;2026-10-14 17:00:00.000000000;;AHP_APRENDIZAGEM_ESPECIALIZACAO_WORKLOAD;;;;;PENDENTE;True;0,75142589747367;1,0;0,5010514840111161;0,0;0,6586441863669917;0,09278171110667824;0,0
Contratos;Letter of Intent;;Eva;2026-02-25 09:07:00;2026-05-12 15:03:00.000000000;2026-05-13 09:03:00.000000000;1,0;;2,0;2026-05-13 09:03:00.000000000;;AHP_APRENDIZAGEM_ESPECIALIZACAO_WORKLOAD;;;;;PENDENTE;True;0,8205895526270747;1,0;0,03112510180002401;1,0;0,6586441863669917;0,0057635598247458945;0,1561818064353371
Contratos;Contrato de Licenciamento de Software;;Eva;2026-02-25 09:08:00;2026-05-13 09:03:00.000000000;2026-05-15 09:03:00.000000000;4,0;;16,0;2026-05-15 09:03:00.000000000;;AHP_APRENDIZAGEM_ESPECIALIZACAO_WORKLOAD;;;;;PENDENTE;True;0,8205895526270747;1,0;0,03112510180002401;1,0;0,6586441863669917;0,0057635598247458945;0,1561818064353371
Societário;Elaboração e negociação de  SPA;;Abraão;2026-02-25 09:09:00;2026-10-15 09:00:00.000000000;2026-10-15 17:00:00.000000000;3,0;;8,0;2026-10-15 17:00:00.000000000;;AHP_APRENDIZAGEM_ESPECIALIZACAO_WORKLOAD;;;;;PENDENTE;True;0,75142589747367;1,0;0,5010514840111161;0,0;0,6586441863669917;0,09278171110667824;0,0
Societário;Atualização de Contrato Social / Estatuto;;Abraão;2026-02-25 09:10:00;2026-10-16 09:00:00.000000000;2026-10-16 17:00:00.000000000;3,0;;8,0;2026-10-16 17:00:00.000000000;;AHP_APRENDIZAGEM_ESPECIALIZACAO_WORKLOAD;;;;;PENDENTE;True;0,75142589747367;1,0;0,5010514840111161;0,0;0,6586441863669917;0,09278171110667824;0,0
Contencioso;Contencioso Trabalhista;;Esaú;2026-02-25 09:11:00;2026-08-20 11:02:00.000000000;2026-08-24 11:02:00.000000000;4,0;;16,0;2026-08-24 11:02:00.000000000;;AHP_APRENDIZAGEM_ESPECIALIZACAO_WORKLOAD;;;;;PENDENTE;True;0,9022940813307626;1,0;1,0;0,3744090883614541;0,6586441863669917;0,1851740071976712;0,058475887766099646
Societário;Acordo de Sócios / Acionistas;;Abraão;2026-02-25 09:12:00;2026-10-19 09:00:00.000000000;2026-10-19 17:00:00.000000000;3,0;;8,0;2026-10-19 17:00:00.000000000;;AHP_APRENDIZAGEM_ESPECIALIZACAO_WORKLOAD;;;;;PENDENTE;True;0,75142589747367;1,0;0,5010514840111161;0,0;0,6586441863669917;0,09278171110667824;0,0
Governança;Gestão de fluxo de informações com Conselho de Administração;;Eva;2026-02-25 09:13:00;2026-05-15 09:03:00.000000000;2026-05-15 11:03:00.000000000;1,0;;2,0;2026-05-15 11:03:00.000000000;;AHP_APRENDIZAGEM_ESPECIALIZACAO_WORKLOAD;;;;;PENDENTE;True;0,9993000611648855;1,0;1,0;0,9955184355265837;0,6586441863669917;0,1851740071976712;0,1554818676002225
Societário;Estruturação de regras de governança;;Abraão;2026-02-25 09:14:00;2026-10-20 09:00:00.000000000;2026-10-22 17:00:00.000000000;5,0;;24,0;2026-10-22 17:00:00.000000000;;AHP_APRENDIZAGEM_ESPECIALIZACAO_WORKLOAD;;;;;PENDENTE;True;0,75142589747367;1,0;0,5010514840111161;0,0;0,6586441863669917;0,09278171110667824;0,0
Societário;Suporte jurídico às negociações comerciais;;Abraão;2026-02-26 09:00:00;2026-10-23 09:00:00.000000000;2026-10-23 17:00:00.000000000;3,0;;8,0;2026-10-23 17:00:00.000000000;;AHP_APRENDIZAGEM_ESPECIALIZACAO_WORKLOAD;;;;;PENDENTE;True;0,75142589747367;1,0;0,5010514840111161;0,0;0,6586441863669917;0,09278171110667824;0,0
Societário;Elaboração e negociação de  SHA;;Abraão;2026-02-26 09:01:00;2026-10-26 09:00:00.000000000;2026-10-26 17:00:00.000000000;3,0;;8,0;2026-10-26 17:00:00.000000000;;AHP_APRENDIZAGEM_ESPECIALIZACAO_WORKLOAD;;;;;PENDENTE;True;0,75142589747367;1,0;0,5010514840111161;0,0;0,6586441863669917;0,09278171110667824;0,0
Direito financeiro;Interface com reguladores e autorreguladores;;Eva;2026-02-26 09:02:00;2026-05-15 11:03:00.000000000;2026-05-18 11:02:59.999999999;3,0;;8,0;2026-05-18 11:02:59.999999999;;AHP_APRENDIZAGEM_ESPECIALIZACAO_WORKLOAD;;;;;PENDENTE;True;0,9989975387164739;1,0;1,0;0,9935814464795475;0,6586441863669917;0,1851740071976712;0,15517934515181095
Societário;Estruturação jurídica de carve-outs, spin-offs e alienação de ativos;;Abraão;2026-02-26 09:03:00;2026-10-27 09:00:00.000000000;2026-10-29 17:00:00.000000000;5,0;;24,0;2026-10-29 17:00:00.000000000;;AHP_APRENDIZAGEM_ESPECIALIZACAO_WORKLOAD;;;;;PENDENTE;True;0,75142589747367;1,0;0,5010514840111161;0,0;0,6586441863669917;0,09278171110667824;0,0
Regulatório;Interface com áreas de risco, tesouraria e controles internos;;Abraão;2026-02-26 09:04:00;2026-10-30 09:00:00.000000000;2026-10-30 11:00:00.000000000;1,0;;2,0;2026-10-30 11:00:00.000000000;;AHP_APRENDIZAGEM_ESPECIALIZACAO_WORKLOAD;;;;;PENDENTE;True;0,8438181935646629;1,0;1,0;0,0;0,6586441863669917;0,1851740071976712;0,0
Societário;Due diligence societária;;Abraão;2026-02-26 09:05:00;2026-10-30 11:00:00.000000000;2026-11-04 11:00:00.000000000;5,0;;24,0;2026-11-04 11:00:00.000000000;;AHP_APRENDIZAGEM_ESPECIALIZACAO_WORKLOAD;;;;;PENDENTE;True;0,75142589747367;1,0;0,5010514840111161;0,0;0,6586441863669917;0,09278171110667824;0,0
Societário;Aprovações regulatórias e concorrenciais;;Abraão;2026-02-26 09:06:00;2026-11-04 11:00:00.000000000;2026-11-05 11:00:00.000000000;3,0;;8,0;2026-11-05 11:00:00.000000000;;AHP_APRENDIZAGEM_ESPECIALIZACAO_WORKLOAD;;;;;PENDENTE;True;0,75142589747367;1,0;0,5010514840111161;0,0;0,6586441863669917;0,09278171110667824;0,0
Societário;Reorganizações societárias internas;;Abraão;2026-02-26 09:07:00;2026-11-05 11:00:00.000000000;2026-11-10 11:00:00.000000000;5,0;;24,0;2026-11-10 11:00:00.000000000;;AHP_APRENDIZAGEM_ESPECIALIZACAO_WORKLOAD;;;;;PENDENTE;True;0,75142589747367;1,0;0,5010514840111161;0,0;0,6586441863669917;0,09278171110667824;0,0
Governança;Monitoramento de aderência a políticas;;Eva;2026-02-26 09:08:00;2026-05-18 11:02:59.999999999;2026-05-19 11:02:59.999999999;3,0;;8,0;2026-05-19 11:02:59.999999999;;AHP_APRENDIZAGEM_ESPECIALIZACAO_WORKLOAD;;;;;PENDENTE;True;0,9978553942331324;1,0;1,0;0,9862685301456319;0,6586441863669917;0,1851740071976712;0,15403720066846951
Societário;Elaboração e negociação de  SHA;;Abraão;2026-02-26 09:09:00;2026-11-10 11:00:00.000000000;2026-11-11 11:00:00.000000000;3,0;;8,0;2026-11-11 11:00:00.000000000;;AHP_APRENDIZAGEM_ESPECIALIZACAO_WORKLOAD;;;;;PENDENTE;True;0,75142589747367;1,0;0,5010514840111161;0,0;0,6586441863669917;0,09278171110667824;0,0
Contratos;Contratos Financeiros ou Bancários;;Eva;2026-02-26 09:10:00;2026-05-19 11:02:59.999999999;2026-05-20 11:02:59.999999999;3,0;;8,0;2026-05-20 11:02:59.999999999;;AHP_APRENDIZAGEM_ESPECIALIZACAO_WORKLOAD;;;;;PENDENTE;True;0,8171945837097578;1,0;0,030833817134558184;0,9786080680917169;0,6586441863669917;0,005709621476006354;0,1528407758667597
Societário;Estruturação de holdings e grupos;;Abraão;2026-02-26 09:11:00;2026-11-11 11:00:00.000000000;2026-11-16 11:00:00.000000000;5,0;;24,0;2026-11-16 11:00:00.000000000;;AHP_APRENDIZAGEM_ESPECIALIZACAO_WORKLOAD;;;;;PENDENTE;True;0,75142589747367;1,0;0,5010514840111161;0,0;0,6586441863669917;0,09278171110667824;0,0
Societário;Atas de Reunião e Assembleia;;Abraão;2026-02-26 09:12:00;2026-11-16 11:00:00.000000000;2026-11-16 15:00:00.000000000;2,0;;4,0;2026-11-16 15:00:00.000000000;;AHP_APRENDIZAGEM_ESPECIALIZACAO_WORKLOAD;;;;;PENDENTE;True;0,75142589747367;1,0;0,5010514840111161;0,0;0,6586441863669917;0,09278171110667824;0,0
Governança;Avaliação periódica da efetividade da governança;;Eva;2026-02-26 09:13:00;2026-05-20 11:02:59.999999999;2026-05-21 11:02:59.999999999;3,0;;8,0;2026-05-21 11:02:59.999999999;;AHP_APRENDIZAGEM_ESPECIALIZACAO_WORKLOAD;;;;;PENDENTE;True;0,9955664138503052;1,0;1,0;0,9716126593046518;0,6586441863669917;0,1851740071976712;0,15174822028564228
Societário;Estruturação de holdings e grupos;;Abraão;2026-02-26 09:14:00;2026-11-16 15:00:00.000000000;2026-11-19 15:00:00.000000000;5,0;;24,0;2026-11-19 15:00:00.000000000;;AHP_APRENDIZAGEM_ESPECIALIZACAO_WORKLOAD;;;;;PENDENTE;True;0,75142589747367;1,0;0,5010514840111161;0,0;0,6586441863669917;0,09278171110667824;0,0
Societário;Elaboração e negociação de  SHA;;Abraão;2026-02-27 09:00:00;2026-11-19 15:00:00.000000000;2026-11-20 15:00:00.000000000;3,0;;8,0;2026-11-20 15:00:00.000000000;;AHP_APRENDIZAGEM_ESPECIALIZACAO_WORKLOAD;;;;;PENDENTE;True;0,75142589747367;1,0;0,5010514840111161;0,0;0,6586441863669917;0,09278171110667824;0,0
Societário;Aprovações regulatórias e concorrenciais;;Abraão;2026-02-27 09:01:00;2026-11-20 15:00:00.000000000;2026-11-23 15:00:00.000000000;3,0;;8,0;2026-11-23 15:00:00.000000000;;AHP_APRENDIZAGEM_ESPECIALIZACAO_WORKLOAD;;;;;PENDENTE;True;0,75142589747367;1,0;0,5010514840111161;0,0;0,6586441863669917;0,09278171110667824;0,0
Societário;Estruturação de veículos societários (SPVs);;Abraão;2026-02-27 09:02:00;2026-11-23 15:00:00.000000000;2026-11-26 15:00:00.000000000;5,0;;24,0;2026-11-26 15:00:00.000000000;;AHP_APRENDIZAGEM_ESPECIALIZACAO_WORKLOAD;;;;;PENDENTE;True;0,75142589747367;1,0;0,5010514840111161;0,0;0,6586441863669917;0,09278171110667824;0,0
Governança;Gestão de documentos de governança;;Eva;2026-02-27 09:03:00;2026-05-21 11:02:59.999999999;2026-05-22 11:02:59.999999999;3,0;;8,0;2026-05-22 11:02:59.999999999;;AHP_APRENDIZAGEM_ESPECIALIZACAO_WORKLOAD;;;;;PENDENTE;True;0,9947057014767683;1,0;1,0;0,9661016949152542;0,6586441863669917;0,1851740071976712;0,15088750791210534
Trabalhista;Gestão de escritórios externos;;Eva;2026-02-27 09:04:00;2026-05-22 11:02:59.999999999;2026-05-22 13:02:59.999999999;1,0;;2,0;2026-05-22 13:02:59.999999999;;AHP_APRENDIZAGEM_ESPECIALIZACAO_WORKLOAD;;;;;PENDENTE;True;0,993592089166886;1,0;1,0;0,9589714642225821;0,6586441863669917;0,1851740071976712;0,14977389560222312
Propriedade intelectual;Gestão de depósitos, acompanhamentos e prazos;;Esaú;2026-02-27 09:05:00;2026-08-24 11:02:00.000000000;2026-08-24 13:02:00.000000000;1,0;;2,0;2026-08-24 13:02:00.000000000;;AHP_APRENDIZAGEM_ESPECIALIZACAO_WORKLOAD;;;;;PENDENTE;True;0,9200959967403431;1,0;1,0;0,48839109315374074;0,6586441863669917;0,1851740071976712;0,07627780317568023
Trabalhista;Apoio em programas de stock options e incentivos de longo prazo;;Eva;2026-02-27 09:06:00;2026-05-22 13:02:59.999999999;2026-05-22 15:02:59.999999999;1,0;;2,0;2026-05-22 15:02:59.999999999;;AHP_APRENDIZAGEM_ESPECIALIZACAO_WORKLOAD;;;;;PENDENTE;True;0,9933136860894155;1,0;1,0;0,957188906549414;0,6586441863669917;0,1851740071976712;0,14949549252475255
Societário;Estruturação jurídica de carve-outs, spin-offs e alienação de ativos;;Abraão;2026-02-27 09:07:00;2026-11-26 15:00:00.000000000;2026-12-01 15:00:00.000000000;5,0;;24,0;2026-12-01 15:00:00.000000000;;AHP_APRENDIZAGEM_ESPECIALIZACAO_WORKLOAD;;;;;PENDENTE;True;0,75142589747367;1,0;0,5010514840111161;0,0;0,6586441863669917;0,09278171110667824;0,0
Societário;Atas de Reunião e Assembleia;;Abraão;2026-02-27 09:08:00;2026-12-01 15:00:00.000000000;2026-12-02 11:00:00.000000000;2,0;;4,0;2026-12-02 11:00:00.000000000;;AHP_APRENDIZAGEM_ESPECIALIZACAO_WORKLOAD;;;;;PENDENTE;True;0,75142589747367;1,0;0,5010514840111161;0,0;0,6586441863669917;0,09278171110667824;0,0
Societário;Due diligence;;Abraão;2026-02-27 09:09:00;2026-12-02 11:00:00.000000000;2026-12-07 11:00:00.000000000;5,0;;24,0;2026-12-07 11:00:00.000000000;;AHP_APRENDIZAGEM_ESPECIALIZACAO_WORKLOAD;;;;;PENDENTE;True;0,75142589747367;1,0;0,5010514840111161;0,0;0,6586441863669917;0,09278171110667824;0,0
Societário;Avaliação de impactos (societário, contratual, regulatório, concorrencial, trabalhista, tributário);;Abraão;2026-02-27 09:10:00;2026-12-07 11:00:00.000000000;2026-12-08 11:00:00.000000000;3,0;;8,0;2026-12-08 11:00:00.000000000;;AHP_APRENDIZAGEM_ESPECIALIZACAO_WORKLOAD;;;;;PENDENTE;True;0,75142589747367;1,0;0,5010514840111161;0,0;0,6586441863669917;0,09278171110667824;0,0
Contratos;Contrato de compra e venda;;Eva;2026-02-27 09:11:00;2026-05-22 15:02:59.999999999;2026-05-25 15:03:00.000000000;3,0;;8,0;2026-05-25 15:03:00.000000000;;AHP_APRENDIZAGEM_ESPECIALIZACAO_WORKLOAD;;;;;PENDENTE;True;0,8138789937857751;1,0;0,030588386235775842;0,9576700179077537;0,6586441863669917;0,005664174052988702;0,14957063336579463
Contratos;Contrato de trabalho;;Eva;2026-02-27 09:12:00;2026-05-25 15:03:00.000000000;2026-05-26 09:03:00.000000000;1,0;;2,0;2026-05-26 09:03:00.000000000;;AHP_APRENDIZAGEM_ESPECIALIZACAO_WORKLOAD;;;;;PENDENTE;True;0,8128219108166277;1,0;0,030588386235775842;0,9509017329629575;0,6586441863669917;0,005664174052988702;0,14851355039664724
Societário;Estruturação de veículos societários (SPVs);;Abraão;2026-02-27 09:13:00;2026-12-08 11:00:00.000000000;2026-12-11 11:00:00.000000000;5,0;;24,0;2026-12-11 11:00:00.000000000;;AHP_APRENDIZAGEM_ESPECIALIZACAO_WORKLOAD;;;;;PENDENTE;True;0,75142589747367;1,0;0,5010514840111161;0,0;0,6586441863669917;0,09278171110667824;0,0
Societário;Acordo de Sócios / Acionistas;;Abraão;2026-02-27 09:14:00;2026-12-11 11:00:00.000000000;2026-12-14 11:00:00.000000000;3,0;;8,0;2026-12-14 11:00:00.000000000;;AHP_APRENDIZAGEM_ESPECIALIZACAO_WORKLOAD;;;;;PENDENTE;True;0,75142589747367;1,0;0,5010514840111161;0,0;0,6586441863669917;0,09278171110667824;0,0
Societário;Estruturação de veículos societários (SPVs);;Abraão;2026-03-02 09:00:00;2026-12-14 11:00:00.000000000;2026-12-17 11:00:00.000000000;5,0;;24,0;2026-12-17 11:00:00.000000000;;AHP_APRENDIZAGEM_ESPECIALIZACAO_WORKLOAD;;;;;PENDENTE;True;0,7487929626138305;1,0;0,4868327775107553;0,0;0,6586441863669917;0,09014877624683885;0,0
Governança;Suporte jurídico às decisões do Conselho de Administração;;Eva;2026-03-02 09:01:00;2026-05-26 09:03:00.000000000;2026-05-26 11:03:00.000000000;1,0;;2,0;2026-05-26 11:03:00.000000000;;AHP_APRENDIZAGEM_ESPECIALIZACAO_WORKLOAD;;;;;PENDENTE;True;0,9924262999396858;1,0;1,0;0,9515071554544353;0,6586441863669917;0,1851740071976712;0,14860810637502284
Societário;Consolidação das versões finais dos documentos;;Abraão;2026-03-02 09:02:00;2026-12-17 11:00:00.000000000;2026-12-17 13:00:00.000000000;1,0;;2,0;2026-12-17 13:00:00.000000000;;AHP_APRENDIZAGEM_ESPECIALIZACAO_WORKLOAD;;;;;PENDENTE;True;0,7487929626138305;1,0;0,4868327775107553;0,0;0,6586441863669917;0,09014877624683885;0,0
Trabalhista;Resposta a autos de infração;;Eva;2026-03-02 09:03:00;2026-05-26 11:03:00.000000000;2026-05-28 11:03:00.000000000;4,0;;16,0;2026-05-28 11:03:00.000000000;;AHP_APRENDIZAGEM_ESPECIALIZACAO_WORKLOAD;;;;;PENDENTE;True;0,9921866062238427;1,0;1,0;0,9499724458662079;0,6586441863669917;0,1851740071976712;0,14836841265917983
Direito financeiro;Análise de políticas de endividamento;;Eva;2026-03-02 09:04:00;2026-05-28 11:03:00.000000000;2026-05-29 11:02:59.999999999;3,0;;8,0;2026-05-29 11:02:59.999999999;;AHP_APRENDIZAGEM_ESPECIALIZACAO_WORKLOAD;;;;;PENDENTE;True;0,9901713300215024;1,0;1,0;0,9370690466269708;0,6586441863669917;0,1851740071976712;0,14635313645683942
Contratos;NDA;;Eva;2026-03-02 09:05:00;2026-05-29 11:02:59.999999999;2026-05-29 13:02:59.999999999;1,0;;2,0;2026-05-29 13:02:59.999999999;;AHP_APRENDIZAGEM_ESPECIALIZACAO_WORKLOAD;;;;;PENDENTE;True;0,8096122106988182;1,0;0,030363473044871036;0,9306173470073523;0,6586441863669917;0,005622525976157244;0,14534549835566923
Societário;Closing da operação;;Abraão;2026-03-02 09:06:00;2026-12-17 13:00:00.000000000;2026-12-17 15:00:00.000000000;1,0;;2,0;2026-12-17 15:00:00.000000000;;AHP_APRENDIZAGEM_ESPECIALIZACAO_WORKLOAD;;;;;PENDENTE;True;0,7487929626138305;1,0;0,4868327775107553;0,0;0,6586441863669917;0,09014877624683885;0,0
Societário;Atas de Reunião e Assembleia;;Abraão;2026-03-02 09:07:00;2026-12-17 15:00:00.000000000;2026-12-18 11:00:00.000000000;2,0;;4,0;2026-12-18 11:00:00.000000000;;AHP_APRENDIZAGEM_ESPECIALIZACAO_WORKLOAD;;;;;PENDENTE;True;0,7487929626138305;1,0;0,4868327775107553;0,0;0,6586441863669917;0,09014877624683885;0,0
Concorrencial;Relacionamento CADE;;Eva;2026-03-02 09:08:00;2026-05-29 13:02:59.999999999;2026-05-29 15:02:59.999999999;1,0;;2,0;2026-05-29 15:02:59.999999999;;AHP_APRENDIZAGEM_ESPECIALIZACAO_WORKLOAD;;;;;PENDENTE;True;0,9889651774155426;1,0;1,0;0,9293462994422077;0,6586441863669917;0,1851740071976712;0,1451469838508797
Societário;Estruturação societária internacional;;Abraão;2026-03-02 09:09:00;2026-12-18 11:00:00.000000000;2026-12-23 11:00:00.000000000;5,0;;24,0;2026-12-23 11:00:00.000000000;;AHP_APRENDIZAGEM_ESPECIALIZACAO_WORKLOAD;;;;;PENDENTE;True;0,7487929626138305;1,0;0,4868327775107553;0,0;0,6586441863669917;0,09014877624683885;0,0
Societário;Análise jurídica preliminar e de estrutura da operação;;Abraão;2026-03-02 09:10:00;2026-12-23 11:00:00.000000000;2026-12-28 11:00:00.000000000;5,0;;24,0;2026-12-28 11:00:00.000000000;;AHP_APRENDIZAGEM_ESPECIALIZACAO_WORKLOAD;;;;;PENDENTE;True;0,7487929626138305;1,0;0,4868327775107553;0,0;0,6586441863669917;0,09014877624683885;0,0
Societário;Gestão de passivos;;Abraão;2026-03-02 09:11:00;2026-12-28 11:00:00.000000000;2026-12-28 13:00:00.000000000;1,0;;2,0;2026-12-28 13:00:00.000000000;;AHP_APRENDIZAGEM_ESPECIALIZACAO_WORKLOAD;;;;;PENDENTE;True;0,7487929626138305;1,0;0,4868327775107553;0,0;0,6586441863669917;0,09014877624683885;0,0
Societário;Suporte jurídico às negociações comerciais;;Abraão;2026-03-02 09:12:00;2026-12-28 13:00:00.000000000;2026-12-29 13:00:00.000000000;3,0;;8,0;2026-12-29 13:00:00.000000000;;AHP_APRENDIZAGEM_ESPECIALIZACAO_WORKLOAD;;;;;PENDENTE;True;0,7487929626138305;1,0;0,4868327775107553;0,0;0,6586441863669917;0,09014877624683885;0,0
Regulatório;Apoio regulatório a fundos de investimento;;Abraão;2026-03-02 09:13:00;2026-12-29 13:00:00.000000000;2027-01-01 13:00:00.000000000;5,0;;24,0;2027-01-01 13:00:00.000000000;;AHP_APRENDIZAGEM_ESPECIALIZACAO_WORKLOAD;;;;;PENDENTE;True;0,8438181935646629;1,0;1,0;0,0;0,6586441863669917;0,1851740071976712;0,0
Concorrencial;M&A Concorrencial;;Eva;2026-03-02 09:14:00;2026-05-29 15:02:59.999999999;2026-06-03 15:03:00.000000000;5,0;;24,0;2026-06-03 15:03:00.000000000;;AHP_APRENDIZAGEM_ESPECIALIZACAO_WORKLOAD;;;;;PENDENTE;True;0,989411336508193;1,0;1,0;0,9322029643946335;0,6586441863669917;0,1851740071976712;0,1455931429435301
Societário;Due diligence;;Abraão;2026-03-03 09:00:00;2027-01-01 13:00:00.000000000;2027-01-06 13:00:00.000000000;5,0;;24,0;2027-01-06 13:00:00.000000000;;AHP_APRENDIZAGEM_ESPECIALIZACAO_WORKLOAD;;;;;PENDENTE;True;0,7483896866061538;1,0;0,48465495561350425;0,0;0,6586441863669917;0,08974550023916204;0,0
Societário;Estruturação de veículos societários (SPVs);;Abraão;2026-03-03 09:01:00;2027-01-06 13:00:00.000000000;2027-01-11 13:00:00.000000000;5,0;;24,0;2027-01-11 13:00:00.000000000;;AHP_APRENDIZAGEM_ESPECIALIZACAO_WORKLOAD;;;;;PENDENTE;True;0,7483896866061538;1,0;0,48465495561350425;0,0;0,6586441863669917;0,08974550023916204;0,0
Societário;Atos perante Junta Comercial;;Abraão;2026-03-03 09:02:00;2027-01-11 13:00:00.000000000;2027-01-11 15:00:00.000000000;1,0;;2,0;2027-01-11 15:00:00.000000000;;AHP_APRENDIZAGEM_ESPECIALIZACAO_WORKLOAD;;;;;PENDENTE;True;0,7483896866061538;1,0;0,48465495561350425;0,0;0,6586441863669917;0,08974550023916204;0,0
Societário;Gestão de Advisors e Governança da Operação;;Abraão;2026-03-03 09:03:00;2027-01-11 15:00:00.000000000;2027-01-12 15:00:00.000000000;3,0;;8,0;2027-01-12 15:00:00.000000000;;AHP_APRENDIZAGEM_ESPECIALIZACAO_WORKLOAD;;;;;PENDENTE;True;0,7483896866061538;1,0;0,48465495561350425;0,0;0,6586441863669917;0,08974550023916204;0,0
Contratos;Contrato de Cessão de Direitos Autorais;;Eva;2026-03-03 09:04:00;2026-06-03 15:03:00.000000000;2026-06-04 15:03:00.000000000;3,0;;8,0;2026-06-04 15:03:00.000000000;;AHP_APRENDIZAGEM_ESPECIALIZACAO_WORKLOAD;;;;;PENDENTE;True;0,8075603110075852;1,0;0,030157318486587825;0,9177238783535155;0,6586441863669917;0,005584351510497876;0,14333177313009562
Societário;Atualização de Contrato Social / Estatuto;;Abraão;2026-03-03 09:05:00;2027-01-12 15:00:00.000000000;2027-01-13 15:00:00.000000000;3,0;;8,0;2027-01-13 15:00:00.000000000;;AHP_APRENDIZAGEM_ESPECIALIZACAO_WORKLOAD;;;;;PENDENTE;True;0,7483896866061538;1,0;0,48465495561350425;0,0;0,6586441863669917;0,08974550023916204;0,0
Contratos;Contrato de Cessão de Direitos Autorais;;Eva;2026-03-03 09:06:00;2026-06-04 15:03:00.000000000;2026-06-05 15:03:00.000000000;3,0;;8,0;2026-06-05 15:03:00.000000000;;AHP_APRENDIZAGEM_ESPECIALIZACAO_WORKLOAD;;;;;PENDENTE;True;0,8067377371951001;1,0;0,030157318486587825;0,9124571073303125;0,6586441863669917;0,005584351510497876;0,14250919931761047
Societário;Avaliação de impactos (societário, contratual, regulatório, concorrencial, trabalhista, tributário);;Abraão;2026-03-03 09:07:00;2027-01-13 15:00:00.000000000;2027-01-14 15:00:00.000000000;3,0;;8,0;2027-01-14 15:00:00.000000000;;AHP_APRENDIZAGEM_ESPECIALIZACAO_WORKLOAD;;;;;PENDENTE;True;0,7483896866061538;1,0;0,48465495561350425;0,0;0,6586441863669917;0,08974550023916204;0,0
Contratos;Contrato de SaaS;;Eva;2026-03-03 09:08:00;2026-06-05 15:03:00.000000000;2026-06-08 15:03:00.000000000;3,0;;8,0;2026-06-08 15:03:00.000000000;;AHP_APRENDIZAGEM_ESPECIALIZACAO_WORKLOAD;;;;;PENDENTE;True;0,8059245509271646;1,0;0,030157318486587825;0,9072504428250453;0,6586441863669917;0,005584351510497876;0,1416960130496751
Regulatório;Interface com áreas de risco, tesouraria e controles internos;;Abraão;2026-03-03 09:09:00;2027-01-14 15:00:00.000000000;2027-01-14 17:00:00.000000000;1,0;;2,0;2027-01-14 17:00:00.000000000;;AHP_APRENDIZAGEM_ESPECIALIZACAO_WORKLOAD;;;;;PENDENTE;True;0,8438181935646629;1,0;1,0;0,0;0,6586441863669917;0,1851740071976712;0,0
Societário;Atas de Reunião e Assembleia;;Abraão;2026-03-03 09:10:00;2027-01-15 09:00:00.000000000;2027-01-15 13:00:00.000000000;2,0;;4,0;2027-01-15 13:00:00.000000000;;AHP_APRENDIZAGEM_ESPECIALIZACAO_WORKLOAD;;;;;PENDENTE;True;0,7483896866061538;1,0;0,48465495561350425;0,0;0,6586441863669917;0,08974550023916204;0,0
Societário;Due diligence;;Abraão;2026-03-03 09:11:00;2027-01-15 13:00:00.000000000;2027-01-20 13:00:00.000000000;5,0;;24,0;2027-01-20 13:00:00.000000000;;AHP_APRENDIZAGEM_ESPECIALIZACAO_WORKLOAD;;;;;PENDENTE;True;0,7483896866061538;1,0;0,48465495561350425;0,0;0,6586441863669917;0,08974550023916204;0,0
Direito digital;Uso de dados para publicidade, remarketing e analytics;;Abraão;2026-03-03 09:12:00;2027-01-20 13:00:00.000000000;2027-01-20 15:00:00.000000000;1,0;;2,0;2027-01-20 15:00:00.000000000;;AHP_APRENDIZAGEM_ESPECIALIZACAO_WORKLOAD;;;;;PENDENTE;True;0,8438181935646629;1,0;1,0;0,0;0,6586441863669917;0,1851740071976712;0,0
Societário;Estruturação de holdings e grupos;;Abraão;2026-03-03 09:13:00;2027-01-20 15:00:00.000000000;2027-01-25 15:00:00.000000000;5,0;;24,0;2027-01-25 15:00:00.000000000;;AHP_APRENDIZAGEM_ESPECIALIZACAO_WORKLOAD;;;;;PENDENTE;True;0,7483896866061538;1,0;0,48465495561350425;0,0;0,6586441863669917;0,08974550023916204;0,0
Societário;Atas de Reunião e Assembleia;;Abraão;2026-03-03 09:14:00;2027-01-25 15:00:00.000000000;2027-01-26 11:00:00.000000000;2,0;;4,0;2027-01-26 11:00:00.000000000;;AHP_APRENDIZAGEM_ESPECIALIZACAO_WORKLOAD;;;;;PENDENTE;True;0,7483896866061538;1,0;0,48465495561350425;0,0;0,6586441863669917;0,08974550023916204;0,0
Contencioso;Contencioso Tributário e Administrativo;;Esaú;2026-03-04 09:00:00;2026-08-24 13:02:00.000000000;2026-08-26 13:02:00.000000000;4,0;;16,0;2026-08-26 13:02:00.000000000;;AHP_APRENDIZAGEM_ESPECIALIZACAO_WORKLOAD;;;;;PENDENTE;True;0,9384648774813702;1,0;1,0;0,6060032604110854;0,6586441863669917;0,1851740071976712;0,09464668391670733
Concorrencial;Análise de exclusividade, não concorrência e cláusulas MFN;;Eva;2026-03-04 09:01:00;2026-06-08 15:03:00.000000000;2026-06-09 09:03:00.000000000;1,0;;2,0;2026-06-09 09:03:00.000000000;;AHP_APRENDIZAGEM_ESPECIALIZACAO_WORKLOAD;;;;;PENDENTE;True;0,9852540758456269;1,0;1,0;0,9055848789885886;0,6586441863669917;0,1851740071976712;0,14143588228096393
Societário;Estruturação de veículos societários (SPVs);;Abraão;2026-03-04 09:02:00;2027-01-26 11:00:00.000000000;2027-01-29 11:00:00.000000000;5,0;;24,0;2027-01-29 11:00:00.000000000;;AHP_APRENDIZAGEM_ESPECIALIZACAO_WORKLOAD;;;;;PENDENTE;True;0,7483896866061538;1,0;0,48465495561350425;0,0;0,6586441863669917;0,08974550023916204;0,0
Societário;Elaboração e negociação de  SHA;;Abraão;2026-03-04 09:03:00;2027-01-29 11:00:00.000000000;2027-02-01 11:00:00.000000000;3,0;;8,0;2027-02-01 11:00:00.000000000;;AHP_APRENDIZAGEM_ESPECIALIZACAO_WORKLOAD;;;;;PENDENTE;True;0,7483896866061538;1,0;0,48465495561350425;0,0;0,6586441863669917;0,08974550023916204;0,0
Governança;Avaliação periódica da efetividade da governança;;Eva;2026-03-04 09:04:00;2026-06-09 09:03:00.000000000;2026-06-10 09:02:59.999999999;3,0;;8,0;2026-06-10 09:02:59.999999999;;AHP_APRENDIZAGEM_ESPECIALIZACAO_WORKLOAD;;;;;PENDENTE;True;0,9853608414008446;1,0;1,0;0,9062684768906392;0,6586441863669917;0,1851740071976712;0,1415426478361816
Societário;Gestão de Advisors e Governança da Operação;;Abraão;2026-03-04 09:05:00;2027-02-01 11:00:00.000000000;2027-02-02 11:00:00.000000000;3,0;;8,0;2027-02-02 11:00:00.000000000;;AHP_APRENDIZAGEM_ESPECIALIZACAO_WORKLOAD;;;;;PENDENTE;True;0,7483896866061538;1,0;0,48465495561350425;0,0;0,6586441863669917;0,08974550023916204;0,0
Societário;Gestão de conflitos societários;;Abraão;2026-03-04 09:06:00;2027-02-02 11:00:00.000000000;2027-02-02 13:00:00.000000000;1,0;;2,0;2027-02-02 13:00:00.000000000;;AHP_APRENDIZAGEM_ESPECIALIZACAO_WORKLOAD;;;;;PENDENTE;True;0,7483896866061538;1,0;0,48465495561350425;0,0;0,6586441863669917;0,08974550023916204;0,0
Contratos;MoU;;Eva;2026-03-04 09:07:00;2026-06-10 09:02:59.999999999;2026-06-10 11:02:59.999999999;1,0;;2,0;2026-06-10 11:02:59.999999999;;AHP_APRENDIZAGEM_ESPECIALIZACAO_WORKLOAD;;;;;PENDENTE;True;0,8050027607418189;1,0;0,02996832119468041;0,9015724908299072;0,6586441863669917;0,005549354124605872;0,1408092202502213
Societário;Elaboração e negociação de LOI;;Abraão;2026-03-04 09:08:00;2027-02-02 13:00:00.000000000;2027-02-03 13:00:00.000000000;3,0;;8,0;2027-02-03 13:00:00.000000000;;AHP_APRENDIZAGEM_ESPECIALIZACAO_WORKLOAD;;;;;PENDENTE;True;0,7483896866061538;1,0;0,48465495561350425;0,0;0,6586441863669917;0,08974550023916204;0,0
Direito digital;Avaliação de bases legais para tratamento de dados;;Abraão;2026-03-04 09:09:00;2027-02-03 13:00:00.000000000;2027-02-03 17:00:00.000000000;2,0;;4,0;2027-02-03 17:00:00.000000000;;AHP_APRENDIZAGEM_ESPECIALIZACAO_WORKLOAD;;;;;PENDENTE;True;0,8438181935646629;1,0;1,0;0,0;0,6586441863669917;0,1851740071976712;0,0
Regulatório;Elaboração de defesas, manifestações e recursos;;Abraão;2026-03-04 09:10:00;2027-02-04 09:00:00.000000000;2027-02-05 17:00:00.000000000;4,0;;16,0;2027-02-05 17:00:00.000000000;;AHP_APRENDIZAGEM_ESPECIALIZACAO_WORKLOAD;;;;;PENDENTE;True;0,8438181935646629;1,0;1,0;0,0;0,6586441863669917;0,1851740071976712;0,0
Contratos;Contrato de Cessão de Direitos Autorais;;Eva;2026-03-04 09:11:00;2026-06-10 11:02:59.999999999;2026-06-11 11:02:59.999999999;3,0;;8,0;2026-06-11 11:02:59.999999999;;AHP_APRENDIZAGEM_ESPECIALIZACAO_WORKLOAD;;;;;PENDENTE;True;0,8050798299877719;1,0;0,02996832119468041;0,9020659493684656;0,6586441863669917;0,005549354124605872;0,1408862894961743
Contratos;Contratos de Seguros ou Previdência;;Eva;2026-03-04 09:12:00;2026-06-11 11:02:59.999999999;2026-06-12 11:02:59.999999999;3,0;;8,0;2026-06-12 11:02:59.999999999;;AHP_APRENDIZAGEM_ESPECIALIZACAO_WORKLOAD;;;;;PENDENTE;True;0,8042642503242752;1,0;0,02996832119468041;0,8968439604434337;0,6586441863669917;0,005549354124605872;0,1400707098326775
Direito digital;Elaboração e atualização de políticas de privacidade e cookies;;Abraão;2026-03-04 09:13:00;2027-02-08 09:00:00.000000000;2027-02-08 17:00:00.000000000;3,0;;8,0;2027-02-08 17:00:00.000000000;;AHP_APRENDIZAGEM_ESPECIALIZACAO_WORKLOAD;;;;;PENDENTE;True;0,8438181935646629;1,0;1,0;0,0;0,6586441863669917;0,1851740071976712;0,0
Societário;Gestão de conflitos societários;;Abraão;2026-03-04 09:14:00;2027-02-09 09:00:00.000000000;2027-02-09 11:00:00.000000000;1,0;;2,0;2027-02-09 11:00:00.000000000;;AHP_APRENDIZAGEM_ESPECIALIZACAO_WORKLOAD;;;;;PENDENTE;True;0,7483896866061538;1,0;0,48465495561350425;0,0;0,6586441863669917;0,08974550023916204;0,0
Societário;Integração societária;;Abraão;2026-03-05 09:00:00;2027-02-09 11:00:00.000000000;2027-02-09 13:00:00.000000000;1,0;;2,0;2027-02-09 13:00:00.000000000;;AHP_APRENDIZAGEM_ESPECIALIZACAO_WORKLOAD;;;;;PENDENTE;True;0,7483896866061538;1,0;0,48465495561350425;0,0;0,6586441863669917;0,08974550023916204;0,0
Societário;Organização de livros societários;;Abraão;2026-03-05 09:01:00;2027-02-09 13:00:00.000000000;2027-02-09 15:00:00.000000000;1,0;;2,0;2027-02-09 15:00:00.000000000;;AHP_APRENDIZAGEM_ESPECIALIZACAO_WORKLOAD;;;;;PENDENTE;True;0,7483896866061538;1,0;0,48465495561350425;0,0;0,6586441863669917;0,08974550023916204;0,0
Propriedade intelectual;Combate à pirataria, concorrência desleal e uso indevido;;Esaú;2026-03-05 09:02:00;2026-08-26 13:02:00.000000000;2026-08-27 09:01:59.999999999;2,0;;4,0;2026-08-27 09:01:59.999999999;;AHP_APRENDIZAGEM_ESPECIALIZACAO_WORKLOAD;;;;;PENDENTE;True;0,9401919603877833;1,0;1,0;0,6170614172209705;0,6586441863669917;0,1851740071976712;0,0963737668231204
Regulatório;Interface com áreas de produto, tecnologia e negócios;;Abraão;2026-03-05 09:03:00;2027-02-09 15:00:00.000000000;2027-02-09 17:00:00.000000000;1,0;;2,0;2027-02-09 17:00:00.000000000;;AHP_APRENDIZAGEM_ESPECIALIZACAO_WORKLOAD;;;;;PENDENTE;True;0,8438181935646629;1,0;1,0;0,0;0,6586441863669917;0,1851740071976712;0,0
Contratos;Letter of Intent;;Eva;2026-03-05 09:04:00;2026-06-12 11:02:59.999999999;2026-06-12 13:02:59.999999999;1,0;;2,0;2026-06-12 13:02:59.999999999;;AHP_APRENDIZAGEM_ESPECIALIZACAO_WORKLOAD;;;;;PENDENTE;True;0,8035915348192716;1,0;0,029795022296414526;0,8927421699200034;0,6586441863669917;0,005517263673171037;0,13943008477910881
Societário;Aumento e redução de capital;;Abraão;2026-03-05 09:05:00;2027-02-10 09:00:00.000000000;2027-02-10 11:00:00.000000000;1,0;;2,0;2027-02-10 11:00:00.000000000;;AHP_APRENDIZAGEM_ESPECIALIZACAO_WORKLOAD;;;;;PENDENTE;True;0,7483896866061538;1,0;0,48465495561350425;0,0;0,6586441863669917;0,08974550023916204;0,0
Societário;Gestão de earn-outs, ajustes de preço e garantias;;Abraão;2026-03-05 09:06:00;2027-02-10 11:00:00.000000000;2027-02-10 13:00:00.000000000;1,0;;2,0;2027-02-10 13:00:00.000000000;;AHP_APRENDIZAGEM_ESPECIALIZACAO_WORKLOAD;;;;;PENDENTE;True;0,7483896866061538;1,0;0,48465495561350425;0,0;0,6586441863669917;0,08974550023916204;0,0
Contratos;Contratos imobiliários;;Eva;2026-03-05 09:07:00;2026-06-12 13:02:59.999999999;2026-06-15 13:03:00.000000000;3,0;;8,0;2026-06-15 13:03:00.000000000;;AHP_APRENDIZAGEM_ESPECIALIZACAO_WORKLOAD;;;;;PENDENTE;True;0,8034334424474168;1,0;0,029795022296414526;0,8917299369623815;0,6586441863669917;0,005517263673171037;0,13927199240725402
Societário;Aumento e redução de capital;;Abraão;2026-03-05 09:08:00;2027-02-10 13:00:00.000000000;2027-02-10 15:00:00.000000000;1,0;;2,0;2027-02-10 15:00:00.000000000;;AHP_APRENDIZAGEM_ESPECIALIZACAO_WORKLOAD;;;;;PENDENTE;True;0,7483896866061538;1,0;0,48465495561350425;0,0;0,6586441863669917;0,08974550023916204;0,0
Societário;Due diligence;;Abraão;2026-03-05 09:09:00;2027-02-10 15:00:00.000000000;2027-02-15 15:00:00.000000000;5,0;;24,0;2027-02-15 15:00:00.000000000;;AHP_APRENDIZAGEM_ESPECIALIZACAO_WORKLOAD;;;;;PENDENTE;True;0,7483896866061538;1,0;0,48465495561350425;0,0;0,6586441863669917;0,08974550023916204;0,0
Societário;Gestão de earn-outs, ajustes de preço e garantias;;Abraão;2026-03-05 09:10:00;2027-02-15 15:00:00.000000000;2027-02-15 17:00:00.000000000;1,0;;2,0;2027-02-15 17:00:00.000000000;;AHP_APRENDIZAGEM_ESPECIALIZACAO_WORKLOAD;;;;;PENDENTE;True;0,7483896866061538;1,0;0,48465495561350425;0,0;0,6586441863669917;0,08974550023916204;0,0
Governança;Benchmarking de melhores práticas;;Eva;2026-03-05 09:11:00;2026-06-15 13:03:00.000000000;2026-06-15 15:03:00.000000000;1,0;;2,0;2026-06-15 15:03:00.000000000;;AHP_APRENDIZAGEM_ESPECIALIZACAO_WORKLOAD;;;;;PENDENTE;True;0,9825990544249409;1,0;1,0;0,8885853226299855;0,6586441863669917;0,1851740071976712;0,13878086086027797
Societário;Consolidação das versões finais dos documentos;;Abraão;2026-03-05 09:12:00;2027-02-16 09:00:00.000000000;2027-02-16 11:00:00.000000000;1,0;;2,0;2027-02-16 11:00:00.000000000;;AHP_APRENDIZAGEM_ESPECIALIZACAO_WORKLOAD;;;;;PENDENTE;True;0,7483896866061538;1,0;0,48465495561350425;0,0;0,6586441863669917;0,08974550023916204;0,0
Societário;Acordo de Sócios / Acionistas;;Abraão;2026-03-05 09:13:00;2027-02-16 11:00:00.000000000;2027-02-17 11:00:00.000000000;3,0;;8,0;2027-02-17 11:00:00.000000000;;AHP_APRENDIZAGEM_ESPECIALIZACAO_WORKLOAD;;;;;PENDENTE;True;0,7483896866061538;1,0;0,48465495561350425;0,0;0,6586441863669917;0,08974550023916204;0,0
Trabalhista;Análise de regimes de jornada e banco de horas;;Eva;2026-03-05 09:14:00;2026-06-15 15:03:00.000000000;2026-06-16 09:03:00.000000000;1,0;;2,0;2026-06-16 09:03:00.000000000;;AHP_APRENDIZAGEM_ESPECIALIZACAO_WORKLOAD;;;;;PENDENTE;True;0,982512038319665;1,0;1,0;0,888028176395979;0,6586441863669917;0,1851740071976712;0,13869384475500218
Societário;Gestão de conflitos societários;;Abraão;2026-03-06 09:00:00;2027-02-17 11:00:00.000000000;2027-02-17 13:00:00.000000000;1,0;;2,0;2027-02-17 13:00:00.000000000;;AHP_APRENDIZAGEM_ESPECIALIZACAO_WORKLOAD;;;;;PENDENTE;True;0,7468202082759404;1,0;0,47617926102782765;0,0;0,6586441863669917;0,0881760219089487;0,0
Direito financeiro;Apoio em processos administrativos regulatórios;;Eva;2026-03-06 09:01:00;2026-06-16 09:03:00.000000000;2026-06-17 09:02:59.999999999;3,0;;8,0;2026-06-17 09:02:59.999999999;;AHP_APRENDIZAGEM_ESPECIALIZACAO_WORKLOAD;;;;;PENDENTE;True;0,9823377979971052;1,0;1,0;0,8869125514295585;0,6586441863669917;0,1851740071976712;0,13851960443244227
Governança;Gestão de fluxo de informações com Conselho de Administração;;Eva;2026-03-06 09:02:00;2026-06-17 09:02:59.999999999;2026-06-17 11:02:59.999999999;1,0;;2,0;2026-06-17 11:02:59.999999999;;AHP_APRENDIZAGEM_ESPECIALIZACAO_WORKLOAD;;;;;PENDENTE;True;0,9815529565824237;1,0;1,0;0,881887373192768;0,6586441863669917;0,1851740071976712;0,1377347630177608
Direito financeiro;Interface com CFO, tesouraria e controladoria;;Eva;2026-03-06 09:03:00;2026-06-17 11:02:59.999999999;2026-06-17 13:02:59.999999999;1,0;;2,0;2026-06-17 13:02:59.999999999;;AHP_APRENDIZAGEM_ESPECIALIZACAO_WORKLOAD;;;;;PENDENTE;True;0,9813567462287534;1,0;1,0;0,8806310786335703;0,6586441863669917;0,1851740071976712;0,1375385526640904
Societário;Organização de livros societários;;Abraão;2026-03-06 09:04:00;2027-02-17 13:00:00.000000000;2027-02-17 15:00:00.000000000;1,0;;2,0;2027-02-17 15:00:00.000000000;;AHP_APRENDIZAGEM_ESPECIALIZACAO_WORKLOAD;;;;;PENDENTE;True;0,7468202082759404;1,0;0,47617926102782765;0,0;0,6586441863669917;0,0881760219089487;0,0
Societário;Elaboração e negociação de  SHA;;Abraão;2026-03-06 09:05:00;2027-02-17 15:00:00.000000000;2027-02-18 15:00:00.000000000;3,0;;8,0;2027-02-18 15:00:00.000000000;;AHP_APRENDIZAGEM_ESPECIALIZACAO_WORKLOAD;;;;;PENDENTE;True;0,7468202082759404;1,0;0,47617926102782765;0,0;0,6586441863669917;0,0881760219089487;0,0
Societário;SPA / SHA e documentos correlatos;;Abraão;2026-03-06 09:06:00;2027-02-18 15:00:00.000000000;2027-02-18 17:00:00.000000000;1,0;;2,0;2027-02-18 17:00:00.000000000;;AHP_APRENDIZAGEM_ESPECIALIZACAO_WORKLOAD;;;;;PENDENTE;True;0,7468202082759404;1,0;0,47617926102782765;0,0;0,6586441863669917;0,0881760219089487;0,0
Societário;Estruturação de regras de governança;;Abraão;2026-03-06 09:07:00;2027-02-19 09:00:00.000000000;2027-02-23 17:00:00.000000000;5,0;;24,0;2027-02-23 17:00:00.000000000;;AHP_APRENDIZAGEM_ESPECIALIZACAO_WORKLOAD;;;;;PENDENTE;True;0,7468202082759404;1,0;0,47617926102782765;0,0;0,6586441863669917;0,0881760219089487;0,0
Societário;Gestão de Advisors e Governança da Operação;;Abraão;2026-03-06 09:08:00;2027-02-24 09:00:00.000000000;2027-02-24 17:00:00.000000000;3,0;;8,0;2027-02-24 17:00:00.000000000;;AHP_APRENDIZAGEM_ESPECIALIZACAO_WORKLOAD;;;;;PENDENTE;True;0,7468202082759404;1,0;0,47617926102782765;0,0;0,6586441863669917;0,0881760219089487;0,0
Societário;Estruturação de veículos societários (SPVs);;Abraão;2026-03-06 09:09:00;2027-02-25 09:00:00.000000000;2027-03-01 17:00:00.000000000;5,0;;24,0;2027-03-01 17:00:00.000000000;;AHP_APRENDIZAGEM_ESPECIALIZACAO_WORKLOAD;;;;;PENDENTE;True;0,7468202082759404;1,0;0,47617926102782765;0,0;0,6586441863669917;0,0881760219089487;0,0
Direito financeiro;Gestão de vencimentos, liberações e substituições de garantias;;Eva;2026-03-06 09:10:00;2026-06-17 13:02:59.999999999;2026-06-17 15:02:59.999999999;1,0;;2,0;2026-06-17 15:02:59.999999999;;AHP_APRENDIZAGEM_ESPECIALIZACAO_WORKLOAD;;;;;PENDENTE;True;0,9819322807081602;1,0;1,0;0,8843161075914416;0,6586441863669917;0,1851740071976712;0,13811408714349727
Societário;Suporte jurídico às negociações comerciais;;Abraão;2026-03-06 09:11:00;2027-03-02 09:00:00.000000000;2027-03-02 17:00:00.000000000;3,0;;8,0;2027-03-02 17:00:00.000000000;;AHP_APRENDIZAGEM_ESPECIALIZACAO_WORKLOAD;;;;;PENDENTE;True;0,7468202082759404;1,0;0,47617926102782765;0,0;0,6586441863669917;0,0881760219089487;0,0
Societário;Avaliação de impactos (societário, contratual, regulatório, concorrencial, trabalhista, tributário);;Abraão;2026-03-06 09:12:00;2027-03-03 09:00:00.000000000;2027-03-03 17:00:00.000000000;3,0;;8,0;2027-03-03 17:00:00.000000000;;AHP_APRENDIZAGEM_ESPECIALIZACAO_WORKLOAD;;;;;PENDENTE;True;0,7468202082759404;1,0;0,47617926102782765;0,0;0,6586441863669917;0,0881760219089487;0,0
Contencioso;Elaboração de recursos;;Esaú;2026-03-06 09:13:00;2026-08-27 09:01:59.999999999;2026-08-31 09:01:59.999999999;4,0;;16,0;2026-08-31 09:01:59.999999999;;AHP_APRENDIZAGEM_ESPECIALIZACAO_WORKLOAD;;;;;PENDENTE;True;0,9444583022908533;1,0;1,0;0,6443779273859127;0,6586441863669917;0,1851740071976712;0,10064010872619032
Societário;Atas de Reunião e Assembleia;;Abraão;2026-03-06 09:14:00;2027-03-04 09:00:00.000000000;2027-03-04 13:00:00.000000000;2,0;;4,0;2027-03-04 13:00:00.000000000;;AHP_APRENDIZAGEM_ESPECIALIZACAO_WORKLOAD;;;;;PENDENTE;True;0,7468202082759404;1,0;0,47617926102782765;0,0;0,6586441863669917;0,0881760219089487;0,0
Contratos;Contrato de Agência, Franquia ou Parceria Empresarial;;Eva;2026-03-09 09:00:00;2026-06-17 15:02:59.999999999;2026-06-18 15:03:00.000000000;3,0;;8,0;2026-06-18 15:03:00.000000000;;AHP_APRENDIZAGEM_ESPECIALIZACAO_WORKLOAD;;;;;PENDENTE;True;0,802248275071344;1,0;0,02949031659362864;0,8845028224486354;0,6586441863669917;0,005460840097170192;0,13814324860718213
Direito digital;Análise de responsabilidades em falhas de segurança;;Abraão;2026-03-09 09:01:00;2027-03-04 13:00:00.000000000;2027-03-04 15:00:00.000000000;1,0;;2,0;2027-03-04 15:00:00.000000000;;AHP_APRENDIZAGEM_ESPECIALIZACAO_WORKLOAD;;;;;PENDENTE;True;0,8438181935646629;1,0;1,0;0,0;0,6586441863669917;0,1851740071976712;0,0
Governança;Trasnparência e divulgação de informações;;Eva;2026-03-09 09:02:00;2026-06-18 15:03:00.000000000;2026-06-19 09:03:00.000000000;1,0;;2,0;2026-06-19 09:03:00.000000000;;AHP_APRENDIZAGEM_ESPECIALIZACAO_WORKLOAD;;;;;PENDENTE;True;0,9812400454066216;1,0;1,0;0,8798838672598817;0,6586441863669917;0,1851740071976712;0,13742185184195868
Societário;Elaboração e negociação de  SPA;;Abraão;2026-03-09 09:03:00;2027-03-04 15:00:00.000000000;2027-03-05 15:00:00.000000000;3,0;;8,0;2027-03-05 15:00:00.000000000;;AHP_APRENDIZAGEM_ESPECIALIZACAO_WORKLOAD;;;;;PENDENTE;True;0,7465792896906992;1,0;0,4748782221353438;0,0;0,6586441863669917;0,08793510332370745;0,0
Societário;Estruturação de regras de governança;;Abraão;2026-03-09 09:04:00;2027-03-05 15:00:00.000000000;2027-03-10 15:00:00.000000000;5,0;;24,0;2027-03-10 15:00:00.000000000;;AHP_APRENDIZAGEM_ESPECIALIZACAO_WORKLOAD;;;;;PENDENTE;True;0,7465601283596046;1,0;0,4747747447014179;0,0;0,6586441863669917;0,08791594199261285;0,0
Societário;Consolidação das versões finais dos documentos;;Abraão;2026-03-09 09:05:00;2027-03-10 15:00:00.000000000;2027-03-10 17:00:00.000000000;1,0;;2,0;2027-03-10 17:00:00.000000000;;AHP_APRENDIZAGEM_ESPECIALIZACAO_WORKLOAD;;;;;PENDENTE;True;0,7465601283596046;1,0;0,4747747447014179;0,0;0,6586441863669917;0,08791594199261285;0,0
Regulatório;Resposta a ofícios, exigências e questionamentos da CVM e do BCB;;Abraão;2026-03-09 09:06:00;2027-03-11 09:00:00.000000000;2027-03-11 11:00:00.000000000;1,0;;2,0;2027-03-11 11:00:00.000000000;;AHP_APRENDIZAGEM_ESPECIALIZACAO_WORKLOAD;;;;;PENDENTE;True;0,8438181935646629;1,0;1,0;0,0;0,6586441863669917;0,1851740071976712;0,0
Direito financeiro;Apoio jurídico em renegociação de dívidas;;Eva;2026-03-09 09:07:00;2026-06-19 09:03:00.000000000;2026-06-22 09:02:59.999999999;3,0;;8,0;2026-06-22 09:02:59.999999999;;AHP_APRENDIZAGEM_ESPECIALIZACAO_WORKLOAD;;;;;PENDENTE;True;0,9814513366022042;1,0;1,0;0,8812367213496445;0,6586441863669917;0,1851740071976712;0,1376331430375413
Societário;Closing da operação;;Abraão;2026-03-09 09:08:00;2027-03-11 11:00:00.000000000;2027-03-11 13:00:00.000000000;1,0;;2,0;2027-03-11 13:00:00.000000000;;AHP_APRENDIZAGEM_ESPECIALIZACAO_WORKLOAD;;;;;PENDENTE;True;0,7465601283596046;1,0;0,4747747447014179;0,0;0,6586441863669917;0,08791594199261285;0,0
Societário;Consolidação das versões finais dos documentos;;Abraão;2026-03-09 09:09:00;2027-03-11 13:00:00.000000000;2027-03-11 15:00:00.000000000;1,0;;2,0;2027-03-11 15:00:00.000000000;;AHP_APRENDIZAGEM_ESPECIALIZACAO_WORKLOAD;;;;;PENDENTE;True;0,7465601283596046;1,0;0,4747747447014179;0,0;0,6586441863669917;0,08791594199261285;0,0
Societário;Estruturação de veículos societários (SPVs);;Abraão;2026-03-09 09:10:00;2027-03-11 15:00:00.000000000;2027-03-16 15:00:00.000000000;5,0;;24,0;2027-03-16 15:00:00.000000000;;AHP_APRENDIZAGEM_ESPECIALIZACAO_WORKLOAD;;;;;PENDENTE;True;0,7465601283596046;1,0;0,4747747447014179;0,0;0,6586441863669917;0,08791594199261285;0,0
Societário;Atos perante Junta Comercial;;Abraão;2026-03-09 09:11:00;2027-03-16 15:00:00.000000000;2027-03-16 17:00:00.000000000;1,0;;2,0;2027-03-16 17:00:00.000000000;;AHP_APRENDIZAGEM_ESPECIALIZACAO_WORKLOAD;;;;;PENDENTE;True;0,7465601283596046;1,0;0,4747747447014179;0,0;0,6586441863669917;0,08791594199261285;0,0
Societário;Avaliação de impactos (societário, contratual, regulatório, concorrencial, trabalhista, tributário);;Abraão;2026-03-09 09:12:00;2027-03-17 09:00:00.000000000;2027-03-17 17:00:00.000000000;3,0;;8,0;2027-03-17 17:00:00.000000000;;AHP_APRENDIZAGEM_ESPECIALIZACAO_WORKLOAD;;;;;PENDENTE;True;0,7465601283596046;1,0;0,4747747447014179;0,0;0,6586441863669917;0,08791594199261285;0,0
Societário;Aumento e redução de capital;;Abraão;2026-03-09 09:13:00;2027-03-18 09:00:00.000000000;2027-03-18 11:00:00.000000000;1,0;;2,0;2027-03-18 11:00:00.000000000;;AHP_APRENDIZAGEM_ESPECIALIZACAO_WORKLOAD;;;;;PENDENTE;True;0,7465601283596046;1,0;0,4747747447014179;0,0;0,6586441863669917;0,08791594199261285;0,0
Contratos;Contrato de Mútuo, Doação ou Comodato;;Eva;2026-03-09 09:14:00;2026-06-22 09:02:59.999999999;2026-06-23 09:02:59.999999999;3,0;;8,0;2026-06-23 09:02:59.999999999;;AHP_APRENDIZAGEM_ESPECIALIZACAO_WORKLOAD;;;;;PENDENTE;True;0,8014494819436655;1,0;0,02949031659362864;0,8793883142616066;0,6586441863669917;0,005460840097170192;0,13734445547950364
Contratos;Contrato de Transferência de Tecnologia;;Eva;2026-03-10 09:00:00;2026-06-23 09:02:59.999999999;2026-06-24 09:02:59.999999999;3,0;;8,0;2026-06-24 09:02:59.999999999;;AHP_APRENDIZAGEM_ESPECIALIZACAO_WORKLOAD;;;;;PENDENTE;True;0,8007139874353508;1,0;0,029356589259763526;0,8748376454080907;0,6586441863669917;0,005436077270886528;0,13663372379747252
Direito financeiro;Monitoramento de mudanças regulatórias;;Eva;2026-03-10 09:01:00;2026-06-24 09:02:59.999999999;2026-06-25 09:02:59.999999999;3,0;;8,0;2026-06-25 09:02:59.999999999;;AHP_APRENDIZAGEM_ESPECIALIZACAO_WORKLOAD;;;;;PENDENTE;True;0,9797411856801043;1,0;1,0;0,8702869765545749;0,6586441863669917;0,1851740071976712;0,13592299211544137
Regulatório;Apoio jurídico em consultas públicas e audiências regulatórias;;Abraão;2026-03-10 09:02:00;2027-03-18 11:00:00.000000000;2027-03-19 11:00:00.000000000;3,0;;8,0;2027-03-19 11:00:00.000000000;;AHP_APRENDIZAGEM_ESPECIALIZACAO_WORKLOAD;;;;;PENDENTE;True;0,8438181935646629;1,0;1,0;0,0;0,6586441863669917;0,1851740071976712;0,0
Societário;Aprovações regulatórias e concorrenciais;;Abraão;2026-03-10 09:03:00;2027-03-19 11:00:00.000000000;2027-03-22 11:00:00.000000000;3,0;;8,0;2027-03-22 11:00:00.000000000;;AHP_APRENDIZAGEM_ESPECIALIZACAO_WORKLOAD;;;;;PENDENTE;True;0,7695247562106774;1,0;0,598791220872171;0,0;0,6586441863669917;0,1108805698436857;0,0
Contratos;Contrato de trabalho;;Eva;2026-03-10 09:04:00;2026-06-25 09:02:59.999999999;2026-06-25 11:02:59.999999999;1,0;;2,0;2026-06-25 11:02:59.999999999;;AHP_APRENDIZAGEM_ESPECIALIZACAO_WORKLOAD;;;;;PENDENTE;True;0,7994816536587936;1,0;0,029356589259763526;0,8669472655701075;0,6586441863669917;0,005436077270886528;0,1354013900209153
Contratos;Contratos Administrativos;;Eva;2026-03-10 09:05:00;2026-06-25 11:02:59.999999999;2026-06-26 11:02:59.999999999;3,0;;8,0;2026-06-26 11:02:59.999999999;;AHP_APRENDIZAGEM_ESPECIALIZACAO_WORKLOAD;;;;;PENDENTE;True;0,7993055733050489;1,0;0,029356589259763526;0,8658198592622692;0,6586441863669917;0,005436077270886528;0,13522530966717056
Societário;Gestão jurídica do encerramento de operações;;Abraão;2026-03-10 09:06:00;2027-03-22 11:00:00.000000000;2027-03-22 13:00:00.000000000;1,0;;2,0;2027-03-22 13:00:00.000000000;;AHP_APRENDIZAGEM_ESPECIALIZACAO_WORKLOAD;;;;;PENDENTE;True;0,7695247562106774;1,0;0,598791220872171;0,0;0,6586441863669917;0,1108805698436857;0,0
Societário;Consolidação das versões finais dos documentos;;Abraão;2026-03-10 09:07:00;2027-03-22 13:00:00.000000000;2027-03-22 15:00:00.000000000;1,0;;2,0;2027-03-22 15:00:00.000000000;;AHP_APRENDIZAGEM_ESPECIALIZACAO_WORKLOAD;;;;;PENDENTE;True;0,7695247562106774;1,0;0,598791220872171;0,0;0,6586441863669917;0,1108805698436857;0,0
Societário;Aumento e redução de capital;;Abraão;2026-03-10 09:08:00;2027-03-22 15:00:00.000000000;2027-03-22 17:00:00.000000000;1,0;;2,0;2027-03-22 17:00:00.000000000;;AHP_APRENDIZAGEM_ESPECIALIZACAO_WORKLOAD;;;;;PENDENTE;True;0,7695247562106774;1,0;0,598791220872171;0,0;0,6586441863669917;0,1108805698436857;0,0
Societário;Elaboração e negociação de  SHA;;Abraão;2026-03-10 09:09:00;2027-03-23 09:00:00.000000000;2027-03-23 17:00:00.000000000;3,0;;8,0;2027-03-23 17:00:00.000000000;;AHP_APRENDIZAGEM_ESPECIALIZACAO_WORKLOAD;;;;;PENDENTE;True;0,7695247562106774;1,0;0,598791220872171;0,0;0,6586441863669917;0,1108805698436857;0,0
Governança;Código de Conduta;;Eva;2026-03-10 09:10:00;2026-06-26 11:02:59.999999999;2026-06-26 13:02:59.999999999;1,0;;2,0;2026-06-26 13:02:59.999999999;;AHP_APRENDIZAGEM_ESPECIALIZACAO_WORKLOAD;;;;;PENDENTE;True;0,9785087871196054;1,0;1,0;0,8623961819183312;0,6586441863669917;0,1851740071976712;0,13469059355494256
Propriedade intelectual;Depósito, acompanhamento e manutenção de registros de marcas;;Esaú;2026-03-10 09:11:00;2026-08-31 09:01:59.999999999;2026-08-31 11:01:59.999999999;1,0;;2,0;2026-08-31 11:01:59.999999999;;AHP_APRENDIZAGEM_ESPECIALIZACAO_WORKLOAD;;;;;PENDENTE;True;0,9465398436403023;1,0;1,0;0,657705608739828;0,6586441863669917;0,1851740071976712;0,10272165007563937
Societário;Estruturação de regras de governança;;Abraão;2026-03-10 09:12:00;2027-03-24 09:00:00.000000000;2027-03-26 17:00:00.000000000;5,0;;24,0;2027-03-26 17:00:00.000000000;;AHP_APRENDIZAGEM_ESPECIALIZACAO_WORKLOAD;;;;;PENDENTE;True;0,7695247562106774;1,0;0,598791220872171;0,0;0,6586441863669917;0,1108805698436857;0,0
Concorrencial;Contencioso Administrativo Concorrencial;;Eva;2026-03-10 09:13:00;2026-06-26 13:02:59.999999999;2026-06-30 13:03:00.000000000;4,0;;16,0;2026-06-30 13:03:00.000000000;;AHP_APRENDIZAGEM_ESPECIALIZACAO_WORKLOAD;;;;;PENDENTE;True;0,9786210538786405;1,0;1,0;0,8631150028975308;0,6586441863669917;0,1851740071976712;0,1348028603139776
Direito financeiro;Avaliação de endividamento e garantias;;Eva;2026-03-10 09:14:00;2026-06-30 13:03:00.000000000;2026-06-30 15:03:00.000000000;1,0;;2,0;2026-06-30 15:03:00.000000000;;AHP_APRENDIZAGEM_ESPECIALIZACAO_WORKLOAD;;;;;PENDENTE;True;0,9772419523952023;1,0;1,0;0,8542848996037185;0,6586441863669917;0,1851740071976712;0,13342375883053934
Trabalhista;Gestão de escritórios externos;;Eva;2026-03-11 09:00:00;2026-06-30 15:03:00.000000000;2026-07-01 09:03:00.000000000;1,0;;2,0;2026-07-01 09:03:00.000000000;;AHP_APRENDIZAGEM_ESPECIALIZACAO_WORKLOAD;;;;;PENDENTE;True;0,9770695647097725;1,0;1,0;0,8531811366919918;0,6586441863669917;0,1851740071976712;0,13325137114510954
Contratos;Contrato de Joint Venture;;Eva;2026-03-11 09:01:00;2026-07-01 09:03:00.000000000;2026-07-06 09:03:00.000000000;5,0;;24,0;2026-07-06 09:03:00.000000000;;AHP_APRENDIZAGEM_ESPECIALIZACAO_WORKLOAD;;;;;PENDENTE;True;0,7971365279759839;1,0;0,029233898597515604;0,8520773737802654;0,6586441863669917;0,005413358149312344;0,13307898345967978
Societário;Acordo de Sócios / Acionistas;;Abraão;2026-03-11 09:02:00;2027-03-29 09:00:00.000000000;2027-03-29 17:00:00.000000000;3,0;;8,0;2027-03-29 17:00:00.000000000;;AHP_APRENDIZAGEM_ESPECIALIZACAO_WORKLOAD;;;;;PENDENTE;True;0,7695247562106774;1,0;0,598791220872171;0,0;0,6586441863669917;0,1108805698436857;0,0
Regulatório;Atuação em processos administrativos na CVM e no BCB;;Abraão;2026-03-11 09:03:00;2027-03-30 09:00:00.000000000;2027-03-30 11:00:00.000000000;1,0;;2,0;2027-03-30 11:00:00.000000000;;AHP_APRENDIZAGEM_ESPECIALIZACAO_WORKLOAD;;;;;PENDENTE;True;0,8438181935646629;1,0;1,0;0,0;0,6586441863669917;0,1851740071976712;0,0
Societário;Due diligence;;Abraão;2026-03-11 09:04:00;2027-03-30 11:00:00.000000000;2027-04-02 11:00:00.000000000;5,0;;24,0;2027-04-02 11:00:00.000000000;;AHP_APRENDIZAGEM_ESPECIALIZACAO_WORKLOAD;;;;;PENDENTE;True;0,7695247562106774;1,0;0,598791220872171;0,0;0,6586441863669917;0,1108805698436857;0,0
Societário;Reorganizações societárias internas;;Abraão;2026-03-11 09:05:00;2027-04-02 11:00:00.000000000;2027-04-07 11:00:00.000000000;5,0;;24,0;2027-04-07 11:00:00.000000000;;AHP_APRENDIZAGEM_ESPECIALIZACAO_WORKLOAD;;;;;PENDENTE;True;0,7695247562106774;1,0;0,598791220872171;0,0;0,6586441863669917;0,1108805698436857;0,0
Societário;Acordo de Sócios / Acionistas;;Abraão;2026-03-11 09:06:00;2027-04-07 11:00:00.000000000;2027-04-08 11:00:00.000000000;3,0;;8,0;2027-04-08 11:00:00.000000000;;AHP_APRENDIZAGEM_ESPECIALIZACAO_WORKLOAD;;;;;PENDENTE;True;0,7695247562106774;1,0;0,598791220872171;0,0;0,6586441863669917;0,1108805698436857;0,0
Societário;Suporte jurídico às negociações comerciais;;Abraão;2026-03-11 09:07:00;2027-04-08 11:00:00.000000000;2027-04-09 11:00:00.000000000;3,0;;8,0;2027-04-09 11:00:00.000000000;;AHP_APRENDIZAGEM_ESPECIALIZACAO_WORKLOAD;;;;;PENDENTE;True;0,7695247562106774;1,0;0,598791220872171;0,0;0,6586441863669917;0,1108805698436857;0,0
Societário;Due diligence societária;;Abraão;2026-03-11 09:08:00;2027-04-09 11:00:00.000000000;2027-04-14 11:00:00.000000000;5,0;;24,0;2027-04-14 11:00:00.000000000;;AHP_APRENDIZAGEM_ESPECIALIZACAO_WORKLOAD;;;;;PENDENTE;True;0,7695247562106774;1,0;0,598791220872171;0,0;0,6586441863669917;0,1108805698436857;0,0
Societário;Reorganizações societárias internas;;Abraão;2026-03-11 09:09:00;2027-04-14 11:00:00.000000000;2027-04-19 11:00:00.000000000;5,0;;24,0;2027-04-19 11:00:00.000000000;;AHP_APRENDIZAGEM_ESPECIALIZACAO_WORKLOAD;;;;;PENDENTE;True;0,7695247562106774;1,0;0,598791220872171;0,0;0,6586441863669917;0,1108805698436857;0,0
Direito digital;Apoio jurídico ao Encarregado/DPO;;Abraão;2026-03-11 09:10:00;2027-04-19 11:00:00.000000000;2027-04-19 13:00:00.000000000;1,0;;2,0;2027-04-19 13:00:00.000000000;;AHP_APRENDIZAGEM_ESPECIALIZACAO_WORKLOAD;;;;;PENDENTE;True;0,8438181935646629;1,0;1,0;0,0;0,6586441863669917;0,1851740071976712;0,0
Contratos;Contrato de Hosting;;Eva;2026-03-11 09:11:00;2026-07-06 09:03:00.000000000;2026-07-07 09:02:59.999999999;3,0;;8,0;2026-07-07 09:02:59.999999999;;AHP_APRENDIZAGEM_ESPECIALIZACAO_WORKLOAD;;;;;PENDENTE;True;0,7966801122154488;1,0;0,029233898597515604;0,8491550374918574;0,6586441863669917;0,005413358149312344;0,13262256769914468
Societário;Gestão de passivos;;Abraão;2026-03-11 09:12:00;2027-04-19 13:00:00.000000000;2027-04-19 15:00:00.000000000;1,0;;2,0;2027-04-19 15:00:00.000000000;;AHP_APRENDIZAGEM_ESPECIALIZACAO_WORKLOAD;;;;;PENDENTE;True;0,7695247562106774;1,0;0,598791220872171;0,0;0,6586441863669917;0,1108805698436857;0,0
Societário;Gestão de passivos;;Abraão;2026-03-11 09:13:00;2027-04-19 15:00:00.000000000;2027-04-19 17:00:00.000000000;1,0;;2,0;2027-04-19 17:00:00.000000000;;AHP_APRENDIZAGEM_ESPECIALIZACAO_WORKLOAD;;;;;PENDENTE;True;0,7695247562106774;1,0;0,598791220872171;0,0;0,6586441863669917;0,1108805698436857;0,0
Societário;Integração societária;;Abraão;2026-03-11 09:14:00;2027-04-20 09:00:00.000000000;2027-04-20 11:00:00.000000000;1,0;;2,0;2027-04-20 11:00:00.000000000;;AHP_APRENDIZAGEM_ESPECIALIZACAO_WORKLOAD;;;;;PENDENTE;True;0,7695247562106774;1,0;0,598791220872171;0,0;0,6586441863669917;0,1108805698436857;0,0
Contratos;Contrato de Cessão de Crédito;;Eva;2026-03-12 09:00:00;2026-07-07 09:02:59.999999999;2026-07-08 09:02:59.999999999;3,0;;8,0;2026-07-08 09:02:59.999999999;;AHP_APRENDIZAGEM_ESPECIALIZACAO_WORKLOAD;;;;;PENDENTE;True;0,7960886639977595;1,0;0,02912132068366987;0,8455015920151792;0,6586441863669917;0,005392511645883575;0,13205196598488408
Societário;Estruturação de regras de governança;;Abraão;2026-03-12 09:01:00;2027-04-20 11:00:00.000000000;2027-04-23 11:00:00.000000000;5,0;;24,0;2027-04-23 11:00:00.000000000;;AHP_APRENDIZAGEM_ESPECIALIZACAO_WORKLOAD;;;;;PENDENTE;True;0,7695247562106774;1,0;0,598791220872171;0,0;0,6586441863669917;0,1108805698436857;0,0
Contratos;Contratos de Seguros ou Previdência;;Eva;2026-03-12 09:02:00;2026-07-08 09:02:59.999999999;2026-07-09 09:02:59.999999999;3,0;;8,0;2026-07-09 09:02:59.999999999;;AHP_APRENDIZAGEM_ESPECIALIZACAO_WORKLOAD;;;;;PENDENTE;True;0,7957476955524495;1,0;0,02912132068366987;0,8433184411534232;0,6586441863669917;0,005392511645883575;0,1317109975395742
Societário;Estruturação de veículos societários (SPVs);;Abraão;2026-03-12 09:03:00;2027-04-23 11:00:00.000000000;2027-04-28 11:00:00.000000000;5,0;;24,0;2027-04-28 11:00:00.000000000;;AHP_APRENDIZAGEM_ESPECIALIZACAO_WORKLOAD;;;;;PENDENTE;True;0,7695247562106774;1,0;0,598791220872171;0,0;0,6586441863669917;0,1108805698436857;0,0
Societário;Elaboração e negociação de  SPA;;Abraão;2026-03-12 09:04:00;2027-04-28 11:00:00.000000000;2027-04-29 11:00:00.000000000;3,0;;8,0;2027-04-29 11:00:00.000000000;;AHP_APRENDIZAGEM_ESPECIALIZACAO_WORKLOAD;;;;;PENDENTE;True;0,7695247562106774;1,0;0,598791220872171;0,0;0,6586441863669917;0,1108805698436857;0,0
Concorrencial;Programa de Compliance Concorrencial;;Eva;2026-03-12 09:05:00;2026-07-09 09:02:59.999999999;2026-07-10 09:02:59.999999999;3,0;;8,0;2026-07-10 09:02:59.999999999;;AHP_APRENDIZAGEM_ESPECIALIZACAO_WORKLOAD;;;;;PENDENTE;True;0,9752957614459226;1,0;1,0;0,8418238390378354;0,6586441863669917;0,1851740071976712;0,13147756788125958
Societário;Due diligence;;Abraão;2026-03-12 09:06:00;2027-04-29 11:00:00.000000000;2027-05-04 11:00:00.000000000;5,0;;24,0;2027-05-04 11:00:00.000000000;;AHP_APRENDIZAGEM_ESPECIALIZACAO_WORKLOAD;;;;;PENDENTE;True;0,7695247562106774;1,0;0,598791220872171;0,0;0,6586441863669917;0,1108805698436857;0,0
Contratos;Contrato de Cessão de Crédito;;Eva;2026-03-12 09:07:00;2026-07-10 09:02:59.999999999;2026-07-13 09:02:59.999999999;3,0;;8,0;2026-07-13 09:02:59.999999999;;AHP_APRENDIZAGEM_ESPECIALIZACAO_WORKLOAD;;;;;PENDENTE;True;0,7951895586053254;1,0;0,02912132068366987;0,8397448050183126;0,6586441863669917;0,005392511645883575;0,13115286059245
Societário;Análise jurídica preliminar e de estrutura da operação;;Abraão;2026-03-12 09:08:00;2027-05-04 11:00:00.000000000;2027-05-07 11:00:00.000000000;5,0;;24,0;2027-05-07 11:00:00.000000000;;AHP_APRENDIZAGEM_ESPECIALIZACAO_WORKLOAD;;;;;PENDENTE;True;0,7695247562106774;1,0;0,598791220872171;0,0;0,6586441863669917;0,1108805698436857;0,0
Concorrencial;Gestão de canal de dúvidas;;Eva;2026-03-12 09:09:00;2026-07-13 09:02:59.999999999;2026-07-13 11:02:59.999999999;1,0;;2,0;2026-07-13 11:02:59.999999999;;AHP_APRENDIZAGEM_ESPECIALIZACAO_WORKLOAD;;;;;PENDENTE;True;0,9746539646966643;1,0;1,0;0,8377145463877733;0,6586441863669917;0,1851740071976712;0,13083577113200143
Societário;Due diligence societária;;Abraão;2026-03-12 09:10:00;2027-05-07 11:00:00.000000000;2027-05-12 11:00:00.000000000;5,0;;24,0;2027-05-12 11:00:00.000000000;;AHP_APRENDIZAGEM_ESPECIALIZACAO_WORKLOAD;;;;;PENDENTE;True;0,7695247562106774;1,0;0,598791220872171;0,0;0,6586441863669917;0,1108805698436857;0,0
Societário;Atualização de Contrato Social / Estatuto;;Abraão;2026-03-12 09:11:00;2027-05-12 11:00:00.000000000;2027-05-13 11:00:00.000000000;3,0;;8,0;2027-05-13 11:00:00.000000000;;AHP_APRENDIZAGEM_ESPECIALIZACAO_WORKLOAD;;;;;PENDENTE;True;0,7695247562106774;1,0;0,598791220872171;0,0;0,6586441863669917;0,1108805698436857;0,0
Societário;Closing da operação;;Abraão;2026-03-12 09:12:00;2027-05-13 11:00:00.000000000;2027-05-13 13:00:00.000000000;1,0;;2,0;2027-05-13 13:00:00.000000000;;AHP_APRENDIZAGEM_ESPECIALIZACAO_WORKLOAD;;;;;PENDENTE;True;0,7695247562106774;1,0;0,598791220872171;0,0;0,6586441863669917;0,1108805698436857;0,0
Regulatório;Elaboração de defesas, manifestações e recursos;;Abraão;2026-03-12 09:13:00;2027-05-13 13:00:00.000000000;2027-05-17 13:00:00.000000000;4,0;;16,0;2027-05-17 13:00:00.000000000;;AHP_APRENDIZAGEM_ESPECIALIZACAO_WORKLOAD;;;;;PENDENTE;True;0,8438181935646629;1,0;1,0;0,0;0,6586441863669917;0,1851740071976712;0,0
Contratos;MoU;;Eva;2026-03-12 09:14:00;2026-07-13 11:02:59.999999999;2026-07-13 13:02:59.999999999;1,0;;2,0;2026-07-13 13:02:59.999999999;;AHP_APRENDIZAGEM_ESPECIALIZACAO_WORKLOAD;;;;;PENDENTE;True;0,7953280730311812;1,0;0,02912132068366987;0,8406316844123813;0,6586441863669917;0,005392511645883575;0,13129137501830593
Societário;Regularização societária;;Abraão;2026-03-13 09:00:00;2027-05-17 13:00:00.000000000;2027-05-18 13:00:00.000000000;3,0;;8,0;2027-05-18 13:00:00.000000000;;AHP_APRENDIZAGEM_ESPECIALIZACAO_WORKLOAD;;;;;PENDENTE;True;0,7884916162516217;1,0;0,7012184477166888;0,0;0,6586441863669917;0,12984742988462997;0,0
Societário;SPA / SHA e documentos correlatos;;Abraão;2026-03-13 09:01:00;2027-05-18 13:00:00.000000000;2027-05-18 15:00:00.000000000;1,0;;2,0;2027-05-18 15:00:00.000000000;;AHP_APRENDIZAGEM_ESPECIALIZACAO_WORKLOAD;;;;;PENDENTE;True;0,7884916162516217;1,0;0,7012184477166888;0,0;0,6586441863669917;0,12984742988462997;0,0
Contratos;Contratos imobiliários;;Eva;2026-03-13 09:02:00;2026-07-13 13:02:59.999999999;2026-07-14 13:03:00.000000000;3,0;;8,0;2026-07-14 13:03:00.000000000;;AHP_APRENDIZAGEM_ESPECIALIZACAO_WORKLOAD;;;;;PENDENTE;True;0,7952788099014361;1,0;0,029018010985509796;0,8404387499109679;0,6586441863669917;0,0053733813750928925;0,13126124215935148
Contratos;Contrato de SaaS;;Eva;2026-03-13 09:03:00;2026-07-14 13:03:00.000000000;2026-07-15 13:03:00.000000000;3,0;;8,0;2026-07-15 13:03:00.000000000;;AHP_APRENDIZAGEM_ESPECIALIZACAO_WORKLOAD;;;;;PENDENTE;True;0,7946855219908879;1,0;0,029018010985509796;0,8366400493831069;0,6586441863669917;0,0053733813750928925;0,1306679542488033
Societário;Integração societária;;Abraão;2026-03-13 09:04:00;2027-05-18 15:00:00.000000000;2027-05-18 17:00:00.000000000;1,0;;2,0;2027-05-18 17:00:00.000000000;;AHP_APRENDIZAGEM_ESPECIALIZACAO_WORKLOAD;;;;;PENDENTE;True;0,7884916162516217;1,0;0,7012184477166888;0,0;0,6586441863669917;0,12984742988462997;0,0
Societário;Atos perante Junta Comercial;;Abraão;2026-03-13 09:05:00;2027-05-19 09:00:00.000000000;2027-05-19 11:00:00.000000000;1,0;;2,0;2027-05-19 11:00:00.000000000;;AHP_APRENDIZAGEM_ESPECIALIZACAO_WORKLOAD;;;;;PENDENTE;True;0,7884916162516217;1,0;0,7012184477166888;0,0;0,6586441863669917;0,12984742988462997;0,0
Contratos;NDA;;Eva;2026-03-13 09:06:00;2026-07-15 13:03:00.000000000;2026-07-15 15:03:00.000000000;1,0;;2,0;2026-07-15 15:03:00.000000000;;AHP_APRENDIZAGEM_ESPECIALIZACAO_WORKLOAD;;;;;PENDENTE;True;0,7941417266799914;1,0;0,029018010985509796;0,8331582397965228;0,6586441863669917;0,0053733813750928925;0,13012415893790671
Contratos;Contrato de Licença de Uso de Marca;;Eva;2026-03-13 09:07:00;2026-07-15 15:03:00.000000000;2026-07-16 15:03:00.000000000;3,0;;8,0;2026-07-16 15:03:00.000000000;;AHP_APRENDIZAGEM_ESPECIALIZACAO_WORKLOAD;;;;;PENDENTE;True;0,7939936858836798;1,0;0,029018010985509796;0,832210365010782;0,6586441863669917;0,0053733813750928925;0,1299761181415952
Societário;Closing da operação;;Abraão;2026-03-13 09:08:00;2027-05-19 11:00:00.000000000;2027-05-19 13:00:00.000000000;1,0;;2,0;2027-05-19 13:00:00.000000000;;AHP_APRENDIZAGEM_ESPECIALIZACAO_WORKLOAD;;;;;PENDENTE;True;0,7884916162516217;1,0;0,7012184477166888;0,0;0,6586441863669917;0,12984742988462997;0,0
Societário;Estruturação de regras de governança;;Abraão;2026-03-13 09:09:00;2027-05-19 13:00:00.000000000;2027-05-24 13:00:00.000000000;5,0;;24,0;2027-05-24 13:00:00.000000000;;AHP_APRENDIZAGEM_ESPECIALIZACAO_WORKLOAD;;;;;PENDENTE;True;0,7884916162516217;1,0;0,7012184477166888;0,0;0,6586441863669917;0,12984742988462997;0,0
Contratos;Contrato de compra e venda;;Eva;2026-03-13 09:10:00;2026-07-16 15:03:00.000000000;2026-07-17 15:03:00.000000000;3,0;;8,0;2026-07-17 15:03:00.000000000;;AHP_APRENDIZAGEM_ESPECIALIZACAO_WORKLOAD;;;;;PENDENTE;True;0,7937277163196951;1,0;0,029018010985509796;0,8305074165684814;0,6586441863669917;0,0053733813750928925;0,12971014857761043
Regulatório;Apoio jurídico à governança de instituições reguladas;;Abraão;2026-03-13 09:11:00;2027-05-24 13:00:00.000000000;2027-05-25 13:00:00.000000000;3,0;;8,0;2027-05-25 13:00:00.000000000;;AHP_APRENDIZAGEM_ESPECIALIZACAO_WORKLOAD;;;;;PENDENTE;True;0,8438181935646629;1,0;1,0;0,0;0,6586441863669917;0,1851740071976712;0,0
Governança;Política de PLDFTP e Fraudes;;Eva;2026-03-13 09:12:00;2026-07-17 15:03:00.000000000;2026-07-20 15:03:00.000000000;3,0;;8,0;2026-07-20 15:03:00.000000000;;AHP_APRENDIZAGEM_ESPECIALIZACAO_WORKLOAD;;;;;PENDENTE;True;0,9730443452881525;1,0;1,0;0,8274084842077442;0,6586441863669917;0,1851740071976712;0,12922615172348959
Societário;Elaboração e negociação de LOI;;Abraão;2026-03-13 09:13:00;2027-05-25 13:00:00.000000000;2027-05-26 13:00:00.000000000;3,0;;8,0;2027-05-26 13:00:00.000000000;;AHP_APRENDIZAGEM_ESPECIALIZACAO_WORKLOAD;;;;;PENDENTE;True;0,7884916162516217;1,0;0,7012184477166888;0,0;0,6586441863669917;0,12984742988462997;0,0
Societário;Aumento e redução de capital;;Abraão;2026-03-13 09:14:00;2027-05-26 13:00:00.000000000;2027-05-26 15:00:00.000000000;1,0;;2,0;2027-05-26 15:00:00.000000000;;AHP_APRENDIZAGEM_ESPECIALIZACAO_WORKLOAD;;;;;PENDENTE;True;0,7884916162516217;1,0;0,7012184477166888;0,0;0,6586441863669917;0,12984742988462997;0,0
Contratos;Contrato de Manutenção de Sistemas;;Eva;2026-03-16 09:00:00;2026-07-20 15:03:00.000000000;2026-07-21 15:03:00.000000000;3,0;;8,0;2026-07-21 15:03:00.000000000;;AHP_APRENDIZAGEM_ESPECIALIZACAO_WORKLOAD;;;;;PENDENTE;True;0,7927712387965276;1,0;0,028923197220104956;0,8244957017617458;0,6586441863669917;0,005355824330215379;0,1287712280993204
Societário;Organização de livros societários;;Abraão;2026-03-16 09:01:00;2027-05-26 15:00:00.000000000;2027-05-26 17:00:00.000000000;1,0;;2,0;2027-05-26 17:00:00.000000000;;AHP_APRENDIZAGEM_ESPECIALIZACAO_WORKLOAD;;;;;PENDENTE;True;0,7884916162516217;1,0;0,7012184477166888;0,0;0,6586441863669917;0,12984742988462997;0,0
Societário;Regularização societária;;Abraão;2026-03-16 09:02:00;2027-05-27 09:00:00.000000000;2027-05-27 17:00:00.000000000;3,0;;8,0;2027-05-27 17:00:00.000000000;;AHP_APRENDIZAGEM_ESPECIALIZACAO_WORKLOAD;;;;;PENDENTE;True;0,7884916162516217;1,0;0,7012184477166888;0,0;0,6586441863669917;0,12984742988462997;0,0
Societário;Estruturação jurídica de carve-outs, spin-offs e alienação de ativos;;Abraão;2026-03-16 09:03:00;2027-05-28 09:00:00.000000000;2027-06-01 17:00:00.000000000;5,0;;24,0;2027-06-01 17:00:00.000000000;;AHP_APRENDIZAGEM_ESPECIALIZACAO_WORKLOAD;;;;;PENDENTE;True;0,7884916162516217;1,0;0,7012184477166888;0,0;0,6586441863669917;0,12984742988462997;0,0
Societário;Aprovações regulatórias e concorrenciais;;Abraão;2026-03-16 09:04:00;2027-06-02 09:00:00.000000000;2027-06-02 17:00:00.000000000;3,0;;8,0;2027-06-02 17:00:00.000000000;;AHP_APRENDIZAGEM_ESPECIALIZACAO_WORKLOAD;;;;;PENDENTE;True;0,7884916162516217;1,0;0,7012184477166888;0,0;0,6586441863669917;0,12984742988462997;0,0
Concorrencial;Programa de Compliance Concorrencial;;Eva;2026-03-16 09:05:00;2026-07-21 15:03:00.000000000;2026-07-22 15:03:00.000000000;3,0;;8,0;2026-07-22 15:03:00.000000000;;AHP_APRENDIZAGEM_ESPECIALIZACAO_WORKLOAD;;;;;PENDENTE;True;0,9725446990288525;1,0;1,0;0,8242093519227245;0,6586441863669917;0,1851740071976712;0,1287265054641896
Contratos;Contrato de Distribuição;;Eva;2026-03-16 09:06:00;2026-07-22 15:03:00.000000000;2026-07-23 15:03:00.000000000;3,0;;8,0;2026-07-23 15:03:00.000000000;;AHP_APRENDIZAGEM_ESPECIALIZACAO_WORKLOAD;;;;;PENDENTE;True;0,7921575435136918;1,0;0,028923197220104956;0,820566337024312;0,6586441863669917;0,005355824330215379;0,1281575328164847
Contratos;Contrato de Agência, Franquia ou Parceria Empresarial;;Eva;2026-03-16 09:07:00;2026-07-23 15:03:00.000000000;2026-07-24 15:03:00.000000000;3,0;;8,0;2026-07-24 15:03:00.000000000;;AHP_APRENDIZAGEM_ESPECIALIZACAO_WORKLOAD;;;;;PENDENTE;True;0,7915885708659869;1,0;0,028923197220104956;0,8169233221258995;0,6586441863669917;0,005355824330215379;0,12758856016877979
Contratos;Contrato de compra e venda;;Eva;2026-03-16 09:08:00;2026-07-24 15:03:00.000000000;2026-07-27 15:03:00.000000000;3,0;;8,0;2026-07-27 15:03:00.000000000;;AHP_APRENDIZAGEM_ESPECIALIZACAO_WORKLOAD;;;;;PENDENTE;True;0,791019598218282;1,0;0,028923197220104956;0,8132803072274871;0,6586441863669917;0,005355824330215379;0,1270195875210749
Direito financeiro;Interpretação de normas do Banco Central e do CMN;;Eva;2026-03-16 09:09:00;2026-07-27 15:03:00.000000000;2026-07-28 09:03:00.000000000;1,0;;2,0;2026-07-28 09:03:00.000000000;;AHP_APRENDIZAGEM_ESPECIALIZACAO_WORKLOAD;;;;;PENDENTE;True;0,9702688084380329;1,0;1,0;0,8096372923290743;0,6586441863669917;0,1851740071976712;0,12645061487336992
Regulatório;Resposta a ofícios, exigências e questionamentos da CVM e do BCB;;Abraão;2026-03-16 09:10:00;2027-06-03 09:00:00.000000000;2027-06-03 11:00:00.000000000;1,0;;2,0;2027-06-03 11:00:00.000000000;;AHP_APRENDIZAGEM_ESPECIALIZACAO_WORKLOAD;;;;;PENDENTE;True;0,8438181935646629;1,0;1,0;0,0;0,6586441863669917;0,1851740071976712;0,0
Societário;Consolidação das versões finais dos documentos;;Abraão;2026-03-16 09:11:00;2027-06-03 11:00:00.000000000;2027-06-03 13:00:00.000000000;1,0;;2,0;2027-06-03 13:00:00.000000000;;AHP_APRENDIZAGEM_ESPECIALIZACAO_WORKLOAD;;;;;PENDENTE;True;0,7884916162516217;1,0;0,7012184477166888;0,0;0,6586441863669917;0,12984742988462997;0,0
Societário;Suporte jurídico às negociações comerciais;;Abraão;2026-03-16 09:12:00;2027-06-03 13:00:00.000000000;2027-06-04 13:00:00.000000000;3,0;;8,0;2027-06-04 13:00:00.000000000;;AHP_APRENDIZAGEM_ESPECIALIZACAO_WORKLOAD;;;;;PENDENTE;True;0,7884916162516217;1,0;0,7012184477166888;0,0;0,6586441863669917;0,12984742988462997;0,0
Societário;Organização de livros societários;;Abraão;2026-03-16 09:13:00;2027-06-04 13:00:00.000000000;2027-06-04 15:00:00.000000000;1,0;;2,0;2027-06-04 15:00:00.000000000;;AHP_APRENDIZAGEM_ESPECIALIZACAO_WORKLOAD;;;;;PENDENTE;True;0,7884916162516217;1,0;0,7012184477166888;0,0;0,6586441863669917;0,12984742988462997;0,0
Societário;Atas de Reunião e Assembleia;;Abraão;2026-03-16 09:14:00;2027-06-04 15:00:00.000000000;2027-06-07 11:00:00.000000000;2,0;;4,0;2027-06-07 11:00:00.000000000;;AHP_APRENDIZAGEM_ESPECIALIZACAO_WORKLOAD;;;;;PENDENTE;True;0,7884916162516217;1,0;0,7012184477166888;0,0;0,6586441863669917;0,12984742988462997;0,0
Societário;Atualização de Contrato Social / Estatuto;;Abraão;2026-03-17 09:00:00;2027-06-07 11:00:00.000000000;2027-06-08 11:00:00.000000000;3,0;;8,0;2027-06-08 11:00:00.000000000;;AHP_APRENDIZAGEM_ESPECIALIZACAO_WORKLOAD;;;;;PENDENTE;True;0,7884916162516217;1,0;0,7012184477166888;0,0;0,6586441863669917;0,12984742988462997;0,0
Societário;Estruturação de regras de governança;;Abraão;2026-03-17 09:01:00;2027-06-08 11:00:00.000000000;2027-06-11 11:00:00.000000000;5,0;;24,0;2027-06-11 11:00:00.000000000;;AHP_APRENDIZAGEM_ESPECIALIZACAO_WORKLOAD;;;;;PENDENTE;True;0,7884916162516217;1,0;0,7012184477166888;0,0;0,6586441863669917;0,12984742988462997;0,0
Direito digital;Atendimento a direitos dos titulares (DSARs);;Abraão;2026-03-17 09:02:00;2027-06-11 11:00:00.000000000;2027-06-11 13:00:00.000000000;1,0;;2,0;2027-06-11 13:00:00.000000000;;AHP_APRENDIZAGEM_ESPECIALIZACAO_WORKLOAD;;;;;PENDENTE;True;0,8438181935646629;1,0;1,0;0,0;0,6586441863669917;0,1851740071976712;0,0
Societário;Due diligence;;Abraão;2026-03-17 09:03:00;2027-06-11 13:00:00.000000000;2027-06-16 13:00:00.000000000;5,0;;24,0;2027-06-16 13:00:00.000000000;;AHP_APRENDIZAGEM_ESPECIALIZACAO_WORKLOAD;;;;;PENDENTE;True;0,7884916162516217;1,0;0,7012184477166888;0,0;0,6586441863669917;0,12984742988462997;0,0
Societário;Estruturação societária internacional;;Abraão;2026-03-17 09:04:00;2027-06-16 13:00:00.000000000;2027-06-21 13:00:00.000000000;5,0;;24,0;2027-06-21 13:00:00.000000000;;AHP_APRENDIZAGEM_ESPECIALIZACAO_WORKLOAD;;;;;PENDENTE;True;0,7884916162516217;1,0;0,7012184477166888;0,0;0,6586441863669917;0,12984742988462997;0,0
Governança;Política de PLDFTP e Fraudes;;Eva;2026-03-17 09:05:00;2026-07-28 09:03:00.000000000;2026-07-29 09:02:59.999999999;3,0;;8,0;2026-07-29 09:02:59.999999999;;AHP_APRENDIZAGEM_ESPECIALIZACAO_WORKLOAD;;;;;PENDENTE;True;0,9714276825050596;1,0;1,0;0,8170573247481935;0,6586441863669917;0,1851740071976712;0,12760948894039673
Direito digital;Avaliação de fornecedores sob a ótica de privacidade (vendor assessment);;Abraão;2026-03-17 09:06:00;2027-06-21 13:00:00.000000000;2027-06-21 15:00:00.000000000;1,0;;2,0;2027-06-21 15:00:00.000000000;;AHP_APRENDIZAGEM_ESPECIALIZACAO_WORKLOAD;;;;;PENDENTE;True;0,8438181935646629;1,0;1,0;0,0;0,6586441863669917;0,1851740071976712;0,0
Contratos;Outros tipos contratuais;;Eva;2026-03-17 09:07:00;2026-07-29 09:02:59.999999999;2026-07-30 09:02:59.999999999;3,0;;8,0;2026-07-30 09:02:59.999999999;;AHP_APRENDIZAGEM_ESPECIALIZACAO_WORKLOAD;;;;;PENDENTE;True;0,791090649131076;1,0;0,028923197220104956;0,8137352316160288;0,6586441863669917;0,005355824330215379;0,1270906384338688
Contratos;Contrato de Representação Comercial;;Eva;2026-03-17 09:08:00;2026-07-30 09:02:59.999999999;2026-07-31 09:02:59.999999999;3,0;;8,0;2026-07-31 09:02:59.999999999;;AHP_APRENDIZAGEM_ESPECIALIZACAO_WORKLOAD;;;;;PENDENTE;True;0,7905469313271396;1,0;0,028923197220104956;0,8102539182905772;0,6586441863669917;0,005355824330215379;0,1265469206299324
Propriedade intelectual;Depósito, acompanhamento e manutenção de registros de marcas;;Esaú;2026-03-17 09:09:00;2026-08-31 11:01:59.999999999;2026-08-31 13:01:59.999999999;1,0;;2,0;2026-08-31 13:01:59.999999999;;AHP_APRENDIZAGEM_ESPECIALIZACAO_WORKLOAD;;;;;PENDENTE;True;0,9582685258024533;1,0;1,0;0,7328019495354945;0,6586441863669917;0,1851740071976712;0,11445033223779028
Contratos;Contrato de Licenciamento de Software;;Eva;2026-03-17 09:10:00;2026-07-31 09:02:59.999999999;2026-08-04 09:03:00.000000000;4,0;;16,0;2026-08-04 09:03:00.000000000;;AHP_APRENDIZAGEM_ESPECIALIZACAO_WORKLOAD;;;;;PENDENTE;True;0,7900032135232031;1,0;0,028923197220104956;0,8067726049651256;0,6586441863669917;0,005355824330215379;0,12600320282599595
Societário;Análise jurídica preliminar e de estrutura da operação;;Abraão;2026-03-17 09:11:00;2027-06-21 15:00:00.000000000;2027-06-24 15:00:00.000000000;5,0;;24,0;2027-06-24 15:00:00.000000000;;AHP_APRENDIZAGEM_ESPECIALIZACAO_WORKLOAD;;;;;PENDENTE;True;0,7884916162516217;1,0;0,7012184477166888;0,0;0,6586441863669917;0,12984742988462997;0,0
Societário;Elaboração e negociação de  SHA;;Abraão;2026-03-17 09:12:00;2027-06-24 15:00:00.000000000;2027-06-25 15:00:00.000000000;3,0;;8,0;2027-06-25 15:00:00.000000000;;AHP_APRENDIZAGEM_ESPECIALIZACAO_WORKLOAD;;;;;PENDENTE;True;0,7884916162516217;1,0;0,7012184477166888;0,0;0,6586441863669917;0,12984742988462997;0,0
Societário;Elaboração e negociação de LOI;;Abraão;2026-03-17 09:13:00;2027-06-25 15:00:00.000000000;2027-06-28 15:00:00.000000000;3,0;;8,0;2027-06-28 15:00:00.000000000;;AHP_APRENDIZAGEM_ESPECIALIZACAO_WORKLOAD;;;;;PENDENTE;True;0,7884916162516217;1,0;0,7012184477166888;0,0;0,6586441863669917;0,12984742988462997;0,0
Concorrencial;Contencioso Administrativo Concorrencial;;Eva;2026-03-17 09:14:00;2026-08-04 09:03:00.000000000;2026-08-06 09:03:00.000000000;4,0;;16,0;2026-08-06 09:03:00.000000000;;AHP_APRENDIZAGEM_ESPECIALIZACAO_WORKLOAD;;;;;PENDENTE;True;0,9692688840009533;1,0;1,0;0,8032349817149154;0,6586441863669917;0,1851740071976712;0,12545069043629045
Direito financeiro;Negociação jurídica com bancos e instituições de crédito;;Eva;2026-03-18 09:00:00;2026-08-06 09:03:00.000000000;2026-08-07 09:02:59.999999999;3,0;;8,0;2026-08-07 09:02:59.999999999;;AHP_APRENDIZAGEM_ESPECIALIZACAO_WORKLOAD;;;;;PENDENTE;True;0,9682000530698952;1,0;1,0;0,7963914769850564;0,6586441863669917;0,1851740071976712;0,12438185950523231
Contratos;Contrato de Desenvolvimento de Software;;Eva;2026-03-18 09:01:00;2026-08-07 09:02:59.999999999;2026-08-10 09:02:59.999999999;3,0;;8,0;2026-08-10 09:02:59.999999999;;AHP_APRENDIZAGEM_ESPECIALIZACAO_WORKLOAD;;;;;PENDENTE;True;0,7878474547369104;1,0;0,028923197220104956;0,7929697246201269;0,6586441863669917;0,005355824330215379;0,12384744403970323
Trabalhista;Gestão de escritórios externos;;Eva;2026-03-18 09:02:00;2026-08-10 09:02:59.999999999;2026-08-10 11:02:59.999999999;1,0;;2,0;2026-08-10 11:02:59.999999999;;AHP_APRENDIZAGEM_ESPECIALIZACAO_WORKLOAD;;;;;PENDENTE;True;0,9671312221388371;1,0;1,0;0,7895479722551975;0,6586441863669917;0,1851740071976712;0,12331302857417416
Governança;Política de Governaça Corporativa;;Eva;2026-03-18 09:03:00;2026-08-10 11:02:59.999999999;2026-08-11 11:02:59.999999999;3,0;;8,0;2026-08-11 11:02:59.999999999;;AHP_APRENDIZAGEM_ESPECIALIZACAO_WORKLOAD;;;;;PENDENTE;True;0,9669976182724548;1,0;1,0;0,788692534163965;0,6586441863669917;0,1851740071976712;0,12317942470779188
Concorrencial;Monitoramento regulatório e jurisprudencial;;Eva;2026-03-18 09:04:00;2026-08-11 11:02:59.999999999;2026-08-12 11:02:59.999999999;3,0;;8,0;2026-08-12 11:02:59.999999999;;AHP_APRENDIZAGEM_ESPECIALIZACAO_WORKLOAD;;;;;PENDENTE;True;0,9664632028069258;1,0;1,0;0,7852707817990356;0,6586441863669917;0,1851740071976712;0,12264500924226282
Societário;Elaboração e negociação de  SHA;;Abraão;2026-03-18 09:05:00;2027-06-28 15:00:00.000000000;2027-06-29 15:00:00.000000000;3,0;;8,0;2027-06-29 15:00:00.000000000;;AHP_APRENDIZAGEM_ESPECIALIZACAO_WORKLOAD;;;;;PENDENTE;True;0,804002466143523;1,0;0,7849820932014662;0,0;0,6586441863669917;0,1453582797765313;0,0
Contratos;Contrato de Representação Comercial;;Eva;2026-03-18 09:06:00;2026-08-12 11:02:59.999999999;2026-08-13 11:02:59.999999999;3,0;;8,0;2026-08-13 11:02:59.999999999;;AHP_APRENDIZAGEM_ESPECIALIZACAO_WORKLOAD;;;;;PENDENTE;True;0,7862267901677589;1,0;0,028923197220104956;0,782592942547098;0,6586441863669917;0,005355824330215379;0,12222677947055176
Contencioso;Análise de decisões judiciais;;Esaú;2026-03-18 09:07:00;2026-08-31 13:01:59.999999999;2026-08-31 15:01:59.999999999;1,0;;2,0;2026-08-31 15:01:59.999999999;;AHP_APRENDIZAGEM_ESPECIALIZACAO_WORKLOAD;;;;;PENDENTE;True;0,9589892245067398;1,0;1,0;0,7374164351835717;0,6586441863669917;0,1851740071976712;0,11517103094207691
Societário;Reorganizações societárias internas;;Abraão;2026-03-18 09:08:00;2027-06-29 15:00:00.000000000;2027-07-02 15:00:00.000000000;5,0;;24,0;2027-07-02 15:00:00.000000000;;AHP_APRENDIZAGEM_ESPECIALIZACAO_WORKLOAD;;;;;PENDENTE;True;0,804002466143523;1,0;0,7849820932014662;0,0;0,6586441863669917;0,1453582797765313;0,0
Contencioso;Monitoramento processual e de prazos;;Esaú;2026-03-18 09:09:00;2026-08-31 15:01:59.999999999;2026-09-01 09:02:00.000000000;1,0;;2,0;2026-09-01 09:02:00.000000000;;AHP_APRENDIZAGEM_ESPECIALIZACAO_WORKLOAD;;;;;PENDENTE;True;0,9592727264999891;1,0;1,0;0,7392316401662764;0,6586441863669917;0,1851740071976712;0,11545453293532615
Societário;Elaboração e negociação de LOI;;Abraão;2026-03-18 09:10:00;2027-07-02 15:00:00.000000000;2027-07-05 15:00:00.000000000;3,0;;8,0;2027-07-05 15:00:00.000000000;;AHP_APRENDIZAGEM_ESPECIALIZACAO_WORKLOAD;;;;;PENDENTE;True;0,804002466143523;1,0;0,7849820932014662;0,0;0,6586441863669917;0,1453582797765313;0,0
Societário;Acordo de Sócios / Acionistas;;Abraão;2026-03-18 09:11:00;2027-07-05 15:00:00.000000000;2027-07-06 15:00:00.000000000;3,0;;8,0;2027-07-06 15:00:00.000000000;;AHP_APRENDIZAGEM_ESPECIALIZACAO_WORKLOAD;;;;;PENDENTE;True;0,804002466143523;1,0;0,7849820932014662;0,0;0,6586441863669917;0,1453582797765313;0,0
Governança;Política de Conflito de Interesses e de Partes Relacionadas;;Eva;2026-03-18 09:12:00;2026-08-13 11:02:59.999999999;2026-08-14 11:02:59.999999999;3,0;;8,0;2026-08-14 11:02:59.999999999;;AHP_APRENDIZAGEM_ESPECIALIZACAO_WORKLOAD;;;;;PENDENTE;True;0,9660905503138106;1,0;1,0;0,782884764492536;0,6586441863669917;0,1851740071976712;0,12227235674914773
Direito financeiro;Análise de condições contratuais e riscos sistêmicos;;Eva;2026-03-18 09:13:00;2026-08-14 11:02:59.999999999;2026-08-14 13:02:59.999999999;1,0;;2,0;2026-08-14 13:02:59.999999999;;AHP_APRENDIZAGEM_ESPECIALIZACAO_WORKLOAD;;;;;PENDENTE;True;0,965566885946995;1,0;1,0;0,7795318492025441;0,6586441863669917;0,1851740071976712;0,12174869238233214
Societário;Due diligence societária;;Abraão;2026-03-18 09:14:00;2027-07-06 15:00:00.000000000;2027-07-09 15:00:00.000000000;5,0;;24,0;2027-07-09 15:00:00.000000000;;AHP_APRENDIZAGEM_ESPECIALIZACAO_WORKLOAD;;;;;PENDENTE;True;0,804002466143523;1,0;0,7849820932014662;0,0;0,6586441863669917;0,1453582797765313;0,0
Regulatório;Interface direta com equipes técnicas dos reguladores;;Abraão;2026-03-19 09:00:00;2027-07-09 15:00:00.000000000;2027-07-12 15:00:00.000000000;3,0;;8,0;2027-07-12 15:00:00.000000000;;AHP_APRENDIZAGEM_ESPECIALIZACAO_WORKLOAD;;;;;PENDENTE;True;0,8438181935646629;1,0;1,0;0,0;0,6586441863669917;0,1851740071976712;0,0
Contratos;Contrato de Locação;;Eva;2026-03-19 09:01:00;2026-08-14 13:02:59.999999999;2026-08-17 13:03:00.000000000;3,0;;8,0;2026-08-17 13:03:00.000000000;;AHP_APRENDIZAGEM_ESPECIALIZACAO_WORKLOAD;;;;;PENDENTE;True;0,7860068163469925;1,0;0,028553831901983514;0,7816224264021672;0,6586441863669917;0,005287427474138988;0,12207520250586179
Societário;Gestão de Advisors e Governança da Operação;;Abraão;2026-03-19 09:02:00;2027-07-12 15:00:00.000000000;2027-07-13 15:00:00.000000000;3,0;;8,0;2027-07-13 15:00:00.000000000;;AHP_APRENDIZAGEM_ESPECIALIZACAO_WORKLOAD;;;;;PENDENTE;True;0,804002466143523;1,0;0,7849820932014662;0,0;0,6586441863669917;0,1453582797765313;0,0
Societário;Elaboração e negociação de LOI;;Abraão;2026-03-19 09:03:00;2027-07-13 15:00:00.000000000;2027-07-14 15:00:00.000000000;3,0;;8,0;2027-07-14 15:00:00.000000000;;AHP_APRENDIZAGEM_ESPECIALIZACAO_WORKLOAD;;;;;PENDENTE;True;0,804002466143523;1,0;0,7849820932014662;0,0;0,6586441863669917;0,1453582797765313;0,0
Societário;Elaboração e negociação de LOI;;Abraão;2026-03-19 09:04:00;2027-07-14 15:00:00.000000000;2027-07-15 15:00:00.000000000;3,0;;8,0;2027-07-15 15:00:00.000000000;;AHP_APRENDIZAGEM_ESPECIALIZACAO_WORKLOAD;;;;;PENDENTE;True;0,804002466143523;1,0;0,7849820932014662;0,0;0,6586441863669917;0,1453582797765313;0,0
Societário;Suporte jurídico às negociações comerciais;;Abraão;2026-03-19 09:05:00;2027-07-15 15:00:00.000000000;2027-07-16 15:00:00.000000000;3,0;;8,0;2027-07-16 15:00:00.000000000;;AHP_APRENDIZAGEM_ESPECIALIZACAO_WORKLOAD;;;;;PENDENTE;True;0,804002466143523;1,0;0,7849820932014662;0,0;0,6586441863669917;0,1453582797765313;0,0
Societário;Gestão de earn-outs, ajustes de preço e garantias;;Abraão;2026-03-19 09:06:00;2027-07-16 15:00:00.000000000;2027-07-16 17:00:00.000000000;1,0;;2,0;2027-07-16 17:00:00.000000000;;AHP_APRENDIZAGEM_ESPECIALIZACAO_WORKLOAD;;;;;PENDENTE;True;0,804002466143523;1,0;0,7849820932014662;0,0;0,6586441863669917;0,1453582797765313;0,0
Societário;Análise jurídica preliminar e de estrutura da operação;;Abraão;2026-03-19 09:07:00;2027-07-19 09:00:00.000000000;2027-07-21 17:00:00.000000000;5,0;;24,0;2027-07-21 17:00:00.000000000;;AHP_APRENDIZAGEM_ESPECIALIZACAO_WORKLOAD;;;;;PENDENTE;True;0,804002466143523;1,0;0,7849820932014662;0,0;0,6586441863669917;0,1453582797765313;0,0
Direito digital;Apoio jurídico ao Encarregado/DPO;;Abraão;2026-03-19 09:08:00;2027-07-22 09:00:00.000000000;2027-07-22 11:00:00.000000000;1,0;;2,0;2027-07-22 11:00:00.000000000;;AHP_APRENDIZAGEM_ESPECIALIZACAO_WORKLOAD;;;;;PENDENTE;True;0,8438181935646629;1,0;1,0;0,0;0,6586441863669917;0,1851740071976712;0,0
Contratos;Contrato de Joint Venture;;Eva;2026-03-19 09:09:00;2026-08-17 13:03:00.000000000;2026-08-20 13:03:00.000000000;5,0;;24,0;2026-08-20 13:03:00.000000000;;AHP_APRENDIZAGEM_ESPECIALIZACAO_WORKLOAD;;;;;PENDENTE;True;0,7863284253641177;1,0;0,028553831901983514;0,7836816228250123;0,6586441863669917;0,005287427474138988;0,12239681152298694
Contencioso;Gestão de provas e documentos;;Esaú;2026-03-19 09:10:00;2026-09-01 09:02:00.000000000;2026-09-01 11:02:00.000000000;1,0;;2,0;2026-09-01 11:02:00.000000000;;AHP_APRENDIZAGEM_ESPECIALIZACAO_WORKLOAD;;;;;PENDENTE;True;0,9609217214186376;1,0;1,0;0,7497898156432089;0,6586441863669917;0,1851740071976712;0,11710352785397475
Societário;SPA / SHA e documentos correlatos;;Abraão;2026-03-19 09:11:00;2027-07-22 11:00:00.000000000;2027-07-22 13:00:00.000000000;1,0;;2,0;2027-07-22 13:00:00.000000000;;AHP_APRENDIZAGEM_ESPECIALIZACAO_WORKLOAD;;;;;PENDENTE;True;0,804002466143523;1,0;0,7849820932014662;0,0;0,6586441863669917;0,1453582797765313;0,0
Contratos;Contratos Financeiros ou Bancários;;Eva;2026-03-19 09:12:00;2026-08-20 13:03:00.000000000;2026-08-21 13:03:00.000000000;3,0;;8,0;2026-08-21 13:03:00.000000000;;AHP_APRENDIZAGEM_ESPECIALIZACAO_WORKLOAD;;;;;PENDENTE;True;0,7848442245168176;1,0;0,028553831901983514;0,7741785899098784;0,6586441863669917;0,005287427474138988;0,12091261067568686
Societário;Estruturação societária internacional;;Abraão;2026-03-19 09:13:00;2027-07-22 13:00:00.000000000;2027-07-27 13:00:00.000000000;5,0;;24,0;2027-07-27 13:00:00.000000000;;AHP_APRENDIZAGEM_ESPECIALIZACAO_WORKLOAD;;;;;PENDENTE;True;0,804002466143523;1,0;0,7849820932014662;0,0;0,6586441863669917;0,1453582797765313;0,0
Contratos;Contrato de SaaS;;Eva;2026-03-19 09:14:00;2026-08-21 13:03:00.000000000;2026-08-24 13:03:00.000000000;3,0;;8,0;2026-08-24 13:03:00.000000000;;AHP_APRENDIZAGEM_ESPECIALIZACAO_WORKLOAD;;;;;PENDENTE;True;0,7846832834482864;1,0;0,028553831901983514;0,7731481173330493;0,6586441863669917;0,005287427474138988;0,12075166960715561
Direito digital;Apoio jurídico ao Encarregado/DPO;;Abraão;2026-03-20 09:00:00;2027-07-27 13:00:00.000000000;2027-07-27 15:00:00.000000000;1,0;;2,0;2027-07-27 15:00:00.000000000;;AHP_APRENDIZAGEM_ESPECIALIZACAO_WORKLOAD;;;;;PENDENTE;True;0,8438181935646629;1,0;1,0;0,0;0,6586441863669917;0,1851740071976712;0,0
Societário;Elaboração e negociação de LOI;;Abraão;2026-03-20 09:01:00;2027-07-27 15:00:00.000000000;2027-07-28 15:00:00.000000000;3,0;;8,0;2027-07-28 15:00:00.000000000;;AHP_APRENDIZAGEM_ESPECIALIZACAO_WORKLOAD;;;;;PENDENTE;True;0,804002466143523;1,0;0,7849820932014662;0,0;0,6586441863669917;0,1453582797765313;0,0
Societário;Organização de livros societários;;Abraão;2026-03-20 09:02:00;2027-07-28 15:00:00.000000000;2027-07-28 17:00:00.000000000;1,0;;2,0;2027-07-28 17:00:00.000000000;;AHP_APRENDIZAGEM_ESPECIALIZACAO_WORKLOAD;;;;;PENDENTE;True;0,804002466143523;1,0;0,7849820932014662;0,0;0,6586441863669917;0,1453582797765313;0,0
Societário;Estruturação societária internacional;;Abraão;2026-03-20 09:03:00;2027-07-29 09:00:00.000000000;2027-08-02 17:00:00.000000000;5,0;;24,0;2027-08-02 17:00:00.000000000;;AHP_APRENDIZAGEM_ESPECIALIZACAO_WORKLOAD;;;;;PENDENTE;True;0,804002466143523;1,0;0,7849820932014662;0,0;0,6586441863669917;0,1453582797765313;0,0
Societário;Elaboração e negociação de  SPA;;Abraão;2026-03-20 09:04:00;2027-08-03 09:00:00.000000000;2027-08-03 17:00:00.000000000;3,0;;8,0;2027-08-03 17:00:00.000000000;;AHP_APRENDIZAGEM_ESPECIALIZACAO_WORKLOAD;;;;;PENDENTE;True;0,804002466143523;1,0;0,7849820932014662;0,0;0,6586441863669917;0,1453582797765313;0,0
Societário;Due diligence;;Abraão;2026-03-20 09:05:00;2027-08-04 09:00:00.000000000;2027-08-06 17:00:00.000000000;5,0;;24,0;2027-08-06 17:00:00.000000000;;AHP_APRENDIZAGEM_ESPECIALIZACAO_WORKLOAD;;;;;PENDENTE;True;0,804002466143523;1,0;0,7849820932014662;0,0;0,6586441863669917;0,1453582797765313;0,0
Societário;Gestão de passivos;;Abraão;2026-03-20 09:06:00;2027-08-09 09:00:00.000000000;2027-08-09 11:00:00.000000000;1,0;;2,0;2027-08-09 11:00:00.000000000;;AHP_APRENDIZAGEM_ESPECIALIZACAO_WORKLOAD;;;;;PENDENTE;True;0,804002466143523;1,0;0,7849820932014662;0,0;0,6586441863669917;0,1453582797765313;0,0
Societário;Elaboração e negociação de  SPA;;Abraão;2026-03-20 09:07:00;2027-08-09 11:00:00.000000000;2027-08-10 11:00:00.000000000;3,0;;8,0;2027-08-10 11:00:00.000000000;;AHP_APRENDIZAGEM_ESPECIALIZACAO_WORKLOAD;;;;;PENDENTE;True;0,804002466143523;1,0;0,7849820932014662;0,0;0,6586441863669917;0,1453582797765313;0,0
Contencioso;Suporte técnico às áreas internas envolvidas;;Esaú;2026-03-20 09:08:00;2026-09-01 11:02:00.000000000;2026-09-01 13:02:00.000000000;1,0;;2,0;2026-09-01 13:02:00.000000000;;AHP_APRENDIZAGEM_ESPECIALIZACAO_WORKLOAD;;;;;PENDENTE;True;0,962374781673193;1,0;1,0;0,7590934617446321;0,6586441863669917;0,1851740071976712;0,1185565881085301
Societário;Atas de Reunião e Assembleia;;Abraão;2026-03-20 09:09:00;2027-08-10 11:00:00.000000000;2027-08-10 15:00:00.000000000;2,0;;4,0;2027-08-10 15:00:00.000000000;;AHP_APRENDIZAGEM_ESPECIALIZACAO_WORKLOAD;;;;;PENDENTE;True;0,804002466143523;1,0;0,7849820932014662;0,0;0,6586441863669917;0,1453582797765313;0,0
Direito financeiro;Interface com processos de recuperação judicial e extrajudicial;;Eva;2026-03-20 09:10:00;2026-08-24 13:03:00.000000000;2026-08-26 13:03:00.000000000;4,0;;16,0;2026-08-26 13:03:00.000000000;;AHP_APRENDIZAGEM_ESPECIALIZACAO_WORKLOAD;;;;;PENDENTE;True;0,8543730559232118;0,831719289346198;1,0;0,7772478554257246;0,5478070746171592;0,1851740071976712;0,1213919741083814
Direito digital;Comunicação de incidentes às autoridades competentes;;Abraão;2026-03-20 09:11:00;2027-08-10 15:00:00.000000000;2027-08-10 17:00:00.000000000;1,0;;2,0;2027-08-10 17:00:00.000000000;;AHP_APRENDIZAGEM_ESPECIALIZACAO_WORKLOAD;;;;;PENDENTE;True;0,8438181935646629;1,0;1,0;0,0;0,6586441863669917;0,1851740071976712;0,0
Societário;Gestão de earn-outs, ajustes de preço e garantias;;Abraão;2026-03-20 09:12:00;2027-08-11 09:00:00.000000000;2027-08-11 11:00:00.000000000;1,0;;2,0;2027-08-11 11:00:00.000000000;;AHP_APRENDIZAGEM_ESPECIALIZACAO_WORKLOAD;;;;;PENDENTE;True;0,804002466143523;1,0;0,7849820932014662;0,0;0,6586441863669917;0,1453582797765313;0,0
Contratos;Contrato de Hosting;;Eva;2026-03-20 09:13:00;2026-08-26 13:03:00.000000000;2026-08-27 13:03:00.000000000;3,0;;8,0;2026-08-27 13:03:00.000000000;;AHP_APRENDIZAGEM_ESPECIALIZACAO_WORKLOAD;;;;;PENDENTE;True;0,7844019732028931;1,0;0,028497081700834013;0,7714142304648036;0,6586441863669917;0,005276918811982861;0,12048086802391848
Direito digital;Revisão jurídica de contratos com provedores de tecnologia e SaaS;;Abraão;2026-03-20 09:14:00;2027-08-11 11:00:00.000000000;2027-08-12 11:00:00.000000000;3,0;;8,0;2027-08-12 11:00:00.000000000;;AHP_APRENDIZAGEM_ESPECIALIZACAO_WORKLOAD;;;;;PENDENTE;True;0,8438181935646629;1,0;1,0;0,0;0,6586441863669917;0,1851740071976712;0,0
Trabalhista;Estruturação de planos de remuneração fixa e variável;;Eva;2026-03-23 09:00:00;2026-08-27 13:03:00.000000000;2026-09-01 13:03:00.000000000;5,0;;24,0;2026-09-01 13:03:00.000000000;;AHP_APRENDIZAGEM_ESPECIALIZACAO_WORKLOAD;;;;;PENDENTE;True;0,963928063464065;1,0;1,0;0,7690388057403499;0,6586441863669917;0,1851740071976712;0,12010986989940214
Societário;Aumento e redução de capital;;Adão;2026-03-23 09:01:00;2026-05-14 13:01:00.000000000;2026-05-14 15:01:00.000000000;1,0;;2,0;2026-05-14 15:01:00.000000000;;AHP_APRENDIZAGEM_ESPECIALIZACAO_WORKLOAD;;;;;PENDENTE;True;0,8114456927436299;0,9948677903355615;0,0;1,0;0,6552638863082928;0,0;0,1561818064353371
Contratos;Contrato de Licenciamento de Software;;Eva;2026-03-23 09:02:00;2026-09-01 13:03:00.000000000;2026-09-03 13:03:00.000000000;4,0;;16,0;2026-09-03 13:03:00.000000000;;AHP_APRENDIZAGEM_ESPECIALIZACAO_WORKLOAD;;;;;PENDENTE;True;0,7826699521681302;1,0;0,028444972845830856;0,7603862377133905;0,6586441863669917;0,0052672696064914445;0,11875849619464698
Societário;Regularização societária;;Adão;2026-03-23 09:03:00;2026-05-14 15:01:00.000000000;2026-05-15 15:01:00.000000000;3,0;;8,0;2026-05-15 15:01:00.000000000;;AHP_APRENDIZAGEM_ESPECIALIZACAO_WORKLOAD;;;;;PENDENTE;True;0,8114456927436299;0,9948677903355615;0,0;1,0;0,6552638863082928;0,0;0,1561818064353371
Societário;Gestão jurídica do encerramento de operações;;Adão;2026-03-23 09:04:00;2026-05-15 15:01:00.000000000;2026-05-18 09:00:59.999999999;1,0;;2,0;2026-05-18 09:00:59.999999999;;AHP_APRENDIZAGEM_ESPECIALIZACAO_WORKLOAD;;;;;PENDENTE;True;0,8114456927436299;0,9948677903355615;0,0;1,0;0,6552638863082928;0,0;0,1561818064353371
Societário;Due diligence;;Adão;2026-03-23 09:05:00;2026-05-18 09:00:59.999999999;2026-05-21 09:00:59.999999999;5,0;;24,0;2026-05-21 09:00:59.999999999;;AHP_APRENDIZAGEM_ESPECIALIZACAO_WORKLOAD;;;;;PENDENTE;True;0,8114456927436299;0,9948677903355615;0,0;1,0;0,6552638863082928;0,0;0,1561818064353371
Societário;Suporte jurídico às negociações comerciais;;Adão;2026-03-23 09:06:00;2026-05-21 09:00:59.999999999;2026-05-22 09:00:59.999999999;3,0;;8,0;2026-05-22 09:00:59.999999999;;AHP_APRENDIZAGEM_ESPECIALIZACAO_WORKLOAD;;;;;PENDENTE;True;0,8112052663352718;0,9948677903355615;0,0;0,9984605991322196;0,6552638863082928;0,0;0,15594138002697905
Contencioso;Suporte técnico às áreas internas envolvidas;;Esaú;2026-03-23 09:07:00;2026-09-01 13:02:00.000000000;2026-09-01 15:02:00.000000000;1,0;;2,0;2026-09-01 15:02:00.000000000;;AHP_APRENDIZAGEM_ESPECIALIZACAO_WORKLOAD;;;;;PENDENTE;True;0,963968501383722;1,0;1,0;0,7692977214270094;0,6586441863669917;0,1851740071976712;0,12015030781905907
Contratos;Contrato de Distribuição;;Eva;2026-03-23 09:08:00;2026-09-03 13:03:00.000000000;2026-09-04 13:03:00.000000000;3,0;;8,0;2026-09-04 13:03:00.000000000;;AHP_APRENDIZAGEM_ESPECIALIZACAO_WORKLOAD;;;;;PENDENTE;True;0,7830868702126431;1,0;0,028444972845830856;0,7630556782457325;0,6586441863669917;0,0052672696064914445;0,11917541423915987
Contratos;Contrato de trabalho;;Eva;2026-03-23 09:09:00;2026-09-04 13:03:00.000000000;2026-09-04 15:03:00.000000000;1,0;;2,0;2026-09-04 15:03:00.000000000;;AHP_APRENDIZAGEM_ESPECIALIZACAO_WORKLOAD;;;;;PENDENTE;True;0,7825999306514115;1,0;0,028444972845830856;0,7599379043363038;0,6586441863669917;0,0052672696064914445;0,11868847467792833
Societário;Closing da operação;;Adão;2026-03-23 09:10:00;2026-05-22 09:00:59.999999999;2026-05-22 11:00:59.999999999;1,0;;2,0;2026-05-22 11:00:59.999999999;;AHP_APRENDIZAGEM_ESPECIALIZACAO_WORKLOAD;;;;;PENDENTE;True;0,8107183267740403;0,9948677903355615;0,0;0,995342825222791;0,6552638863082928;0,0;0,15545444046574752
Societário;Gestão de conflitos societários;;Adão;2026-03-23 09:11:00;2026-05-22 11:00:59.999999999;2026-05-22 13:00:59.999999999;1,0;;2,0;2026-05-22 13:00:59.999999999;;AHP_APRENDIZAGEM_ESPECIALIZACAO_WORKLOAD;;;;;PENDENTE;True;0,8105965918837323;0,9948677903355615;0,0;0,9945633817454337;0,6552638863082928;0,0;0,1553327055754396
Societário;Aprovações regulatórias e concorrenciais;;Adão;2026-03-23 09:12:00;2026-05-22 13:00:59.999999999;2026-05-25 13:01:00.000000000;3,0;;8,0;2026-05-25 13:01:00.000000000;;AHP_APRENDIZAGEM_ESPECIALIZACAO_WORKLOAD;;;;;PENDENTE;True;0,8104748569934246;0,9948677903355615;0,0;0,9937839382680766;0,6552638863082928;0,0;0,15521097068513176
Societário;Acordo de Sócios / Acionistas;;Adão;2026-03-23 09:13:00;2026-05-25 13:01:00.000000000;2026-05-26 13:01:00.000000000;3,0;;8,0;2026-05-26 13:01:00.000000000;;AHP_APRENDIZAGEM_ESPECIALIZACAO_WORKLOAD;;;;;PENDENTE;True;0,809987917432193;0,9948677903355615;0,0;0,9906661643586478;0,6552638863082928;0,0;0,1547240311239002
Societário;Organização de livros societários;;Adão;2026-03-23 09:14:00;2026-05-26 13:01:00.000000000;2026-05-26 15:01:00.000000000;1,0;;2,0;2026-05-26 15:01:00.000000000;;AHP_APRENDIZAGEM_ESPECIALIZACAO_WORKLOAD;;;;;PENDENTE;True;0,8095009778709614;0,9948677903355615;0,0;0,9875483904492193;0,6552638863082928;0,0;0,15423709156266868
Societário;Consolidação das versões finais dos documentos;;Adão;2026-03-24 09:00:00;2026-05-26 15:01:00.000000000;2026-05-27 09:00:59.999999999;1,0;;2,0;2026-05-27 09:00:59.999999999;;AHP_APRENDIZAGEM_ESPECIALIZACAO_WORKLOAD;;;;;PENDENTE;True;0,8093949178615147;0,9948915890438301;0,0;0,9867689469719703;0,655279561189137;0,0;0,1541153566723777
Regulatório;Gestão de prazos regulatórios críticos;;Abraão;2026-03-24 09:01:00;2027-08-12 11:00:00.000000000;2027-08-13 11:00:00.000000000;3,0;;8,0;2027-08-13 11:00:00.000000000;;AHP_APRENDIZAGEM_ESPECIALIZACAO_WORKLOAD;;;;;PENDENTE;True;0,8438181935646629;1,0;1,0;0,0;0,6586441863669917;0,1851740071976712;0,0
Regulatório;Atuação em processos administrativos na CVM e no BCB;;Abraão;2026-03-24 09:02:00;2027-08-13 11:00:00.000000000;2027-08-13 13:00:00.000000000;1,0;;2,0;2027-08-13 13:00:00.000000000;;AHP_APRENDIZAGEM_ESPECIALIZACAO_WORKLOAD;;;;;PENDENTE;True;0,8438181935646629;1,0;1,0;0,0;0,6586441863669917;0,1851740071976712;0,0
Direito financeiro;Interface com processos de recuperação judicial e extrajudicial;;Esaú;2026-03-24 09:03:00;2026-09-01 15:02:00.000000000;2026-09-03 15:02:00.000000000;4,0;;16,0;2026-09-03 15:02:00.000000000;;AHP_APRENDIZAGEM_ESPECIALIZACAO_WORKLOAD;;;;;PENDENTE;True;0,7817118070339981;1,0;0,01565391248225477;0,7694169103755272;0,6586441863669917;0,0028986977026607594;0,1201689229643457
Governança;Gestão de fluxo de informações com Conselho de Administração;;Esaú;2026-03-24 09:04:00;2026-09-03 15:02:00.000000000;2026-09-04 09:02:00.000000000;1,0;;2,0;2026-09-04 09:02:00.000000000;;AHP_APRENDIZAGEM_ESPECIALIZACAO_WORKLOAD;;;;;PENDENTE;True;0,9630170180910449;1,0;1,0;0,7632055695023163;0,6586441863669917;0,1851740071976712;0,11919882452638199
Contratos;Contrato de SaaS;;Eva;2026-03-24 09:05:00;2026-09-04 15:03:00.000000000;2026-09-07 15:03:00.000000000;3,0;;8,0;2026-09-07 15:03:00.000000000;;AHP_APRENDIZAGEM_ESPECIALIZACAO_WORKLOAD;;;;;PENDENTE;True;0,782615360285358;1,0;0,028397123385460202;0,7600934289189679;0,6586441863669917;0,0052584091301723646;0,11871276478819391
Societário;Elaboração e negociação de LOI;;Adão;2026-03-24 09:06:00;2026-05-27 09:00:59.999999999;2026-05-28 09:00:59.999999999;3,0;;8,0;2026-05-28 09:00:59.999999999;;AHP_APRENDIZAGEM_ESPECIALIZACAO_WORKLOAD;;;;;PENDENTE;True;0,8092816776966911;0,9948915890438301;0,0;0,9860438934756118;0,655279561189137;0,0;0,15400211650755416
Societário;SPA / SHA e documentos correlatos;;Adão;2026-03-24 09:07:00;2026-05-28 09:00:59.999999999;2026-05-28 11:00:59.999999999;1,0;;2,0;2026-05-28 11:00:59.999999999;;AHP_APRENDIZAGEM_ESPECIALIZACAO_WORKLOAD;;;;;PENDENTE;True;0,8087966284777093;0,9948915890438301;0,0;0,9829382230390062;0,655279561189137;0,0;0,15351706728857228
Governança;Treinamentos corporativos;;Esaú;2026-03-24 09:08:00;2026-09-04 09:02:00.000000000;2026-09-04 11:02:00.000000000;1,0;;2,0;2026-09-04 11:02:00.000000000;;AHP_APRENDIZAGEM_ESPECIALIZACAO_WORKLOAD;;;;;PENDENTE;True;0,9628957557862995;1,0;1,0;0,762429151893165;0,6586441863669917;0,1851740071976712;0,11907756222163653
Societário;Estruturação de veículos societários (SPVs);;Adão;2026-03-24 09:09:00;2026-05-28 11:00:59.999999999;2026-06-02 11:00:59.999999999;5,0;;24,0;2026-06-02 11:00:59.999999999;;AHP_APRENDIZAGEM_ESPECIALIZACAO_WORKLOAD;;;;;PENDENTE;True;0,8086753661729638;0,9948915890438301;0,0;0,9821618054298549;0,655279561189137;0,0;0,15339580498382682
Propriedade intelectual;Avaliação de riscos de infração a patentes de terceiros (FTO);;Esaú;2026-03-24 09:10:00;2026-09-04 11:02:00.000000000;2026-09-08 11:02:00.000000000;4,0;;16,0;2026-09-08 11:02:00.000000000;;AHP_APRENDIZAGEM_ESPECIALIZACAO_WORKLOAD;;;;;PENDENTE;True;0,962774493481554;1,0;1,0;0,7616527342840135;0,6586441863669917;0,1851740071976712;0,11895629991689104
Concorrencial;Relacionamento CADE;;Eva;2026-03-24 09:11:00;2026-09-07 15:03:00.000000000;2026-09-08 09:03:00.000000000;1,0;;2,0;2026-09-08 09:03:00.000000000;;AHP_APRENDIZAGEM_ESPECIALIZACAO_WORKLOAD;;;;;PENDENTE;True;0,9620459091338749;1,0;1,0;0,7569877584823623;0,6586441863669917;0,1851740071976712;0,11822771556921202
Contratos;Contrato de Representação Comercial;;Eva;2026-03-24 09:12:00;2026-09-08 09:03:00.000000000;2026-09-09 09:02:59.999999999;3,0;;8,0;2026-09-09 09:02:59.999999999;;AHP_APRENDIZAGEM_ESPECIALIZACAO_WORKLOAD;;;;;PENDENTE;True;0,7820090487616307;1,0;0,028397123385460202;0,7562113408732111;0,6586441863669917;0,0052584091301723646;0,11810645326446657
Contratos;Contrato de trabalho;;Eva;2026-03-24 09:13:00;2026-09-09 09:02:59.999999999;2026-09-09 11:02:59.999999999;1,0;;2,0;2026-09-09 11:02:59.999999999;;AHP_APRENDIZAGEM_ESPECIALIZACAO_WORKLOAD;;;;;PENDENTE;True;0,7815239995426488;1,0;0,028397123385460202;0,7531056704366055;0,6586441863669917;0,0052584091301723646;0,1176214040454847
Direito digital;Apoio a litígios envolvendo dados, tecnologia e plataformas;;Abraão;2026-03-24 09:14:00;2027-08-13 13:00:00.000000000;2027-08-17 13:00:00.000000000;4,0;;16,0;2027-08-17 13:00:00.000000000;;AHP_APRENDIZAGEM_ESPECIALIZACAO_WORKLOAD;;;;;PENDENTE;True;0,8438181935646629;1,0;1,0;0,0;0,6586441863669917;0,1851740071976712;0,0
Societário;Due diligence societária;;Adão;2026-03-25 09:00:00;2026-06-02 11:00:59.999999999;2026-06-05 11:00:59.999999999;5,0;;24,0;2026-06-05 11:00:59.999999999;;AHP_APRENDIZAGEM_ESPECIALIZACAO_WORKLOAD;;;;;PENDENTE;True;0,8072618401066052;0,9949150326341157;0,0;0,9730124231591389;0,6552950021735862;0,0;0,15196683793301896
Contratos;NDA;;Eva;2026-03-25 09:01:00;2026-09-09 11:02:59.999999999;2026-09-09 13:02:59.999999999;1,0;;2,0;2026-09-09 13:02:59.999999999;;AHP_APRENDIZAGEM_ESPECIALIZACAO_WORKLOAD;;;;;PENDENTE;True;0,7816415190874032;1,0;0,028397123385460202;0,7538581239229405;0,6586441863669917;0,0052584091301723646;0,11773892359023906
Societário;Gestão de passivos;;Adão;2026-03-25 09:02:00;2026-06-05 11:00:59.999999999;2026-06-05 13:00:59.999999999;1,0;;2,0;2026-06-05 13:00:59.999999999;;AHP_APRENDIZAGEM_ESPECIALIZACAO_WORKLOAD;;;;;PENDENTE;True;0,8058156750736382;0,9949150326341157;0,0;0,963752925744082;0,6552950021735862;0,0;0,15052067290005203
Regulatório;Análise de requisitos prudenciais e de liquidez;;Abraão;2026-03-25 09:03:00;2027-08-17 13:00:00.000000000;2027-08-17 15:00:00.000000000;1,0;;2,0;2027-08-17 15:00:00.000000000;;AHP_APRENDIZAGEM_ESPECIALIZACAO_WORKLOAD;;;;;PENDENTE;True;0,8438181935646629;1,0;1,0;0,0;0,6586441863669917;0,1851740071976712;0,0
Societário;Reorganizações societárias internas;;Adão;2026-03-25 09:04:00;2026-06-05 13:00:59.999999999;2026-06-10 13:00:59.999999999;5,0;;24,0;2026-06-10 13:00:59.999999999;;AHP_APRENDIZAGEM_ESPECIALIZACAO_WORKLOAD;;;;;PENDENTE;True;0,8056996191434678;0,9949150326341157;0,0;0,9630098434810497;0,6552950021735862;0,0;0,15040461696988158
Societário;Aumento e redução de capital;;Adão;2026-03-25 09:05:00;2026-06-10 13:00:59.999999999;2026-06-10 15:00:59.999999999;1,0;;2,0;2026-06-10 15:00:59.999999999;;AHP_APRENDIZAGEM_ESPECIALIZACAO_WORKLOAD;;;;;PENDENTE;True;0,8042545691468932;0,9949150326341157;0,0;0,9537574854147928;0,6552950021735862;0,0;0,148959566973307
Societário;Elaboração e negociação de  SPA;;Adão;2026-03-25 09:06:00;2026-06-10 15:00:59.999999999;2026-06-11 15:01:00.000000000;3,0;;8,0;2026-06-11 15:01:00.000000000;;AHP_APRENDIZAGEM_ESPECIALIZACAO_WORKLOAD;;;;;PENDENTE;True;0,8041341483138452;0,9949150326341157;0,0;0,9529864555759378;0,6552950021735862;0,0;0,1488391461402591
Concorrencial;M&A Concorrencial;;Eva;2026-03-25 09:07:00;2026-09-09 13:02:59.999999999;2026-09-14 13:03:00.000000000;5,0;;24,0;2026-09-14 13:03:00.000000000;;AHP_APRENDIZAGEM_ESPECIALIZACAO_WORKLOAD;;;;;PENDENTE;True;0,9614663369316192;1,0;1,0;0,7532768768151327;0,6586441863669917;0,1851740071976712;0,11764814336695632
Concorrencial;Gestão de canal de dúvidas;;Eva;2026-03-25 09:08:00;2026-09-14 13:03:00.000000000;2026-09-14 15:03:00.000000000;1,0;;2,0;2026-09-14 15:03:00.000000000;;AHP_APRENDIZAGEM_ESPECIALIZACAO_WORKLOAD;;;;;PENDENTE;True;0,9600212869350446;1,0;1,0;0,7440245187488755;0,6586441863669917;0,1851740071976712;0,11620309337038172
Societário;Atas de Reunião e Assembleia;;Adão;2026-03-25 09:09:00;2026-06-11 15:01:00.000000000;2026-06-12 11:01:00.000000000;2,0;;4,0;2026-06-12 11:01:00.000000000;;AHP_APRENDIZAGEM_ESPECIALIZACAO_WORKLOAD;;;;;PENDENTE;True;0,8036524649816538;0,9949150326341157;0,0;0,9499023362205188;0,6552950021735862;0,0;0,14835746280806758
Societário;Gestão de passivos;;Adão;2026-03-25 09:10:00;2026-06-12 11:01:00.000000000;2026-06-12 13:01:00.000000000;1,0;;2,0;2026-06-12 13:01:00.000000000;;AHP_APRENDIZAGEM_ESPECIALIZACAO_WORKLOAD;;;;;PENDENTE;True;0,8034116233155579;0,9949150326341157;0,0;0,9483602765428094;0,6552950021735862;0,0;0,14811662114197183
Societário;Avaliação de impactos (societário, contratual, regulatório, concorrencial, trabalhista, tributário);;Adão;2026-03-25 09:11:00;2026-06-12 13:01:00.000000000;2026-06-15 13:01:00.000000000;3,0;;8,0;2026-06-15 13:01:00.000000000;;AHP_APRENDIZAGEM_ESPECIALIZACAO_WORKLOAD;;;;;PENDENTE;True;0,8032912024825101;0,9949150326341157;0,0;0,9475892467039545;0,6552950021735862;0,0;0,1479962003089239
Contratos;Contrato de Manutenção de Sistemas;;Eva;2026-03-25 09:12:00;2026-09-14 15:03:00.000000000;2026-09-15 15:03:00.000000000;3,0;;8,0;2026-09-15 15:03:00.000000000;;AHP_APRENDIZAGEM_ESPECIALIZACAO_WORKLOAD;;;;;PENDENTE;True;0,779985268034498;1,0;0,028397123385460202;0,7432534889100209;0,6586441863669917;0,0052584091301723646;0,11608267253733386
Regulatório;Resposta a ofícios, exigências e questionamentos da CVM e do BCB;;Abraão;2026-03-25 09:13:00;2027-08-17 15:00:00.000000000;2027-08-17 17:00:00.000000000;1,0;;2,0;2027-08-17 17:00:00.000000000;;AHP_APRENDIZAGEM_ESPECIALIZACAO_WORKLOAD;;;;;PENDENTE;True;0,8438181935646629;1,0;1,0;0,0;0,6586441863669917;0,1851740071976712;0,0
Contratos;Contrato de Distribuição;;Eva;2026-03-25 09:14:00;2026-09-15 15:03:00.000000000;2026-09-16 15:03:00.000000000;3,0;;8,0;2026-09-16 15:03:00.000000000;;AHP_APRENDIZAGEM_ESPECIALIZACAO_WORKLOAD;;;;;PENDENTE;True;0,7795348496170939;1,0;0,028397123385460202;0,7403695523767945;0,6586441863669917;0,0052584091301723646;0,1156322541199297
Direito digital;Atendimento a direitos dos titulares (DSARs);;Abraão;2026-03-26 09:00:00;2027-08-18 09:00:00.000000000;2027-08-18 11:00:00.000000000;1,0;;2,0;2027-08-18 11:00:00.000000000;;AHP_APRENDIZAGEM_ESPECIALIZACAO_WORKLOAD;;;;;PENDENTE;True;0,8438181935646629;1,0;1,0;0,0;0,6586441863669917;0,1851740071976712;0,0
Contratos;Contrato de Escrow de Código-Fonte;;Eva;2026-03-26 09:01:00;2026-09-16 15:03:00.000000000;2026-09-17 15:03:00.000000000;3,0;;8,0;2026-09-17 15:03:00.000000000;;AHP_APRENDIZAGEM_ESPECIALIZACAO_WORKLOAD;;;;;PENDENTE;True;0,7790648765568569;1,0;0,028287776799531032;0,7374900561985168;0,6586441863669917;0,005238160984682476;0,11518252920518264
Contratos;MoU;;Eva;2026-03-26 09:02:00;2026-09-17 15:03:00.000000000;2026-09-18 09:03:00.000000000;1,0;;2,0;2026-09-18 09:03:00.000000000;;AHP_APRENDIZAGEM_ESPECIALIZACAO_WORKLOAD;;;;;PENDENTE;True;0,778583934865455;1,0;0,028287776799531032;0,7344106854166133;0,6586441863669917;0,005238160984682476;0,11470158751378075
Societário;Atualização de Contrato Social / Estatuto;;Adão;2026-03-26 09:03:00;2026-06-15 13:01:00.000000000;2026-06-16 13:01:00.000000000;3,0;;8,0;2026-06-16 13:01:00.000000000;;AHP_APRENDIZAGEM_ESPECIALIZACAO_WORKLOAD;;;;;PENDENTE;True;0,8028228640492604;0,9949150326341157;0,0;0,9445905719931227;0,6552950021735862;0,0;0,14752786187567424
Societário;Estruturação jurídica de carve-outs, spin-offs e alienação de ativos;;Adão;2026-03-26 09:04:00;2026-06-16 13:01:00.000000000;2026-06-19 13:00:59.999999999;5,0;;24,0;2026-06-19 13:00:59.999999999;;AHP_APRENDIZAGEM_ESPECIALIZACAO_WORKLOAD;;;;;PENDENTE;True;0,8023419223578585;0,9949150326341157;0,0;0,9415112012112192;0,6552950021735862;0,0;0,14704692018427237
Societário;Atos perante Junta Comercial;;Adão;2026-03-26 09:05:00;2026-06-19 13:00:59.999999999;2026-06-19 15:00:59.999999999;1,0;;2,0;2026-06-19 15:00:59.999999999;;AHP_APRENDIZAGEM_ESPECIALIZACAO_WORKLOAD;;;;;PENDENTE;True;0,8008990972836528;0,9949150326341157;0,0;0,9322730888655085;0,6552950021735862;0,0;0,1456040951100667
Governança;Política de Governaça Corporativa;;Esaú;2026-03-26 09:06:00;2026-09-08 11:02:00.000000000;2026-09-09 11:02:00.000000000;3,0;;8,0;2026-09-09 11:02:00.000000000;;AHP_APRENDIZAGEM_ESPECIALIZACAO_WORKLOAD;;;;;PENDENTE;True;0,962127845725815;1,0;1,0;0,7575123816366856;0,6586441863669917;0,1851740071976712;0,11830965216115204
Direito financeiro;Operações de Crédito e Financiamento;;Esaú;2026-03-26 09:07:00;2026-09-09 11:02:00.000000000;2026-09-09 13:02:00.000000000;1,0;;2,0;2026-09-09 13:02:00.000000000;;AHP_APRENDIZAGEM_ESPECIALIZACAO_WORKLOAD;;;;;PENDENTE;True;0,7793687685356098;1,0;0,015638651140581744;0,7544330108547819;0,6586441863669917;0,0028958716988679526;0,11782871046975012
Societário;Estruturação de veículos societários (SPVs);;Adão;2026-03-26 09:08:00;2026-06-19 15:00:59.999999999;2026-06-24 15:00:59.999999999;5,0;;24,0;2026-06-24 15:00:59.999999999;;AHP_APRENDIZAGEM_ESPECIALIZACAO_WORKLOAD;;;;;PENDENTE;True;0,8007788618608024;0,9949150326341157;0,0;0,9315032461700327;0,6552950021735862;0,0;0,14548385968721622
Societário;Suporte jurídico às negociações comerciais;;Adão;2026-03-26 09:09:00;2026-06-24 15:00:59.999999999;2026-06-25 15:01:00.000000000;3,0;;8,0;2026-06-25 15:01:00.000000000;;AHP_APRENDIZAGEM_ESPECIALIZACAO_WORKLOAD;;;;;PENDENTE;True;0,7993360367865967;0,9949150326341157;0,0;0,9222651338243218;0,6552950021735862;0,0;0,14404103461301052
Direito digital;Avaliação jurídica de campanhas de marketing digital;;Abraão;2026-03-26 09:10:00;2027-08-18 11:00:00.000000000;2027-08-18 13:00:00.000000000;1,0;;2,0;2027-08-18 13:00:00.000000000;;AHP_APRENDIZAGEM_ESPECIALIZACAO_WORKLOAD;;;;;PENDENTE;True;0,8438181935646629;1,0;1,0;0,0;0,6586441863669917;0,1851740071976712;0,0
Societário;Integração societária;;Adão;2026-03-26 09:11:00;2026-06-25 15:01:00.000000000;2026-06-26 09:00:59.999999999;1,0;;2,0;2026-06-26 09:00:59.999999999;;AHP_APRENDIZAGEM_ESPECIALIZACAO_WORKLOAD;;;;;PENDENTE;True;0,7988648043545453;0,9949150326341157;0,0;0,9192479294340882;0,6552950021735862;0,0;0,1435698021809592
Regulatório;Revisão de prospectos, formulários de referência e fatos relevantes;;Abraão;2026-03-26 09:12:00;2027-08-18 13:00:00.000000000;2027-08-19 13:00:00.000000000;3,0;;8,0;2027-08-19 13:00:00.000000000;;AHP_APRENDIZAGEM_ESPECIALIZACAO_WORKLOAD;;;;;PENDENTE;True;0,8438181935646629;1,0;1,0;0,0;0,6586441863669917;0,1851740071976712;0,0
Societário;Estruturação de veículos societários (SPVs);;Adão;2026-03-26 09:13:00;2026-06-26 09:00:59.999999999;2026-07-01 09:00:59.999999999;5,0;;24,0;2026-07-01 09:00:59.999999999;;AHP_APRENDIZAGEM_ESPECIALIZACAO_WORKLOAD;;;;;PENDENTE;True;0,7987837180874492;0,9949150326341157;0,0;0,9187287507349371;0,6552950021735862;0,0;0,14348871591386303
Societário;Gestão de Advisors e Governança da Operação;;Adão;2026-03-26 09:14:00;2026-07-01 09:00:59.999999999;2026-07-02 09:00:59.999999999;3,0;;8,0;2026-07-02 09:00:59.999999999;;AHP_APRENDIZAGEM_ESPECIALIZACAO_WORKLOAD;;;;;PENDENTE;True;0,7973464254593983;0,9949150326341157;0,0;0,9095260615046398;0,6552950021735862;0,0;0,14205142328581216
Contratos;Contrato de SaaS;;Eva;2026-03-27 09:00:00;2026-09-18 09:03:00.000000000;2026-09-21 09:02:59.999999999;3,0;;8,0;2026-09-21 09:02:59.999999999;;AHP_APRENDIZAGEM_ESPECIALIZACAO_WORKLOAD;;;;;PENDENTE;True;0,7817003529022701;1,0;0,044905327416267335;0,7346621846161712;0,6586441863669917;0,008315299422193669;0,11474086711308473
Regulatório;Elaboração de defesas, manifestações e recursos;;Abraão;2026-03-27 09:01:00;2027-08-19 13:00:00.000000000;2027-08-23 13:00:00.000000000;4,0;;16,0;2027-08-23 13:00:00.000000000;;AHP_APRENDIZAGEM_ESPECIALIZACAO_WORKLOAD;;;;;PENDENTE;True;0,8438181935646629;1,0;1,0;0,0;0,6586441863669917;0,1851740071976712;0,0
Societário;Elaboração e negociação de LOI;;Adão;2026-03-27 09:02:00;2026-07-02 09:00:59.999999999;2026-07-03 09:00:59.999999999;3,0;;8,0;2026-07-03 09:00:59.999999999;;AHP_APRENDIZAGEM_ESPECIALIZACAO_WORKLOAD;;;;;PENDENTE;True;0,7969564123793987;0,9949150326341157;0,0;0,907028887929169;0,6552950021735862;0,0;0,14166141020581255
Societário;Atos perante Junta Comercial;;Adão;2026-03-27 09:03:00;2026-07-03 09:00:59.999999999;2026-07-03 11:00:59.999999999;1,0;;2,0;2026-07-03 11:00:59.999999999;;AHP_APRENDIZAGEM_ESPECIALIZACAO_WORKLOAD;;;;;PENDENTE;True;0,7964802362374175;0,9949150326341157;0,0;0,9039800299805423;0,6552950021735862;0,0;0,1411852340638313
Governança;Política de Governaça Corporativa;;Esaú;2026-03-27 09:04:00;2026-09-09 13:02:00.000000000;2026-09-10 13:02:00.000000000;3,0;;8,0;2026-09-10 13:02:00.000000000;;AHP_APRENDIZAGEM_ESPECIALIZACAO_WORKLOAD;;;;;PENDENTE;True;0,9619078927087574;1,0;1,0;0,7561040676846464;0,6586441863669917;0,1851740071976712;0,11808969914409448
Concorrencial;Revisão concorrencial de documentos;;Eva;2026-03-27 09:05:00;2026-09-21 09:02:59.999999999;2026-09-22 09:02:59.999999999;3,0;;8,0;2026-09-22 09:02:59.999999999;;AHP_APRENDIZAGEM_ESPECIALIZACAO_WORKLOAD;;;;;PENDENTE;True;0,9583355796102688;1,0;1,0;0,733231281282553;0,6586441863669917;0,1851740071976712;0,1145173860456059
Societário;Aprovações regulatórias e concorrenciais;;Adão;2026-03-27 09:06:00;2026-07-03 11:00:59.999999999;2026-07-06 11:01:00.000000000;3,0;;8,0;2026-07-06 11:01:00.000000000;;AHP_APRENDIZAGEM_ESPECIALIZACAO_WORKLOAD;;;;;PENDENTE;True;0,7963611922019221;0,9949150326341157;0,0;0,9032178154933856;0,6552950021735862;0,0;0,14106619002833598
Direito digital;Elaboração e atualização de políticas de privacidade e cookies;;Abraão;2026-03-27 09:07:00;2027-08-23 13:00:00.000000000;2027-08-24 13:00:00.000000000;3,0;;8,0;2027-08-24 13:00:00.000000000;;AHP_APRENDIZAGEM_ESPECIALIZACAO_WORKLOAD;;;;;PENDENTE;True;0,8438181935646629;1,0;1,0;0,0;0,6586441863669917;0,1851740071976712;0,0
Societário;Avaliação de impactos (societário, contratual, regulatório, concorrencial, trabalhista, tributário);;Adão;2026-03-27 09:08:00;2026-07-06 11:01:00.000000000;2026-07-07 11:01:00.000000000;3,0;;8,0;2026-07-07 11:01:00.000000000;;AHP_APRENDIZAGEM_ESPECIALIZACAO_WORKLOAD;;;;;PENDENTE;True;0,7959324087270773;0,9949150326341157;0,0;0,9004724030498281;0,6552950021735862;0,0;0,1406374065534911
Contratos;Contratos Financeiros ou Bancários;;Eva;2026-03-27 09:09:00;2026-09-22 09:02:59.999999999;2026-09-23 09:02:59.999999999;3,0;;8,0;2026-09-23 09:02:59.999999999;;AHP_APRENDIZAGEM_ESPECIALIZACAO_WORKLOAD;;;;;PENDENTE;True;0,7811279660228362;1,0;0,044900900045670086;0,7310025583221459;0,6586441863669917;0,008314479588238827;0,11416930006760562
Societário;Atualização de Contrato Social / Estatuto;;Adão;2026-03-27 09:10:00;2026-07-07 11:01:00.000000000;2026-07-08 11:01:00.000000000;3,0;;8,0;2026-07-08 11:01:00.000000000;;AHP_APRENDIZAGEM_ESPECIALIZACAO_WORKLOAD;;;;;PENDENTE;True;0,7954576799656538;0,9949150326341157;0,0;0,8974328123813716;0,6552950021735862;0,0;0,1401626777920676
Societário;Organização de livros societários;;Adão;2026-03-27 09:11:00;2026-07-08 11:01:00.000000000;2026-07-08 13:01:00.000000000;1,0;;2,0;2026-07-08 13:01:00.000000000;;AHP_APRENDIZAGEM_ESPECIALIZACAO_WORKLOAD;;;;;PENDENTE;True;0,7949829512042301;0,9949150326341157;0,0;0,8943932217129148;0,6552950021735862;0,0;0,139687949030644
Governança;Avaliação periódica da efetividade da governança;;Esaú;2026-03-27 09:12:00;2026-09-10 13:02:00.000000000;2026-09-11 13:02:00.000000000;3,0;;8,0;2026-09-11 13:02:00.000000000;;AHP_APRENDIZAGEM_ESPECIALIZACAO_WORKLOAD;;;;;PENDENTE;True;0,9615489483611982;1,0;1,0;0,7538058208161301;0,6586441863669917;0,1851740071976712;0,11773075479653525
Concorrencial;M&A Concorrencial;;Eva;2026-03-27 09:13:00;2026-09-23 09:02:59.999999999;2026-09-28 09:03:00.000000000;5,0;;24,0;2026-09-28 09:03:00.000000000;;AHP_APRENDIZAGEM_ESPECIALIZACAO_WORKLOAD;;;;;PENDENTE;True;0,957512764870845;1,0;1,0;0,7279629676536893;0,6586441863669917;0,1851740071976712;0,11369457130618206
Contencioso;Avaliação de riscos, êxito e impacto financeiro;;Esaú;2026-03-27 09:14:00;2026-09-11 13:02:00.000000000;2026-09-11 15:02:00.000000000;1,0;;2,0;2026-09-11 15:02:00.000000000;;AHP_APRENDIZAGEM_ESPECIALIZACAO_WORKLOAD;;;;;PENDENTE;True;0,9610742195997746;1,0;1,0;0,7507662301476735;0,6586441863669917;0,1851740071976712;0,11725602603511169
Societário;Análise jurídica preliminar e de estrutura da operação;;Adão;2026-03-30 09:00:00;2026-07-08 13:01:00.000000000;2026-07-13 13:00:59.999999999;5,0;;24,0;2026-07-13 13:00:59.999999999;;AHP_APRENDIZAGEM_ESPECIALIZACAO_WORKLOAD;;;;;PENDENTE;True;0,7949188796177429;0,9949979462998177;0,0;0,8936333240456953;0,6553496127774712;0,0;0,13956926684027166
Societário;Estruturação jurídica de carve-outs, spin-offs e alienação de ativos;;Adão;2026-03-30 09:01:00;2026-07-13 13:00:59.999999999;2026-07-16 13:00:59.999999999;5,0;;24,0;2026-07-16 13:00:59.999999999;;AHP_APRENDIZAGEM_ESPECIALIZACAO_WORKLOAD;;;;;PENDENTE;True;0,7934946933334721;0,9949979462998177;0,0;0,8845145520403253;0,6553496127774712;0,0;0,138145080556001
Societário;Estruturação de regras de governança;;Adão;2026-03-30 09:02:00;2026-07-16 13:00:59.999999999;2026-07-21 13:00:59.999999999;5,0;;24,0;2026-07-21 13:00:59.999999999;;AHP_APRENDIZAGEM_ESPECIALIZACAO_WORKLOAD;;;;;PENDENTE;True;0,7920705070492016;0,9949979462998177;0,0;0,8753957800349553;0,6553496127774712;0,0;0,13672089427173034
Societário;Atas de Reunião e Assembleia;;Adão;2026-03-30 09:03:00;2026-07-21 13:00:59.999999999;2026-07-22 09:00:59.999999999;2,0;;4,0;2026-07-22 09:00:59.999999999;;AHP_APRENDIZAGEM_ESPECIALIZACAO_WORKLOAD;;;;;PENDENTE;True;0,7906463207649308;0,9949979462998177;0,0;0,8662770080295853;0,6553496127774712;0,0;0,13529670798745966
Contratos;Contrato de Licença de Uso de Marca;;Eva;2026-03-30 09:04:00;2026-09-28 09:03:00.000000000;2026-09-29 09:02:59.999999999;3,0;;8,0;2026-09-29 09:02:59.999999999;;AHP_APRENDIZAGEM_ESPECIALIZACAO_WORKLOAD;;;;;PENDENTE;True;0,7822317355599463;1,0;0,06111637557728165;0,7188441956483194;0,6586441863669917;0,011317164171043127;0,11227038502191142
Societário;Estruturação de veículos societários (SPVs);;Adão;2026-03-30 09:05:00;2026-07-22 09:00:59.999999999;2026-07-27 09:00:59.999999999;5,0;;24,0;2026-07-27 09:00:59.999999999;;AHP_APRENDIZAGEM_ESPECIALIZACAO_WORKLOAD;;;;;PENDENTE;True;0,790408956384219;0,9949979462998177;0,0;0,8647572126953571;0,6553496127774712;0,0;0,1350593436067479
Societário;Aumento e redução de capital;;Adão;2026-03-30 09:06:00;2026-07-27 09:00:59.999999999;2026-07-27 11:00:59.999999999;1,0;;2,0;2026-07-27 11:00:59.999999999;;AHP_APRENDIZAGEM_ESPECIALIZACAO_WORKLOAD;;;;;PENDENTE;True;0,7889847700999484;0,9949979462998177;0,0;0,8556384406899872;0,6553496127774712;0,0;0,13363515732247724
Societário;Estruturação de veículos societários (SPVs);;Adão;2026-03-30 09:07:00;2026-07-27 11:00:59.999999999;2026-07-30 11:00:59.999999999;5,0;;24,0;2026-07-30 11:00:59.999999999;;AHP_APRENDIZAGEM_ESPECIALIZACAO_WORKLOAD;;;;;PENDENTE;True;0,7888660879095926;0,9949979462998177;0,0;0,8548785430228728;0,6553496127774712;0,0;0,13351647513212134
Contratos;Contrato de Hosting;;Eva;2026-03-30 09:08:00;2026-09-29 09:02:59.999999999;2026-09-30 09:02:59.999999999;3,0;;8,0;2026-09-30 09:02:59.999999999;;AHP_APRENDIZAGEM_ESPECIALIZACAO_WORKLOAD;;;;;PENDENTE;True;0,7817570067985227;1,0;0,06111637557728165;0,7158046049798628;0,6586441863669917;0,011317164171043127;0,11179565626048786
Concorrencial;Análise de exclusividade, não concorrência e cláusulas MFN;;Eva;2026-03-30 09:09:00;2026-09-30 09:02:59.999999999;2026-09-30 11:02:59.999999999;1,0;;2,0;2026-09-30 11:02:59.999999999;;AHP_APRENDIZAGEM_ESPECIALIZACAO_WORKLOAD;;;;;PENDENTE;True;0,9551391210637272;1,0;1,0;0,7127650143114059;0,6586441863669917;0,1851740071976712;0,11132092749906429
Regulatório;Resposta a ofícios, exigências e questionamentos da CVM e do BCB;;Abraão;2026-03-30 09:10:00;2027-08-24 13:00:00.000000000;2027-08-24 15:00:00.000000000;1,0;;2,0;2027-08-24 15:00:00.000000000;;AHP_APRENDIZAGEM_ESPECIALIZACAO_WORKLOAD;;;;;PENDENTE;True;0,8438181935646629;1,0;1,0;0,0;0,6586441863669917;0,1851740071976712;0,0
Contratos;Contrato de Joint Venture;;Eva;2026-03-30 09:11:00;2026-09-30 11:02:59.999999999;2026-10-05 11:03:00.000000000;5,0;;24,0;2026-10-05 11:03:00.000000000;;AHP_APRENDIZAGEM_ESPECIALIZACAO_WORKLOAD;;;;;PENDENTE;True;0,7811977497568345;1,0;0,06111637557728165;0,7122237971095192;0,6586441863669917;0,011317164171043127;0,11123639921879974
Societário;Atos perante Junta Comercial;;Adão;2026-03-30 09:12:00;2026-07-30 11:00:59.999999999;2026-07-30 13:00:59.999999999;1,0;;2,0;2026-07-30 13:00:59.999999999;;AHP_APRENDIZAGEM_ESPECIALIZACAO_WORKLOAD;;;;;PENDENTE;True;0,7874601932937424;0,9949979462998177;0,0;0,8458768888101446;0,6553496127774712;0,0;0,13211058051627117
Contratos;Contrato de Locação;;Eva;2026-03-30 09:13:00;2026-10-05 11:03:00.000000000;2026-10-06 11:02:59.999999999;3,0;;8,0;2026-10-06 11:02:59.999999999;;AHP_APRENDIZAGEM_ESPECIALIZACAO_WORKLOAD;;;;;PENDENTE;True;0,7797746448866348;1,0;0,06111637557728165;0,7031119491761371;0,6586441863669917;0,011317164171043127;0,10981329434860002
Societário;Reorganizações societárias internas;;Adão;2026-03-30 09:14:00;2026-07-30 13:00:59.999999999;2026-08-04 13:00:59.999999999;5,0;;24,0;2026-08-04 13:00:59.999999999;;AHP_APRENDIZAGEM_ESPECIALIZACAO_WORKLOAD;;;;;PENDENTE;True;0,7873416012212257;0,9949979462998177;0,0;0,8451175681490294;0,6553496127774712;0,0;0,1319919884437545
Societário;Estruturação de regras de governança;;Adão;2026-03-31 09:00:00;2026-08-04 13:00:59.999999999;2026-08-07 13:00:59.999999999;5,0;;24,0;2026-08-07 13:00:59.999999999;;AHP_APRENDIZAGEM_ESPECIALIZACAO_WORKLOAD;;;;;PENDENTE;True;0,7859267892192028;0,9950105371164465;0,0;0,8360057202156642;0,6553579056456453;0,0;0,13056888357355745
Contratos;Contrato de Mútuo, Doação ou Comodato;;Eva;2026-03-31 09:01:00;2026-10-06 11:02:59.999999999;2026-10-07 11:02:59.999999999;3,0;;8,0;2026-10-07 11:02:59.999999999;;AHP_APRENDIZAGEM_ESPECIALIZACAO_WORKLOAD;;;;;PENDENTE;True;0,7824417741329024;1,0;0,07808148630684614;0,7000746665316026;0,6586441863669917;0,014458661707388791;0,10933892605852193
Societário;Acordo de Sócios / Acionistas;;Adão;2026-03-31 09:02:00;2026-08-07 13:00:59.999999999;2026-08-10 13:01:00.000000000;3,0;;8,0;2026-08-10 13:01:00.000000000;;AHP_APRENDIZAGEM_ESPECIALIZACAO_WORKLOAD;;;;;PENDENTE;True;0,7845036843490032;0,9950105371164465;0,0;0,826893872282283;0,6553579056456453;0,0;0,1291457787033579
Societário;Estruturação societária internacional;;Adão;2026-03-31 09:03:00;2026-08-10 13:01:00.000000000;2026-08-13 13:00:59.999999999;5,0;;24,0;2026-08-13 13:00:59.999999999;;AHP_APRENDIZAGEM_ESPECIALIZACAO_WORKLOAD;;;;;PENDENTE;True;0,7840293160589367;0,9950105371164465;0,0;0,8238565896378227;0,6553579056456453;0,0;0,1286714104132914
Trabalhista;Análise de regimes de jornada e banco de horas;;Eva;2026-03-31 09:04:00;2026-10-07 11:02:59.999999999;2026-10-07 13:02:59.999999999;1,0;;2,0;2026-10-07 13:02:59.999999999;;AHP_APRENDIZAGEM_ESPECIALIZACAO_WORKLOAD;;;;;PENDENTE;True;0,9526827513331183;1,0;1,0;0,6970373838871421;0,6586441863669917;0,1851740071976712;0,10886455776845538
Governança;Acompanhamento de planos de mitigação;;Esaú;2026-03-31 09:05:00;2026-09-11 15:02:00.000000000;2026-09-14 09:02:00.000000000;1,0;;2,0;2026-09-14 09:02:00.000000000;;AHP_APRENDIZAGEM_ESPECIALIZACAO_WORKLOAD;;;;;PENDENTE;True;0,96098518467657;1,0;1,0;0,7501961578374812;0,6586441863669917;0,1851740071976712;0,11716699111190709
Contratos;Contratos imobiliários;;Eva;2026-03-31 09:06:00;2026-10-07 13:02:59.999999999;2026-10-08 13:03:00.000000000;3,0;;8,0;2026-10-08 13:03:00.000000000;;AHP_APRENDIZAGEM_ESPECIALIZACAO_WORKLOAD;;;;;PENDENTE;True;0,7818488137703192;1,0;0,07808148630684614;0,6962780632260269;0,6586441863669917;0,014458661707388791;0,10874596569593875
Contratos;Letter of Intent;;Eva;2026-03-31 09:07:00;2026-10-08 13:03:00.000000000;2026-10-08 15:03:00.000000000;1,0;;2,0;2026-10-08 15:03:00.000000000;;AHP_APRENDIZAGEM_ESPECIALIZACAO_WORKLOAD;;;;;PENDENTE;True;0,7813744454802527;1,0;0,07808148630684614;0,6932407805815666;0,6586441863669917;0,014458661707388791;0,10827159740587224
Contratos;Contrato de Licenciamento de Software;;Eva;2026-03-31 09:08:00;2026-10-08 15:03:00.000000000;2026-10-12 15:03:00.000000000;4,0;;16,0;2026-10-12 15:03:00.000000000;;AHP_APRENDIZAGEM_ESPECIALIZACAO_WORKLOAD;;;;;PENDENTE;True;0,7812558534077361;1,0;0,07808148630684614;0,6924814599204514;0,6586441863669917;0,014458661707388791;0,10815300533335559
Contratos;Contrato de compra e venda;;Eva;2026-03-31 09:09:00;2026-10-12 15:03:00.000000000;2026-10-13 15:03:00.000000000;3,0;;8,0;2026-10-13 15:03:00.000000000;;AHP_APRENDIZAGEM_ESPECIALIZACAO_WORKLOAD;;;;;PENDENTE;True;0,780307116827603;1,0;0,07808148630684614;0,6864068946315306;0,6586441863669917;0,014458661707388791;0,10720426875322255
Contratos;Contratos Administrativos;;Eva;2026-03-31 09:10:00;2026-10-13 15:03:00.000000000;2026-10-14 15:03:00.000000000;3,0;;8,0;2026-10-14 15:03:00.000000000;;AHP_APRENDIZAGEM_ESPECIALIZACAO_WORKLOAD;;;;;PENDENTE;True;0,7798327485375365;1,0;0,07808148630684614;0,6833696119870701;0,6586441863669917;0,014458661707388791;0,10672990046315602
Governança;Planejamento de Agenda do Conselho de Administração;;Esaú;2026-03-31 09:11:00;2026-09-14 09:02:00.000000000;2026-09-14 11:02:00.000000000;1,0;;2,0;2026-09-14 11:02:00.000000000;;AHP_APRENDIZAGEM_ESPECIALIZACAO_WORKLOAD;;;;;PENDENTE;True;0,9608665926040534;1,0;1,0;0,749436837176366;0,6586441863669917;0,1851740071976712;0,11704839903939045
Governança;Gestão de documentos de governança;;Esaú;2026-03-31 09:12:00;2026-09-14 11:02:00.000000000;2026-09-15 11:02:00.000000000;3,0;;8,0;2026-09-15 11:02:00.000000000;;AHP_APRENDIZAGEM_ESPECIALIZACAO_WORKLOAD;;;;;PENDENTE;True;0,9607480005315367;1,0;1,0;0,7486775165152509;0,6586441863669917;0,1851740071976712;0,11692980696687383
Contratos;Contrato de Mútuo, Doação ou Comodato;;Eva;2026-03-31 09:13:00;2026-10-14 15:03:00.000000000;2026-10-15 15:03:00.000000000;3,0;;8,0;2026-10-15 15:03:00.000000000;;AHP_APRENDIZAGEM_ESPECIALIZACAO_WORKLOAD;;;;;PENDENTE;True;0,77935838024747;1,0;0,07808148630684614;0,6803323293426097;0,6586441863669917;0,014458661707388791;0,10625553217308947
Contratos;Contrato de Locação;;Eva;2026-03-31 09:14:00;2026-10-15 15:03:00.000000000;2026-10-16 15:03:00.000000000;3,0;;8,0;2026-10-16 15:03:00.000000000;;AHP_APRENDIZAGEM_ESPECIALIZACAO_WORKLOAD;;;;;PENDENTE;True;0,7788840119574034;1,0;0,07808148630684614;0,6772950466981492;0,6586441863669917;0,014458661707388791;0,10578116388302294
Societário;Análise jurídica preliminar e de estrutura da operação;;Adão;2026-04-01 09:00:00;2026-08-13 13:00:59.999999999;2026-08-18 13:00:59.999999999;5,0;;24,0;2026-08-18 13:00:59.999999999;;AHP_APRENDIZAGEM_ESPECIALIZACAO_WORKLOAD;;;;;PENDENTE;True;0,7826081724001337;0,9950135147657203;0,0;0,8147447417045272;0,6553598668570285;0,0;0,12724830554310518
Contratos;Outros tipos contratuais;;Eva;2026-04-01 09:01:00;2026-10-16 15:03:00.000000000;2026-10-19 15:03:00.000000000;3,0;;8,0;2026-10-19 15:03:00.000000000;;AHP_APRENDIZAGEM_ESPECIALIZACAO_WORKLOAD;;;;;PENDENTE;True;0,7817167531324992;1,0;0,0959409554364462;0,67425776405376;0,6586441863669917;0,01776577117253994;0,10530679559296754
Contratos;NDA;;Eva;2026-04-01 09:02:00;2026-10-19 15:03:00.000000000;2026-10-20 09:03:00.000000000;1,0;;2,0;2026-10-20 09:03:00.000000000;;AHP_APRENDIZAGEM_ESPECIALIZACAO_WORKLOAD;;;;;PENDENTE;True;0,7812423848424327;1,0;0,0959409554364462;0,6712204814092991;0,6586441863669917;0,01776577117253994;0,10483242730290095
Direito financeiro;Registro de garantias em cartórios e sistemas competentes;;Esaú;2026-04-01 09:03:00;2026-09-15 11:02:00.000000000;2026-09-15 13:02:00.000000000;1,0;;2,0;2026-09-15 13:02:00.000000000;;AHP_APRENDIZAGEM_ESPECIALIZACAO_WORKLOAD;;;;;PENDENTE;True;0,7779954967426792;1,0;0,015638651140581744;0,745640233870869;0,6586441863669917;0,0028958716988679526;0,11645543867681955
Contratos;Contratos Financeiros ou Bancários;;Eva;2026-04-01 09:04:00;2026-10-20 09:03:00.000000000;2026-10-21 09:02:59.999999999;3,0;;8,0;2026-10-21 09:02:59.999999999;;AHP_APRENDIZAGEM_ESPECIALIZACAO_WORKLOAD;;;;;PENDENTE;True;0,781123792769916;1,0;0,0959409554364462;0,670461160748184;0,6586441863669917;0,01776577117253994;0,1047138352303843
Concorrencial;Avaliação de riscos concorrenciais;;Eva;2026-04-01 09:05:00;2026-10-21 09:02:59.999999999;2026-10-21 11:02:59.999999999;1,0;;2,0;2026-10-21 11:02:59.999999999;;AHP_APRENDIZAGEM_ESPECIALIZACAO_WORKLOAD;;;;;PENDENTE;True;0,9480576605049806;1,0;1,0;0,6674238781037232;0,6586441863669917;0,1851740071976712;0,10423946694031772
Contratos;Contrato de trabalho;;Eva;2026-04-01 09:06:00;2026-10-21 11:02:59.999999999;2026-10-21 13:02:59.999999999;1,0;;2,0;2026-10-21 13:02:59.999999999;;AHP_APRENDIZAGEM_ESPECIALIZACAO_WORKLOAD;;;;;PENDENTE;True;0,7805308324073328;1,0;0,0959409554364462;0,666664557442608;0,6586441863669917;0,01776577117253994;0,10412087486780108
Societário;Integração societária;;Adão;2026-04-01 09:07:00;2026-08-18 13:00:59.999999999;2026-08-18 15:00:59.999999999;1,0;;2,0;2026-08-18 15:00:59.999999999;;AHP_APRENDIZAGEM_ESPECIALIZACAO_WORKLOAD;;;;;PENDENTE;True;0,781185067529934;0,9950135147657203;0,0;0,8056328937711449;0,6553598668570285;0,0;0,12582520067290545
Contencioso;Gestão de provas e documentos;;Esaú;2026-04-01 09:08:00;2026-09-15 13:02:00.000000000;2026-09-15 15:02:00.000000000;1,0;;2,0;2026-09-15 15:02:00.000000000;;AHP_APRENDIZAGEM_ESPECIALIZACAO_WORKLOAD;;;;;PENDENTE;True;0,9601550401689658;1,0;1,0;0,7448809132097539;0,6586441863669917;0,1851740071976712;0,11633684660430292
Regulatório;Elaboração de defesas, manifestações e recursos;;Abraão;2026-04-01 09:09:00;2027-08-24 15:00:00.000000000;2027-08-26 15:00:00.000000000;4,0;;16,0;2027-08-26 15:00:00.000000000;;AHP_APRENDIZAGEM_ESPECIALIZACAO_WORKLOAD;;;;;PENDENTE;True;0,8438181935646629;1,0;1,0;0,0;0,6586441863669917;0,1851740071976712;0,0
Societário;Estruturação de holdings e grupos;;Adão;2026-04-01 09:10:00;2026-08-18 15:00:59.999999999;2026-08-21 15:00:59.999999999;5,0;;24,0;2026-08-21 15:00:59.999999999;;AHP_APRENDIZAGEM_ESPECIALIZACAO_WORKLOAD;;;;;PENDENTE;True;0,7812504812809697;0,9950135147657203;0,0;0,8060517245717921;0,6553598668570285;0,0;0,12589061442394128
Societário;Aprovações regulatórias e concorrenciais;;Adão;2026-04-01 09:11:00;2026-08-21 15:00:59.999999999;2026-08-24 15:01:00.000000000;3,0;;8,0;2026-08-24 15:01:00.000000000;;AHP_APRENDIZAGEM_ESPECIALIZACAO_WORKLOAD;;;;;PENDENTE;True;0,7798359689582266;0,9950135147657203;0,0;0,7969948929533865;0,6553598668570285;0,0;0,12447610210119804
Direito financeiro;Apoio jurídico à governança financeira corporativa;;Esaú;2026-04-01 09:12:00;2026-09-15 15:02:00.000000000;2026-09-16 15:02:00.000000000;3,0;;8,0;2026-09-16 15:02:00.000000000;;AHP_APRENDIZAGEM_ESPECIALIZACAO_WORKLOAD;;;;;PENDENTE;True;0,7779996080379552;1,0;0,015638651140581744;0,7456665576493539;0,6586441863669917;0,0028958716988679526;0,11645954997209552
Contratos;Contrato de Representação Comercial;;Eva;2026-04-01 09:13:00;2026-10-21 13:02:59.999999999;2026-10-22 13:03:00.000000000;3,0;;8,0;2026-10-22 13:03:00.000000000;;AHP_APRENDIZAGEM_ESPECIALIZACAO_WORKLOAD;;;;;PENDENTE;True;0,7807272944411738;1,0;0,0959409554364462;0,6679224634582002;0,6586441863669917;0,01776577117253994;0,10431733690164215
Societário;Avaliação de impactos (societário, contratual, regulatório, concorrencial, trabalhista, tributário);;Adão;2026-04-01 09:14:00;2026-08-24 15:01:00.000000000;2026-08-25 15:01:00.000000000;3,0;;8,0;2026-08-25 15:01:00.000000000;;AHP_APRENDIZAGEM_ESPECIALIZACAO_WORKLOAD;;;;;PENDENTE;True;0,7793644648506455;0,9950135147657203;0,0;0,7939759490805849;0,6553598668570285;0,0;0,12400459799361697
Concorrencial;Contencioso Administrativo Concorrencial;;Eva;2026-04-02 09:00:00;2026-10-22 13:03:00.000000000;2026-10-26 13:03:00.000000000;4,0;;16,0;2026-10-26 13:03:00.000000000;;AHP_APRENDIZAGEM_ESPECIALIZACAO_WORKLOAD;;;;;PENDENTE;True;0,9476640263587239;1,0;1,0;0,6649035195853984;0,6586441863669917;0,1851740071976712;0,10384583279406107
Societário;Estruturação de holdings e grupos;;Adão;2026-04-02 09:01:00;2026-08-25 15:01:00.000000000;2026-08-28 15:00:59.999999999;5,0;;24,0;2026-08-28 15:00:59.999999999;;AHP_APRENDIZAGEM_ESPECIALIZACAO_WORKLOAD;;;;;PENDENTE;True;0,778892960743048;0,9950135147657203;0,0;0,7909570052076782;0,6553598668570285;0,0;0,12353309388601952
Societário;Due diligence;;Adão;2026-04-02 09:02:00;2026-08-28 15:00:59.999999999;2026-09-02 15:00:59.999999999;5,0;;24,0;2026-09-02 15:00:59.999999999;;AHP_APRENDIZAGEM_ESPECIALIZACAO_WORKLOAD;;;;;PENDENTE;True;0,7774784484203048;0,9950135147657203;0,0;0,7819001735892728;0,6553598668570285;0,0;0,12211858156327628
Concorrencial;Gestão de canal de dúvidas;;Eva;2026-04-02 09:03:00;2026-10-26 13:03:00.000000000;2026-10-26 15:03:00.000000000;1,0;;2,0;2026-10-26 15:03:00.000000000;;AHP_APRENDIZAGEM_ESPECIALIZACAO_WORKLOAD;;;;;PENDENTE;True;0,9467210181435618;1,0;1,0;0,6588656318397946;0,6586441863669917;0,1851740071976712;0,10290282457889889
Societário;Consolidação das versões finais dos documentos;;Adão;2026-04-02 09:04:00;2026-09-02 15:00:59.999999999;2026-09-03 09:00:59.999999999;1,0;;2,0;2026-09-03 09:00:59.999999999;;AHP_APRENDIZAGEM_ESPECIALIZACAO_WORKLOAD;;;;;PENDENTE;True;0,7760639360975615;0,9950135147657203;0,0;0,7728433419708671;0,6553598668570285;0,0;0,12070406924053301
Direito financeiro;Interface com escritórios externos;;Esaú;2026-04-02 09:05:00;2026-09-16 15:02:00.000000000;2026-09-17 09:02:00.000000000;1,0;;2,0;2026-09-17 09:02:00.000000000;;AHP_APRENDIZAGEM_ESPECIALIZACAO_WORKLOAD;;;;;PENDENTE;True;0,7775281039303741;1,0;0,015638651140581744;0,742647613776552;0,6586441863669917;0,0028958716988679526;0,11598804586451443
Governança;Política de Conflito de Interesses e de Partes Relacionadas;;Esaú;2026-04-02 09:06:00;2026-09-17 09:02:00.000000000;2026-09-18 09:01:59.999999999;3,0;;8,0;2026-09-18 09:01:59.999999999;;AHP_APRENDIZAGEM_ESPECIALIZACAO_WORKLOAD;;;;;PENDENTE;True;0,9596883634022821;1,0;1,0;0,7418928778083516;0,6586441863669917;0,1851740071976712;0,11587016983761916
Societário;Estruturação de regras de governança;;Adão;2026-04-02 09:07:00;2026-09-03 09:00:59.999999999;2026-09-08 09:00:59.999999999;5,0;;24,0;2026-09-08 09:00:59.999999999;;AHP_APRENDIZAGEM_ESPECIALIZACAO_WORKLOAD;;;;;PENDENTE;True;0,7759460600706662;0,9950135147657203;0,0;0,7720886060026666;0,6553598668570285;0,0;0,12058619321363773
Societário;Elaboração e negociação de  SHA;;Adão;2026-04-02 09:08:00;2026-09-08 09:00:59.999999999;2026-09-09 09:00:59.999999999;3,0;;8,0;2026-09-09 09:00:59.999999999;;AHP_APRENDIZAGEM_ESPECIALIZACAO_WORKLOAD;;;;;PENDENTE;True;0,774531547747923;0,9950135147657203;0,0;0,7630317743842613;0,6553598668570285;0,0;0,11917168089089451
Contratos;Letter of Intent;;Eva;2026-04-02 09:09:00;2026-10-26 15:03:00.000000000;2026-10-27 09:03:00.000000000;1,0;;2,0;2026-10-27 09:03:00.000000000;;AHP_APRENDIZAGEM_ESPECIALIZACAO_WORKLOAD;;;;;PENDENTE;True;0,7825995565897869;1,0;0,11432717794021885;0,6581108958715942;0,6586441863669917;0,02117042167079152;0,10278494855200362
Regulatório;Análise de risco sancionador e reputacional;;Abraão;2026-04-02 09:10:00;2027-08-26 15:00:00.000000000;2027-08-26 17:00:00.000000000;1,0;;2,0;2027-08-26 17:00:00.000000000;;AHP_APRENDIZAGEM_ESPECIALIZACAO_WORKLOAD;;;;;PENDENTE;True;0,8438181935646629;1,0;1,0;0,0;0,6586441863669917;0,1851740071976712;0,0
Contratos;Contrato de Locação;;Eva;2026-04-02 09:11:00;2026-10-27 09:03:00.000000000;2026-10-28 09:02:59.999999999;3,0;;8,0;2026-10-28 09:02:59.999999999;;AHP_APRENDIZAGEM_ESPECIALIZACAO_WORKLOAD;;;;;PENDENTE;True;0,7825220395969876;1,0;0,11432717794021885;0,6576145705020235;0,6586441863669917;0,02117042167079152;0,10270743155920439
Societário;Estruturação de regras de governança;;Adão;2026-04-02 09:12:00;2026-09-09 09:00:59.999999999;2026-09-14 09:00:59.999999999;5,0;;24,0;2026-09-14 09:00:59.999999999;;AHP_APRENDIZAGEM_ESPECIALIZACAO_WORKLOAD;;;;;PENDENTE;True;0,7740883110399639;0,9950135147657203;0,0;0,760193820860253;0,6553598668570285;0,0;0,11872844418293536
Societário;Gestão de earn-outs, ajustes de preço e garantias;;Adão;2026-04-02 09:13:00;2026-09-14 09:00:59.999999999;2026-09-14 11:00:59.999999999;1,0;;2,0;2026-09-14 11:00:59.999999999;;AHP_APRENDIZAGEM_ESPECIALIZACAO_WORKLOAD;;;;;PENDENTE;True;0,7726748654954122;0,9950135147657203;0,0;0,7511438196033082;0,6553598668570285;0,0;0,11731499863838366
Societário;Due diligence societária;;Adão;2026-04-02 09:14:00;2026-09-14 11:00:59.999999999;2026-09-17 11:00:59.999999999;5,0;;24,0;2026-09-17 11:00:59.999999999;;AHP_APRENDIZAGEM_ESPECIALIZACAO_WORKLOAD;;;;;PENDENTE;True;0,7725570783666995;0,9950135147657203;0,0;0,7503896528318963;0,6553598668570285;0,0;0,11719721150967104
Societário;Elaboração e negociação de  SHA;;Adão;2026-04-03 09:00:00;2026-09-17 11:00:59.999999999;2026-09-18 11:01:00.000000000;3,0;;8,0;2026-09-18 11:01:00.000000000;;AHP_APRENDIZAGEM_ESPECIALIZACAO_WORKLOAD;;;;;PENDENTE;True;0,7711436328221478;0,9950135147657203;0,0;0,7413396515749516;0,6553598668570285;0,0;0,11578376596511934
Societário;Suporte jurídico às negociações comerciais;;Adão;2026-04-03 09:01:00;2026-09-18 11:01:00.000000000;2026-09-21 11:01:00.000000000;3,0;;8,0;2026-09-21 11:01:00.000000000;;AHP_APRENDIZAGEM_ESPECIALIZACAO_WORKLOAD;;;;;PENDENTE;True;0,7706724843072973;0,9950135147657203;0,0;0,7383229844893034;0,6553598668570285;0,0;0,11531261745026879
Societário;Estruturação jurídica de carve-outs, spin-offs e alienação de ativos;;Adão;2026-04-03 09:02:00;2026-09-21 11:01:00.000000000;2026-09-24 11:00:59.999999999;5,0;;24,0;2026-09-24 11:00:59.999999999;;AHP_APRENDIZAGEM_ESPECIALIZACAO_WORKLOAD;;;;;PENDENTE;True;0,7702013357924468;0,9950135147657203;0,0;0,7353063174036552;0,6553598668570285;0,0;0,11484146893541822
Governança;Outras atividades de governança;;Esaú;2026-04-03 09:03:00;2026-09-18 09:01:59.999999999;2026-09-21 09:01:59.999999999;3,0;;8,0;2026-09-21 09:01:59.999999999;;AHP_APRENDIZAGEM_ESPECIALIZACAO_WORKLOAD;;;;;PENDENTE;True;0,9592476165842384;1,0;1,0;0,7390708665376202;0,6586441863669917;0,1851740071976712;0,11542942301957547
Contratos;Contrato de trabalho;;Eva;2026-04-03 09:04:00;2026-10-28 09:02:59.999999999;2026-10-28 11:02:59.999999999;1,0;;2,0;2026-10-28 11:02:59.999999999;;AHP_APRENDIZAGEM_ESPECIALIZACAO_WORKLOAD;;;;;PENDENTE;True;0,7820321715041341;1,0;0,11422608611698579;0,6545979034163755;0,6586441863669917;0,021151702092788535;0,10223628304435385
Societário;Suporte jurídico às negociações comerciais;;Adão;2026-04-03 09:05:00;2026-09-24 11:00:59.999999999;2026-09-25 11:01:00.000000000;3,0;;8,0;2026-09-25 11:01:00.000000000;;AHP_APRENDIZAGEM_ESPECIALIZACAO_WORKLOAD;;;;;PENDENTE;True;0,7687878902478951;0,9950135147657203;0,0;0,7262563161467105;0,6553598668570285;0,0;0,11342802339086652
Societário;Gestão de earn-outs, ajustes de preço e garantias;;Adão;2026-04-03 09:06:00;2026-09-25 11:01:00.000000000;2026-09-25 13:01:00.000000000;1,0;;2,0;2026-09-25 13:01:00.000000000;;AHP_APRENDIZAGEM_ESPECIALIZACAO_WORKLOAD;;;;;PENDENTE;True;0,7683167417330445;0,9950135147657203;0,0;0,7232396490610624;0,6553598668570285;0,0;0,112956874876016
Societário;Gestão de passivos;;Adão;2026-04-03 09:07:00;2026-09-25 13:01:00.000000000;2026-09-25 15:01:00.000000000;1,0;;2,0;2026-09-25 15:01:00.000000000;;AHP_APRENDIZAGEM_ESPECIALIZACAO_WORKLOAD;;;;;PENDENTE;True;0,7681989546043319;0,9950135147657203;0,0;0,7224854822896503;0,6553598668570285;0,0;0,11283908774730333
Societário;Avaliação de impactos (societário, contratual, regulatório, concorrencial, trabalhista, tributário);;Adão;2026-04-03 09:08:00;2026-09-25 15:01:00.000000000;2026-09-28 15:01:00.000000000;3,0;;8,0;2026-09-28 15:01:00.000000000;;AHP_APRENDIZAGEM_ESPECIALIZACAO_WORKLOAD;;;;;PENDENTE;True;0,7680811674756192;0,9950135147657203;0,0;0,7217313155182383;0,6553598668570285;0,0;0,1127213006185907
Societário;Análise jurídica preliminar e de estrutura da operação;;Adão;2026-04-03 09:09:00;2026-09-28 15:01:00.000000000;2026-10-01 15:00:59.999999999;5,0;;24,0;2026-10-01 15:00:59.999999999;;AHP_APRENDIZAGEM_ESPECIALIZACAO_WORKLOAD;;;;;PENDENTE;True;0,7676100189607686;0,9950135147657203;0,0;0,7187146484325899;0,6553598668570285;0,0;0,11225015210374012
