data_snapshot;analista;area;xp_exposicao;conhecimento_k;aprendizado_marginal;conhecimento_total_area;share_conhecimento;contribuicao_hhi;cenario;n_analistas_cenario;execucao
2026-01-01 09:00:00;Jacó;Concorrencial;0,0;0,15519807333141483;0,009256481174413592;0,7759903666570742;0,19999999999999998;0,039999999999999994;cenario_1_base;5;cenario_1_base_5_analistas
2026-01-01 09:00:00;Jacó;Contencioso;0,0;0,15519807333141483;0,009256481174413592;0,7759903666570742;0,19999999999999998;0,039999999999999994;cenario_1_base;5;cenario_1_base_5_analistas
2026-01-01 09:00:00;Jacó;Contratos;0,0;0,15519807333141483;0,009256481174413592;0,7759903666570742;0,19999999999999998;0,039999999999999994;cenario_1_base;5;cenario_1_base_5_analistas
2026-01-01 09:00:00;Jacó;Direito digital;0,0;0,15519807333141483;0,009256481174413592;0,7759903666570742;0,19999999999999998;0,039999999999999994;cenario_1_base;5;cenario_1_base_5_analistas
2026-01-01 09:00:00;Jacó;Direito financeiro;0,0;0,15519807333141483;0,009256481174413592;0,7759903666570742;0,19999999999999998;0,039999999999999994;cenario_1_base;5;cenario_1_base_5_analistas
2026-01-01 09:00:00;Jacó;Governança;0,0;0,15519807333141483;0,009256481174413592;0,7759903666570742;0,19999999999999998;0,039999999999999994;cenario_1_base;5;cenario_1_base_5_analistas
2026-01-01 09:00:00;Jacó;Propriedade intelectual;0,0;0,15519807333141483;0,009256481174413592;0,7759903666570742;0,19999999999999998;0,039999999999999994;cenario_1_base;5;cenario_1_base_5_analistas
2026-01-01 09:00:00;Jacó;Regulatório;0,0;0,15519807333141483;0,009256481174413592;0,7759903666570742;0,19999999999999998;0,039999999999999994;cenario_1_base;5;cenario_1_base_5_analistas
2026-01-01 09:00:00;Jacó;Societário;0,0;0,15519807333141483;0,009256481174413592;0,7759903666570742;0,19999999999999998;0,039999999999999994;cenario_1_base;5;cenario_1_base_5_analistas
2026-01-01 09:00:00;Jacó;Trabalhista;0,0;0,15519807333141483;0,009256481174413592;0,7759903666570742;0,19999999999999998;0,039999999999999994;cenario_1_base;5;cenario_1_base_5_analistas
2026-01-01 09:00:00;Jacó;Tributário;0,0;0,15519807333141483;0,009256481174413592;0,7759903666570742;0,19999999999999998;0,039999999999999994;cenario_1_base;5;cenario_1_base_5_analistas
2026-01-01 09:00:00;Eva;Concorrencial;0,0;0,15519807333141483;0,009256481174413592;0,7759903666570742;0,19999999999999998;0,039999999999999994;cenario_1_base;5;cenario_1_base_5_analistas
2026-01-01 09:00:00;Eva;Contencioso;0,0;0,15519807333141483;0,009256481174413592;0,7759903666570742;0,19999999999999998;0,039999999999999994;cenario_1_base;5;cenario_1_base_5_analistas
2026-01-01 09:00:00;Eva;Contratos;0,0;0,15519807333141483;0,009256481174413592;0,7759903666570742;0,19999999999999998;0,039999999999999994;cenario_1_base;5;cenario_1_base_5_analistas
2026-01-01 09:00:00;Eva;Direito digital;0,0;0,15519807333141483;0,009256481174413592;0,7759903666570742;0,19999999999999998;0,039999999999999994;cenario_1_base;5;cenario_1_base_5_analistas
2026-01-01 09:00:00;Eva;Direito financeiro;0,0;0,15519807333141483;0,009256481174413592;0,7759903666570742;0,19999999999999998;0,039999999999999994;cenario_1_base;5;cenario_1_base_5_analistas
2026-01-01 09:00:00;Eva;Governança;0,0;0,15519807333141483;0,009256481174413592;0,7759903666570742;0,19999999999999998;0,039999999999999994;cenario_1_base;5;cenario_1_base_5_analistas
2026-01-01 09:00:00;Eva;Propriedade intelectual;0,0;0,15519807333141483;0,009256481174413592;0,7759903666570742;0,19999999999999998;0,039999999999999994;cenario_1_base;5;cenario_1_base_5_analistas
2026-01-01 09:00:00;Eva;Regulatório;0,0;0,15519807333141483;0,009256481174413592;0,7759903666570742;0,19999999999999998;0,039999999999999994;cenario_1_base;5;cenario_1_base_5_analistas
2026-01-01 09:00:00;Eva;Societário;0,0;0,15519807333141483;0,009256481174413592;0,7759903666570742;0,19999999999999998;0,039999999999999994;cenario_1_base;5;cenario_1_base_5_analistas
2026-01-01 09:00:00;Eva;Trabalhista;0,0;0,15519807333141483;0,009256481174413592;0,7759903666570742;0,19999999999999998;0,039999999999999994;cenario_1_base;5;cenario_1_base_5_analistas
2026-01-01 09:00:00;Eva;Tributário;0,0;0,15519807333141483;0,009256481174413592;0,7759903666570742;0,19999999999999998;0,039999999999999994;cenario_1_base;5;cenario_1_base_5_analistas
2026-01-01 09:00:00;Abraão;Concorrencial;0,0;0,15519807333141483;0,009256481174413592;0,7759903666570742;0,19999999999999998;0,039999999999999994;cenario_1_base;5;cenario_1_base_5_analistas
2026-01-01 09:00:00;Abraão;Contencioso;0,0;0,15519807333141483;0,009256481174413592;0,7759903666570742;0,19999999999999998;0,039999999999999994;cenario_1_base;5;cenario_1_base_5_analistas
2026-01-01 09:00:00;Abraão;Contratos;0,0;0,15519807333141483;0,009256481174413592;0,7759903666570742;0,19999999999999998;0,039999999999999994;cenario_1_base;5;cenario_1_base_5_analistas
2026-01-01 09:00:00;Abraão;Direito digital;0,0;0,15519807333141483;0,009256481174413592;0,7759903666570742;0,19999999999999998;0,039999999999999994;cenario_1_base;5;cenario_1_base_5_analistas
2026-01-01 09:00:00;Abraão;Direito financeiro;0,0;0,15519807333141483;0,009256481174413592;0,7759903666570742;0,19999999999999998;0,039999999999999994;cenario_1_base;5;cenario_1_base_5_analistas
2026-01-01 09:00:00;Abraão;Governança;0,0;0,15519807333141483;0,009256481174413592;0,7759903666570742;0,19999999999999998;0,039999999999999994;cenario_1_base;5;cenario_1_base_5_analistas
2026-01-01 09:00:00;Abraão;Propriedade intelectual;0,0;0,15519807333141483;0,009256481174413592;0,7759903666570742;0,19999999999999998;0,039999999999999994;cenario_1_base;5;cenario_1_base_5_analistas
2026-01-01 09:00:00;Abraão;Regulatório;0,0;0,15519807333141483;0,009256481174413592;0,7759903666570742;0,19999999999999998;0,039999999999999994;cenario_1_base;5;cenario_1_base_5_analistas
2026-01-01 09:00:00;Abraão;Societário;0,0;0,15519807333141483;0,009256481174413592;0,7759903666570742;0,19999999999999998;0,039999999999999994;cenario_1_base;5;cenario_1_base_5_analistas
2026-01-01 09:00:00;Abraão;Trabalhista;0,0;0,15519807333141483;0,009256481174413592;0,7759903666570742;0,19999999999999998;0,039999999999999994;cenario_1_base;5;cenario_1_base_5_analistas
2026-01-01 09:00:00;Abraão;Tributário;0,0;0,15519807333141483;0,009256481174413592;0,7759903666570742;0,19999999999999998;0,039999999999999994;cenario_1_base;5;cenario_1_base_5_analistas
2026-01-01 09:00:00;Adão;Concorrencial;0,0;0,15519807333141483;0,009256481174413592;0,7759903666570742;0,19999999999999998;0,039999999999999994;cenario_1_base;5;cenario_1_base_5_analistas
2026-01-01 09:00:00;Adão;Contencioso;0,0;0,15519807333141483;0,009256481174413592;0,7759903666570742;0,19999999999999998;0,039999999999999994;cenario_1_base;5;cenario_1_base_5_analistas
2026-01-01 09:00:00;Adão;Contratos;0,0;0,15519807333141483;0,009256481174413592;0,7759903666570742;0,19999999999999998;0,039999999999999994;cenario_1_base;5;cenario_1_base_5_analistas
2026-01-01 09:00:00;Adão;Direito digital;0,0;0,15519807333141483;0,009256481174413592;0,7759903666570742;0,19999999999999998;0,039999999999999994;cenario_1_base;5;cenario_1_base_5_analistas
2026-01-01 09:00:00;Adão;Direito financeiro;0,0;0,15519807333141483;0,009256481174413592;0,7759903666570742;0,19999999999999998;0,039999999999999994;cenario_1_base;5;cenario_1_base_5_analistas
2026-01-01 09:00:00;Adão;Governança;0,0;0,15519807333141483;0,009256481174413592;0,7759903666570742;0,19999999999999998;0,039999999999999994;cenario_1_base;5;cenario_1_base_5_analistas
2026-01-01 09:00:00;Adão;Propriedade intelectual;0,0;0,15519807333141483;0,009256481174413592;0,7759903666570742;0,19999999999999998;0,039999999999999994;cenario_1_base;5;cenario_1_base_5_analistas
2026-01-01 09:00:00;Adão;Regulatório;0,0;0,15519807333141483;0,009256481174413592;0,7759903666570742;0,19999999999999998;0,039999999999999994;cenario_1_base;5;cenario_1_base_5_analistas
2026-01-01 09:00:00;Adão;Societário;0,0;0,15519807333141483;0,009256481174413592;0,7759903666570742;0,19999999999999998;0,039999999999999994;cenario_1_base;5;cenario_1_base_5_analistas
2026-01-01 09:00:00;Adão;Trabalhista;0,0;0,15519807333141483;0,009256481174413592;0,7759903666570742;0,19999999999999998;0,039999999999999994;cenario_1_base;5;cenario_1_base_5_analistas
2026-01-01 09:00:00;Adão;Tributário;0,0;0,15519807333141483;0,009256481174413592;0,7759903666570742;0,19999999999999998;0,039999999999999994;cenario_1_base;5;cenario_1_base_5_analistas
2026-01-01 09:00:00;Esaú;Concorrencial;0,0;0,15519807333141483;0,009256481174413592;0,7759903666570742;0,19999999999999998;0,039999999999999994;cenario_1_base;5;cenario_1_base_5_analistas
2026-01-01 09:00:00;Esaú;Contencioso;0,0;0,15519807333141483;0,009256481174413592;0,7759903666570742;0,19999999999999998;0,039999999999999994;cenario_1_base;5;cenario_1_base_5_analistas
2026-01-01 09:00:00;Esaú;Contratos;0,0;0,15519807333141483;0,009256481174413592;0,7759903666570742;0,19999999999999998;0,039999999999999994;cenario_1_base;5;cenario_1_base_5_analistas
2026-01-01 09:00:00;Esaú;Direito digital;0,0;0,15519807333141483;0,009256481174413592;0,7759903666570742;0,19999999999999998;0,039999999999999994;cenario_1_base;5;cenario_1_base_5_analistas
2026-01-01 09:00:00;Esaú;Direito financeiro;0,0;0,15519807333141483;0,009256481174413592;0,7759903666570742;0,19999999999999998;0,039999999999999994;cenario_1_base;5;cenario_1_base_5_analistas
2026-01-01 09:00:00;Esaú;Governança;0,0;0,15519807333141483;0,009256481174413592;0,7759903666570742;0,19999999999999998;0,039999999999999994;cenario_1_base;5;cenario_1_base_5_analistas
2026-01-01 09:00:00;Esaú;Propriedade intelectual;0,0;0,15519807333141483;0,009256481174413592;0,7759903666570742;0,19999999999999998;0,039999999999999994;cenario_1_base;5;cenario_1_base_5_analistas
2026-01-01 09:00:00;Esaú;Regulatório;0,0;0,15519807333141483;0,009256481174413592;0,7759903666570742;0,19999999999999998;0,039999999999999994;cenario_1_base;5;cenario_1_base_5_analistas
2026-01-01 09:00:00;Esaú;Societário;0,0;0,15519807333141483;0,009256481174413592;0,7759903666570742;0,19999999999999998;0,039999999999999994;cenario_1_base;5;cenario_1_base_5_analistas
2026-01-01 09:00:00;Esaú;Trabalhista;0,0;0,15519807333141483;0,009256481174413592;0,7759903666570742;0,19999999999999998;0,039999999999999994;cenario_1_base;5;cenario_1_base_5_analistas
2026-01-01 09:00:00;Esaú;Tributário;0,0;0,15519807333141483;0,009256481174413592;0,7759903666570742;0,19999999999999998;0,039999999999999994;cenario_1_base;5;cenario_1_base_5_analistas
2026-01-29 09:00:00;Jacó;Concorrencial;0,0;0,15519807333141483;0,009256481174413592;0,8509785147321483;0,18237601848298668;0,0332610121177067;cenario_1_base;5;cenario_1_base_5_analistas
2026-01-29 09:00:00;Jacó;Contencioso;0,0;0,15519807333141483;0,009256481174413592;0,7769182697162533;0,19976113238796198;0,03990451001292087;cenario_1_base;5;cenario_1_base_5_analistas
2026-01-29 09:00:00;Jacó;Contratos;0,0;0,15519807333141483;0,009256481174413592;1,1587174513923981;0,1339395321481675;0,01793979827207;cenario_1_base;5;cenario_1_base_5_analistas
2026-01-29 09:00:00;Jacó;Direito digital;0,0;0,15519807333141483;0,009256481174413592;0,7964367647948796;0,19486553131608098;0,03797257529509854;cenario_1_base;5;cenario_1_base_5_analistas
2026-01-29 09:00:00;Jacó;Direito financeiro;0,0;0,15519807333141483;0,009256481174413592;0,814496246479556;0,19054486009262456;0,03630734370771787;cenario_1_base;5;cenario_1_base_5_analistas
2026-01-29 09:00:00;Jacó;Governança;0,0;0,15519807333141483;0,009256481174413592;0,9816000437513427;0,1581072396230754;0,024997899221228585;cenario_1_base;5;cenario_1_base_5_analistas
2026-01-29 09:00:00;Jacó;Propriedade intelectual;0,0;0,15519807333141483;0,009256481174413592;0,7854737635867258;0,1975853052337872;0,03903995284432885;cenario_1_base;5;cenario_1_base_5_analistas
2026-01-29 09:00:00;Jacó;Regulatório;0,0;0,15519807333141483;0,009256481174413592;0,8787504158330521;0,17661223316097965;0,03119188090210824;cenario_1_base;5;cenario_1_base_5_analistas
2026-01-29 09:00:00;Jacó;Societário;6,199999999999999;0,22154594113330162;0,012175911599306683;1,0963772751008205;0,20207089855353735;0,040832648042233986;cenario_1_base;5;cenario_1_base_5_analistas
2026-01-29 09:00:00;Jacó;Trabalhista;0,0;0,15519807333141483;0,009256481174413592;0,7874253394324884;0,19709560457283337;0,038846677341930695;cenario_1_base;5;cenario_1_base_5_analistas
2026-01-29 09:00:00;Jacó;Tributário;0,0;0,15519807333141483;0,009256481174413592;0,7759903666570742;0,19999999999999998;0,039999999999999994;cenario_1_base;5;cenario_1_base_5_analistas
2026-01-29 09:00:00;Eva;Concorrencial;0,0;0,15519807333141483;0,009256481174413592;0,8509785147321483;0,18237601848298668;0,0332610121177067;cenario_1_base;5;cenario_1_base_5_analistas
2026-01-29 09:00:00;Eva;Contencioso;0,0;0,15519807333141483;0,009256481174413592;0,7769182697162533;0,19976113238796198;0,03990451001292087;cenario_1_base;5;cenario_1_base_5_analistas
2026-01-29 09:00:00;Eva;Contratos;0,0;0,15519807333141483;0,009256481174413592;1,1587174513923981;0,1339395321481675;0,01793979827207;cenario_1_base;5;cenario_1_base_5_analistas
2026-01-29 09:00:00;Eva;Direito digital;0,0;0,15519807333141483;0,009256481174413592;0,7964367647948796;0,19486553131608098;0,03797257529509854;cenario_1_base;5;cenario_1_base_5_analistas
2026-01-29 09:00:00;Eva;Direito financeiro;0,0;0,15519807333141483;0,009256481174413592;0,814496246479556;0,19054486009262456;0,03630734370771787;cenario_1_base;5;cenario_1_base_5_analistas
2026-01-29 09:00:00;Eva;Governança;0,0;0,15519807333141483;0,009256481174413592;0,9816000437513427;0,1581072396230754;0,024997899221228585;cenario_1_base;5;cenario_1_base_5_analistas
2026-01-29 09:00:00;Eva;Propriedade intelectual;0,0;0,15519807333141483;0,009256481174413592;0,7854737635867258;0,1975853052337872;0,03903995284432885;cenario_1_base;5;cenario_1_base_5_analistas
2026-01-29 09:00:00;Eva;Regulatório;8,100000000000001;0,24554044363870642;0,013078673592854802;0,8787504158330521;0,2794200027842206;0,07807553795593383;cenario_1_base;5;cenario_1_base_5_analistas
2026-01-29 09:00:00;Eva;Societário;18,8;0,40923711397327434;0,01706840415551903;1,0963772751008205;0,37326303934532185;0,1393252965413073;cenario_1_base;5;cenario_1_base_5_analistas
2026-01-29 09:00:00;Eva;Trabalhista;0,0;0,15519807333141483;0,009256481174413592;0,7874253394324884;0,19709560457283337;0,038846677341930695;cenario_1_base;5;cenario_1_base_5_analistas
2026-01-29 09:00:00;Eva;Tributário;0,0;0,15519807333141483;0,009256481174413592;0,7759903666570742;0,19999999999999998;0,039999999999999994;cenario_1_base;5;cenario_1_base_5_analistas
2026-01-29 09:00:00;Abraão;Concorrencial;6,9;0,23018622140648895;0,012510357056605081;0,8509785147321483;0,2704959260680533;0,07316804601941375;cenario_1_base;5;cenario_1_base_5_analistas
2026-01-29 09:00:00;Abraão;Contencioso;0,0;0,15519807333141483;0,009256481174413592;0,7769182697162533;0,19976113238796198;0,03990451001292087;cenario_1_base;5;cenario_1_base_5_analistas
2026-01-29 09:00:00;Abraão;Contratos;0,0;0,15519807333141483;0,009256481174413592;1,1587174513923981;0,1339395321481675;0,01793979827207;cenario_1_base;5;cenario_1_base_5_analistas
2026-01-29 09:00:00;Abraão;Direito digital;2,1;0,17564447146922027;0,010222420472473208;0,7964367647948796;0,2205378747356761;0,04863695419292876;cenario_1_base;5;cenario_1_base_5_analistas
2026-01-29 09:00:00;Abraão;Direito financeiro;3,8000000000000007;0,19370395315389663;0,011026500857063345;0,814496246479556;0,2378205596295018;0,05655861858248942;cenario_1_base;5;cenario_1_base_5_analistas
2026-01-29 09:00:00;Abraão;Governança;0,0;0,15519807333141483;0,009256481174413592;0,9816000437513427;0,1581072396230754;0,024997899221228585;cenario_1_base;5;cenario_1_base_5_analistas
2026-01-29 09:00:00;Abraão;Propriedade intelectual;1,0;0,16468147026106653;0,009711840743128631;0,7854737635867258;0,20965877906485123;0,0439568036389641;cenario_1_base;5;cenario_1_base_5_analistas
2026-01-29 09:00:00;Abraão;Regulatório;1,3000000000000003;0,16761575220010116;0,009850162254103378;0,8787504158330521;0,1907432977328404;0,036383005629999;cenario_1_base;5;cenario_1_base_5_analistas
2026-01-29 09:00:00;Abraão;Societário;0,0;0,15519807333141483;0,009256481174413592;1,0963772751008205;0,14155535403371358;0,020037918255609993;cenario_1_base;5;cenario_1_base_5_analistas
2026-01-29 09:00:00;Abraão;Trabalhista;1,2000000000000002;0,16663304610682908;0,009803973068070385;0,7874253394324884;0,2116175817086665;0,04478200088822415;cenario_1_base;5;cenario_1_base_5_analistas
2026-01-29 09:00:00;Abraão;Tributário;0,0;0,15519807333141483;0,009256481174413592;0,7759903666570742;0,19999999999999998;0,039999999999999994;cenario_1_base;5;cenario_1_base_5_analistas
2026-01-29 09:00:00;Adão;Concorrencial;0,0;0,15519807333141483;0,009256481174413592;0,8509785147321483;0,18237601848298668;0,0332610121177067;cenario_1_base;5;cenario_1_base_5_analistas
2026-01-29 09:00:00;Adão;Contencioso;0,0;0,15519807333141483;0,009256481174413592;0,7769182697162533;0,19976113238796198;0,03990451001292087;cenario_1_base;5;cenario_1_base_5_analistas
2026-01-29 09:00:00;Adão;Contratos;26,1;0,5369972550075597;0,017553362940406533;1,1587174513923981;0,46344106957417897;0,214777624968059;cenario_1_base;5;cenario_1_base_5_analistas
2026-01-29 09:00:00;Adão;Direito digital;0,0;0,15519807333141483;0,009256481174413592;0,7964367647948796;0,19486553131608098;0,03797257529509854;cenario_1_base;5;cenario_1_base_5_analistas
2026-01-29 09:00:00;Adão;Direito financeiro;0,0;0,15519807333141483;0,009256481174413592;0,814496246479556;0,19054486009262456;0,03630734370771787;cenario_1_base;5;cenario_1_base_5_analistas
2026-01-29 09:00:00;Adão;Governança;0,0;0,15519807333141483;0,009256481174413592;0,9816000437513427;0,1581072396230754;0,024997899221228585;cenario_1_base;5;cenario_1_base_5_analistas
2026-01-29 09:00:00;Adão;Propriedade intelectual;0,0;0,15519807333141483;0,009256481174413592;0,7854737635867258;0,1975853052337872;0,03903995284432885;cenario_1_base;5;cenario_1_base_5_analistas
2026-01-29 09:00:00;Adão;Regulatório;0,0;0,15519807333141483;0,009256481174413592;0,8787504158330521;0,17661223316097965;0,03119188090210824;cenario_1_base;5;cenario_1_base_5_analistas
2026-01-29 09:00:00;Adão;Societário;0,0;0,15519807333141483;0,009256481174413592;1,0963772751008205;0,14155535403371358;0,020037918255609993;cenario_1_base;5;cenario_1_base_5_analistas
2026-01-29 09:00:00;Adão;Trabalhista;0,0;0,15519807333141483;0,009256481174413592;0,7874253394324884;0,19709560457283337;0,038846677341930695;cenario_1_base;5;cenario_1_base_5_analistas
2026-01-29 09:00:00;Adão;Tributário;0,0;0,15519807333141483;0,009256481174413592;0,7759903666570742;0,19999999999999998;0,039999999999999994;cenario_1_base;5;cenario_1_base_5_analistas
2026-01-29 09:00:00;Esaú;Concorrencial;0,0;0,15519807333141483;0,009256481174413592;0,8509785147321483;0,18237601848298668;0,0332610121177067;cenario_1_base;5;cenario_1_base_5_analistas
2026-01-29 09:00:00;Esaú;Contencioso;0,1;0,15612597639059406;0,009301596305599447;0,7769182697162533;0,20095547044815215;0,04038310110303815;cenario_1_base;5;cenario_1_base_5_analistas
2026-01-29 09:00:00;Esaú;Contratos;0,1;0,15612597639059406;0,009301596305599447;1,1587174513923981;0,13474033398131863;0,01815495760139729;cenario_1_base;5;cenario_1_base_5_analistas
2026-01-29 09:00:00;Esaú;Direito digital;0,0;0,15519807333141483;0,009256481174413592;0,7964367647948796;0,19486553131608098;0,03797257529509854;cenario_1_base;5;cenario_1_base_5_analistas
2026-01-29 09:00:00;Esaú;Direito financeiro;0,0;0,15519807333141483;0,009256481174413592;0,814496246479556;0,19054486009262456;0,03630734370771787;cenario_1_base;5;cenario_1_base_5_analistas
2026-01-29 09:00:00;Esaú;Governança;15,9;0,36080775042568336;0,016282161546685946;0,9816000437513427;0,3675710415076984;0,13510847055505415;cenario_1_base;5;cenario_1_base_5_analistas
2026-01-29 09:00:00;Esaú;Propriedade intelectual;0,0;0,15519807333141483;0,009256481174413592;0,7854737635867258;0,1975853052337872;0,03903995284432885;cenario_1_base;5;cenario_1_base_5_analistas
2026-01-29 09:00:00;Esaú;Regulatório;0,0;0,15519807333141483;0,009256481174413592;0,8787504158330521;0,17661223316097965;0,03119188090210824;cenario_1_base;5;cenario_1_base_5_analistas
2026-01-29 09:00:00;Esaú;Societário;0,0;0,15519807333141483;0,009256481174413592;1,0963772751008205;0,14155535403371358;0,020037918255609993;cenario_1_base;5;cenario_1_base_5_analistas
2026-01-29 09:00:00;Esaú;Trabalhista;0,0;0,15519807333141483;0,009256481174413592;0,7874253394324884;0,19709560457283337;0,038846677341930695;cenario_1_base;5;cenario_1_base_5_analistas
2026-01-29 09:00:00;Esaú;Tributário;0,0;0,15519807333141483;0,009256481174413592;0,7759903666570742;0,19999999999999998;0,039999999999999994;cenario_1_base;5;cenario_1_base_5_analistas
2026-02-26 09:00:00;Jacó;Concorrencial;0,0;0,15519807333141483;0,009256481174413592;0,9297834423648579;0,16691851700077198;0,027861791317737004;cenario_1_base;5;cenario_1_base_5_analistas
2026-02-26 09:00:00;Jacó;Contencioso;0,0;0,15519807333141483;0,009256481174413592;0,865027220368001;0,1794140920390809;0,032189416422207795;cenario_1_base;5;cenario_1_base_5_analistas
2026-02-26 09:00:00;Jacó;Contratos;0,0;0,15519807333141483;0,009256481174413592;1,5160040955878855;0,10237312272644696;0,01048025625676417;cenario_1_base;5;cenario_1_base_5_analistas
2026-02-26 09:00:00;Jacó;Direito digital;0,0;0,15519807333141483;0,009256481174413592;0,8823631386797567;0,17588911699510845;0,03093698147731895;cenario_1_base;5;cenario_1_base_5_analistas
2026-02-26 09:00:00;Jacó;Direito financeiro;0,0;0,15519807333141483;0,009256481174413592;0,9149159066524255;0,16963097067496305;0,028774666212130175;cenario_1_base;5;cenario_1_base_5_analistas
2026-02-26 09:00:00;Jacó;Governança;0,0;0,15519807333141483;0,009256481174413592;1,127851824168653;0,13760502045187747;0,018935141653561617;cenario_1_base;5;cenario_1_base_5_analistas
2026-02-26 09:00:00;Jacó;Propriedade intelectual;0,0;0,15519807333141483;0,009256481174413592;0,7884080455257605;0,19684993603524037;0,03874989731707822;cenario_1_base;5;cenario_1_base_5_analistas
2026-02-26 09:00:00;Jacó;Regulatório;0,0;0,15519807333141483;0,009256481174413592;0,9244106085273132;0,16788867620057096;0,028186607596380163;cenario_1_base;5;cenario_1_base_5_analistas
2026-02-26 09:00:00;Jacó;Societário;6,199999999999999;0,22154594113330162;0,012175911599306683;1,4967227146531916;0,14802069813220978;0,02191012707554677;cenario_1_base;5;cenario_1_base_5_analistas
2026-02-26 09:00:00;Jacó;Trabalhista;0,0;0,15519807333141483;0,009256481174413592;0,789395374548831;0,1966037277835791;0,03865302577839967;cenario_1_base;5;cenario_1_base_5_analistas
2026-02-26 09:00:00;Jacó;Tributário;0,0;0,15519807333141483;0,009256481174413592;0,7759903666570742;0,19999999999999998;0,039999999999999994;cenario_1_base;5;cenario_1_base_5_analistas
2026-02-26 09:00:00;Eva;Concorrencial;0,0;0,15519807333141483;0,009256481174413592;0,9297834423648579;0,16691851700077198;0,027861791317737004;cenario_1_base;5;cenario_1_base_5_analistas
2026-02-26 09:00:00;Eva;Contencioso;0,0;0,15519807333141483;0,009256481174413592;0,865027220368001;0,1794140920390809;0,032189416422207795;cenario_1_base;5;cenario_1_base_5_analistas
2026-02-26 09:00:00;Eva;Contratos;0,0;0,15519807333141483;0,009256481174413592;1,5160040955878855;0,10237312272644696;0,01048025625676417;cenario_1_base;5;cenario_1_base_5_analistas
2026-02-26 09:00:00;Eva;Direito digital;0,0;0,15519807333141483;0,009256481174413592;0,8823631386797567;0,17588911699510845;0,03093698147731895;cenario_1_base;5;cenario_1_base_5_analistas
2026-02-26 09:00:00;Eva;Direito financeiro;0,0;0,15519807333141483;0,009256481174413592;0,9149159066524255;0,16963097067496305;0,028774666212130175;cenario_1_base;5;cenario_1_base_5_analistas
2026-02-26 09:00:00;Eva;Governança;0,0;0,15519807333141483;0,009256481174413592;1,127851824168653;0,13760502045187747;0,018935141653561617;cenario_1_base;5;cenario_1_base_5_analistas
2026-02-26 09:00:00;Eva;Propriedade intelectual;0,0;0,15519807333141483;0,009256481174413592;0,7884080455257605;0,19684993603524037;0,03874989731707822;cenario_1_base;5;cenario_1_base_5_analistas
2026-02-26 09:00:00;Eva;Regulatório;11,400000000000002;0,2912006363329675;0,014572039496696306;0,9244106085273132;0,3150122182142434;0,09923269762425811;cenario_1_base;5;cenario_1_base_5_analistas
2026-02-26 09:00:00;Eva;Societário;44,5;0,8095825535256456;0,010883600164209379;1,4967227146531916;0,5409034990915037;0,29257659532943237;cenario_1_base;5;cenario_1_base_5_analistas
2026-02-26 09:00:00;Eva;Trabalhista;0,0;0,15519807333141483;0,009256481174413592;0,789395374548831;0,1966037277835791;0,03865302577839967;cenario_1_base;5;cenario_1_base_5_analistas
2026-02-26 09:00:00;Eva;Tributário;0,0;0,15519807333141483;0,009256481174413592;0,7759903666570742;0,19999999999999998;0,039999999999999994;cenario_1_base;5;cenario_1_base_5_analistas
2026-02-26 09:00:00;Abraão;Concorrencial;12,600000000000001;0,30899114903919855;0,015074202691137184;0,9297834423648579;0,33232593199691207;0,11044052507761623;cenario_1_base;5;cenario_1_base_5_analistas
2026-02-26 09:00:00;Abraão;Contencioso;0,0;0,15519807333141483;0,009256481174413592;0,865027220368001;0,1794140920390809;0,032189416422207795;cenario_1_base;5;cenario_1_base_5_analistas
2026-02-26 09:00:00;Abraão;Contratos;0,0;0,15519807333141483;0,009256481174413592;1,5160040955878855;0,10237312272644696;0,01048025625676417;cenario_1_base;5;cenario_1_base_5_analistas
2026-02-26 09:00:00;Abraão;Direito digital;9,3;0,26157084535409736;0,01363649859796772;0,8823631386797567;0,2964435320195662;0,08787876767623556;cenario_1_base;5;cenario_1_base_5_analistas
2026-02-26 09:00:00;Abraão;Direito financeiro;11,600000000000001;0,29412361332676623;0,014657612886772343;0,9149159066524255;0,3214761173001478;0,1033468939943784;cenario_1_base;5;cenario_1_base_5_analistas
2026-02-26 09:00:00;Abraão;Governança;0,0;0,15519807333141483;0,009256481174413592;1,127851824168653;0,13760502045187747;0,018935141653561617;cenario_1_base;5;cenario_1_base_5_analistas
2026-02-26 09:00:00;Abraão;Propriedade intelectual;1,3;0,16761575220010116;0,009850162254103378;0,7884080455257605;0,21260025585903852;0,045198868791328645;cenario_1_base;5;cenario_1_base_5_analistas
2026-02-26 09:00:00;Abraão;Regulatório;1,3000000000000003;0,16761575220010116;0,009850162254103378;0,9244106085273132;0,18132175318404375;0,03287757817773528;cenario_1_base;5;cenario_1_base_5_analistas
2026-02-26 09:00:00;Abraão;Societário;0,0;0,15519807333141483;0,009256481174413592;1,4967227146531916;0,10369193425876219;0,01075201723032346;cenario_1_base;5;cenario_1_base_5_analistas
2026-02-26 09:00:00;Abraão;Trabalhista;1,4000000000000001;0,16860308122317166;0,00989643140510083;0,789395374548831;0,2135850888656836;0,045618590185761955;cenario_1_base;5;cenario_1_base_5_analistas
2026-02-26 09:00:00;Abraão;Tributário;0,0;0,15519807333141483;0,009256481174413592;0,7759903666570742;0,19999999999999998;0,039999999999999994;cenario_1_base;5;cenario_1_base_5_analistas
2026-02-26 09:00:00;Adão;Concorrencial;0,0;0,15519807333141483;0,009256481174413592;0,9297834423648579;0,16691851700077198;0,027861791317737004;cenario_1_base;5;cenario_1_base_5_analistas
2026-02-26 09:00:00;Adão;Contencioso;0,0;0,15519807333141483;0,009256481174413592;0,865027220368001;0,1794140920390809;0,032189416422207795;cenario_1_base;5;cenario_1_base_5_analistas
2026-02-26 09:00:00;Adão;Contratos;52,60000000000001;0,8827941233935399;0,007304887332133216;1,5160040955878855;0,5823164501750271;0,3390924481444448;cenario_1_base;5;cenario_1_base_5_analistas
2026-02-26 09:00:00;Adão;Direito digital;0,0;0,15519807333141483;0,009256481174413592;0,8823631386797567;0,17588911699510845;0,03093698147731895;cenario_1_base;5;cenario_1_base_5_analistas
2026-02-26 09:00:00;Adão;Direito financeiro;0,0;0,15519807333141483;0,009256481174413592;0,9149159066524255;0,16963097067496305;0,028774666212130175;cenario_1_base;5;cenario_1_base_5_analistas
2026-02-26 09:00:00;Adão;Governança;0,0;0,15519807333141483;0,009256481174413592;1,127851824168653;0,13760502045187747;0,018935141653561617;cenario_1_base;5;cenario_1_base_5_analistas
2026-02-26 09:00:00;Adão;Propriedade intelectual;0,0;0,15519807333141483;0,009256481174413592;0,7884080455257605;0,19684993603524037;0,03874989731707822;cenario_1_base;5;cenario_1_base_5_analistas
2026-02-26 09:00:00;Adão;Regulatório;0,0;0,15519807333141483;0,009256481174413592;0,9244106085273132;0,16788867620057096;0,028186607596380163;cenario_1_base;5;cenario_1_base_5_analistas
2026-02-26 09:00:00;Adão;Societário;0,0;0,15519807333141483;0,009256481174413592;1,4967227146531916;0,10369193425876219;0,01075201723032346;cenario_1_base;5;cenario_1_base_5_analistas
2026-02-26 09:00:00;Adão;Trabalhista;0,0;0,15519807333141483;0,009256481174413592;0,789395374548831;0,1966037277835791;0,03865302577839967;cenario_1_base;5;cenario_1_base_5_analistas
2026-02-26 09:00:00;Adão;Tributário;0,0;0,15519807333141483;0,009256481174413592;0,7759903666570742;0,19999999999999998;0,039999999999999994;cenario_1_base;5;cenario_1_base_5_analistas
2026-02-26 09:00:00;Esaú;Concorrencial;0,0;0,15519807333141483;0,009256481174413592;0,9297834423648579;0,16691851700077198;0,027861791317737004;cenario_1_base;5;cenario_1_base_5_analistas
2026-02-26 09:00:00;Esaú;Contencioso;8,0;0,24423492704234168;0,013031646458320438;0,865027220368001;0,2823436318436765;0,07971792644267754;cenario_1_base;5;cenario_1_base_5_analistas
2026-02-26 09:00:00;Esaú;Contratos;1,3000000000000003;0,16761575220010116;0,009850162254103378;1,5160040955878855;0,11056418164563209;0,012224438262968327;cenario_1_base;5;cenario_1_base_5_analistas
2026-02-26 09:00:00;Esaú;Direito digital;0,0;0,15519807333141483;0,009256481174413592;0,8823631386797567;0,17588911699510845;0,03093698147731895;cenario_1_base;5;cenario_1_base_5_analistas
2026-02-26 09:00:00;Esaú;Direito financeiro;0,0;0,15519807333141483;0,009256481174413592;0,9149159066524255;0,16963097067496305;0,028774666212130175;cenario_1_base;5;cenario_1_base_5_analistas
2026-02-26 09:00:00;Esaú;Governança;24,4;0,5070595308429938;0,01764648150951394;1,127851824168653;0,44957991819249016;0,20212210284196613;cenario_1_base;5;cenario_1_base_5_analistas
2026-02-26 09:00:00;Esaú;Propriedade intelectual;0,0;0,15519807333141483;0,009256481174413592;0,7884080455257605;0,19684993603524037;0,03874989731707822;cenario_1_base;5;cenario_1_base_5_analistas
2026-02-26 09:00:00;Esaú;Regulatório;0,0;0,15519807333141483;0,009256481174413592;0,9244106085273132;0,16788867620057096;0,028186607596380163;cenario_1_base;5;cenario_1_base_5_analistas
2026-02-26 09:00:00;Esaú;Societário;0,0;0,15519807333141483;0,009256481174413592;1,4967227146531916;0,10369193425876219;0,01075201723032346;cenario_1_base;5;cenario_1_base_5_analistas
2026-02-26 09:00:00;Esaú;Trabalhista;0,0;0,15519807333141483;0,009256481174413592;0,789395374548831;0,1966037277835791;0,03865302577839967;cenario_1_base;5;cenario_1_base_5_analistas
2026-02-26 09:00:00;Esaú;Tributário;0,0;0,15519807333141483;0,009256481174413592;0,7759903666570742;0,19999999999999998;0,039999999999999994;cenario_1_base;5;cenario_1_base_5_analistas
2026-03-26 09:00:00;Jacó;Concorrencial;0,0;0,15519807333141483;0,009256481174413592;1,1787752555676398;0,13166044383641148;0,017334472471200863;cenario_1_base;5;cenario_1_base_5_analistas
2026-03-26 09:00:00;Jacó;Contencioso;0,0;0,15519807333141483;0,009256481174413592;0,976729934872071;0,1588955839177205;0,025247806588553353;cenario_1_base;5;cenario_1_base_5_analistas
2026-03-26 09:00:00;Jacó;Contratos;0,0;0,15519807333141483;0,009256481174413592;1,8444574221978718;0,08414294169310747;0,007080034636769684;cenario_1_base;5;cenario_1_base_5_analistas
2026-03-26 09:00:00;Jacó;Direito digital;0,0;0,15519807333141483;0,009256481174413592;1,0300294072989336;0,15067343925489837;0,02270248529689955;cenario_1_base;5;cenario_1_base_5_analistas
2026-03-26 09:00:00;Jacó;Direito financeiro;0,0;0,15519807333141483;0,009256481174413592;1,004693992968732;0,1544729782576145;0,02386190101177744;cenario_1_base;5;cenario_1_base_5_analistas
2026-03-26 09:00:00;Jacó;Governança;0,0;0,15519807333141483;0,009256481174413592;1,1507613271303572;0,1348655621912763;0,018188719865169015;cenario_1_base;5;cenario_1_base_5_analistas
2026-03-26 09:00:00;Jacó;Propriedade intelectual;0,0;0,15519807333141483;0,009256481174413592;0,8026547201730077;0,19335595920741958;0,0373865269610213;cenario_1_base;5;cenario_1_base_5_analistas
2026-03-26 09:00:00;Jacó;Regulatório;0,0;0,15519807333141483;0,009256481174413592;1,229083364202963;0,12627139692193118;0,01594446568061589;cenario_1_base;5;cenario_1_base_5_analistas
2026-03-26 09:00:00;Jacó;Societário;38,2;0,7315537521162413;0,013864629907590853;2,113466005435702;0,34613935130005924;0,11981245051842582;cenario_1_base;5;cenario_1_base_5_analistas
2026-03-26 09:00:00;Jacó;Trabalhista;0,0;0,15519807333141483;0,009256481174413592;0,7913839329007943;0,19610970968609495;0,038459018233164444;cenario_1_base;5;cenario_1_base_5_analistas
2026-03-26 09:00:00;Jacó;Tributário;0,0;0,15519807333141483;0,009256481174413592;0,7759903666570742;0,19999999999999998;0,039999999999999994;cenario_1_base;5;cenario_1_base_5_analistas
2026-03-26 09:00:00;Eva;Concorrencial;0,0;0,15519807333141483;0,009256481174413592;1,1787752555676398;0,13166044383641148;0,017334472471200863;cenario_1_base;5;cenario_1_base_5_analistas
2026-03-26 09:00:00;Eva;Contencioso;0,0;0,15519807333141483;0,009256481174413592;0,976729934872071;0,1588955839177205;0,025247806588553353;cenario_1_base;5;cenario_1_base_5_analistas
2026-03-26 09:00:00;Eva;Contratos;0,0;0,15519807333141483;0,009256481174413592;1,8444574221978718;0,08414294169310747;0,007080034636769684;cenario_1_base;5;cenario_1_base_5_analistas
2026-03-26 09:00:00;Eva;Direito digital;0,0;0,15519807333141483;0,009256481174413592;1,0300294072989336;0,15067343925489837;0,02270248529689955;cenario_1_base;5;cenario_1_base_5_analistas
2026-03-26 09:00:00;Eva;Direito financeiro;0,0;0,15519807333141483;0,009256481174413592;1,004693992968732;0,1544729782576145;0,02386190101177744;cenario_1_base;5;cenario_1_base_5_analistas
2026-03-26 09:00:00;Eva;Governança;0,0;0,15519807333141483;0,009256481174413592;1,1507613271303572;0,1348655621912763;0,018188719865169015;cenario_1_base;5;cenario_1_base_5_analistas
2026-03-26 09:00:00;Eva;Propriedade intelectual;0,0;0,15519807333141483;0,009256481174413592;0,8026547201730077;0,19335595920741958;0,0373865269610213;cenario_1_base;5;cenario_1_base_5_analistas
2026-03-26 09:00:00;Eva;Regulatório;29,5;0,5958733920086173;0,017001065464956194;1,229083364202963;0,484811209201444;0,2350419085673663;cenario_1_base;5;cenario_1_base_5_analistas
2026-03-26 09:00:00;Eva;Societário;57,9;0,9163180333252161;0,005413558236052631;2,113466005435702;0,4335617563606434;0,18797579657852592;cenario_1_base;5;cenario_1_base_5_analistas
2026-03-26 09:00:00;Eva;Trabalhista;0,0;0,15519807333141483;0,009256481174413592;0,7913839329007943;0,19610970968609495;0,038459018233164444;cenario_1_base;5;cenario_1_base_5_analistas
2026-03-26 09:00:00;Eva;Tributário;0,0;0,15519807333141483;0,009256481174413592;0,7759903666570742;0,19999999999999998;0,039999999999999994;cenario_1_base;5;cenario_1_base_5_analistas
2026-03-26 09:00:00;Abraão;Concorrencial;27,3;0,5579829622419804;0,01741264111192894;1,1787752555676398;0,473358224654354;0,22406800884792188;cenario_1_base;5;cenario_1_base_5_analistas
2026-03-26 09:00:00;Abraão;Contencioso;0,0;0,15519807333141483;0,009256481174413592;0,976729934872071;0,1588955839177205;0,025247806588553353;cenario_1_base;5;cenario_1_base_5_analistas
2026-03-26 09:00:00;Abraão;Contratos;0,0;0,15519807333141483;0,009256481174413592;1,8444574221978718;0,08414294169310747;0,007080034636769684;cenario_1_base;5;cenario_1_base_5_analistas
2026-03-26 09:00:00;Abraão;Direito digital;18,8;0,40923711397327434;0,01706840415551903;1,0300294072989336;0,3973062429804066;0,1578522507112059;cenario_1_base;5;cenario_1_base_5_analistas
2026-03-26 09:00:00;Abraão;Direito financeiro;17,3;0,3839016996430726;0,016698395636588825;1,004693992968732;0,3821080869695419;0,146006590127523;cenario_1_base;5;cenario_1_base_5_analistas
2026-03-26 09:00:00;Abraão;Governança;0,0;0,15519807333141483;0,009256481174413592;1,1507613271303572;0,1348655621912763;0,018188719865169015;cenario_1_base;5;cenario_1_base_5_analistas
2026-03-26 09:00:00;Abraão;Propriedade intelectual;2,7;0,1818624268473483;0,010504467009127006;0,8026547201730077;0,22657616317032173;0,05133675771698425;cenario_1_base;5;cenario_1_base_5_analistas
2026-03-26 09:00:00;Abraão;Regulatório;1,3000000000000003;0,16761575220010116;0,009850162254103378;1,229083364202963;0,13637460003276244;0,01859803153409593;cenario_1_base;5;cenario_1_base_5_analistas
2026-03-26 09:00:00;Abraão;Societário;0,0;0,15519807333141483;0,009256481174413592;2,113466005435702;0,07343296411309912;0,005392400218435703;cenario_1_base;5;cenario_1_base_5_analistas
2026-03-26 09:00:00;Abraão;Trabalhista;1,6;0,170591639575135;0,009989203325003478;0,7913839329007943;0,21556116125562017;0,04646661424187148;cenario_1_base;5;cenario_1_base_5_analistas
2026-03-26 09:00:00;Abraão;Tributário;0,0;0,15519807333141483;0,009256481174413592;0,7759903666570742;0,19999999999999998;0,039999999999999994;cenario_1_base;5;cenario_1_base_5_analistas
2026-03-26 09:00:00;Adão;Concorrencial;0,0;0,15519807333141483;0,009256481174413592;1,1787752555676398;0,13166044383641148;0,017334472471200863;cenario_1_base;5;cenario_1_base_5_analistas
2026-03-26 09:00:00;Adão;Contencioso;0,0;0,15519807333141483;0,009256481174413592;0,976729934872071;0,1588955839177205;0,025247806588553353;cenario_1_base;5;cenario_1_base_5_analistas
2026-03-26 09:00:00;Adão;Contratos;79,00000000000001;0,9798263882550531;0,0013955245816682405;1,8444574221978718;0,5312274365691149;0,28220258936379294;cenario_1_base;5;cenario_1_base_5_analistas
2026-03-26 09:00:00;Adão;Direito digital;0,0;0,15519807333141483;0,009256481174413592;1,0300294072989336;0,15067343925489837;0,02270248529689955;cenario_1_base;5;cenario_1_base_5_analistas
2026-03-26 09:00:00;Adão;Direito financeiro;0,0;0,15519807333141483;0,009256481174413592;1,004693992968732;0,1544729782576145;0,02386190101177744;cenario_1_base;5;cenario_1_base_5_analistas
2026-03-26 09:00:00;Adão;Governança;0,0;0,15519807333141483;0,009256481174413592;1,1507613271303572;0,1348655621912763;0,018188719865169015;cenario_1_base;5;cenario_1_base_5_analistas
2026-03-26 09:00:00;Adão;Propriedade intelectual;0,0;0,15519807333141483;0,009256481174413592;0,8026547201730077;0,19335595920741958;0,0373865269610213;cenario_1_base;5;cenario_1_base_5_analistas
2026-03-26 09:00:00;Adão;Regulatório;0,0;0,15519807333141483;0,009256481174413592;1,229083364202963;0,12627139692193118;0,01594446568061589;cenario_1_base;5;cenario_1_base_5_analistas
2026-03-26 09:00:00;Adão;Societário;0,0;0,15519807333141483;0,009256481174413592;2,113466005435702;0,07343296411309912;0,005392400218435703;cenario_1_base;5;cenario_1_base_5_analistas
2026-03-26 09:00:00;Adão;Trabalhista;0,0;0,15519807333141483;0,009256481174413592;0,7913839329007943;0,19610970968609495;0,038459018233164444;cenario_1_base;5;cenario_1_base_5_analistas
2026-03-26 09:00:00;Adão;Tributário;0,0;0,15519807333141483;0,009256481174413592;0,7759903666570742;0,19999999999999998;0,039999999999999994;cenario_1_base;5;cenario_1_base_5_analistas
2026-03-26 09:00:00;Esaú;Concorrencial;0,0;0,15519807333141483;0,009256481174413592;1,1787752555676398;0,13166044383641148;0,017334472471200863;cenario_1_base;5;cenario_1_base_5_analistas
2026-03-26 09:00:00;Esaú;Contencioso;15,600000000000001;0,35593764154641166;0,01618477020350136;0,976729934872071;0,364417664329118;0,1328002340750897;cenario_1_base;5;cenario_1_base_5_analistas
2026-03-26 09:00:00;Esaú;Contratos;18,200000000000003;0,39903681394857426;0,01693033431540157;1,8444574221978718;0,21634373835156273;0,04680461312392944;cenario_1_base;5;cenario_1_base_5_analistas
2026-03-26 09:00:00;Esaú;Direito digital;0,0;0,15519807333141483;0,009256481174413592;1,0300294072989336;0,15067343925489837;0,02270248529689955;cenario_1_base;5;cenario_1_base_5_analistas
2026-03-26 09:00:00;Esaú;Direito financeiro;0,0;0,15519807333141483;0,009256481174413592;1,004693992968732;0,1544729782576145;0,02386190101177744;cenario_1_base;5;cenario_1_base_5_analistas
2026-03-26 09:00:00;Esaú;Governança;25,7;0,529969033804698;0,017586591105104587;1,1507613271303572;0,46053775123489493;0,21209502031249397;cenario_1_base;5;cenario_1_base_5_analistas
2026-03-26 09:00:00;Esaú;Propriedade intelectual;0,0;0,15519807333141483;0,009256481174413592;0,8026547201730077;0,19335595920741958;0,0373865269610213;cenario_1_base;5;cenario_1_base_5_analistas
2026-03-26 09:00:00;Esaú;Regulatório;0,0;0,15519807333141483;0,009256481174413592;1,229083364202963;0,12627139692193118;0,01594446568061589;cenario_1_base;5;cenario_1_base_5_analistas
2026-03-26 09:00:00;Esaú;Societário;0,0;0,15519807333141483;0,009256481174413592;2,113466005435702;0,07343296411309912;0,005392400218435703;cenario_1_base;5;cenario_1_base_5_analistas
2026-03-26 09:00:00;Esaú;Trabalhista;0,0;0,15519807333141483;0,009256481174413592;0,7913839329007943;0,19610970968609495;0,038459018233164444;cenario_1_base;5;cenario_1_base_5_analistas
2026-03-26 09:00:00;Esaú;Tributário;0,0;0,15519807333141483;0,009256481174413592;0,7759903666570742;0,19999999999999998;0,039999999999999994;cenario_1_base;5;cenario_1_base_5_analistas
2026-04-23 09:00:00;Jacó;Concorrencial;0,0;0,15519807333141483;0,009256481174413592;1,2567217521289598;0,12349437977698745;0,015250861836502805;cenario_1_base;5;cenario_1_base_5_analistas
2026-04-23 09:00:00;Jacó;Contencioso;0,0;0,15519807333141483;0,009256481174413592;1,0873074874564594;0,14273613961260398;0,020373605551508776;cenario_1_base;5;cenario_1_base_5_analistas
2026-04-23 09:00:00;Jacó;Contratos;0,0;0,15519807333141483;0,009256481174413592;2,147376895991486;0,07227332734236057;0,005223433845136004;cenario_1_base;5;cenario_1_base_5_analistas
2026-04-23 09:00:00;Jacó;Direito digital;0,0;0,15519807333141483;0,009256481174413592;1,0715326006024308;0,14483747227490817;0,020977893374984794;cenario_1_base;5;cenario_1_base_5_analistas
2026-04-23 09:00:00;Jacó;Direito financeiro;0,0;0,15519807333141483;0,009256481174413592;1,1066760456840359;0,14023803437029034;0,019666706284042733;cenario_1_base;5;cenario_1_base_5_analistas
2026-04-23 09:00:00;Jacó;Governança;0,0;0,15519807333141483;0,009256481174413592;1,1735452358667589;0,13224720154633698;0,017489322316837475;cenario_1_base;5;cenario_1_base_5_analistas
2026-04-23 09:00:00;Jacó;Propriedade intelectual;0,0;0,15519807333141483;0,009256481174413592;0,8101237578738277;0,19157328966469597;0,03670032531295351;cenario_1_base;5;cenario_1_base_5_analistas
2026-04-23 09:00:00;Jacó;Regulatório;0,0;0,15519807333141483;0,009256481174413592;1,4825840151377654;0,10468079498145233;0,010958068837948856;cenario_1_base;5;cenario_1_base_5_analistas
2026-04-23 09:00:00;Jacó;Societário;62,9;0,9397063136563183;0,004000080055792463;2,469786115341661;0,38048084723576264;0,14476567511324376;cenario_1_base;5;cenario_1_base_5_analistas
2026-04-23 09:00:00;Jacó;Trabalhista;0,0;0,15519807333141483;0,009256481174413592;0,8079660497487365;0,19208489438346915;0,0368966066503085;cenario_1_base;5;cenario_1_base_5_analistas
2026-04-23 09:00:00;Jacó;Tributário;0,0;0,15519807333141483;0,009256481174413592;0,7759903666570742;0,19999999999999998;0,039999999999999994;cenario_1_base;5;cenario_1_base_5_analistas
2026-04-23 09:00:00;Eva;Concorrencial;0,0;0,15519807333141483;0,009256481174413592;1,2567217521289598;0,12349437977698745;0,015250861836502805;cenario_1_base;5;cenario_1_base_5_analistas
2026-04-23 09:00:00;Eva;Contencioso;0,0;0,15519807333141483;0,009256481174413592;1,0873074874564594;0,14273613961260398;0,020373605551508776;cenario_1_base;5;cenario_1_base_5_analistas
2026-04-23 09:00:00;Eva;Contratos;0,0;0,15519807333141483;0,009256481174413592;2,147376895991486;0,07227332734236057;0,005223433845136004;cenario_1_base;5;cenario_1_base_5_analistas
2026-04-23 09:00:00;Eva;Direito digital;0,0;0,15519807333141483;0,009256481174413592;1,0715326006024308;0,14483747227490817;0,020977893374984794;cenario_1_base;5;cenario_1_base_5_analistas
2026-04-23 09:00:00;Eva;Direito financeiro;0,0;0,15519807333141483;0,009256481174413592;1,1066760456840359;0,14023803437029034;0,019666706284042733;cenario_1_base;5;cenario_1_base_5_analistas
2026-04-23 09:00:00;Eva;Governança;0,0;0,15519807333141483;0,009256481174413592;1,1735452358667589;0,13224720154633698;0,017489322316837475;cenario_1_base;5;cenario_1_base_5_analistas
2026-04-23 09:00:00;Eva;Propriedade intelectual;0,0;0,15519807333141483;0,009256481174413592;0,8101237578738277;0,19157328966469597;0,03670032531295351;cenario_1_base;5;cenario_1_base_5_analistas
2026-04-23 09:00:00;Eva;Regulatório;48,5;0,8493740429434196;0,009032407135086296;1,4825840151377654;0,5729011201193166;0,3282156934339676;cenario_1_base;5;cenario_1_base_5_analistas
2026-04-23 09:00:00;Eva;Societário;57,9;0,9163180333252161;0,005413558236052631;2,469786115341661;0,37101108781577874;0,1376492272822475;cenario_1_base;5;cenario_1_base_5_analistas
2026-04-23 09:00:00;Eva;Trabalhista;0,0;0,15519807333141483;0,009256481174413592;0,8079660497487365;0,19208489438346915;0,0368966066503085;cenario_1_base;5;cenario_1_base_5_analistas
2026-04-23 09:00:00;Eva;Tributário;0,0;0,15519807333141483;0,009256481174413592;0,7759903666570742;0,19999999999999998;0,039999999999999994;cenario_1_base;5;cenario_1_base_5_analistas
2026-04-23 09:00:00;Abraão;Concorrencial;31,900000000000002;0,6359294588033005;0,01634553666539859;1,2567217521289598;0,5060224808920504;0,25605875116814547;cenario_1_base;5;cenario_1_base_5_analistas
2026-04-23 09:00:00;Abraão;Contencioso;0,0;0,15519807333141483;0,009256481174413592;1,0873074874564594;0,14273613961260398;0,020373605551508776;cenario_1_base;5;cenario_1_base_5_analistas
2026-04-23 09:00:00;Abraão;Contratos;0,0;0,15519807333141483;0,009256481174413592;2,147376895991486;0,07227332734236057;0,005223433845136004;cenario_1_base;5;cenario_1_base_5_analistas
2026-04-23 09:00:00;Abraão;Direito digital;21,200000000000003;0,4507403072767715;0,017478687876700604;1,0715326006024308;0,4206501109003673;0,1769465158004913;cenario_1_base;5;cenario_1_base_5_analistas
2026-04-23 09:00:00;Abraão;Direito financeiro;23,200000000000003;0,48588375235837655;0,017635931647607937;1,1066760456840359;0,4390478625188386;0,192763025582361;cenario_1_base;5;cenario_1_base_5_analistas
2026-04-23 09:00:00;Abraão;Governança;0,0;0,15519807333141483;0,009256481174413592;1,1735452358667589;0,13224720154633698;0,017489322316837475;cenario_1_base;5;cenario_1_base_5_analistas
2026-04-23 09:00:00;Abraão;Propriedade intelectual;3,4000000000000004;0,18933146454816843;0,010836045312263114;0,8101237578738277;0,2337068413412161;0,05461888768968836;cenario_1_base;5;cenario_1_base_5_analistas
2026-04-23 09:00:00;Abraão;Regulatório;1,3000000000000003;0,16761575220010116;0,009850162254103378;1,4825840151377654;0,11305649493632636;0,012781771047287588;cenario_1_base;5;cenario_1_base_5_analistas
2026-04-23 09:00:00;Abraão;Societário;12,1;0,3015052991986232;0,014868349675016296;2,469786115341661;0,12207749380634689;0,014902914494038662;cenario_1_base;5;cenario_1_base_5_analistas
2026-04-23 09:00:00;Abraão;Trabalhista;3,2;0,18717375642307724;0,010741065737866356;0,8079660497487365;0,23166042246612348;0,05366655133718281;cenario_1_base;5;cenario_1_base_5_analistas
2026-04-23 09:00:00;Abraão;Tributário;0,0;0,15519807333141483;0,009256481174413592;0,7759903666570742;0,19999999999999998;0,039999999999999994;cenario_1_base;5;cenario_1_base_5_analistas
2026-04-23 09:00:00;Adão;Concorrencial;0,0;0,15519807333141483;0,009256481174413592;1,2567217521289598;0,12349437977698745;0,015250861836502805;cenario_1_base;5;cenario_1_base_5_analistas
2026-04-23 09:00:00;Adão;Contencioso;0,0;0,15519807333141483;0,009256481174413592;1,0873074874564594;0,14273613961260398;0,020373605551508776;cenario_1_base;5;cenario_1_base_5_analistas
2026-04-23 09:00:00;Adão;Contratos;99,9;0,9953142848468807;0,00032926140139959495;2,147376895991486;0,46350237198920996;0,21483444883962396;cenario_1_base;5;cenario_1_base_5_analistas
2026-04-23 09:00:00;Adão;Direito digital;0,0;0,15519807333141483;0,009256481174413592;1,0715326006024308;0,14483747227490817;0,020977893374984794;cenario_1_base;5;cenario_1_base_5_analistas
2026-04-23 09:00:00;Adão;Direito financeiro;0,0;0,15519807333141483;0,009256481174413592;1,1066760456840359;0,14023803437029034;0,019666706284042733;cenario_1_base;5;cenario_1_base_5_analistas
2026-04-23 09:00:00;Adão;Governança;0,0;0,15519807333141483;0,009256481174413592;1,1735452358667589;0,13224720154633698;0,017489322316837475;cenario_1_base;5;cenario_1_base_5_analistas
2026-04-23 09:00:00;Adão;Propriedade intelectual;0,0;0,15519807333141483;0,009256481174413592;0,8101237578738277;0,19157328966469597;0,03670032531295351;cenario_1_base;5;cenario_1_base_5_analistas
2026-04-23 09:00:00;Adão;Regulatório;0,0;0,15519807333141483;0,009256481174413592;1,4825840151377654;0,10468079498145233;0,010958068837948856;cenario_1_base;5;cenario_1_base_5_analistas
2026-04-23 09:00:00;Adão;Societário;0,2;0,15705839583008865;0,00934680856273337;2,469786115341661;0,06359190168512295;0,0040439299599303435;cenario_1_base;5;cenario_1_base_5_analistas
2026-04-23 09:00:00;Adão;Trabalhista;0,0;0,15519807333141483;0,009256481174413592;0,8079660497487365;0,19208489438346915;0,0368966066503085;cenario_1_base;5;cenario_1_base_5_analistas
2026-04-23 09:00:00;Adão;Tributário;0,0;0,15519807333141483;0,009256481174413592;0,7759903666570742;0,19999999999999998;0,039999999999999994;cenario_1_base;5;cenario_1_base_5_analistas
2026-04-23 09:00:00;Esaú;Concorrencial;0,0;0,15519807333141483;0,009256481174413592;1,2567217521289598;0,12349437977698745;0,015250861836502805;cenario_1_base;5;cenario_1_base_5_analistas
2026-04-23 09:00:00;Esaú;Contencioso;22,1;0,4665151941308001;0,01757084100497868;1,0873074874564594;0,42905544154958414;0,1840885719233086;cenario_1_base;5;cenario_1_base_5_analistas
2026-04-23 09:00:00;Esaú;Contratos;35,10000000000001;0,6864683911503605;0,015195205460586806;2,147376895991486;0,31967764598370824;0,10219379734168509;cenario_1_base;5;cenario_1_base_5_analistas
2026-04-23 09:00:00;Esaú;Direito digital;0,0;0,15519807333141483;0,009256481174413592;1,0715326006024308;0,14483747227490817;0,020977893374984794;cenario_1_base;5;cenario_1_base_5_analistas
2026-04-23 09:00:00;Esaú;Direito financeiro;0,0;0,15519807333141483;0,009256481174413592;1,1066760456840359;0,14023803437029034;0,019666706284042733;cenario_1_base;5;cenario_1_base_5_analistas
2026-04-23 09:00:00;Esaú;Governança;27,0;0,5527529425410996;0,017453529169959833;1,1735452358667589;0,4710111938146522;0,22185154469870383;cenario_1_base;5;cenario_1_base_5_analistas
2026-04-23 09:00:00;Esaú;Propriedade intelectual;0,0;0,15519807333141483;0,009256481174413592;0,8101237578738277;0,19157328966469597;0,03670032531295351;cenario_1_base;5;cenario_1_base_5_analistas
2026-04-23 09:00:00;Esaú;Regulatório;0,0;0,15519807333141483;0,009256481174413592;1,4825840151377654;0,10468079498145233;0,010958068837948856;cenario_1_base;5;cenario_1_base_5_analistas
2026-04-23 09:00:00;Esaú;Societário;0,0;0,15519807333141483;0,009256481174413592;2,469786115341661;0,06283866945698871;0,003948698379124686;cenario_1_base;5;cenario_1_base_5_analistas
2026-04-23 09:00:00;Esaú;Trabalhista;0,0;0,15519807333141483;0,009256481174413592;0,8079660497487365;0,19208489438346915;0,0368966066503085;cenario_1_base;5;cenario_1_base_5_analistas
2026-04-23 09:00:00;Esaú;Tributário;0,0;0,15519807333141483;0,009256481174413592;0,7759903666570742;0,19999999999999998;0,039999999999999994;cenario_1_base;5;cenario_1_base_5_analistas
2026-05-21 09:00:00;Jacó;Concorrencial;0,0;0,15519807333141483;0,009256481174413592;1,301150834676932;0,1192775419999247;0,014227132025543801;cenario_1_base;5;cenario_1_base_5_analistas
2026-05-21 09:00:00;Jacó;Contencioso;0,0;0,15519807333141483;0,009256481174413592;1,2550856351389759;0,12365536580635768;0,015290649492704131;cenario_1_base;5;cenario_1_base_5_analistas
2026-05-21 09:00:00;Jacó;Contratos;0,0;0,15519807333141483;0,009256481174413592;2,3545426682316606;0,06591431764028031;0,004344697269983769;cenario_1_base;5;cenario_1_base_5_analistas
2026-05-21 09:00:00;Jacó;Direito digital;0,0;0,15519807333141483;0,009256481174413592;1,0961023904031728;0,14159085382007902;0,020047969885498985;cenario_1_base;5;cenario_1_base_5_analistas
2026-05-21 09:00:00;Jacó;Direito financeiro;0,0;0,15519807333141483;0,009256481174413592;1,2664714776422477;0,12254367829928746;0,015016953091119256;cenario_1_base;5;cenario_1_base_5_analistas
2026-05-21 09:00:00;Jacó;Governança;0,0;0,15519807333141483;0,009256481174413592;1,2029944381963027;0,12900980121247232;0,016643528808881626;cenario_1_base;5;cenario_1_base_5_analistas
2026-05-21 09:00:00;Jacó;Propriedade intelectual;0,0;0,15519807333141483;0,009256481174413592;0,8101237578738277;0,19157328966469597;0,03670032531295351;cenario_1_base;5;cenario_1_base_5_analistas
2026-05-21 09:00:00;Jacó;Regulatório;0,0;0,15519807333141483;0,009256481174413592;1,6441063175320354;0,09439661637234162;0,008910721182547033;cenario_1_base;5;cenario_1_base_5_analistas
2026-05-21 09:00:00;Jacó;Societário;62,9;0,9397063136563183;0,004000080055792463;2,529088566568721;0,3715592747830266;0,13805629467728867;cenario_1_base;5;cenario_1_base_5_analistas
2026-05-21 09:00:00;Jacó;Trabalhista;0,0;0,15519807333141483;0,009256481174413592;0,8090425293136991;0,19182931392131816;0,03679848567952363;cenario_1_base;5;cenario_1_base_5_analistas
2026-05-21 09:00:00;Jacó;Tributário;0,0;0,15519807333141483;0,009256481174413592;0,7759903666570742;0,19999999999999998;0,039999999999999994;cenario_1_base;5;cenario_1_base_5_analistas
2026-05-21 09:00:00;Eva;Concorrencial;0,0;0,15519807333141483;0,009256481174413592;1,301150834676932;0,1192775419999247;0,014227132025543801;cenario_1_base;5;cenario_1_base_5_analistas
2026-05-21 09:00:00;Eva;Contencioso;0,0;0,15519807333141483;0,009256481174413592;1,2550856351389759;0,12365536580635768;0,015290649492704131;cenario_1_base;5;cenario_1_base_5_analistas
2026-05-21 09:00:00;Eva;Contratos;3,6000000000000005;0,19150818593804064;0,010931195726367362;2,3545426682316606;0,08133561923592984;0,0066154829564921604;cenario_1_base;5;cenario_1_base_5_analistas
2026-05-21 09:00:00;Eva;Direito digital;0,0;0,15519807333141483;0,009256481174413592;1,0961023904031728;0,14159085382007902;0,020047969885498985;cenario_1_base;5;cenario_1_base_5_analistas
2026-05-21 09:00:00;Eva;Direito financeiro;0,0;0,15519807333141483;0,009256481174413592;1,2664714776422477;0,12254367829928746;0,015016953091119256;cenario_1_base;5;cenario_1_base_5_analistas
2026-05-21 09:00:00;Eva;Governança;0,0;0,15519807333141483;0,009256481174413592;1,2029944381963027;0,12900980121247232;0,016643528808881626;cenario_1_base;5;cenario_1_base_5_analistas
2026-05-21 09:00:00;Eva;Propriedade intelectual;0,0;0,15519807333141483;0,009256481174413592;0,8101237578738277;0,19157328966469597;0,03670032531295351;cenario_1_base;5;cenario_1_base_5_analistas
2026-05-21 09:00:00;Eva;Regulatório;54,5;0,8959767470054846;0,006580090557665384;1,6441063175320354;0,5449627785327371;0,29698442998612107;cenario_1_base;5;cenario_1_base_5_analistas
2026-05-21 09:00:00;Eva;Societário;57,9;0,9163180333252161;0,005413558236052631;2,529088566568721;0,36231156371419926;0,13126966920102826;cenario_1_base;5;cenario_1_base_5_analistas
2026-05-21 09:00:00;Eva;Trabalhista;0,0;0,15519807333141483;0,009256481174413592;0,8090425293136991;0,19182931392131816;0,03679848567952363;cenario_1_base;5;cenario_1_base_5_analistas
2026-05-21 09:00:00;Eva;Tributário;0,0;0,15519807333141483;0,009256481174413592;0,7759903666570742;0,19999999999999998;0,039999999999999994;cenario_1_base;5;cenario_1_base_5_analistas
2026-05-21 09:00:00;Abraão;Concorrencial;34,7;0,6803585413512727;0,015353438237251871;1,301150834676932;0,5228898320003013;0,27341377640930326;cenario_1_base;5;cenario_1_base_5_analistas
2026-05-21 09:00:00;Abraão;Contencioso;0,0;0,15519807333141483;0,009256481174413592;1,2550856351389759;0,12365536580635768;0,015290649492704131;cenario_1_base;5;cenario_1_base_5_analistas
2026-05-21 09:00:00;Abraão;Contratos;0,0;0,15519807333141483;0,009256481174413592;2,3545426682316606;0,06591431764028031;0,004344697269983769;cenario_1_base;5;cenario_1_base_5_analistas
2026-05-21 09:00:00;Abraão;Direito digital;22,6;0,4753100970775134;0,017606962853773677;1,0961023904031728;0,43363658471968386;0,18804068760735157;cenario_1_base;5;cenario_1_base_5_analistas
2026-05-21 09:00:00;Abraão;Direito financeiro;32,5;0,6456791843165882;0,016151696813133855;1,2664714776422477;0,5098252868028501;0,2599218230636084;cenario_1_base;5;cenario_1_base_5_analistas
2026-05-21 09:00:00;Abraão;Governança;0,0;0,15519807333141483;0,009256481174413592;1,2029944381963027;0,12900980121247232;0,016643528808881626;cenario_1_base;5;cenario_1_base_5_analistas
2026-05-21 09:00:00;Abraão;Propriedade intelectual;3,4000000000000004;0,18933146454816843;0,010836045312263114;0,8101237578738277;0,2337068413412161;0,05461888768968836;cenario_1_base;5;cenario_1_base_5_analistas
2026-05-21 09:00:00;Abraão;Regulatório;10,8;0,28253535053230633;0,014311264311971654;1,6441063175320354;0,171847372350238;0,029531519383681346;cenario_1_base;5;cenario_1_base_5_analistas
2026-05-21 09:00:00;Abraão;Societário;15,9;0,36080775042568336;0,016282161546685946;2,529088566568721;0,14266315351510225;0,020352775370873634;cenario_1_base;5;cenario_1_base_5_analistas
2026-05-21 09:00:00;Abraão;Trabalhista;3,3000000000000003;0,18825023598803986;0,010788533175477195;0,8090425293136991;0,23268274431472746;0,054141259501832836;cenario_1_base;5;cenario_1_base_5_analistas
2026-05-21 09:00:00;Abraão;Tributário;0,0;0,15519807333141483;0,009256481174413592;0,7759903666570742;0,19999999999999998;0,039999999999999994;cenario_1_base;5;cenario_1_base_5_analistas
2026-05-21 09:00:00;Adão;Concorrencial;0,0;0,15519807333141483;0,009256481174413592;1,301150834676932;0,1192775419999247;0,014227132025543801;cenario_1_base;5;cenario_1_base_5_analistas
2026-05-21 09:00:00;Adão;Contencioso;0,0;0,15519807333141483;0,009256481174413592;1,2550856351389759;0,12365536580635768;0,015290649492704131;cenario_1_base;5;cenario_1_base_5_analistas
2026-05-21 09:00:00;Adão;Contratos;99,9;0,9953142848468807;0,00032926140139959495;2,3545426682316606;0,42272085287560096;0,17869291945587548;cenario_1_base;5;cenario_1_base_5_analistas
2026-05-21 09:00:00;Adão;Direito digital;0,0;0,15519807333141483;0,009256481174413592;1,0961023904031728;0,14159085382007902;0,020047969885498985;cenario_1_base;5;cenario_1_base_5_analistas
2026-05-21 09:00:00;Adão;Direito financeiro;0,0;0,15519807333141483;0,009256481174413592;1,2664714776422477;0,12254367829928746;0,015016953091119256;cenario_1_base;5;cenario_1_base_5_analistas
2026-05-21 09:00:00;Adão;Governança;0,0;0,15519807333141483;0,009256481174413592;1,2029944381963027;0,12900980121247232;0,016643528808881626;cenario_1_base;5;cenario_1_base_5_analistas
2026-05-21 09:00:00;Adão;Propriedade intelectual;0,0;0,15519807333141483;0,009256481174413592;0,8101237578738277;0,19157328966469597;0,03670032531295351;cenario_1_base;5;cenario_1_base_5_analistas
2026-05-21 09:00:00;Adão;Regulatório;0,0;0,15519807333141483;0,009256481174413592;1,6441063175320354;0,09439661637234162;0,008910721182547033;cenario_1_base;5;cenario_1_base_5_analistas
2026-05-21 09:00:00;Adão;Societário;0,2;0,15705839583008865;0,00934680856273337;2,529088566568721;0,06210078915629823;0,0038565080138350076;cenario_1_base;5;cenario_1_base_5_analistas
2026-05-21 09:00:00;Adão;Trabalhista;0,0;0,15519807333141483;0,009256481174413592;0,8090425293136991;0,19182931392131816;0,03679848567952363;cenario_1_base;5;cenario_1_base_5_analistas
2026-05-21 09:00:00;Adão;Tributário;0,0;0,15519807333141483;0,009256481174413592;0,7759903666570742;0,19999999999999998;0,039999999999999994;cenario_1_base;5;cenario_1_base_5_analistas
2026-05-21 09:00:00;Esaú;Concorrencial;0,0;0,15519807333141483;0,009256481174413592;1,301150834676932;0,1192775419999247;0,014227132025543801;cenario_1_base;5;cenario_1_base_5_analistas
2026-05-21 09:00:00;Esaú;Contencioso;31,800000000000004;0,6342933418133165;0,016376750063129587;1,2550856351389759;0,5053785367745692;0,2554074654324046;cenario_1_base;5;cenario_1_base_5_analistas
2026-05-21 09:00:00;Esaú;Contratos;49,400000000000006;0,8573240507839096;0,008635758304835286;2,3545426682316606;0,3641148926079086;0,13257965501886879;cenario_1_base;5;cenario_1_base_5_analistas
2026-05-21 09:00:00;Esaú;Direito digital;0,0;0,15519807333141483;0,009256481174413592;1,0961023904031728;0,14159085382007902;0,020047969885498985;cenario_1_base;5;cenario_1_base_5_analistas
2026-05-21 09:00:00;Esaú;Direito financeiro;0,0;0,15519807333141483;0,009256481174413592;1,2664714776422477;0,12254367829928746;0,015016953091119256;cenario_1_base;5;cenario_1_base_5_analistas
2026-05-21 09:00:00;Esaú;Governança;28,7;0,5822021448706433;0,0171729422009338;1,2029944381963027;0,48396079515011065;0,23421805124232736;cenario_1_base;5;cenario_1_base_5_analistas
2026-05-21 09:00:00;Esaú;Propriedade intelectual;0,0;0,15519807333141483;0,009256481174413592;0,8101237578738277;0,19157328966469597;0,03670032531295351;cenario_1_base;5;cenario_1_base_5_analistas
2026-05-21 09:00:00;Esaú;Regulatório;0,0;0,15519807333141483;0,009256481174413592;1,6441063175320354;0,09439661637234162;0,008910721182547033;cenario_1_base;5;cenario_1_base_5_analistas
2026-05-21 09:00:00;Esaú;Societário;0,0;0,15519807333141483;0,009256481174413592;2,529088566568721;0,06136521883137371;0,003765690082222383;cenario_1_base;5;cenario_1_base_5_analistas
2026-05-21 09:00:00;Esaú;Trabalhista;0,0;0,15519807333141483;0,009256481174413592;0,8090425293136991;0,19182931392131816;0,03679848567952363;cenario_1_base;5;cenario_1_base_5_analistas
2026-05-21 09:00:00;Esaú;Tributário;0,0;0,15519807333141483;0,009256481174413592;0,7759903666570742;0,19999999999999998;0,039999999999999994;cenario_1_base;5;cenario_1_base_5_analistas
2026-06-18 09:00:00;Jacó;Concorrencial;0,0;0,15519807333141483;0,009256481174413592;1,4248734978267399;0,10892059791141293;0,011863696649379689;cenario_1_base;5;cenario_1_base_5_analistas
2026-06-18 09:00:00;Jacó;Contencioso;0,0;0,15519807333141483;0,009256481174413592;1,3087782009587459;0,1185824100811921;0,014061787980664008;cenario_1_base;5;cenario_1_base_5_analistas
2026-06-18 09:00:00;Jacó;Contratos;0,0;0,15519807333141483;0,009256481174413592;2,7795889490661603;0,05583490083436822;0,003117536151183733;cenario_1_base;5;cenario_1_base_5_analistas
2026-06-18 09:00:00;Jacó;Direito digital;0,0;0,15519807333141483;0,009256481174413592;1,2285079118172555;0,12633054442591254;0,015959406454947464;cenario_1_base;5;cenario_1_base_5_analistas
2026-06-18 09:00:00;Jacó;Direito financeiro;0,0;0,15519807333141483;0,009256481174413592;1,2664714776422477;0,12254367829928746;0,015016953091119256;cenario_1_base;5;cenario_1_base_5_analistas
2026-06-18 09:00:00;Jacó;Governança;0,0;0,15519807333141483;0,009256481174413592;1,2501587806831675;0,12414268949629308;0,015411407355373035;cenario_1_base;5;cenario_1_base_5_analistas
2026-06-18 09:00:00;Jacó;Propriedade intelectual;0,0;0,15519807333141483;0,009256481174413592;0,8112097398000138;0,19131682685377466;0,03660212823739719;cenario_1_base;5;cenario_1_base_5_analistas
2026-06-18 09:00:00;Jacó;Regulatório;0,0;0,15519807333141483;0,009256481174413592;1,740475622295608;0,08916992076379424;0,007951274769021343;cenario_1_base;5;cenario_1_base_5_analistas
2026-06-18 09:00:00;Jacó;Societário;62,9;0,9397063136563183;0,004000080055792463;2,655928330117894;0,35381463535750063;0,12518479619316114;cenario_1_base;5;cenario_1_base_5_analistas
2026-06-18 09:00:00;Jacó;Trabalhista;0,0;0,15519807333141483;0,009256481174413592;0,8090425293136991;0,19182931392131816;0,03679848567952363;cenario_1_base;5;cenario_1_base_5_analistas
2026-06-18 09:00:00;Jacó;Tributário;6,0;0,21912033603812855;0,012080126974710233;0,8408405324229671;0,26059678094574146;0,06791068223928276;cenario_1_base;5;cenario_1_base_5_analistas
2026-06-18 09:00:00;Eva;Concorrencial;0,0;0,15519807333141483;0,009256481174413592;1,4248734978267399;0,10892059791141293;0,011863696649379689;cenario_1_base;5;cenario_1_base_5_analistas
2026-06-18 09:00:00;Eva;Contencioso;0,0;0,15519807333141483;0,009256481174413592;1,3087782009587459;0,1185824100811921;0,014061787980664008;cenario_1_base;5;cenario_1_base_5_analistas
2026-06-18 09:00:00;Eva;Contratos;25,100000000000005;0,5194052481036691;0,017623414606030074;2,7795889490661603;0,18686404990859176;0,034918173148240673;cenario_1_base;5;cenario_1_base_5_analistas
2026-06-18 09:00:00;Eva;Direito digital;0,0;0,15519807333141483;0,009256481174413592;1,2285079118172555;0,12633054442591254;0,015959406454947464;cenario_1_base;5;cenario_1_base_5_analistas
2026-06-18 09:00:00;Eva;Direito financeiro;0,0;0,15519807333141483;0,009256481174413592;1,2664714776422477;0,12254367829928746;0,015016953091119256;cenario_1_base;5;cenario_1_base_5_analistas
2026-06-18 09:00:00;Eva;Governança;0,0;0,15519807333141483;0,009256481174413592;1,2501587806831675;0,12414268949629308;0,015411407355373035;cenario_1_base;5;cenario_1_base_5_analistas
2026-06-18 09:00:00;Eva;Propriedade intelectual;0,0;0,15519807333141483;0,009256481174413592;0,8112097398000138;0,19131682685377466;0,03660212823739719;cenario_1_base;5;cenario_1_base_5_analistas
2026-06-18 09:00:00;Eva;Regulatório;54,5;0,8959767470054846;0,006580090557665384;1,740475622295608;0,514788449506539;0,26500714774534645;cenario_1_base;5;cenario_1_base_5_analistas
2026-06-18 09:00:00;Eva;Societário;57,9;0,9163180333252161;0,005413558236052631;2,655928330117894;0,34500856929544543;0,11903091288729017;cenario_1_base;5;cenario_1_base_5_analistas
2026-06-18 09:00:00;Eva;Trabalhista;0,0;0,15519807333141483;0,009256481174413592;0,8090425293136991;0,19182931392131816;0,03679848567952363;cenario_1_base;5;cenario_1_base_5_analistas
2026-06-18 09:00:00;Eva;Tributário;0,0;0,15519807333141483;0,009256481174413592;0,8408405324229671;0,18457491919923968;0,034067900797405855;cenario_1_base;5;cenario_1_base_5_analistas
2026-06-18 09:00:00;Abraão;Concorrencial;44,0;0,8040812045010806;0,011121944247483546;1,4248734978267399;0,5643176083543483;0,3184543630987716;cenario_1_base;5;cenario_1_base_5_analistas
2026-06-18 09:00:00;Abraão;Contencioso;0,0;0,15519807333141483;0,009256481174413592;1,3087782009587459;0,1185824100811921;0,014061787980664008;cenario_1_base;5;cenario_1_base_5_analistas
2026-06-18 09:00:00;Abraão;Contratos;0,0;0,15519807333141483;0,009256481174413592;2,7795889490661603;0,05583490083436822;0,003117536151183733;cenario_1_base;5;cenario_1_base_5_analistas
2026-06-18 09:00:00;Abraão;Direito digital;30,200000000000003;0,6077156184915962;0,016830852594627885;1,2285079118172555;0,4946778222963499;0,2447061478718591;cenario_1_base;5;cenario_1_base_5_analistas
2026-06-18 09:00:00;Abraão;Direito financeiro;32,5;0,6456791843165882;0,016151696813133855;1,2664714776422477;0,5098252868028501;0,2599218230636084;cenario_1_base;5;cenario_1_base_5_analistas
2026-06-18 09:00:00;Abraão;Governança;0,0;0,15519807333141483;0,009256481174413592;1,2501587806831675;0,12414268949629308;0,015411407355373035;cenario_1_base;5;cenario_1_base_5_analistas
2026-06-18 09:00:00;Abraão;Propriedade intelectual;3,5000000000000004;0,19041744647435446;0,01088360016420938;0,8112097398000138;0,23473269258490137;0,05509943696815781;cenario_1_base;5;cenario_1_base_5_analistas
2026-06-18 09:00:00;Abraão;Regulatório;17,0;0,37890465529587886;0,0166147157748639;1,740475622295608;0,2177017882020783;0,04739406858638256;cenario_1_base;5;cenario_1_base_5_analistas
2026-06-18 09:00:00;Abraão;Societário;23,3;0,48764751397485645;0,017639227575883303;2,655928330117894;0,18360718112947355;0,03371159696231131;cenario_1_base;5;cenario_1_base_5_analistas
2026-06-18 09:00:00;Abraão;Trabalhista;3,3000000000000003;0,18825023598803986;0,010788533175477195;0,8090425293136991;0,23268274431472746;0,054141259501832836;cenario_1_base;5;cenario_1_base_5_analistas
2026-06-18 09:00:00;Abraão;Tributário;0,0;0,15519807333141483;0,009256481174413592;0,8408405324229671;0,18457491919923968;0,034067900797405855;cenario_1_base;5;cenario_1_base_5_analistas
2026-06-18 09:00:00;Adão;Concorrencial;0,0;0,15519807333141483;0,009256481174413592;1,4248734978267399;0,10892059791141293;0,011863696649379689;cenario_1_base;5;cenario_1_base_5_analistas
2026-06-18 09:00:00;Adão;Contencioso;0,0;0,15519807333141483;0,009256481174413592;1,3087782009587459;0,1185824100811921;0,014061787980664008;cenario_1_base;5;cenario_1_base_5_analistas
2026-06-18 09:00:00;Adão;Contratos;99,9;0,9953142848468807;0,00032926140139959495;2,7795889490661603;0,35807966684472164;0,12822104780762686;cenario_1_base;5;cenario_1_base_5_analistas
2026-06-18 09:00:00;Adão;Direito digital;0,0;0,15519807333141483;0,009256481174413592;1,2285079118172555;0,12633054442591254;0,015959406454947464;cenario_1_base;5;cenario_1_base_5_analistas
2026-06-18 09:00:00;Adão;Direito financeiro;0,0;0,15519807333141483;0,009256481174413592;1,2664714776422477;0,12254367829928746;0,015016953091119256;cenario_1_base;5;cenario_1_base_5_analistas
2026-06-18 09:00:00;Adão;Governança;0,0;0,15519807333141483;0,009256481174413592;1,2501587806831675;0,12414268949629308;0,015411407355373035;cenario_1_base;5;cenario_1_base_5_analistas
2026-06-18 09:00:00;Adão;Propriedade intelectual;0,0;0,15519807333141483;0,009256481174413592;0,8112097398000138;0,19131682685377466;0,03660212823739719;cenario_1_base;5;cenario_1_base_5_analistas
2026-06-18 09:00:00;Adão;Regulatório;0,0;0,15519807333141483;0,009256481174413592;1,740475622295608;0,08916992076379424;0,007951274769021343;cenario_1_base;5;cenario_1_base_5_analistas
2026-06-18 09:00:00;Adão;Societário;0,2;0,15705839583008865;0,00934680856273337;2,655928330117894;0,05913502787295355;0,003496951521534993;cenario_1_base;5;cenario_1_base_5_analistas
2026-06-18 09:00:00;Adão;Trabalhista;0,0;0,15519807333141483;0,009256481174413592;0,8090425293136991;0,19182931392131816;0,03679848567952363;cenario_1_base;5;cenario_1_base_5_analistas
2026-06-18 09:00:00;Adão;Tributário;0,1;0,15612597639059406;0,009301596305599447;0,8408405324229671;0,18567846145653952;0,03447649104886763;cenario_1_base;5;cenario_1_base_5_analistas
2026-06-18 09:00:00;Esaú;Concorrencial;0,0;0,15519807333141483;0,009256481174413592;1,4248734978267399;0,10892059791141293;0,011863696649379689;cenario_1_base;5;cenario_1_base_5_analistas
2026-06-18 09:00:00;Esaú;Contencioso;35,2;0,6879859076330864;0,015155087676314348;1,3087782009587459;0,5256703596752316;0,2763293270410873;cenario_1_base;5;cenario_1_base_5_analistas
2026-06-18 09:00:00;Esaú;Contratos;67,10000000000001;0,9544732694527808;0,003067855743114749;2,7795889490661603;0,3433864815779501;0,11791427573048387;cenario_1_base;5;cenario_1_base_5_analistas
2026-06-18 09:00:00;Esaú;Direito digital;0,0;0,15519807333141483;0,009256481174413592;1,2285079118172555;0,12633054442591254;0,015959406454947464;cenario_1_base;5;cenario_1_base_5_analistas
2026-06-18 09:00:00;Esaú;Direito financeiro;0,0;0,15519807333141483;0,009256481174413592;1,2664714776422477;0,12254367829928746;0,015016953091119256;cenario_1_base;5;cenario_1_base_5_analistas
2026-06-18 09:00:00;Esaú;Governança;31,5;0,6293664873575082;0,016468460423583842;1,2501587806831675;0,5034292420148276;0,2534410017156239;cenario_1_base;5;cenario_1_base_5_analistas
2026-06-18 09:00:00;Esaú;Propriedade intelectual;0,0;0,15519807333141483;0,009256481174413592;0,8112097398000138;0,19131682685377466;0,03660212823739719;cenario_1_base;5;cenario_1_base_5_analistas
2026-06-18 09:00:00;Esaú;Regulatório;0,0;0,15519807333141483;0,009256481174413592;1,740475622295608;0,08916992076379424;0,007951274769021343;cenario_1_base;5;cenario_1_base_5_analistas
2026-06-18 09:00:00;Esaú;Societário;0,0;0,15519807333141483;0,009256481174413592;2,655928330117894;0,0584345863446269;0,0034146008812676568;cenario_1_base;5;cenario_1_base_5_analistas
2026-06-18 09:00:00;Esaú;Trabalhista;0,0;0,15519807333141483;0,009256481174413592;0,8090425293136991;0,19182931392131816;0,03679848567952363;cenario_1_base;5;cenario_1_base_5_analistas
2026-06-18 09:00:00;Esaú;Tributário;0,0;0,15519807333141483;0,009256481174413592;0,8408405324229671;0,18457491919923968;0,034067900797405855;cenario_1_base;5;cenario_1_base_5_analistas
2026-07-16 09:00:00;Jacó;Concorrencial;0,0;0,15519807333141483;0,009256481174413592;1,4399779547658276;0,10777808980878009;0,011616116642829468;cenario_1_base;5;cenario_1_base_5_analistas
2026-07-16 09:00:00;Jacó;Contencioso;0,0;0,15519807333141483;0,009256481174413592;1,3551098890093223;0,11452803539414445;0,013116670891242405;cenario_1_base;5;cenario_1_base_5_analistas
2026-07-16 09:00:00;Jacó;Contratos;0,0;0,15519807333141483;0,009256481174413592;3,1673528281953294;0,04899930059886711;0,002400931459178139;cenario_1_base;5;cenario_1_base_5_analistas
2026-07-16 09:00:00;Jacó;Direito digital;0,0;0,15519807333141483;0,009256481174413592;1,2318689145960717;0,12598586707767043;0,015872438703312442;cenario_1_base;5;cenario_1_base_5_analistas
2026-07-16 09:00:00;Jacó;Direito financeiro;0,0;0,15519807333141483;0,009256481174413592;1,4135123699791248;0,10979604892577406;0,012055172359710972;cenario_1_base;5;cenario_1_base_5_analistas
2026-07-16 09:00:00;Jacó;Governança;0,0;0,15519807333141483;0,009256481174413592;1,3619395517097876;0,11395371632799574;0,012985449464961323;cenario_1_base;5;cenario_1_base_5_analistas
2026-07-16 09:00:00;Jacó;Propriedade intelectual;0,0;0,15519807333141483;0,009256481174413592;0,8112097398000138;0,19131682685377466;0,03660212823739719;cenario_1_base;5;cenario_1_base_5_analistas
2026-07-16 09:00:00;Jacó;Regulatório;0,0;0,15519807333141483;0,009256481174413592;1,9506259252888616;0,07956321677024367;0,006330305462828783;cenario_1_base;5;cenario_1_base_5_analistas
2026-07-16 09:00:00;Jacó;Societário;62,9;0,9397063136563183;0,004000080055792463;2,7877132745200686;0,3370885816146561;0,11362871185498066;cenario_1_base;5;cenario_1_base_5_analistas
2026-07-16 09:00:00;Jacó;Trabalhista;0,0;0,15519807333141483;0,009256481174413592;0,8090425293136991;0,19182931392131816;0,03679848567952363;cenario_1_base;5;cenario_1_base_5_analistas
2026-07-16 09:00:00;Jacó;Tributário;6,0;0,21912033603812855;0,012080126974710233;0,8408405324229671;0,26059678094574146;0,06791068223928276;cenario_1_base;5;cenario_1_base_5_analistas
2026-07-16 09:00:00;Eva;Concorrencial;0,0;0,15519807333141483;0,009256481174413592;1,4399779547658276;0,10777808980878009;0,011616116642829468;cenario_1_base;5;cenario_1_base_5_analistas
2026-07-16 09:00:00;Eva;Contencioso;0,0;0,15519807333141483;0,009256481174413592;1,3551098890093223;0,11452803539414445;0,013116670891242405;cenario_1_base;5;cenario_1_base_5_analistas
2026-07-16 09:00:00;Eva;Contratos;51,800000000000004;0,876822697345115;0,007625128626447962;3,1673528281953294;0,27683139356618647;0,07663562046379682;cenario_1_base;5;cenario_1_base_5_analistas
2026-07-16 09:00:00;Eva;Direito digital;0,0;0,15519807333141483;0,009256481174413592;1,2318689145960717;0,12598586707767043;0,015872438703312442;cenario_1_base;5;cenario_1_base_5_analistas
2026-07-16 09:00:00;Eva;Direito financeiro;0,0;0,15519807333141483;0,009256481174413592;1,4135123699791248;0,10979604892577406;0,012055172359710972;cenario_1_base;5;cenario_1_base_5_analistas
2026-07-16 09:00:00;Eva;Governança;0,0;0,15519807333141483;0,009256481174413592;1,3619395517097876;0,11395371632799574;0,012985449464961323;cenario_1_base;5;cenario_1_base_5_analistas
2026-07-16 09:00:00;Eva;Propriedade intelectual;0,0;0,15519807333141483;0,009256481174413592;0,8112097398000138;0,19131682685377466;0,03660212823739719;cenario_1_base;5;cenario_1_base_5_analistas
2026-07-16 09:00:00;Eva;Regulatório;54,5;0,8959767470054846;0,006580090557665384;1,9506259252888616;0,45932781646629783;0,210982042979697;cenario_1_base;5;cenario_1_base_5_analistas
2026-07-16 09:00:00;Eva;Societário;57,9;0,9163180333252161;0,005413558236052631;2,7877132745200686;0,3286988090563112;0,10804290707503734;cenario_1_base;5;cenario_1_base_5_analistas
2026-07-16 09:00:00;Eva;Trabalhista;0,0;0,15519807333141483;0,009256481174413592;0,8090425293136991;0,19182931392131816;0,03679848567952363;cenario_1_base;5;cenario_1_base_5_analistas
2026-07-16 09:00:00;Eva;Tributário;0,0;0,15519807333141483;0,009256481174413592;0,8408405324229671;0,18457491919923968;0,034067900797405855;cenario_1_base;5;cenario_1_base_5_analistas
2026-07-16 09:00:00;Abraão;Concorrencial;45,400000000000006;0,8191856614401681;0,010457308255288766;1,4399779547658276;0,5688876407648796;0,3236331478150307;cenario_1_base;5;cenario_1_base_5_analistas
2026-07-16 09:00:00;Abraão;Contencioso;0,0;0,15519807333141483;0,009256481174413592;1,3551098890093223;0,11452803539414445;0,013116670891242405;cenario_1_base;5;cenario_1_base_5_analistas
2026-07-16 09:00:00;Abraão;Contratos;0,0;0,15519807333141483;0,009256481174413592;3,1673528281953294;0,04899930059886711;0,002400931459178139;cenario_1_base;5;cenario_1_base_5_analistas
2026-07-16 09:00:00;Abraão;Direito digital;30,400000000000002;0,6110766212704123;0,016778936085024745;1,2318689145960717;0,49605653168931824;0,24607208263163557;cenario_1_base;5;cenario_1_base_5_analistas
2026-07-16 09:00:00;Abraão;Direito financeiro;43,00000000000001;0,7927200766534654;0,011600635944713646;1,4135123699791248;0,5608158042969037;0,314514366349183;cenario_1_base;5;cenario_1_base_5_analistas
2026-07-16 09:00:00;Abraão;Governança;0,0;0,15519807333141483;0,009256481174413592;1,3619395517097876;0,11395371632799574;0,012985449464961323;cenario_1_base;5;cenario_1_base_5_analistas
2026-07-16 09:00:00;Abraão;Propriedade intelectual;3,5000000000000004;0,19041744647435446;0,01088360016420938;0,8112097398000138;0,23473269258490137;0,05509943696815781;cenario_1_base;5;cenario_1_base_5_analistas
2026-07-16 09:00:00;Abraão;Regulatório;29,1;0,5890549582891323;0,017090086536930935;1,9506259252888616;0,3019825332229711;0,09119345037176284;cenario_1_base;5;cenario_1_base_5_analistas
2026-07-16 09:00:00;Abraão;Societário;30,900000000000002;0,6194324583770306;0,016642953684752926;2,7877132745200686;0,22220092146444717;0,04937324949964942;cenario_1_base;5;cenario_1_base_5_analistas
2026-07-16 09:00:00;Abraão;Trabalhista;3,3000000000000003;0,18825023598803986;0,010788533175477195;0,8090425293136991;0,23268274431472746;0,054141259501832836;cenario_1_base;5;cenario_1_base_5_analistas
2026-07-16 09:00:00;Abraão;Tributário;0,0;0,15519807333141483;0,009256481174413592;0,8408405324229671;0,18457491919923968;0,034067900797405855;cenario_1_base;5;cenario_1_base_5_analistas
2026-07-16 09:00:00;Adão;Concorrencial;0,0;0,15519807333141483;0,009256481174413592;1,4399779547658276;0,10777808980878009;0,011616116642829468;cenario_1_base;5;cenario_1_base_5_analistas
2026-07-16 09:00:00;Adão;Contencioso;0,0;0,15519807333141483;0,009256481174413592;1,3551098890093223;0,11452803539414445;0,013116670891242405;cenario_1_base;5;cenario_1_base_5_analistas
2026-07-16 09:00:00;Adão;Contratos;99,9;0,9953142848468807;0,00032926140139959495;3,1673528281953294;0,31424168346094344;0,09874783562436777;cenario_1_base;5;cenario_1_base_5_analistas
2026-07-16 09:00:00;Adão;Direito digital;0,0;0,15519807333141483;0,009256481174413592;1,2318689145960717;0,12598586707767043;0,015872438703312442;cenario_1_base;5;cenario_1_base_5_analistas
2026-07-16 09:00:00;Adão;Direito financeiro;0,0;0,15519807333141483;0,009256481174413592;1,4135123699791248;0,10979604892577406;0,012055172359710972;cenario_1_base;5;cenario_1_base_5_analistas
2026-07-16 09:00:00;Adão;Governança;0,0;0,15519807333141483;0,009256481174413592;1,3619395517097876;0,11395371632799574;0,012985449464961323;cenario_1_base;5;cenario_1_base_5_analistas
2026-07-16 09:00:00;Adão;Propriedade intelectual;0,0;0,15519807333141483;0,009256481174413592;0,8112097398000138;0,19131682685377466;0,03660212823739719;cenario_1_base;5;cenario_1_base_5_analistas
2026-07-16 09:00:00;Adão;Regulatório;0,0;0,15519807333141483;0,009256481174413592;1,9506259252888616;0,07956321677024367;0,006330305462828783;cenario_1_base;5;cenario_1_base_5_analistas
2026-07-16 09:00:00;Adão;Societário;0,2;0,15705839583008865;0,00934680856273337;2,7877132745200686;0,05633950853755853;0,00317414022225363;cenario_1_base;5;cenario_1_base_5_analistas
2026-07-16 09:00:00;Adão;Trabalhista;0,0;0,15519807333141483;0,009256481174413592;0,8090425293136991;0,19182931392131816;0,03679848567952363;cenario_1_base;5;cenario_1_base_5_analistas
2026-07-16 09:00:00;Adão;Tributário;0,1;0,15612597639059406;0,009301596305599447;0,8408405324229671;0,18567846145653952;0,03447649104886763;cenario_1_base;5;cenario_1_base_5_analistas
2026-07-16 09:00:00;Esaú;Concorrencial;0,0;0,15519807333141483;0,009256481174413592;1,4399779547658276;0,10777808980878009;0,011616116642829468;cenario_1_base;5;cenario_1_base_5_analistas
2026-07-16 09:00:00;Esaú;Contencioso;38,400000000000006;0,734317595683663;0,013773725663323739;1,3551098890093223;0,5418878584234221;0,29364245110672277;cenario_1_base;5;cenario_1_base_5_analistas
2026-07-16 09:00:00;Esaú;Contratos;83,10000000000001;0,9848196993405042;0,0010554600546756495;3,1673528281953294;0,3109283217751359;0,09667642128190246;cenario_1_base;5;cenario_1_base_5_analistas
2026-07-16 09:00:00;Esaú;Direito digital;0,0;0,15519807333141483;0,009256481174413592;1,2318689145960717;0,12598586707767043;0,015872438703312442;cenario_1_base;5;cenario_1_base_5_analistas
2026-07-16 09:00:00;Esaú;Direito financeiro;0,0;0,15519807333141483;0,009256481174413592;1,4135123699791248;0,10979604892577406;0,012055172359710972;cenario_1_base;5;cenario_1_base_5_analistas
2026-07-16 09:00:00;Esaú;Governança;38,9;0,7411472583841283;0,013544468784031583;1,3619395517097876;0,544185134688017;0,2961374608154152;cenario_1_base;5;cenario_1_base_5_analistas
2026-07-16 09:00:00;Esaú;Propriedade intelectual;0,0;0,15519807333141483;0,009256481174413592;0,8112097398000138;0,19131682685377466;0,03660212823739719;cenario_1_base;5;cenario_1_base_5_analistas
2026-07-16 09:00:00;Esaú;Regulatório;0,0;0,15519807333141483;0,009256481174413592;1,9506259252888616;0,07956321677024367;0,006330305462828783;cenario_1_base;5;cenario_1_base_5_analistas
2026-07-16 09:00:00;Esaú;Societário;0,0;0,15519807333141483;0,009256481174413592;2,7877132745200686;0,05567217932702698;0,00309939155102065;cenario_1_base;5;cenario_1_base_5_analistas
2026-07-16 09:00:00;Esaú;Trabalhista;0,0;0,15519807333141483;0,009256481174413592;0,8090425293136991;0,19182931392131816;0,03679848567952363;cenario_1_base;5;cenario_1_base_5_analistas
2026-07-16 09:00:00;Esaú;Tributário;0,0;0,15519807333141483;0,009256481174413592;0,8408405324229671;0,18457491919923968;0,034067900797405855;cenario_1_base;5;cenario_1_base_5_analistas
2026-08-13 09:00:00;Jacó;Concorrencial;0,0;0,15519807333141483;0,009256481174413592;1,4531765411255582;0,10679918711817776;0,011406066369103548;cenario_1_base;5;cenario_1_base_5_analistas
2026-08-13 09:00:00;Jacó;Contencioso;0,0;0,15519807333141483;0,009256481174413592;1,401671957287531;0,11072353450785231;0,012259701093911562;cenario_1_base;5;cenario_1_base_5_analistas
2026-08-13 09:00:00;Jacó;Contratos;24,900000000000002;0,515879657739132;0,017632197254788214;3,625553453474873;0,14228990535077968;0,02024641716473384;cenario_1_base;5;cenario_1_base_5_analistas
2026-08-13 09:00:00;Jacó;Direito digital;0,0;0,15519807333141483;0,009256481174413592;1,2485104360090662;0,12430658875989391;0,015452128009121381;cenario_1_base;5;cenario_1_base_5_analistas
2026-08-13 09:00:00;Jacó;Direito financeiro;0,0;0,15519807333141483;0,009256481174413592;1,5923467913198546;0,09746499580206094;0,009499425406695758;cenario_1_base;5;cenario_1_base_5_analistas
2026-08-13 09:00:00;Jacó;Governança;0,0;0,15519807333141483;0,009256481174413592;1,365982093944833;0,1136164771261509;0,012908703874557172;cenario_1_base;5;cenario_1_base_5_analistas
2026-08-13 09:00:00;Jacó;Propriedade intelectual;0,0;0,15519807333141483;0,009256481174413592;0,8123004792637;0,1910599307685898;0,03650389714529832;cenario_1_base;5;cenario_1_base_5_analistas
2026-08-13 09:00:00;Jacó;Regulatório;0,0;0,15519807333141483;0,009256481174413592;1,992582790834589;0,0778878920591352;0,006066523729415496;cenario_1_base;5;cenario_1_base_5_analistas
2026-08-13 09:00:00;Jacó;Societário;62,9;0,9397063136563183;0,004000080055792463;2,9148088612982344;0,3223903721898869;0,10393555208073381;cenario_1_base;5;cenario_1_base_5_analistas
2026-08-13 09:00:00;Jacó;Trabalhista;0,0;0,15519807333141483;0,009256481174413592;0,8223318105003712;0,188729259101603;0,03561873324103999;cenario_1_base;5;cenario_1_base_5_analistas
2026-08-13 09:00:00;Jacó;Tributário;6,0;0,21912033603812855;0,012080126974710233;0,8408405324229671;0,26059678094574146;0,06791068223928276;cenario_1_base;5;cenario_1_base_5_analistas
2026-08-13 09:00:00;Eva;Concorrencial;0,0;0,15519807333141483;0,009256481174413592;1,4531765411255582;0,10679918711817776;0,011406066369103548;cenario_1_base;5;cenario_1_base_5_analistas
2026-08-13 09:00:00;Eva;Contencioso;0,0;0,15519807333141483;0,009256481174413592;1,401671957287531;0,11072353450785231;0,012259701093911562;cenario_1_base;5;cenario_1_base_5_analistas
2026-08-13 09:00:00;Eva;Contratos;70,2;0,9630919782350953;0,0025095348704180054;3,625553453474873;0,2656399886511203;0,07056460357056733;cenario_1_base;5;cenario_1_base_5_analistas
2026-08-13 09:00:00;Eva;Direito digital;0,0;0,15519807333141483;0,009256481174413592;1,2485104360090662;0,12430658875989391;0,015452128009121381;cenario_1_base;5;cenario_1_base_5_analistas
2026-08-13 09:00:00;Eva;Direito financeiro;0,30000000000000004;0,1579953412967617;0,009392116627824873;1,5923467913198546;0,09922169100224927;0,009844943965345835;cenario_1_base;5;cenario_1_base_5_analistas
2026-08-13 09:00:00;Eva;Governança;0,0;0,15519807333141483;0,009256481174413592;1,365982093944833;0,1136164771261509;0,012908703874557172;cenario_1_base;5;cenario_1_base_5_analistas
2026-08-13 09:00:00;Eva;Propriedade intelectual;0,0;0,15519807333141483;0,009256481174413592;0,8123004792637;0,1910599307685898;0,03650389714529832;cenario_1_base;5;cenario_1_base_5_analistas
2026-08-13 09:00:00;Eva;Regulatório;54,5;0,8959767470054846;0,006580090557665384;1,992582790834589;0,4496559696925851;0,202190491080179;cenario_1_base;5;cenario_1_base_5_analistas
2026-08-13 09:00:00;Eva;Societário;57,9;0,9163180333252161;0,005413558236052631;2,9148088612982344;0,314366422269313;0,09882624745040801;cenario_1_base;5;cenario_1_base_5_analistas
2026-08-13 09:00:00;Eva;Trabalhista;0,0;0,15519807333141483;0,009256481174413592;0,8223318105003712;0,188729259101603;0,03561873324103999;cenario_1_base;5;cenario_1_base_5_analistas
2026-08-13 09:00:00;Eva;Tributário;0,0;0,15519807333141483;0,009256481174413592;0,8408405324229671;0,18457491919923968;0,034067900797405855;cenario_1_base;5;cenario_1_base_5_analistas
2026-08-13 09:00:00;Abraão;Concorrencial;46,7;0,832384247799899;0,009850162254103373;1,4531765411255582;0,5728032515272891;0,3281035649602348;cenario_1_base;5;cenario_1_base_5_analistas
2026-08-13 09:00:00;Abraão;Contencioso;0,0;0,15519807333141483;0,009256481174413592;1,401671957287531;0,11072353450785231;0,012259701093911562;cenario_1_base;5;cenario_1_base_5_analistas
2026-08-13 09:00:00;Abraão;Contratos;0,0;0,15519807333141483;0,009256481174413592;3,625553453474873;0,042806726013835734;0,001832415792023601;cenario_1_base;5;cenario_1_base_5_analistas
2026-08-13 09:00:00;Abraão;Direito digital;31,400000000000002;0,6277181426834068;0,016498378167682768;1,2485104360090662;0,5027736449604243;0,2527813380667908;cenario_1_base;5;cenario_1_base_5_analistas
2026-08-13 09:00:00;Abraão;Direito financeiro;55,900000000000006;0,9048349673221346;0,0060792706358700046;1,5923467913198546;0,5682398911182787;0,3228965738581132;cenario_1_base;5;cenario_1_base_5_analistas
2026-08-13 09:00:00;Abraão;Governança;0,0;0,15519807333141483;0,009256481174413592;1,365982093944833;0,1136164771261509;0,012908703874557172;cenario_1_base;5;cenario_1_base_5_analistas
2026-08-13 09:00:00;Abraão;Propriedade intelectual;3,6000000000000005;0,19150818593804064;0,010931195726367362;0,8123004792637;0,2357602769256408;0,05558290817605484;cenario_1_base;5;cenario_1_base_5_analistas
2026-08-13 09:00:00;Abraão;Regulatório;31,6;0,6310118238348598;0,016438214682291733;1,992582790834589;0,3166803541300092;0,10028644669190805;cenario_1_base;5;cenario_1_base_5_analistas
2026-08-13 09:00:00;Abraão;Societário;39,300000000000004;0,7465280451551963;0,013359208960408197;2,9148088612982344;0,25611560849403286;0,06559520491426872;cenario_1_base;5;cenario_1_base_5_analistas
2026-08-13 09:00:00;Abraão;Trabalhista;4,5;0,2015395171747118;0,011361046617533725;0,8223318105003712;0,24508296359358803;0,06006565904381599;cenario_1_base;5;cenario_1_base_5_analistas
2026-08-13 09:00:00;Abraão;Tributário;0,0;0,15519807333141483;0,009256481174413592;0,8408405324229671;0,18457491919923968;0,034067900797405855;cenario_1_base;5;cenario_1_base_5_analistas
2026-08-13 09:00:00;Adão;Concorrencial;0,0;0,15519807333141483;0,009256481174413592;1,4531765411255582;0,10679918711817776;0,011406066369103548;cenario_1_base;5;cenario_1_base_5_analistas
2026-08-13 09:00:00;Adão;Contencioso;0,0;0,15519807333141483;0,009256481174413592;1,401671957287531;0,11072353450785231;0,012259701093911562;cenario_1_base;5;cenario_1_base_5_analistas
2026-08-13 09:00:00;Adão;Contratos;99,9;0,9953142848468807;0,00032926140139959495;3,625553453474873;0,2745275438962105;0,07536537235768577;cenario_1_base;5;cenario_1_base_5_analistas
2026-08-13 09:00:00;Adão;Direito digital;0,0;0,15519807333141483;0,009256481174413592;1,2485104360090662;0,12430658875989391;0,015452128009121381;cenario_1_base;5;cenario_1_base_5_analistas
2026-08-13 09:00:00;Adão;Direito financeiro;6,0;0,21912033603812855;0,012080126974710233;1,5923467913198546;0,13760842627535014;0,018936078981978473;cenario_1_base;5;cenario_1_base_5_analistas
2026-08-13 09:00:00;Adão;Governança;0,0;0,15519807333141483;0,009256481174413592;1,365982093944833;0,1136164771261509;0,012908703874557172;cenario_1_base;5;cenario_1_base_5_analistas
2026-08-13 09:00:00;Adão;Propriedade intelectual;0,0;0,15519807333141483;0,009256481174413592;0,8123004792637;0,1910599307685898;0,03650389714529832;cenario_1_base;5;cenario_1_base_5_analistas
2026-08-13 09:00:00;Adão;Regulatório;0,0;0,15519807333141483;0,009256481174413592;1,992582790834589;0,0778878920591352;0,006066523729415496;cenario_1_base;5;cenario_1_base_5_analistas
2026-08-13 09:00:00;Adão;Societário;0,2;0,15705839583008865;0,00934680856273337;2,9148088612982344;0,05388291421624676;0,0029033684444354072;cenario_1_base;5;cenario_1_base_5_analistas
2026-08-13 09:00:00;Adão;Trabalhista;0,0;0,15519807333141483;0,009256481174413592;0,8223318105003712;0,188729259101603;0,03561873324103999;cenario_1_base;5;cenario_1_base_5_analistas
2026-08-13 09:00:00;Adão;Tributário;0,1;0,15612597639059406;0,009301596305599447;0,8408405324229671;0,18567846145653952;0,03447649104886763;cenario_1_base;5;cenario_1_base_5_analistas
2026-08-13 09:00:00;Esaú;Concorrencial;0,0;0,15519807333141483;0,009256481174413592;1,4531765411255582;0,10679918711817776;0,011406066369103548;cenario_1_base;5;cenario_1_base_5_analistas
2026-08-13 09:00:00;Esaú;Contencioso;42,0;0,7808796639618715;0,01208012697471023;1,401671957287531;0,5571058619685907;0,3103669414397664;cenario_1_base;5;cenario_1_base_5_analistas
2026-08-13 09:00:00;Esaú;Contratos;102,40000000000002;0,9960694593223501;0,0002764054618507629;3,625553453474873;0,27473583608805385;0,075479779631002;cenario_1_base;5;cenario_1_base_5_analistas
2026-08-13 09:00:00;Esaú;Direito digital;0,0;0,15519807333141483;0,009256481174413592;1,2485104360090662;0,12430658875989391;0,015452128009121381;cenario_1_base;5;cenario_1_base_5_analistas
2026-08-13 09:00:00;Esaú;Direito financeiro;0,0;0,15519807333141483;0,009256481174413592;1,5923467913198546;0,09746499580206094;0,009499425406695758;cenario_1_base;5;cenario_1_base_5_analistas
2026-08-13 09:00:00;Esaú;Governança;39,2;0,7451898006191736;0,01340566649406649;1,365982093944833;0,5455340914953963;0,29760744498370745;cenario_1_base;5;cenario_1_base_5_analistas
2026-08-13 09:00:00;Esaú;Propriedade intelectual;0,0;0,15519807333141483;0,009256481174413592;0,8123004792637;0,1910599307685898;0,03650389714529832;cenario_1_base;5;cenario_1_base_5_analistas
2026-08-13 09:00:00;Esaú;Regulatório;0,0;0,15519807333141483;0,009256481174413592;1,992582790834589;0,0778878920591352;0,006066523729415496;cenario_1_base;5;cenario_1_base_5_analistas
2026-08-13 09:00:00;Esaú;Societário;0,0;0,15519807333141483;0,009256481174413592;2,9148088612982344;0,053244682830520404;0,0028349962497227145;cenario_1_base;5;cenario_1_base_5_analistas
2026-08-13 09:00:00;Esaú;Trabalhista;0,0;0,15519807333141483;0,009256481174413592;0,8223318105003712;0,188729259101603;0,03561873324103999;cenario_1_base;5;cenario_1_base_5_analistas
2026-08-13 09:00:00;Esaú;Tributário;0,0;0,15519807333141483;0,009256481174413592;0,8408405324229671;0,18457491919923968;0,034067900797405855;cenario_1_base;5;cenario_1_base_5_analistas
2026-09-10 09:00:00;Jacó;Concorrencial;0,0;0,15519807333141483;0,009256481174413592;1,5427833147602876;0,10059615750740017;0,010119586905253664;cenario_1_base;5;cenario_1_base_5_analistas
2026-09-10 09:00:00;Jacó;Contencioso;0,0;0,15519807333141483;0,009256481174413592;1,4580440060574382;0,10644265377906637;0,011330038543530192;cenario_1_base;5;cenario_1_base_5_analistas
2026-09-10 09:00:00;Jacó;Contratos;52,900000000000006;0,8849678843925458;0,00718706079583472;3,9946416801282867;0,221538739956302;0,049079413301426;cenario_1_base;5;cenario_1_base_5_analistas
2026-09-10 09:00:00;Jacó;Direito digital;0,0;0,15519807333141483;0,009256481174413592;1,2949784315264117;0,11984606812986097;0,014363080046187277;cenario_1_base;5;cenario_1_base_5_analistas
2026-09-10 09:00:00;Jacó;Direito financeiro;0,0;0,15519807333141483;0,009256481174413592;1,7299301619184086;0,08971349060664258;0,008048510396828145;cenario_1_base;5;cenario_1_base_5_analistas
2026-09-10 09:00:00;Jacó;Governança;0,0;0,15519807333141483;0,009256481174413592;1,561848208697759;0,09936821802985336;0,009874042754428476;cenario_1_base;5;cenario_1_base_5_analistas
2026-09-10 09:00:00;Jacó;Propriedade intelectual;0,0;0,15519807333141483;0,009256481174413592;0,814496246479556;0,19054486009262456;0,03630734370771787;cenario_1_base;5;cenario_1_base_5_analistas
2026-09-10 09:00:00;Jacó;Regulatório;0,0;0,15519807333141483;0,009256481174413592;2,1173360399573875;0,0732987444612421;0,005372705939594469;cenario_1_base;5;cenario_1_base_5_analistas
2026-09-10 09:00:00;Jacó;Societário;62,9;0,9397063136563183;0,004000080055792463;2,9467348750097364;0,31889747585561573;0,10169560010708302;cenario_1_base;5;cenario_1_base_5_analistas
2026-09-10 09:00:00;Jacó;Trabalhista;0,0;0,15519807333141483;0,009256481174413592;0,8246135979634075;0,18820702655730617;0,03542188484554255;cenario_1_base;5;cenario_1_base_5_analistas
2026-09-10 09:00:00;Jacó;Tributário;6,0;0,21912033603812855;0,012080126974710233;0,8408405324229671;0,26059678094574146;0,06791068223928276;cenario_1_base;5;cenario_1_base_5_analistas
2026-09-10 09:00:00;Eva;Concorrencial;0,1;0,15612597639059406;0,009301596305599447;1,5427833147602876;0,10119760493705648;0,010240955244996559;cenario_1_base;5;cenario_1_base_5_analistas
2026-09-10 09:00:00;Eva;Contencioso;0,0;0,15519807333141483;0,009256481174413592;1,4580440060574382;0,10644265377906637;0,011330038543530192;cenario_1_base;5;cenario_1_base_5_analistas
2026-09-10 09:00:00;Eva;Contratos;70,2;0,9630919782350953;0,0025095348704180054;3,9946416801282867;0,24109596187965623;0,05812726283467665;cenario_1_base;5;cenario_1_base_5_analistas
2026-09-10 09:00:00;Eva;Direito digital;0,0;0,15519807333141483;0,009256481174413592;1,2949784315264117;0,11984606812986097;0,014363080046187277;cenario_1_base;5;cenario_1_base_5_analistas
2026-09-10 09:00:00;Eva;Direito financeiro;0,30000000000000004;0,1579953412967617;0,009392116627824873;1,7299301619184086;0,09133047378141124;0,008341255441137046;cenario_1_base;5;cenario_1_base_5_analistas
2026-09-10 09:00:00;Eva;Governança;0,0;0,15519807333141483;0,009256481174413592;1,561848208697759;0,09936821802985336;0,009874042754428476;cenario_1_base;5;cenario_1_base_5_analistas
2026-09-10 09:00:00;Eva;Propriedade intelectual;0,0;0,15519807333141483;0,009256481174413592;0,814496246479556;0,19054486009262456;0,03630734370771787;cenario_1_base;5;cenario_1_base_5_analistas
2026-09-10 09:00:00;Eva;Regulatório;54,5;0,8959767470054846;0,006580090557665384;2,1173360399573875;0,4231622803830027;0,17906631553894298;cenario_1_base;5;cenario_1_base_5_analistas
2026-09-10 09:00:00;Eva;Societário;57,9;0,9163180333252161;0,005413558236052631;2,9467348750097364;0,3109604603713079;0,09669640791433577;cenario_1_base;5;cenario_1_base_5_analistas
2026-09-10 09:00:00;Eva;Trabalhista;0,0;0,15519807333141483;0,009256481174413592;0,8246135979634075;0,18820702655730617;0,03542188484554255;cenario_1_base;5;cenario_1_base_5_analistas
2026-09-10 09:00:00;Eva;Tributário;0,0;0,15519807333141483;0,009256481174413592;0,8408405324229671;0,18457491919923968;0,034067900797405855;cenario_1_base;5;cenario_1_base_5_analistas
2026-09-10 09:00:00;Abraão;Concorrencial;58,800000000000004;0,921063118375449;0,005133033034282351;1,5427833147602876;0,5970139225407429;0,3564256237074842;cenario_1_base;5;cenario_1_base_5_analistas
2026-09-10 09:00:00;Abraão;Contencioso;0,0;0,15519807333141483;0,009256481174413592;1,4580440060574382;0,10644265377906637;0,011330038543530192;cenario_1_base;5;cenario_1_base_5_analistas
2026-09-10 09:00:00;Abraão;Contratos;0,0;0,15519807333141483;0,009256481174413592;3,9946416801282867;0,03885156310851658;0,0015094439559750468;cenario_1_base;5;cenario_1_base_5_analistas
2026-09-10 09:00:00;Abraão;Direito digital;34,300000000000004;0,6741861382007523;0,015507938761664812;1,2949784315264117;0,5206157274805561;0,2710407357001086;cenario_1_base;5;cenario_1_base_5_analistas
2026-09-10 09:00:00;Abraão;Direito financeiro;58,60000000000001;0,9200303889255831;0,0051943577499590525;1,7299301619184086;0,5318309427620558;0,28284415167917704;cenario_1_base;5;cenario_1_base_5_analistas
2026-09-10 09:00:00;Abraão;Governança;0,0;0,15519807333141483;0,009256481174413592;1,561848208697759;0,09936821802985336;0,009874042754428476;cenario_1_base;5;cenario_1_base_5_analistas
2026-09-10 09:00:00;Abraão;Propriedade intelectual;3,8000000000000003;0,19370395315389663;0,011026500857063345;0,814496246479556;0,2378205596295018;0,05655861858248942;cenario_1_base;5;cenario_1_base_5_analistas
2026-09-10 09:00:00;Abraão;Regulatório;40,0;0,7557650729576583;0,01303164645832044;2,1173360399573875;0,35694148623327093;0,12740722459441634;cenario_1_base;5;cenario_1_base_5_analistas
2026-09-10 09:00:00;Abraão;Societário;41,800000000000004;0,7784540588666985;0,01217591159930668;2,9467348750097364;0,26417512666935344;0,06978849755076894;cenario_1_base;5;cenario_1_base_5_analistas
2026-09-10 09:00:00;Abraão;Trabalhista;4,7;0,20382130463774817;0,011456839537194117;0,8246135979634075;0,2471718937707753;0,061093945070231435;cenario_1_base;5;cenario_1_base_5_analistas
2026-09-10 09:00:00;Abraão;Tributário;0,0;0,15519807333141483;0,009256481174413592;0,8408405324229671;0,18457491919923968;0,034067900797405855;cenario_1_base;5;cenario_1_base_5_analistas
2026-09-10 09:00:00;Adão;Concorrencial;0,0;0,15519807333141483;0,009256481174413592;1,5427833147602876;0,10059615750740017;0,010119586905253664;cenario_1_base;5;cenario_1_base_5_analistas
2026-09-10 09:00:00;Adão;Contencioso;0,0;0,15519807333141483;0,009256481174413592;1,4580440060574382;0,10644265377906637;0,011330038543530192;cenario_1_base;5;cenario_1_base_5_analistas
2026-09-10 09:00:00;Adão;Contratos;99,9;0,9953142848468807;0,00032926140139959495;3,9946416801282867;0,2491623440966341;0,06208187371572949;cenario_1_base;5;cenario_1_base_5_analistas
2026-09-10 09:00:00;Adão;Direito digital;0,0;0,15519807333141483;0,009256481174413592;1,2949784315264117;0,11984606812986097;0,014363080046187277;cenario_1_base;5;cenario_1_base_5_analistas
2026-09-10 09:00:00;Adão;Direito financeiro;14,7;0,34150828503323427;0,01587655456585468;1,7299301619184086;0,19741160224324786;0,038971340700246306;cenario_1_base;5;cenario_1_base_5_analistas
2026-09-10 09:00:00;Adão;Governança;5,1000000000000005;0,20844238445905694;0,01164858747149762;1,561848208697759;0,13345879791535725;0,017811250741012166;cenario_1_base;5;cenario_1_base_5_analistas
2026-09-10 09:00:00;Adão;Propriedade intelectual;0,0;0,15519807333141483;0,009256481174413592;0,814496246479556;0,19054486009262456;0,03630734370771787;cenario_1_base;5;cenario_1_base_5_analistas
2026-09-10 09:00:00;Adão;Regulatório;0,0;0,15519807333141483;0,009256481174413592;2,1173360399573875;0,0732987444612421;0,005372705939594469;cenario_1_base;5;cenario_1_base_5_analistas
2026-09-10 09:00:00;Adão;Societário;0,2;0,15705839583008865;0,00934680856273337;2,9467348750097364;0,05329912682747535;0,0028407969205713024;cenario_1_base;5;cenario_1_base_5_analistas
2026-09-10 09:00:00;Adão;Trabalhista;0,0;0,15519807333141483;0,009256481174413592;0,8246135979634075;0,18820702655730617;0,03542188484554255;cenario_1_base;5;cenario_1_base_5_analistas
2026-09-10 09:00:00;Adão;Tributário;0,1;0,15612597639059406;0,009301596305599447;0,8408405324229671;0,18567846145653952;0,03447649104886763;cenario_1_base;5;cenario_1_base_5_analistas
2026-09-10 09:00:00;Esaú;Concorrencial;0,0;0,15519807333141483;0,009256481174413592;1,5427833147602876;0,10059615750740017;0,010119586905253664;cenario_1_base;5;cenario_1_base_5_analistas
2026-09-10 09:00:00;Esaú;Contencioso;47,2;0,8372517127317789;0,009620046527519407;1,4580440060574382;0,5742293848837345;0,3297393864639521;cenario_1_base;5;cenario_1_base_5_analistas
2026-09-10 09:00:00;Esaú;Contratos;102,40000000000002;0,9960694593223501;0,0002764054618507629;3,9946416801282867;0,24935139095889114;0,062176116173133775;cenario_1_base;5;cenario_1_base_5_analistas
2026-09-10 09:00:00;Esaú;Direito digital;0,0;0,15519807333141483;0,009256481174413592;1,2949784315264117;0,11984606812986097;0,014363080046187277;cenario_1_base;5;cenario_1_base_5_analistas
2026-09-10 09:00:00;Esaú;Direito financeiro;0,0;0,15519807333141483;0,009256481174413592;1,7299301619184086;0,08971349060664258;0,008048510396828145;cenario_1_base;5;cenario_1_base_5_analistas
2026-09-10 09:00:00;Esaú;Governança;53,300000000000004;0,8878116042444575;0,007031912468701824;1,561848208697759;0,5684365479950826;0,32312010909656586;cenario_1_base;5;cenario_1_base_5_analistas
2026-09-10 09:00:00;Esaú;Propriedade intelectual;0,0;0,15519807333141483;0,009256481174413592;0,814496246479556;0,19054486009262456;0,03630734370771787;cenario_1_base;5;cenario_1_base_5_analistas
2026-09-10 09:00:00;Esaú;Regulatório;0,0;0,15519807333141483;0,009256481174413592;2,1173360399573875;0,0732987444612421;0,005372705939594469;cenario_1_base;5;cenario_1_base_5_analistas
2026-09-10 09:00:00;Esaú;Societário;0,0;0,15519807333141483;0,009256481174413592;2,9467348750097364;0,05266781027624755;0,002773898239294807;cenario_1_base;5;cenario_1_base_5_analistas
2026-09-10 09:00:00;Esaú;Trabalhista;0,0;0,15519807333141483;0,009256481174413592;0,8246135979634075;0,18820702655730617;0,03542188484554255;cenario_1_base;5;cenario_1_base_5_analistas
2026-09-10 09:00:00;Esaú;Tributário;0,0;0,15519807333141483;0,009256481174413592;0,8408405324229671;0,18457491919923968;0,034067900797405855;cenario_1_base;5;cenario_1_base_5_analistas
2026-10-08 09:00:00;Jacó;Concorrencial;0,0;0,15519807333141483;0,009256481174413592;1,8948245624508036;0,08190630225453621;0,006708642349011444;cenario_1_base;5;cenario_1_base_5_analistas
2026-10-08 09:00:00;Jacó;Contencioso;0,0;0,15519807333141483;0,009256481174413592;1,5684900863494655;0,09894743657106936;0,009790595203985794;cenario_1_base;5;cenario_1_base_5_analistas
2026-10-08 09:00:00;Jacó;Contratos;80,30000000000001;0,9815628790380873;0,001277661863397927;4,091236674773828;0,23991838093608947;0,05756082951099454;cenario_1_base;5;cenario_1_base_5_analistas
2026-10-08 09:00:00;Jacó;Direito digital;0,0;0,15519807333141483;0,009256481174413592;1,302684219624492;0,11913714083076232;0,014193658325328895;cenario_1_base;5;cenario_1_base_5_analistas
2026-10-08 09:00:00;Jacó;Direito financeiro;0,0;0,15519807333141483;0,009256481174413592;1,8033555468981977;0,08606071808654603;0,007406447197571951;cenario_1_base;5;cenario_1_base_5_analistas
2026-10-08 09:00:00;Jacó;Governança;0,0;0,15519807333141483;0,009256481174413592;1,7317783514977725;0,08961774651888207;0,0080313404911226;cenario_1_base;5;cenario_1_base_5_analistas
2026-10-08 09:00:00;Jacó;Propriedade intelectual;0,0;0,15519807333141483;0,009256481174413592;0,8167110888245788;0,19002812065987487;0,03611068664152396;cenario_1_base;5;cenario_1_base_5_analistas
2026-10-08 09:00:00;Jacó;Regulatório;0,0;0,15519807333141483;0,009256481174413592;2,132633397573689;0,07277297331458127;0,005295905645044757;cenario_1_base;5;cenario_1_base_5_analistas
2026-10-08 09:00:00;Jacó;Societário;62,9;0,9397063136563183;0,004000080055792463;3,3641588458200755;0,27932875845737526;0,07802455530133869;cenario_1_base;5;cenario_1_base_5_analistas
2026-10-08 09:00:00;Jacó;Trabalhista;0,0;0,15519807333141483;0,009256481174413592;0,8637264100003753;0,17968429763696514;0,032286446817289476;cenario_1_base;5;cenario_1_base_5_analistas
2026-10-08 09:00:00;Jacó;Tributário;6,0;0,21912033603812855;0,012080126974710233;0,8408405324229671;0,26059678094574146;0,06791068223928276;cenario_1_base;5;cenario_1_base_5_analistas
2026-10-08 09:00:00;Eva;Concorrencial;23,0;0,48235732751056;0,017628024769184583;1,8948245624508036;0,2545656928189011;0,06480369196036713;cenario_1_base;5;cenario_1_base_5_analistas
2026-10-08 09:00:00;Eva;Contencioso;0,4;0,15893682230466946;0,009437519162717655;1,5684900863494655;0,10133109777861722;0,010267991377019683;cenario_1_base;5;cenario_1_base_5_analistas
2026-10-08 09:00:00;Eva;Contratos;70,2;0,9630919782350953;0,0025095348704180054;4,091236674773828;0,23540363337409145;0,055414870605723664;cenario_1_base;5;cenario_1_base_5_analistas
2026-10-08 09:00:00;Eva;Direito digital;0,0;0,15519807333141483;0,009256481174413592;1,302684219624492;0,11913714083076232;0,014193658325328895;cenario_1_base;5;cenario_1_base_5_analistas
2026-10-08 09:00:00;Eva;Direito financeiro;0,30000000000000004;0,1579953412967617;0,009392116627824873;1,8033555468981977;0,08761186420975964;0,0076758387503093614;cenario_1_base;5;cenario_1_base_5_analistas
2026-10-08 09:00:00;Eva;Governança;0,0;0,15519807333141483;0,009256481174413592;1,7317783514977725;0,08961774651888207;0,0080313404911226;cenario_1_base;5;cenario_1_base_5_analistas
2026-10-08 09:00:00;Eva;Propriedade intelectual;0,0;0,15519807333141483;0,009256481174413592;0,8167110888245788;0,19002812065987487;0,03611068664152396;cenario_1_base;5;cenario_1_base_5_analistas
2026-10-08 09:00:00;Eva;Regulatório;54,5;0,8959767470054846;0,006580090557665384;2,132633397573689;0,42012694166041065;0,1765066471089301;cenario_1_base;5;cenario_1_base_5_analistas
2026-10-08 09:00:00;Eva;Societário;57,9;0,9163180333252161;0,005413558236052631;3,3641588458200755;0,27237656582825437;0,07418899361239338;cenario_1_base;5;cenario_1_base_5_analistas
2026-10-08 09:00:00;Eva;Trabalhista;0,0;0,15519807333141483;0,009256481174413592;0,8637264100003753;0,17968429763696514;0,032286446817289476;cenario_1_base;5;cenario_1_base_5_analistas
2026-10-08 09:00:00;Eva;Tributário;0,0;0,15519807333141483;0,009256481174413592;0,8408405324229671;0,18457491919923968;0,034067900797405855;cenario_1_base;5;cenario_1_base_5_analistas
2026-10-08 09:00:00;Abraão;Concorrencial;64,8;0,9468730149459991;0,003551498301022946;1,8948245624508036;0,49971540041749024;0,2497154814144126;cenario_1_base;5;cenario_1_base_5_analistas
2026-10-08 09:00:00;Abraão;Contencioso;0,0;0,15519807333141483;0,009256481174413592;1,5684900863494655;0,09894743657106936;0,009790595203985794;cenario_1_base;5;cenario_1_base_5_analistas
2026-10-08 09:00:00;Abraão;Contratos;0,0;0,15519807333141483;0,009256481174413592;4,091236674773828;0,037934269187688704;0,0014390087788040287;cenario_1_base;5;cenario_1_base_5_analistas
2026-10-08 09:00:00;Abraão;Direito digital;34,800000000000004;0,6818919262988327;0,01531422209659938;1,302684219624492;0,5234514366769506;0,2740014065591636;cenario_1_base;5;cenario_1_base_5_analistas
2026-10-08 09:00:00;Abraão;Direito financeiro;61,2;0,9325364004754896;0,004441605715817707;1,8033555468981977;0,5171117820218359;0,2674045951057988;cenario_1_base;5;cenario_1_base_5_analistas
2026-10-08 09:00:00;Abraão;Governança;0,0;0,15519807333141483;0,009256481174413592;1,7317783514977725;0,08961774651888207;0,0080313404911226;cenario_1_base;5;cenario_1_base_5_analistas
2026-10-08 09:00:00;Abraão;Propriedade intelectual;4,0;0,1959187954989195;0,011121944247483547;0,8167110888245788;0,23988751736050062;0,057546020985384486;cenario_1_base;5;cenario_1_base_5_analistas
2026-10-08 09:00:00;Abraão;Regulatório;41,2;0,77106243057396;0,012462676206432401;2,132633397573689;0,3615541383958456;0,13072139499116228;cenario_1_base;5;cenario_1_base_5_analistas
2026-10-08 09:00:00;Abraão;Societário;59,900000000000006;0,9265280078098057;0,0048060144138981605;3,3641588458200755;0,275411492225168;0,07585149004969376;cenario_1_base;5;cenario_1_base_5_analistas
2026-10-08 09:00:00;Abraão;Trabalhista;7,9;0,242934116674716;0,012984549493091519;0,8637264100003753;0,28126280945213944;0,0791087679809105;cenario_1_base;5;cenario_1_base_5_analistas
2026-10-08 09:00:00;Abraão;Tributário;0,0;0,15519807333141483;0,009256481174413592;0,8408405324229671;0,18457491919923968;0,034067900797405855;cenario_1_base;5;cenario_1_base_5_analistas
2026-10-08 09:00:00;Adão;Concorrencial;0,0;0,15519807333141483;0,009256481174413592;1,8948245624508036;0,08190630225453621;0,006708642349011444;cenario_1_base;5;cenario_1_base_5_analistas
2026-10-08 09:00:00;Adão;Contencioso;0,0;0,15519807333141483;0,009256481174413592;1,5684900863494655;0,09894743657106936;0,009790595203985794;cenario_1_base;5;cenario_1_base_5_analistas
2026-10-08 09:00:00;Adão;Contratos;99,9;0,9953142848468807;0,00032926140139959495;4,091236674773828;0,2432795665388641;0,059184947495337606;cenario_1_base;5;cenario_1_base_5_analistas
2026-10-08 09:00:00;Adão;Direito digital;0,0;0,15519807333141483;0,009256481174413592;1,302684219624492;0,11913714083076232;0,014193658325328895;cenario_1_base;5;cenario_1_base_5_analistas
2026-10-08 09:00:00;Adão;Direito financeiro;18,400000000000002;0,40242765846311673;0,01697786245459089;1,8033555468981977;0,22315491759531234;0,04979811724697064;cenario_1_base;5;cenario_1_base_5_analistas
2026-10-08 09:00:00;Adão;Governança;13,9;0,32892304495581604;0,015583726886968404;1,7317783514977725;0,1899336856078254;0,036074804928572256;cenario_1_base;5;cenario_1_base_5_analistas
2026-10-08 09:00:00;Adão;Propriedade intelectual;0,0;0,15519807333141483;0,009256481174413592;0,8167110888245788;0,19002812065987487;0,03611068664152396;cenario_1_base;5;cenario_1_base_5_analistas
2026-10-08 09:00:00;Adão;Regulatório;0,0;0,15519807333141483;0,009256481174413592;2,132633397573689;0,07277297331458127;0,005295905645044757;cenario_1_base;5;cenario_1_base_5_analistas
2026-10-08 09:00:00;Adão;Societário;19,8;0,4264084176973205;0,017267650098401668;3,3641588458200755;0,1267503816673602;0,01606565925282148;cenario_1_base;5;cenario_1_base_5_analistas
2026-10-08 09:00:00;Adão;Trabalhista;0,0;0,15519807333141483;0,009256481174413592;0,8637264100003753;0,17968429763696514;0,032286446817289476;cenario_1_base;5;cenario_1_base_5_analistas
2026-10-08 09:00:00;Adão;Tributário;0,1;0,15612597639059406;0,009301596305599447;0,8408405324229671;0,18567846145653952;0,03447649104886763;cenario_1_base;5;cenario_1_base_5_analistas
2026-10-08 09:00:00;Esaú;Concorrencial;0,0;0,15519807333141483;0,009256481174413592;1,8948245624508036;0,08190630225453621;0,006708642349011444;cenario_1_base;5;cenario_1_base_5_analistas
2026-10-08 09:00:00;Esaú;Contencioso;64,0;0,9439590440505515;0,003734765924723863;1,5684900863494655;0,6018265925081747;0,3621952474500006;cenario_1_base;5;cenario_1_base_5_analistas
2026-10-08 09:00:00;Esaú;Contratos;102,40000000000002;0,9960694593223501;0,0002764054618507629;4,091236674773828;0,24346414996326626;0,0592747923173358;cenario_1_base;5;cenario_1_base_5_analistas
2026-10-08 09:00:00;Esaú;Direito digital;0,0;0,15519807333141483;0,009256481174413592;1,302684219624492;0,11913714083076232;0,014193658325328895;cenario_1_base;5;cenario_1_base_5_analistas
2026-10-08 09:00:00;Esaú;Direito financeiro;0,0;0,15519807333141483;0,009256481174413592;1,8033555468981977;0,08606071808654603;0,007406447197571951;cenario_1_base;5;cenario_1_base_5_analistas
2026-10-08 09:00:00;Esaú;Governança;62,300000000000004;0,9372610865477119;0,004151473598692677;1,7317783514977725;0,5412130748355284;0,29291159237292724;cenario_1_base;5;cenario_1_base_5_analistas
2026-10-08 09:00:00;Esaú;Propriedade intelectual;0,0;0,15519807333141483;0,009256481174413592;0,8167110888245788;0,19002812065987487;0,03611068664152396;cenario_1_base;5;cenario_1_base_5_analistas
2026-10-08 09:00:00;Esaú;Regulatório;0,0;0,15519807333141483;0,009256481174413592;2,132633397573689;0,07277297331458127;0,005295905645044757;cenario_1_base;5;cenario_1_base_5_analistas
2026-10-08 09:00:00;Esaú;Societário;0,0;0,15519807333141483;0,009256481174413592;3,3641588458200755;0,04613280182184217;0,002128235403933364;cenario_1_base;5;cenario_1_base_5_analistas
2026-10-08 09:00:00;Esaú;Trabalhista;0,0;0,15519807333141483;0,009256481174413592;0,8637264100003753;0,17968429763696514;0,032286446817289476;cenario_1_base;5;cenario_1_base_5_analistas
2026-10-08 09:00:00;Esaú;Tributário;0,0;0,15519807333141483;0,009256481174413592;0,8408405324229671;0,18457491919923968;0,034067900797405855;cenario_1_base;5;cenario_1_base_5_analistas
2026-11-05 09:00:00;Jacó;Concorrencial;0,0;0,15519807333141483;0,009256481174413592;1,8951785938683565;0,0818910016362264;0,006706136148984434;cenario_1_base;5;cenario_1_base_5_analistas
2026-11-05 09:00:00;Jacó;Contencioso;0,0;0,15519807333141483;0,009256481174413592;1,6121853241892088;0,09626565321171508;0,00926707598827819;cenario_1_base;5;cenario_1_base_5_analistas
2026-11-05 09:00:00;Jacó;Contratos;94,60000000000001;0,9932023671790007;0,00047665060563753173;4,102876162914741;0,24207466366067837;0,058600142786430554;cenario_1_base;5;cenario_1_base_5_analistas
2026-11-05 09:00:00;Jacó;Direito digital;0,0;0,15519807333141483;0,009256481174413592;1,302684219624492;0,11913714083076232;0,014193658325328895;cenario_1_base;5;cenario_1_base_5_analistas
2026-11-05 09:00:00;Jacó;Direito financeiro;0,0;0,15519807333141483;0,009256481174413592;1,9669355342486678;0,07890348749568835;0,006225760338982247;cenario_1_base;5;cenario_1_base_5_analistas
2026-11-05 09:00:00;Jacó;Governança;0,0;0,15519807333141483;0,009256481174413592;1,791778685271544;0,08661676500962202;0,007502463980732082;cenario_1_base;5;cenario_1_base_5_analistas
2026-11-05 09:00:00;Jacó;Propriedade intelectual;0,0;0,15519807333141483;0,009256481174413592;0,8167110888245788;0,19002812065987487;0,03611068664152396;cenario_1_base;5;cenario_1_base_5_analistas
2026-11-05 09:00:00;Jacó;Regulatório;0,0;0,15519807333141483;0,009256481174413592;2,1949379208929;0,0707072723351922;0,0049995183610830355;cenario_1_base;5;cenario_1_base_5_analistas
2026-11-05 09:00:00;Jacó;Societário;62,9;0,9397063136563183;0,004000080055792463;3,6386411923894313;0,25825748238705276;0,06669692720889887;cenario_1_base;5;cenario_1_base_5_analistas
2026-11-05 09:00:00;Jacó;Trabalhista;0,0;0,15519807333141483;0,009256481174413592;0,9119929296586269;0,1701746453116779;0,028959409906955374;cenario_1_base;5;cenario_1_base_5_analistas
2026-11-05 09:00:00;Jacó;Tributário;6,0;0,21912033603812855;0,012080126974710233;0,8408405324229671;0,26059678094574146;0,06791068223928276;cenario_1_base;5;cenario_1_base_5_analistas
2026-11-05 09:00:00;Eva;Concorrencial;23,0;0,48235732751056;0,017628024769184583;1,8951785938683565;0,2545181383280576;0,06477948273798026;cenario_1_base;5;cenario_1_base_5_analistas
2026-11-05 09:00:00;Eva;Contencioso;3,6;0,19150818593804064;0,010931195726367362;1,6121853241892088;0,11878794767862862;0,01411057651370061;cenario_1_base;5;cenario_1_base_5_analistas
2026-11-05 09:00:00;Eva;Contratos;70,2;0,9630919782350953;0,0025095348704180054;4,102876162914741;0,2347358145830317;0,055100902647959436;cenario_1_base;5;cenario_1_base_5_analistas
2026-11-05 09:00:00;Eva;Direito digital;0,0;0,15519807333141483;0,009256481174413592;1,302684219624492;0,11913714083076232;0,014193658325328895;cenario_1_base;5;cenario_1_base_5_analistas
2026-11-05 09:00:00;Eva;Direito financeiro;0,30000000000000004;0,1579953412967617;0,009392116627824873;1,9669355342486678;0,08032563271429886;0,00645220727095244;cenario_1_base;5;cenario_1_base_5_analistas
2026-11-05 09:00:00;Eva;Governança;0,0;0,15519807333141483;0,009256481174413592;1,791778685271544;0,08661676500962202;0,007502463980732082;cenario_1_base;5;cenario_1_base_5_analistas
2026-11-05 09:00:00;Eva;Propriedade intelectual;0,0;0,15519807333141483;0,009256481174413592;0,8167110888245788;0,19002812065987487;0,03611068664152396;cenario_1_base;5;cenario_1_base_5_analistas
2026-11-05 09:00:00;Eva;Regulatório;54,5;0,8959767470054846;0,006580090557665384;2,1949379208929;0,4082014067354586;0,16662838846080733;cenario_1_base;5;cenario_1_base_5_analistas
2026-11-05 09:00:00;Eva;Societário;57,9;0,9163180333252161;0,005413558236052631;3,6386411923894313;0,251829731175963;0,0634182135041578;cenario_1_base;5;cenario_1_base_5_analistas
2026-11-05 09:00:00;Eva;Trabalhista;0,0;0,15519807333141483;0,009256481174413592;0,9119929296586269;0,1701746453116779;0,028959409906955374;cenario_1_base;5;cenario_1_base_5_analistas
2026-11-05 09:00:00;Eva;Tributário;0,0;0,15519807333141483;0,009256481174413592;0,8408405324229671;0,18457491919923968;0,034067900797405855;cenario_1_base;5;cenario_1_base_5_analistas
2026-11-05 09:00:00;Abraão;Concorrencial;64,9;0,947227046363552;0,0035291506114658888;1,8951785938683565;0,49980885676326325;0,24980889329900022;cenario_1_base;5;cenario_1_base_5_analistas
2026-11-05 09:00:00;Abraão;Contencioso;0,0;0,15519807333141483;0,009256481174413592;1,6121853241892088;0,09626565321171508;0,00926707598827819;cenario_1_base;5;cenario_1_base_5_analistas
2026-11-05 09:00:00;Abraão;Contratos;0,0;0,15519807333141483;0,009256481174413592;4,102876162914741;0,03782665310111625;0,0014308556848321875;cenario_1_base;5;cenario_1_base_5_analistas
2026-11-05 09:00:00;Abraão;Direito digital;34,800000000000004;0,6818919262988327;0,01531422209659938;1,302684219624492;0,5234514366769506;0,2740014065591636;cenario_1_base;5;cenario_1_base_5_analistas
2026-11-05 09:00:00;Abraão;Direito financeiro;73,4;0,9703340364652734;0,0020322841264451717;1,9669355342486678;0,493322744731399;0,24336733046932105;cenario_1_base;5;cenario_1_base_5_analistas
2026-11-05 09:00:00;Abraão;Governança;0,0;0,15519807333141483;0,009256481174413592;1,791778685271544;0,08661676500962202;0,007502463980732082;cenario_1_base;5;cenario_1_base_5_analistas
2026-11-05 09:00:00;Abraão;Propriedade intelectual;4,0;0,1959187954989195;0,011121944247483547;0,8167110888245788;0,23988751736050062;0,057546020985384486;cenario_1_base;5;cenario_1_base_5_analistas
2026-11-05 09:00:00;Abraão;Regulatório;46,800000000000004;0,833366953893171;0,009803973068070383;2,1949379208929;0,3796767762589648;0,1441544544304;cenario_1_base;5;cenario_1_base_5_analistas
2026-11-05 09:00:00;Abraão;Societário;74,3;0,9721094370068737;0,0019141551719271252;3,6386411923894313;0,26716276368225983;0,07137594229834301;cenario_1_base;5;cenario_1_base_5_analistas
2026-11-05 09:00:00;Abraão;Trabalhista;11,4;0,2912006363329675;0,014572039496696306;0,9119929296586269;0,3193014187532884;0,10195339601786282;cenario_1_base;5;cenario_1_base_5_analistas
2026-11-05 09:00:00;Abraão;Tributário;0,0;0,15519807333141483;0,009256481174413592;0,8408405324229671;0,18457491919923968;0,034067900797405855;cenario_1_base;5;cenario_1_base_5_analistas
2026-11-05 09:00:00;Adão;Concorrencial;0,0;0,15519807333141483;0,009256481174413592;1,8951785938683565;0,0818910016362264;0,006706136148984434;cenario_1_base;5;cenario_1_base_5_analistas
2026-11-05 09:00:00;Adão;Contencioso;0,0;0,15519807333141483;0,009256481174413592;1,6121853241892088;0,09626565321171508;0,00926707598827819;cenario_1_base;5;cenario_1_base_5_analistas
2026-11-05 09:00:00;Adão;Contratos;99,9;0,9953142848468807;0,00032926140139959495;4,102876162914741;0,24258940443861587;0,05884961914588235;cenario_1_base;5;cenario_1_base_5_analistas
2026-11-05 09:00:00;Adão;Direito digital;0,0;0,15519807333141483;0,009256481174413592;1,302684219624492;0,11913714083076232;0,014193658325328895;cenario_1_base;5;cenario_1_base_5_analistas
2026-11-05 09:00:00;Adão;Direito financeiro;25,6;0,5282100098238032;0,01759381619140931;1,9669355342486678;0,26854464756292556;0,0721162277346959;cenario_1_base;5;cenario_1_base_5_analistas
2026-11-05 09:00:00;Adão;Governança;17,6;0,3889233787295877;0,016778936085024745;1,791778685271544;0,21705994268519072;0,047115018718498276;cenario_1_base;5;cenario_1_base_5_analistas
2026-11-05 09:00:00;Adão;Propriedade intelectual;0,0;0,15519807333141483;0,009256481174413592;0,8167110888245788;0,19002812065987487;0,03611068664152396;cenario_1_base;5;cenario_1_base_5_analistas
2026-11-05 09:00:00;Adão;Regulatório;0,0;0,15519807333141483;0,009256481174413592;2,1949379208929;0,0707072723351922;0,0049995183610830355;cenario_1_base;5;cenario_1_base_5_analistas
2026-11-05 09:00:00;Adão;Societário;33,1;0,6553093350696082;0,015947058137080673;3,6386411923894313;0,1800972671997038;0,0324350256528015;cenario_1_base;5;cenario_1_base_5_analistas
2026-11-05 09:00:00;Adão;Trabalhista;0,0;0,15519807333141483;0,009256481174413592;0,9119929296586269;0,1701746453116779;0,028959409906955374;cenario_1_base;5;cenario_1_base_5_analistas
2026-11-05 09:00:00;Adão;Tributário;0,1;0,15612597639059406;0,009301596305599447;0,8408405324229671;0,18567846145653952;0,03447649104886763;cenario_1_base;5;cenario_1_base_5_analistas
2026-11-05 09:00:00;Esaú;Concorrencial;0,0;0,15519807333141483;0,009256481174413592;1,8951785938683565;0,0818910016362264;0,006706136148984434;cenario_1_base;5;cenario_1_base_5_analistas
2026-11-05 09:00:00;Esaú;Contencioso;67,30000000000001;0,9550829182569236;0,003028707348259811;1,6121853241892088;0,592415092686226;0,3509556420424298;cenario_1_base;5;cenario_1_base_5_analistas
2026-11-05 09:00:00;Esaú;Contratos;102,40000000000002;0,9960694593223501;0,0002764054618507629;4,102876162914741;0,24277346421655785;0,058938954927708294;cenario_1_base;5;cenario_1_base_5_analistas
2026-11-05 09:00:00;Esaú;Direito digital;0,0;0,15519807333141483;0,009256481174413592;1,302684219624492;0,11913714083076232;0,014193658325328895;cenario_1_base;5;cenario_1_base_5_analistas
2026-11-05 09:00:00;Esaú;Direito financeiro;0,0;0,15519807333141483;0,009256481174413592;1,9669355342486678;0,07890348749568835;0,006225760338982247;cenario_1_base;5;cenario_1_base_5_analistas
2026-11-05 09:00:00;Esaú;Governança;62,300000000000004;0,9372610865477119;0,004151473598692677;1,791778685271544;0,5230897622859433;0,27362289940836465;cenario_1_base;5;cenario_1_base_5_analistas
2026-11-05 09:00:00;Esaú;Propriedade intelectual;0,0;0,15519807333141483;0,009256481174413592;0,8167110888245788;0,19002812065987487;0,03611068664152396;cenario_1_base;5;cenario_1_base_5_analistas
2026-11-05 09:00:00;Esaú;Regulatório;0,0;0,15519807333141483;0,009256481174413592;2,1949379208929;0,0707072723351922;0,0049995183610830355;cenario_1_base;5;cenario_1_base_5_analistas
2026-11-05 09:00:00;Esaú;Societário;0,0;0,15519807333141483;0,009256481174413592;3,6386411923894313;0,04265275555502053;0,0018192575564363346;cenario_1_base;5;cenario_1_base_5_analistas
2026-11-05 09:00:00;Esaú;Trabalhista;0,0;0,15519807333141483;0,009256481174413592;0,9119929296586269;0,1701746453116779;0,028959409906955374;cenario_1_base;5;cenario_1_base_5_analistas
2026-11-05 09:00:00;Esaú;Tributário;0,0;0,15519807333141483;0,009256481174413592;0,8408405324229671;0,18457491919923968;0,034067900797405855;cenario_1_base;5;cenario_1_base_5_analistas
2026-12-03 09:00:00;Jacó;Concorrencial;0,0;0,15519807333141483;0,009256481174413592;1,9247893705767156;0,08063119825153313;0,0065013901314780395;cenario_1_base;5;cenario_1_base_5_analistas
2026-12-03 09:00:00;Jacó;Contencioso;0,0;0,15519807333141483;0,009256481174413592;1,6121853241892088;0,09626565321171508;0,00926707598827819;cenario_1_base;5;cenario_1_base_5_analistas
2026-12-03 09:00:00;Jacó;Contratos;94,60000000000001;0,9932023671790007;0,00047665060563753173;4,102876162914741;0,24207466366067837;0,058600142786430554;cenario_1_base;5;cenario_1_base_5_analistas
2026-12-03 09:00:00;Jacó;Direito digital;0,0;0,15519807333141483;0,009256481174413592;1,302684219624492;0,11913714083076232;0,014193658325328895;cenario_1_base;5;cenario_1_base_5_analistas
2026-12-03 09:00:00;Jacó;Direito financeiro;0,0;0,15519807333141483;0,009256481174413592;1,9669355342486678;0,07890348749568835;0,006225760338982247;cenario_1_base;5;cenario_1_base_5_analistas
2026-12-03 09:00:00;Jacó;Governança;0,0;0,15519807333141483;0,009256481174413592;1,791778685271544;0,08661676500962202;0,007502463980732082;cenario_1_base;5;cenario_1_base_5_analistas
2026-12-03 09:00:00;Jacó;Propriedade intelectual;0,0;0,15519807333141483;0,009256481174413592;0,8178256714205088;0,18976913877238177;0,03601232603041149;cenario_1_base;5;cenario_1_base_5_analistas
2026-12-03 09:00:00;Jacó;Regulatório;0,0;0,15519807333141483;0,009256481174413592;2,210039539574855;0,07022411615371835;0,004931426489570926;cenario_1_base;5;cenario_1_base_5_analistas
2026-12-03 09:00:00;Jacó;Societário;62,9;0,9397063136563183;0,004000080055792463;3,6599683457077767;0,2567525795020489;0,06592188708095593;cenario_1_base;5;cenario_1_base_5_analistas
2026-12-03 09:00:00;Jacó;Trabalhista;0,0;0,15519807333141483;0,009256481174413592;0,9134522788075863;0,16990277098439036;0,0288669515881742;cenario_1_base;5;cenario_1_base_5_analistas
2026-12-03 09:00:00;Jacó;Tributário;6,0;0,21912033603812855;0,012080126974710233;0,8408405324229671;0,26059678094574146;0,06791068223928276;cenario_1_base;5;cenario_1_base_5_analistas
2026-12-03 09:00:00;Eva;Concorrencial;23,0;0,48235732751056;0,017628024769184583;1,9247893705767156;0,2506026554822638;0,0628016909347622;cenario_1_base;5;cenario_1_base_5_analistas
2026-12-03 09:00:00;Eva;Contencioso;3,6;0,19150818593804064;0,010931195726367362;1,6121853241892088;0,11878794767862862;0,01411057651370061;cenario_1_base;5;cenario_1_base_5_analistas
2026-12-03 09:00:00;Eva;Contratos;70,2;0,9630919782350953;0,0025095348704180054;4,102876162914741;0,2347358145830317;0,055100902647959436;cenario_1_base;5;cenario_1_base_5_analistas
2026-12-03 09:00:00;Eva;Direito digital;0,0;0,15519807333141483;0,009256481174413592;1,302684219624492;0,11913714083076232;0,014193658325328895;cenario_1_base;5;cenario_1_base_5_analistas
2026-12-03 09:00:00;Eva;Direito financeiro;0,30000000000000004;0,1579953412967617;0,009392116627824873;1,9669355342486678;0,08032563271429886;0,00645220727095244;cenario_1_base;5;cenario_1_base_5_analistas
2026-12-03 09:00:00;Eva;Governança;0,0;0,15519807333141483;0,009256481174413592;1,791778685271544;0,08661676500962202;0,007502463980732082;cenario_1_base;5;cenario_1_base_5_analistas
2026-12-03 09:00:00;Eva;Propriedade intelectual;0,0;0,15519807333141483;0,009256481174413592;0,8178256714205088;0,18976913877238177;0,03601232603041149;cenario_1_base;5;cenario_1_base_5_analistas
2026-12-03 09:00:00;Eva;Regulatório;54,5;0,8959767470054846;0,006580090557665384;2,210039539574855;0,405412089223455;0,16435896208852666;cenario_1_base;5;cenario_1_base_5_analistas
2026-12-03 09:00:00;Eva;Societário;57,9;0,9163180333252161;0,005413558236052631;3,6599683457077767;0,2503622837065864;0,06268127310277727;cenario_1_base;5;cenario_1_base_5_analistas
2026-12-03 09:00:00;Eva;Trabalhista;0,0;0,15519807333141483;0,009256481174413592;0,9134522788075863;0,16990277098439036;0,0288669515881742;cenario_1_base;5;cenario_1_base_5_analistas
2026-12-03 09:00:00;Eva;Tributário;0,0;0,15519807333141483;0,009256481174413592;0,8408405324229671;0,18457491919923968;0,034067900797405855;cenario_1_base;5;cenario_1_base_5_analistas
2026-12-03 09:00:00;Abraão;Concorrencial;77,0;0,9768378230719112;0,0015973737484556707;1,9247893705767156;0,507503749763137;0,25756005602364473;cenario_1_base;5;cenario_1_base_5_analistas
2026-12-03 09:00:00;Abraão;Contencioso;0,0;0,15519807333141483;0,009256481174413592;1,6121853241892088;0,09626565321171508;0,00926707598827819;cenario_1_base;5;cenario_1_base_5_analistas
2026-12-03 09:00:00;Abraão;Contratos;0,0;0,15519807333141483;0,009256481174413592;4,102876162914741;0,03782665310111625;0,0014308556848321875;cenario_1_base;5;cenario_1_base_5_analistas
2026-12-03 09:00:00;Abraão;Direito digital;34,800000000000004;0,6818919262988327;0,01531422209659938;1,302684219624492;0,5234514366769506;0,2740014065591636;cenario_1_base;5;cenario_1_base_5_analistas
2026-12-03 09:00:00;Abraão;Direito financeiro;73,4;0,9703340364652734;0,0020322841264451717;1,9669355342486678;0,493322744731399;0,24336733046932105;cenario_1_base;5;cenario_1_base_5_analistas
2026-12-03 09:00:00;Abraão;Governança;0,0;0,15519807333141483;0,009256481174413592;1,791778685271544;0,08661676500962202;0,007502463980732082;cenario_1_base;5;cenario_1_base_5_analistas
2026-12-03 09:00:00;Abraão;Propriedade intelectual;4,1000000000000005;0,1970333780948494;0,011169712556403534;0,8178256714205088;0,24092344491047282;0,05804410630752963;cenario_1_base;5;cenario_1_base_5_analistas
2026-12-03 09:00:00;Abraão;Regulatório;48,400000000000006;0,8484685725751258;0,009077017567278274;2,210039539574855;0,3839155623153898;0,14739115898794197;cenario_1_base;5;cenario_1_base_5_analistas
2026-12-03 09:00:00;Abraão;Societário;95,10000000000001;0,9934365903252191;0,0004603353917724629;3,6599683457077767;0,2714331099312022;0,07367593316692408;cenario_1_base;5;cenario_1_base_5_analistas
2026-12-03 09:00:00;Abraão;Trabalhista;11,5;0,29265998548192695;0,014614914357602954;0,9134522788075863;0,3203889160624385;0,10264905753566428;cenario_1_base;5;cenario_1_base_5_analistas
2026-12-03 09:00:00;Abraão;Tributário;0,0;0,15519807333141483;0,009256481174413592;0,8408405324229671;0,18457491919923968;0,034067900797405855;cenario_1_base;5;cenario_1_base_5_analistas
2026-12-03 09:00:00;Adão;Concorrencial;0,0;0,15519807333141483;0,009256481174413592;1,9247893705767156;0,08063119825153313;0,0065013901314780395;cenario_1_base;5;cenario_1_base_5_analistas
2026-12-03 09:00:00;Adão;Contencioso;0,0;0,15519807333141483;0,009256481174413592;1,6121853241892088;0,09626565321171508;0,00926707598827819;cenario_1_base;5;cenario_1_base_5_analistas
2026-12-03 09:00:00;Adão;Contratos;99,9;0,9953142848468807;0,00032926140139959495;4,102876162914741;0,24258940443861587;0,05884961914588235;cenario_1_base;5;cenario_1_base_5_analistas
2026-12-03 09:00:00;Adão;Direito digital;0,0;0,15519807333141483;0,009256481174413592;1,302684219624492;0,11913714083076232;0,014193658325328895;cenario_1_base;5;cenario_1_base_5_analistas
2026-12-03 09:00:00;Adão;Direito financeiro;25,6;0,5282100098238032;0,01759381619140931;1,9669355342486678;0,26854464756292556;0,0721162277346959;cenario_1_base;5;cenario_1_base_5_analistas
2026-12-03 09:00:00;Adão;Governança;17,6;0,3889233787295877;0,016778936085024745;1,791778685271544;0,21705994268519072;0,047115018718498276;cenario_1_base;5;cenario_1_base_5_analistas
2026-12-03 09:00:00;Adão;Propriedade intelectual;0,0;0,15519807333141483;0,009256481174413592;0,8178256714205088;0,18976913877238177;0,03601232603041149;cenario_1_base;5;cenario_1_base_5_analistas
2026-12-03 09:00:00;Adão;Regulatório;0,0;0,15519807333141483;0,009256481174413592;2,210039539574855;0,07022411615371835;0,004931426489570926;cenario_1_base;5;cenario_1_base_5_analistas
2026-12-03 09:00:00;Adão;Societário;33,1;0,6553093350696082;0,015947058137080673;3,6599683457077767;0,1790478149457553;0,032058120036849436;cenario_1_base;5;cenario_1_base_5_analistas
2026-12-03 09:00:00;Adão;Trabalhista;0,0;0,15519807333141483;0,009256481174413592;0,9134522788075863;0,16990277098439036;0,0288669515881742;cenario_1_base;5;cenario_1_base_5_analistas
2026-12-03 09:00:00;Adão;Tributário;0,1;0,15612597639059406;0,009301596305599447;0,8408405324229671;0,18567846145653952;0,03447649104886763;cenario_1_base;5;cenario_1_base_5_analistas
2026-12-03 09:00:00;Esaú;Concorrencial;0,0;0,15519807333141483;0,009256481174413592;1,9247893705767156;0,08063119825153313;0,0065013901314780395;cenario_1_base;5;cenario_1_base_5_analistas
2026-12-03 09:00:00;Esaú;Contencioso;67,30000000000001;0,9550829182569236;0,003028707348259811;1,6121853241892088;0,592415092686226;0,3509556420424298;cenario_1_base;5;cenario_1_base_5_analistas
2026-12-03 09:00:00;Esaú;Contratos;102,40000000000002;0,9960694593223501;0,0002764054618507629;4,102876162914741;0,24277346421655785;0,058938954927708294;cenario_1_base;5;cenario_1_base_5_analistas
2026-12-03 09:00:00;Esaú;Direito digital;0,0;0,15519807333141483;0,009256481174413592;1,302684219624492;0,11913714083076232;0,014193658325328895;cenario_1_base;5;cenario_1_base_5_analistas
2026-12-03 09:00:00;Esaú;Direito financeiro;0,0;0,15519807333141483;0,009256481174413592;1,9669355342486678;0,07890348749568835;0,006225760338982247;cenario_1_base;5;cenario_1_base_5_analistas
2026-12-03 09:00:00;Esaú;Governança;62,300000000000004;0,9372610865477119;0,004151473598692677;1,791778685271544;0,5230897622859433;0,27362289940836465;cenario_1_base;5;cenario_1_base_5_analistas
2026-12-03 09:00:00;Esaú;Propriedade intelectual;0,0;0,15519807333141483;0,009256481174413592;0,8178256714205088;0,18976913877238177;0,03601232603041149;cenario_1_base;5;cenario_1_base_5_analistas
2026-12-03 09:00:00;Esaú;Regulatório;0,0;0,15519807333141483;0,009256481174413592;2,210039539574855;0,07022411615371835;0,004931426489570926;cenario_1_base;5;cenario_1_base_5_analistas
2026-12-03 09:00:00;Esaú;Societário;0,0;0,15519807333141483;0,009256481174413592;3,6599683457077767;0,04240421191440718;0,0017981171880819518;cenario_1_base;5;cenario_1_base_5_analistas
2026-12-03 09:00:00;Esaú;Trabalhista;0,0;0,15519807333141483;0,009256481174413592;0,9134522788075863;0,16990277098439036;0,0288669515881742;cenario_1_base;5;cenario_1_base_5_analistas
2026-12-03 09:00:00;Esaú;Tributário;0,0;0,15519807333141483;0,009256481174413592;0,8408405324229671;0,18457491919923968;0,034067900797405855;cenario_1_base;5;cenario_1_base_5_analistas
2026-12-31 09:00:00;Jacó;Concorrencial;0,0;0,15519807333141483;0,009256481174413592;1,9247893705767156;0,08063119825153313;0,0065013901314780395;cenario_1_base;5;cenario_1_base_5_analistas
2026-12-31 09:00:00;Jacó;Contencioso;0,0;0,15519807333141483;0,009256481174413592;1,6121853241892088;0,09626565321171508;0,00926707598827819;cenario_1_base;5;cenario_1_base_5_analistas
2026-12-31 09:00:00;Jacó;Contratos;94,60000000000001;0,9932023671790007;0,00047665060563753173;4,102876162914741;0,24207466366067837;0,058600142786430554;cenario_1_base;5;cenario_1_base_5_analistas
2026-12-31 09:00:00;Jacó;Direito digital;0,0;0,15519807333141483;0,009256481174413592;1,3509573179701007;0,11488007153668615;0,013197430836274128;cenario_1_base;5;cenario_1_base_5_analistas
2026-12-31 09:00:00;Jacó;Direito financeiro;0,0;0,15519807333141483;0,009256481174413592;1,9737566537461693;0,0786308043784681;0,006182803397204919;cenario_1_base;5;cenario_1_base_5_analistas
2026-12-31 09:00:00;Jacó;Governança;0,0;0,15519807333141483;0,009256481174413592;1,791778685271544;0,08661676500962202;0,007502463980732082;cenario_1_base;5;cenario_1_base_5_analistas
2026-12-31 09:00:00;Jacó;Propriedade intelectual;0,0;0,15519807333141483;0,009256481174413592;0,8178256714205088;0,18976913877238177;0,03601232603041149;cenario_1_base;5;cenario_1_base_5_analistas
2026-12-31 09:00:00;Jacó;Regulatório;0,0;0,15519807333141483;0,009256481174413592;2,240663006243921;0,06926435296112521;0,0047975505911233346;cenario_1_base;5;cenario_1_base_5_analistas
2026-12-31 09:00:00;Jacó;Societário;62,9;0,9397063136563183;0,004000080055792463;3,6639910257005157;0,25647069194899474;0,06577721582879616;cenario_1_base;5;cenario_1_base_5_analistas
2026-12-31 09:00:00;Jacó;Trabalhista;0,0;0,15519807333141483;0,009256481174413592;1,009715672055247;0,15370472859504464;0,023625143592476333;cenario_1_base;5;cenario_1_base_5_analistas
2026-12-31 09:00:00;Jacó;Tributário;6,0;0,21912033603812855;0,012080126974710233;0,8408405324229671;0,26059678094574146;0,06791068223928276;cenario_1_base;5;cenario_1_base_5_analistas
2026-12-31 09:00:00;Eva;Concorrencial;23,0;0,48235732751056;0,017628024769184583;1,9247893705767156;0,2506026554822638;0,0628016909347622;cenario_1_base;5;cenario_1_base_5_analistas
2026-12-31 09:00:00;Eva;Contencioso;3,6;0,19150818593804064;0,010931195726367362;1,6121853241892088;0,11878794767862862;0,01411057651370061;cenario_1_base;5;cenario_1_base_5_analistas
2026-12-31 09:00:00;Eva;Contratos;70,2;0,9630919782350953;0,0025095348704180054;4,102876162914741;0,2347358145830317;0,055100902647959436;cenario_1_base;5;cenario_1_base_5_analistas
2026-12-31 09:00:00;Eva;Direito digital;0,0;0,15519807333141483;0,009256481174413592;1,3509573179701007;0,11488007153668615;0,013197430836274128;cenario_1_base;5;cenario_1_base_5_analistas
2026-12-31 09:00:00;Eva;Direito financeiro;0,30000000000000004;0,1579953412967617;0,009392116627824873;1,9737566537461693;0,08004803479541828;0,0064076878746084955;cenario_1_base;5;cenario_1_base_5_analistas
2026-12-31 09:00:00;Eva;Governança;0,0;0,15519807333141483;0,009256481174413592;1,791778685271544;0,08661676500962202;0,007502463980732082;cenario_1_base;5;cenario_1_base_5_analistas
2026-12-31 09:00:00;Eva;Propriedade intelectual;0,0;0,15519807333141483;0,009256481174413592;0,8178256714205088;0,18976913877238177;0,03601232603041149;cenario_1_base;5;cenario_1_base_5_analistas
2026-12-31 09:00:00;Eva;Regulatório;54,5;0,8959767470054846;0,006580090557665384;2,240663006243921;0,3998712633308623;0,15989702723781984;cenario_1_base;5;cenario_1_base_5_analistas
2026-12-31 09:00:00;Eva;Societário;57,9;0,9163180333252161;0,005413558236052631;3,6639910257005157;0,25008741203180923;0,06254371365676792;cenario_1_base;5;cenario_1_base_5_analistas
2026-12-31 09:00:00;Eva;Trabalhista;0,0;0,15519807333141483;0,009256481174413592;1,009715672055247;0,15370472859504464;0,023625143592476333;cenario_1_base;5;cenario_1_base_5_analistas
2026-12-31 09:00:00;Eva;Tributário;0,0;0,15519807333141483;0,009256481174413592;0,8408405324229671;0,18457491919923968;0,034067900797405855;cenario_1_base;5;cenario_1_base_5_analistas
2026-12-31 09:00:00;Abraão;Concorrencial;77,0;0,9768378230719112;0,0015973737484556707;1,9247893705767156;0,507503749763137;0,25756005602364473;cenario_1_base;5;cenario_1_base_5_analistas
2026-12-31 09:00:00;Abraão;Contencioso;0,0;0,15519807333141483;0,009256481174413592;1,6121853241892088;0,09626565321171508;0,00926707598827819;cenario_1_base;5;cenario_1_base_5_analistas
2026-12-31 09:00:00;Abraão;Contratos;0,0;0,15519807333141483;0,009256481174413592;4,102876162914741;0,03782665310111625;0,0014308556848321875;cenario_1_base;5;cenario_1_base_5_analistas
2026-12-31 09:00:00;Abraão;Direito digital;38,1;0,7301650246444413;0,013909898736987914;1,3509573179701007;0,5404797138532553;0,2921183210868968;cenario_1_base;5;cenario_1_base_5_analistas
2026-12-31 09:00:00;Abraão;Direito financeiro;77,2;0,9771551559627748;0,0015760007739526879;1,9737566537461693;0,495073774220416;0,24509804192084741;cenario_1_base;5;cenario_1_base_5_analistas
2026-12-31 09:00:00;Abraão;Governança;0,0;0,15519807333141483;0,009256481174413592;1,791778685271544;0,08661676500962202;0,007502463980732082;cenario_1_base;5;cenario_1_base_5_analistas
2026-12-31 09:00:00;Abraão;Propriedade intelectual;4,1000000000000005;0,1970333780948494;0,011169712556403534;0,8178256714205088;0,24092344491047282;0,05804410630752963;cenario_1_base;5;cenario_1_base_5_analistas
2026-12-31 09:00:00;Abraão;Regulatório;52,1;0,879092039244192;0,007504019340186607;2,240663006243921;0,39233567778576206;0,1539272840636133;cenario_1_base;5;cenario_1_base_5_analistas
2026-12-31 09:00:00;Abraão;Societário;108,60000000000001;0,9974592703179581;0,00017891977085556228;3,6639910257005157;0,27223300038712694;0,07411080649977746;cenario_1_base;5;cenario_1_base_5_analistas
2026-12-31 09:00:00;Abraão;Trabalhista;17,6;0,3889233787295877;0,016778936085024745;1,009715672055247;0,38518108561982156;0,14836446871926431;cenario_1_base;5;cenario_1_base_5_analistas
2026-12-31 09:00:00;Abraão;Tributário;0,0;0,15519807333141483;0,009256481174413592;0,8408405324229671;0,18457491919923968;0,034067900797405855;cenario_1_base;5;cenario_1_base_5_analistas
2026-12-31 09:00:00;Adão;Concorrencial;0,0;0,15519807333141483;0,009256481174413592;1,9247893705767156;0,08063119825153313;0,0065013901314780395;cenario_1_base;5;cenario_1_base_5_analistas
2026-12-31 09:00:00;Adão;Contencioso;0,0;0,15519807333141483;0,009256481174413592;1,6121853241892088;0,09626565321171508;0,00926707598827819;cenario_1_base;5;cenario_1_base_5_analistas
2026-12-31 09:00:00;Adão;Contratos;99,9;0,9953142848468807;0,00032926140139959495;4,102876162914741;0,24258940443861587;0,05884961914588235;cenario_1_base;5;cenario_1_base_5_analistas
2026-12-31 09:00:00;Adão;Direito digital;0,0;0,15519807333141483;0,009256481174413592;1,3509573179701007;0,11488007153668615;0,013197430836274128;cenario_1_base;5;cenario_1_base_5_analistas
2026-12-31 09:00:00;Adão;Direito financeiro;25,6;0,5282100098238032;0,01759381619140931;1,9737566537461693;0,26761658222722956;0,07161863508298352;cenario_1_base;5;cenario_1_base_5_analistas
2026-12-31 09:00:00;Adão;Governança;17,6;0,3889233787295877;0,016778936085024745;1,791778685271544;0,21705994268519072;0,047115018718498276;cenario_1_base;5;cenario_1_base_5_analistas
2026-12-31 09:00:00;Adão;Propriedade intelectual;0,0;0,15519807333141483;0,009256481174413592;0,8178256714205088;0,18976913877238177;0,03601232603041149;cenario_1_base;5;cenario_1_base_5_analistas
2026-12-31 09:00:00;Adão;Regulatório;0,0;0,15519807333141483;0,009256481174413592;2,240663006243921;0,06926435296112521;0,0047975505911233346;cenario_1_base;5;cenario_1_base_5_analistas
2026-12-31 09:00:00;Adão;Societário;33,1;0,6553093350696082;0,015947058137080673;3,6639910257005157;0,17885123911959366;0,03198776573461407;cenario_1_base;5;cenario_1_base_5_analistas
2026-12-31 09:00:00;Adão;Trabalhista;0,0;0,15519807333141483;0,009256481174413592;1,009715672055247;0,15370472859504464;0,023625143592476333;cenario_1_base;5;cenario_1_base_5_analistas
2026-12-31 09:00:00;Adão;Tributário;0,1;0,15612597639059406;0,009301596305599447;0,8408405324229671;0,18567846145653952;0,03447649104886763;cenario_1_base;5;cenario_1_base_5_analistas
2026-12-31 09:00:00;Esaú;Concorrencial;0,0;0,15519807333141483;0,009256481174413592;1,9247893705767156;0,08063119825153313;0,0065013901314780395;cenario_1_base;5;cenario_1_base_5_analistas
2026-12-31 09:00:00;Esaú;Contencioso;67,30000000000001;0,9550829182569236;0,003028707348259811;1,6121853241892088;0,592415092686226;0,3509556420424298;cenario_1_base;5;cenario_1_base_5_analistas
2026-12-31 09:00:00;Esaú;Contratos;102,40000000000002;0,9960694593223501;0,0002764054618507629;4,102876162914741;0,24277346421655785;0,058938954927708294;cenario_1_base;5;cenario_1_base_5_analistas
2026-12-31 09:00:00;Esaú;Direito digital;0,0;0,15519807333141483;0,009256481174413592;1,3509573179701007;0,11488007153668615;0,013197430836274128;cenario_1_base;5;cenario_1_base_5_analistas
2026-12-31 09:00:00;Esaú;Direito financeiro;0,0;0,15519807333141483;0,009256481174413592;1,9737566537461693;0,0786308043784681;0,006182803397204919;cenario_1_base;5;cenario_1_base_5_analistas
2026-12-31 09:00:00;Esaú;Governança;62,300000000000004;0,9372610865477119;0,004151473598692677;1,791778685271544;0,5230897622859433;0,27362289940836465;cenario_1_base;5;cenario_1_base_5_analistas
2026-12-31 09:00:00;Esaú;Propriedade intelectual;0,0;0,15519807333141483;0,009256481174413592;0,8178256714205088;0,18976913877238177;0,03601232603041149;cenario_1_base;5;cenario_1_base_5_analistas
2026-12-31 09:00:00;Esaú;Regulatório;0,0;0,15519807333141483;0,009256481174413592;2,240663006243921;0,06926435296112521;0,0047975505911233346;cenario_1_base;5;cenario_1_base_5_analistas
2026-12-31 09:00:00;Esaú;Societário;0,0;0,15519807333141483;0,009256481174413592;3,6639910257005157;0,04235765651247539;0,0017941710652288488;cenario_1_base;5;cenario_1_base_5_analistas
2026-12-31 09:00:00;Esaú;Trabalhista;0,0;0,15519807333141483;0,009256481174413592;1,009715672055247;0,15370472859504464;0,023625143592476333;cenario_1_base;5;cenario_1_base_5_analistas
2026-12-31 09:00:00;Esaú;Tributário;0,0;0,15519807333141483;0,009256481174413592;0,8408405324229671;0,18457491919923968;0,034067900797405855;cenario_1_base;5;cenario_1_base_5_analistas
2027-01-28 09:00:00;Jacó;Concorrencial;0,0;0,15519807333141483;0,009256481174413592;1,9295144265428918;0,08043374602255915;0,00646958749922155;cenario_1_base;5;cenario_1_base_5_analistas
2027-01-28 09:00:00;Jacó;Contencioso;0,0;0,15519807333141483;0,009256481174413592;1,6121853241892088;0,09626565321171508;0,00926707598827819;cenario_1_base;5;cenario_1_base_5_analistas
2027-01-28 09:00:00;Jacó;Contratos;94,60000000000001;0,9932023671790007;0,00047665060563753173;4,102876162914741;0,24207466366067837;0,058600142786430554;cenario_1_base;5;cenario_1_base_5_analistas
2027-01-28 09:00:00;Jacó;Direito digital;0,0;0,15519807333141483;0,009256481174413592;1,3619395517097876;0,11395371632799574;0,012985449464961323;cenario_1_base;5;cenario_1_base_5_analistas
2027-01-28 09:00:00;Jacó;Direito financeiro;0,0;0,15519807333141483;0,009256481174413592;1,9773819356793534;0,0784866446542583;0,006160153389083812;cenario_1_base;5;cenario_1_base_5_analistas
2027-01-28 09:00:00;Jacó;Governança;0,0;0,15519807333141483;0,009256481174413592;1,791778685271544;0,08661676500962202;0,007502463980732082;cenario_1_base;5;cenario_1_base_5_analistas
2027-01-28 09:00:00;Jacó;Propriedade intelectual;0,0;0,15519807333141483;0,009256481174413592;0,8178256714205088;0,18976913877238177;0,03601232603041149;cenario_1_base;5;cenario_1_base_5_analistas
2027-01-28 09:00:00;Jacó;Regulatório;0,0;0,15519807333141483;0,009256481174413592;2,2682141435994234;0,06842302512280934;0,004681710366956598;cenario_1_base;5;cenario_1_base_5_analistas
2027-01-28 09:00:00;Jacó;Societário;62,9;0,9397063136563183;0,004000080055792463;3,6656302836558368;0,2563559990886813;0,06571839826875596;cenario_1_base;5;cenario_1_base_5_analistas
2027-01-28 09:00:00;Jacó;Trabalhista;0,0;0,15519807333141483;0,009256481174413592;1,031737335036527;0,15042401593998755;0,02262738457151363;cenario_1_base;5;cenario_1_base_5_analistas
2027-01-28 09:00:00;Jacó;Tributário;6,0;0,21912033603812855;0,012080126974710233;0,8408405324229671;0,26059678094574146;0,06791068223928276;cenario_1_base;5;cenario_1_base_5_analistas
2027-01-28 09:00:00;Eva;Concorrencial;23,0;0,48235732751056;0,017628024769184583;1,9295144265428918;0,2499889717719286;0,06249448600758612;cenario_1_base;5;cenario_1_base_5_analistas
2027-01-28 09:00:00;Eva;Contencioso;3,6;0,19150818593804064;0,010931195726367362;1,6121853241892088;0,11878794767862862;0,01411057651370061;cenario_1_base;5;cenario_1_base_5_analistas
2027-01-28 09:00:00;Eva;Contratos;70,2;0,9630919782350953;0,0025095348704180054;4,102876162914741;0,2347358145830317;0,055100902647959436;cenario_1_base;5;cenario_1_base_5_analistas
2027-01-28 09:00:00;Eva;Direito digital;0,0;0,15519807333141483;0,009256481174413592;1,3619395517097876;0,11395371632799574;0,012985449464961323;cenario_1_base;5;cenario_1_base_5_analistas
2027-01-28 09:00:00;Eva;Direito financeiro;0,30000000000000004;0,1579953412967617;0,009392116627824873;1,9773819356793534;0,07990127675687525;0,006384214027378773;cenario_1_base;5;cenario_1_base_5_analistas
2027-01-28 09:00:00;Eva;Governança;0,0;0,15519807333141483;0,009256481174413592;1,791778685271544;0,08661676500962202;0,007502463980732082;cenario_1_base;5;cenario_1_base_5_analistas
2027-01-28 09:00:00;Eva;Propriedade intelectual;0,0;0,15519807333141483;0,009256481174413592;0,8178256714205088;0,18976913877238177;0,03601232603041149;cenario_1_base;5;cenario_1_base_5_analistas
2027-01-28 09:00:00;Eva;Regulatório;54,5;0,8959767470054846;0,006580090557665384;2,2682141435994234;0,3950141786805285;0,1560362013586525;cenario_1_base;5;cenario_1_base_5_analistas
2027-01-28 09:00:00;Eva;Societário;57,9;0,9163180333252161;0,005413558236052631;3,6656302836558368;0,2499755737535391;0,06248778747341106;cenario_1_base;5;cenario_1_base_5_analistas
2027-01-28 09:00:00;Eva;Trabalhista;0,0;0,15519807333141483;0,009256481174413592;1,031737335036527;0,15042401593998755;0,02262738457151363;cenario_1_base;5;cenario_1_base_5_analistas
2027-01-28 09:00:00;Eva;Tributário;0,0;0,15519807333141483;0,009256481174413592;0,8408405324229671;0,18457491919923968;0,034067900797405855;cenario_1_base;5;cenario_1_base_5_analistas
2027-01-28 09:00:00;Abraão;Concorrencial;80,3;0,9815628790380873;0,001277661863397927;1,9295144265428918;0,5087097901603939;0,25878565060503195;cenario_1_base;5;cenario_1_base_5_analistas
2027-01-28 09:00:00;Abraão;Contencioso;0,0;0,15519807333141483;0,009256481174413592;1,6121853241892088;0,09626565321171508;0,00926707598827819;cenario_1_base;5;cenario_1_base_5_analistas
2027-01-28 09:00:00;Abraão;Contratos;0,0;0,15519807333141483;0,009256481174413592;4,102876162914741;0,03782665310111625;0,0014308556848321875;cenario_1_base;5;cenario_1_base_5_analistas
2027-01-28 09:00:00;Abraão;Direito digital;38,900000000000006;0,7411472583841283;0,013544468784031583;1,3619395517097876;0,544185134688017;0,2961374608154152;cenario_1_base;5;cenario_1_base_5_analistas
2027-01-28 09:00:00;Abraão;Direito financeiro;79,7;0,9807804378959589;0,001330822039881841;1,9773819356793534;0,49599949316771724;0,24601549722263238;cenario_1_base;5;cenario_1_base_5_analistas
2027-01-28 09:00:00;Abraão;Governança;0,0;0,15519807333141483;0,009256481174413592;1,791778685271544;0,08661676500962202;0,007502463980732082;cenario_1_base;5;cenario_1_base_5_analistas
2027-01-28 09:00:00;Abraão;Propriedade intelectual;4,1000000000000005;0,1970333780948494;0,011169712556403534;0,8178256714205088;0,24092344491047282;0,05804410630752963;cenario_1_base;5;cenario_1_base_5_analistas
2027-01-28 09:00:00;Abraão;Regulatório;56,2;0,9066431765996945;0,005975677680898622;2,2682141435994234;0,39971674595104356;0,1597734769936911;cenario_1_base;5;cenario_1_base_5_analistas
2027-01-28 09:00:00;Abraão;Societário;123,3;0,9990985282732793;6,358653072653344e-05;3,6656302836558368;0,27255845542525636;0,07428811162380146;cenario_1_base;5;cenario_1_base_5_analistas
2027-01-28 09:00:00;Abraão;Trabalhista;18,900000000000002;0,4109450417108678;0,017090086536930938;1,031737335036527;0,39830393624004984;0,15864602562431768;cenario_1_base;5;cenario_1_base_5_analistas
2027-01-28 09:00:00;Abraão;Tributário;0,0;0,15519807333141483;0,009256481174413592;0,8408405324229671;0,18457491919923968;0,034067900797405855;cenario_1_base;5;cenario_1_base_5_analistas
2027-01-28 09:00:00;Adão;Concorrencial;0,0;0,15519807333141483;0,009256481174413592;1,9295144265428918;0,08043374602255915;0,00646958749922155;cenario_1_base;5;cenario_1_base_5_analistas
2027-01-28 09:00:00;Adão;Contencioso;0,0;0,15519807333141483;0,009256481174413592;1,6121853241892088;0,09626565321171508;0,00926707598827819;cenario_1_base;5;cenario_1_base_5_analistas
2027-01-28 09:00:00;Adão;Contratos;99,9;0,9953142848468807;0,00032926140139959495;4,102876162914741;0,24258940443861587;0,05884961914588235;cenario_1_base;5;cenario_1_base_5_analistas
2027-01-28 09:00:00;Adão;Direito digital;0,0;0,15519807333141483;0,009256481174413592;1,3619395517097876;0,11395371632799574;0,012985449464961323;cenario_1_base;5;cenario_1_base_5_analistas
2027-01-28 09:00:00;Adão;Direito financeiro;25,6;0,5282100098238032;0,01759381619140931;1,9773819356793534;0,267125940766891;0,07135626823059656;cenario_1_base;5;cenario_1_base_5_analistas
2027-01-28 09:00:00;Adão;Governança;17,6;0,3889233787295877;0,016778936085024745;1,791778685271544;0,21705994268519072;0,047115018718498276;cenario_1_base;5;cenario_1_base_5_analistas
2027-01-28 09:00:00;Adão;Propriedade intelectual;0,0;0,15519807333141483;0,009256481174413592;0,8178256714205088;0,18976913877238177;0,03601232603041149;cenario_1_base;5;cenario_1_base_5_analistas
2027-01-28 09:00:00;Adão;Regulatório;0,0;0,15519807333141483;0,009256481174413592;2,2682141435994234;0,06842302512280934;0,004681710366956598;cenario_1_base;5;cenario_1_base_5_analistas
2027-01-28 09:00:00;Adão;Societário;33,1;0,6553093350696082;0,015947058137080673;3,6656302836558368;0,17877125742644445;0,031959162481832074;cenario_1_base;5;cenario_1_base_5_analistas
2027-01-28 09:00:00;Adão;Trabalhista;0,0;0,15519807333141483;0,009256481174413592;1,031737335036527;0,15042401593998755;0,02262738457151363;cenario_1_base;5;cenario_1_base_5_analistas
2027-01-28 09:00:00;Adão;Tributário;0,1;0,15612597639059406;0,009301596305599447;0,8408405324229671;0,18567846145653952;0,03447649104886763;cenario_1_base;5;cenario_1_base_5_analistas
2027-01-28 09:00:00;Esaú;Concorrencial;0,0;0,15519807333141483;0,009256481174413592;1,9295144265428918;0,08043374602255915;0,00646958749922155;cenario_1_base;5;cenario_1_base_5_analistas
2027-01-28 09:00:00;Esaú;Contencioso;67,30000000000001;0,9550829182569236;0,003028707348259811;1,6121853241892088;0,592415092686226;0,3509556420424298;cenario_1_base;5;cenario_1_base_5_analistas
2027-01-28 09:00:00;Esaú;Contratos;102,40000000000002;0,9960694593223501;0,0002764054618507629;4,102876162914741;0,24277346421655785;0,058938954927708294;cenario_1_base;5;cenario_1_base_5_analistas
2027-01-28 09:00:00;Esaú;Direito digital;0,0;0,15519807333141483;0,009256481174413592;1,3619395517097876;0,11395371632799574;0,012985449464961323;cenario_1_base;5;cenario_1_base_5_analistas
2027-01-28 09:00:00;Esaú;Direito financeiro;0,0;0,15519807333141483;0,009256481174413592;1,9773819356793534;0,0784866446542583;0,006160153389083812;cenario_1_base;5;cenario_1_base_5_analistas
2027-01-28 09:00:00;Esaú;Governança;62,300000000000004;0,9372610865477119;0,004151473598692677;1,791778685271544;0,5230897622859433;0,27362289940836465;cenario_1_base;5;cenario_1_base_5_analistas
2027-01-28 09:00:00;Esaú;Propriedade intelectual;0,0;0,15519807333141483;0,009256481174413592;0,8178256714205088;0,18976913877238177;0,03601232603041149;cenario_1_base;5;cenario_1_base_5_analistas
2027-01-28 09:00:00;Esaú;Regulatório;0,0;0,15519807333141483;0,009256481174413592;2,2682141435994234;0,06842302512280934;0,004681710366956598;cenario_1_base;5;cenario_1_base_5_analistas
2027-01-28 09:00:00;Esaú;Societário;0,0;0,15519807333141483;0,009256481174413592;3,6656302836558368;0,04233871430607874;0,0017925667290917564;cenario_1_base;5;cenario_1_base_5_analistas
2027-01-28 09:00:00;Esaú;Trabalhista;0,0;0,15519807333141483;0,009256481174413592;1,031737335036527;0,15042401593998755;0,02262738457151363;cenario_1_base;5;cenario_1_base_5_analistas
2027-01-28 09:00:00;Esaú;Tributário;0,0;0,15519807333141483;0,009256481174413592;0,8408405324229671;0,18457491919923968;0,034067900797405855;cenario_1_base;5;cenario_1_base_5_analistas
2027-02-25 09:00:00;Jacó;Concorrencial;0,0;0,15519807333141483;0,009256481174413592;1,9311040149139294;0,08036753698030716;0,006458941000281038;cenario_1_base;5;cenario_1_base_5_analistas
2027-02-25 09:00:00;Jacó;Contencioso;0,0;0,15519807333141483;0,009256481174413592;1,6121853241892088;0,09626565321171508;0,00926707598827819;cenario_1_base;5;cenario_1_base_5_analistas
2027-02-25 09:00:00;Jacó;Contratos;94,60000000000001;0,9932023671790007;0,00047665060563753173;4,102876162914741;0,24207466366067837;0,058600142786430554;cenario_1_base;5;cenario_1_base_5_analistas
2027-02-25 09:00:00;Jacó;Direito digital;0,0;0,15519807333141483;0,009256481174413592;1,3791542739490228;0,11253133624204784;0,01266330163642083;cenario_1_base;5;cenario_1_base_5_analistas
2027-02-25 09:00:00;Jacó;Direito financeiro;0,0;0,15519807333141483;0,009256481174413592;1,9836670202553237;0,07823796622451223;0,006121179358947917;cenario_1_base;5;cenario_1_base_5_analistas
2027-02-25 09:00:00;Jacó;Governança;0,0;0,15519807333141483;0,009256481174413592;1,791778685271544;0,08661676500962202;0,007502463980732082;cenario_1_base;5;cenario_1_base_5_analistas
2027-02-25 09:00:00;Jacó;Propriedade intelectual;0,0;0,15519807333141483;0,009256481174413592;0,8315739868651064;0,18663170780087215;0,034831394356670126;cenario_1_base;5;cenario_1_base_5_analistas
2027-02-25 09:00:00;Jacó;Regulatório;0,0;0,15519807333141483;0,009256481174413592;2,2778890003249455;0,06813241264577664;0,0046420256529343855;cenario_1_base;5;cenario_1_base_5_analistas
2027-02-25 09:00:00;Jacó;Societário;62,9;0,9397063136563183;0,004000080055792463;3,666278631910266;0,2563106648461949;0,06569515691389846;cenario_1_base;5;cenario_1_base_5_analistas
2027-02-25 09:00:00;Jacó;Trabalhista;0,0;0,15519807333141483;0,009256481174413592;1,0541216944825509;0,14722974979430503;0,02167659922449366;cenario_1_base;5;cenario_1_base_5_analistas
2027-02-25 09:00:00;Jacó;Tributário;6,0;0,21912033603812855;0,012080126974710233;0,8408405324229671;0,26059678094574146;0,06791068223928276;cenario_1_base;5;cenario_1_base_5_analistas
2027-02-25 09:00:00;Eva;Concorrencial;23,0;0,48235732751056;0,017628024769184583;1,9311040149139294;0,24978319333671883;0,06239164367348866;cenario_1_base;5;cenario_1_base_5_analistas
2027-02-25 09:00:00;Eva;Contencioso;3,6;0,19150818593804064;0,010931195726367362;1,6121853241892088;0,11878794767862862;0,01411057651370061;cenario_1_base;5;cenario_1_base_5_analistas
2027-02-25 09:00:00;Eva;Contratos;70,2;0,9630919782350953;0,0025095348704180054;4,102876162914741;0,2347358145830317;0,055100902647959436;cenario_1_base;5;cenario_1_base_5_analistas
2027-02-25 09:00:00;Eva;Direito digital;0,0;0,15519807333141483;0,009256481174413592;1,3791542739490228;0,11253133624204784;0,01266330163642083;cenario_1_base;5;cenario_1_base_5_analistas
2027-02-25 09:00:00;Eva;Direito financeiro;0,30000000000000004;0,1579953412967617;0,009392116627824873;1,9836670202553237;0,07964811618253635;0,006343822411426809;cenario_1_base;5;cenario_1_base_5_analistas
2027-02-25 09:00:00;Eva;Governança;0,0;0,15519807333141483;0,009256481174413592;1,791778685271544;0,08661676500962202;0,007502463980732082;cenario_1_base;5;cenario_1_base_5_analistas
2027-02-25 09:00:00;Eva;Propriedade intelectual;0,0;0,15519807333141483;0,009256481174413592;0,8315739868651064;0,18663170780087215;0,034831394356670126;cenario_1_base;5;cenario_1_base_5_analistas
2027-02-25 09:00:00;Eva;Regulatório;54,5;0,8959767470054846;0,006580090557665384;2,2778890003249455;0,39333643864019346;0,15471355396215067;cenario_1_base;5;cenario_1_base_5_analistas
2027-02-25 09:00:00;Eva;Societário;57,9;0,9163180333252161;0,005413558236052631;3,666278631910266;0,2499313678316317;0,06246568862619038;cenario_1_base;5;cenario_1_base_5_analistas
2027-02-25 09:00:00;Eva;Trabalhista;0,0;0,15519807333141483;0,009256481174413592;1,0541216944825509;0,14722974979430503;0,02167659922449366;cenario_1_base;5;cenario_1_base_5_analistas
2027-02-25 09:00:00;Eva;Tributário;0,0;0,15519807333141483;0,009256481174413592;0,8408405324229671;0,18457491919923968;0,034067900797405855;cenario_1_base;5;cenario_1_base_5_analistas
2027-02-25 09:00:00;Abraão;Concorrencial;81,60000000000001;0,9831524674091249;0,0011693967424951015;1,9311040149139294;0,5091141957223597;0,2591972642860252;cenario_1_base;5;cenario_1_base_5_analistas
2027-02-25 09:00:00;Abraão;Contencioso;0,0;0,15519807333141483;0,009256481174413592;1,6121853241892088;0,09626565321171508;0,00926707598827819;cenario_1_base;5;cenario_1_base_5_analistas
2027-02-25 09:00:00;Abraão;Contratos;0,0;0,15519807333141483;0,009256481174413592;4,102876162914741;0,03782665310111625;0,0014308556848321875;cenario_1_base;5;cenario_1_base_5_analistas
2027-02-25 09:00:00;Abraão;Direito digital;40,2;0,7583619806233634;0,01293738553996712;1,3791542739490228;0,5498746550318085;0,30236213624635044;cenario_1_base;5;cenario_1_base_5_analistas
2027-02-25 09:00:00;Abraão;Direito financeiro;85,4;0,9870655224719291;0,0009013626834317567;1,9836670202553237;0,49759637700932335;0,24760215441280467;cenario_1_base;5;cenario_1_base_5_analistas
2027-02-25 09:00:00;Abraão;Governança;0,0;0,15519807333141483;0,009256481174413592;1,791778685271544;0,08661676500962202;0,007502463980732082;cenario_1_base;5;cenario_1_base_5_analistas
2027-02-25 09:00:00;Abraão;Propriedade intelectual;5,300000000000001;0,21078169353944706;0,011744505647291131;0,8315739868651064;0,2534731687965114;0,06424864729974475;cenario_1_base;5;cenario_1_base_5_analistas
2027-02-25 09:00:00;Abraão;Regulatório;57,900000000000006;0,9163180333252161;0,005413558236052631;2,2778890003249455;0,4022663234224765;0,16181819495983646;cenario_1_base;5;cenario_1_base_5_analistas
2027-02-25 09:00:00;Abraão;Societário;141,3;0,9997468765277086;1,7865993696425287e-05;3,666278631910266;0,27268709689061565;0,074358252810632;cenario_1_base;5;cenario_1_base_5_analistas
2027-02-25 09:00:00;Abraão;Trabalhista;20,200000000000003;0,4333294011568915;0,01733618520624303;1,0541216944825509;0,41108100082277976;0,16898758923745827;cenario_1_base;5;cenario_1_base_5_analistas
2027-02-25 09:00:00;Abraão;Tributário;0,0;0,15519807333141483;0,009256481174413592;0,8408405324229671;0,18457491919923968;0,034067900797405855;cenario_1_base;5;cenario_1_base_5_analistas
2027-02-25 09:00:00;Adão;Concorrencial;0,0;0,15519807333141483;0,009256481174413592;1,9311040149139294;0,08036753698030716;0,006458941000281038;cenario_1_base;5;cenario_1_base_5_analistas
2027-02-25 09:00:00;Adão;Contencioso;0,0;0,15519807333141483;0,009256481174413592;1,6121853241892088;0,09626565321171508;0,00926707598827819;cenario_1_base;5;cenario_1_base_5_analistas
2027-02-25 09:00:00;Adão;Contratos;99,9;0,9953142848468807;0,00032926140139959495;4,102876162914741;0,24258940443861587;0,05884961914588235;cenario_1_base;5;cenario_1_base_5_analistas
2027-02-25 09:00:00;Adão;Direito digital;0,0;0,15519807333141483;0,009256481174413592;1,3791542739490228;0,11253133624204784;0,01266330163642083;cenario_1_base;5;cenario_1_base_5_analistas
2027-02-25 09:00:00;Adão;Direito financeiro;25,6;0,5282100098238032;0,01759381619140931;1,9836670202553237;0,2662795743591158;0,07090481172087189;cenario_1_base;5;cenario_1_base_5_analistas
2027-02-25 09:00:00;Adão;Governança;17,6;0,3889233787295877;0,016778936085024745;1,791778685271544;0,21705994268519072;0,047115018718498276;cenario_1_base;5;cenario_1_base_5_analistas
2027-02-25 09:00:00;Adão;Propriedade intelectual;0,0;0,15519807333141483;0,009256481174413592;0,8315739868651064;0,18663170780087215;0,034831394356670126;cenario_1_base;5;cenario_1_base_5_analistas
2027-02-25 09:00:00;Adão;Regulatório;0,0;0,15519807333141483;0,009256481174413592;2,2778890003249455;0,06813241264577664;0,0046420256529343855;cenario_1_base;5;cenario_1_base_5_analistas
2027-02-25 09:00:00;Adão;Societário;33,1;0,6553093350696082;0,015947058137080673;3,666278631910266;0,1787396433446107;0,031947860102958636;cenario_1_base;5;cenario_1_base_5_analistas
2027-02-25 09:00:00;Adão;Trabalhista;0,0;0,15519807333141483;0,009256481174413592;1,0541216944825509;0,14722974979430503;0,02167659922449366;cenario_1_base;5;cenario_1_base_5_analistas
2027-02-25 09:00:00;Adão;Tributário;0,1;0,15612597639059406;0,009301596305599447;0,8408405324229671;0,18567846145653952;0,03447649104886763;cenario_1_base;5;cenario_1_base_5_analistas
2027-02-25 09:00:00;Esaú;Concorrencial;0,0;0,15519807333141483;0,009256481174413592;1,9311040149139294;0,08036753698030716;0,006458941000281038;cenario_1_base;5;cenario_1_base_5_analistas
2027-02-25 09:00:00;Esaú;Contencioso;67,30000000000001;0,9550829182569236;0,003028707348259811;1,6121853241892088;0,592415092686226;0,3509556420424298;cenario_1_base;5;cenario_1_base_5_analistas
2027-02-25 09:00:00;Esaú;Contratos;102,40000000000002;0,9960694593223501;0,0002764054618507629;4,102876162914741;0,24277346421655785;0,058938954927708294;cenario_1_base;5;cenario_1_base_5_analistas
2027-02-25 09:00:00;Esaú;Direito digital;0,0;0,15519807333141483;0,009256481174413592;1,3791542739490228;0,11253133624204784;0,01266330163642083;cenario_1_base;5;cenario_1_base_5_analistas
2027-02-25 09:00:00;Esaú;Direito financeiro;0,0;0,15519807333141483;0,009256481174413592;1,9836670202553237;0,07823796622451223;0,006121179358947917;cenario_1_base;5;cenario_1_base_5_analistas
2027-02-25 09:00:00;Esaú;Governança;62,300000000000004;0,9372610865477119;0,004151473598692677;1,791778685271544;0,5230897622859433;0,27362289940836465;cenario_1_base;5;cenario_1_base_5_analistas
2027-02-25 09:00:00;Esaú;Propriedade intelectual;0,0;0,15519807333141483;0,009256481174413592;0,8315739868651064;0,18663170780087215;0,034831394356670126;cenario_1_base;5;cenario_1_base_5_analistas
2027-02-25 09:00:00;Esaú;Regulatório;0,0;0,15519807333141483;0,009256481174413592;2,2778890003249455;0,06813241264577664;0,0046420256529343855;cenario_1_base;5;cenario_1_base_5_analistas
2027-02-25 09:00:00;Esaú;Societário;0,0;0,15519807333141483;0,009256481174413592;3,666278631910266;0,042331227086947;0,0017919327866866752;cenario_1_base;5;cenario_1_base_5_analistas
2027-02-25 09:00:00;Esaú;Trabalhista;0,0;0,15519807333141483;0,009256481174413592;1,0541216944825509;0,14722974979430503;0,02167659922449366;cenario_1_base;5;cenario_1_base_5_analistas
2027-02-25 09:00:00;Esaú;Tributário;0,0;0,15519807333141483;0,009256481174413592;0,8408405324229671;0,18457491919923968;0,034067900797405855;cenario_1_base;5;cenario_1_base_5_analistas
2027-03-25 09:00:00;Jacó;Concorrencial;0,0;0,15519807333141483;0,009256481174413592;1,9324513357872601;0,08031150407634394;0,006449937687004609;cenario_1_base;5;cenario_1_base_5_analistas
2027-03-25 09:00:00;Jacó;Contencioso;0,0;0,15519807333141483;0,009256481174413592;1,6121853241892088;0,09626565321171508;0,00926707598827819;cenario_1_base;5;cenario_1_base_5_analistas
2027-03-25 09:00:00;Jacó;Contratos;94,60000000000001;0,9932023671790007;0,00047665060563753173;4,102876162914741;0,24207466366067837;0,058600142786430554;cenario_1_base;5;cenario_1_base_5_analistas
2027-03-25 09:00:00;Jacó;Direito digital;0,0;0,15519807333141483;0,009256481174413592;1,3868315357282366;0,11190838204434041;0,01252348597178205;cenario_1_base;5;cenario_1_base_5_analistas
2027-03-25 09:00:00;Jacó;Direito financeiro;0,0;0,15519807333141483;0,009256481174413592;1,9836670202553237;0,07823796622451223;0,006121179358947917;cenario_1_base;5;cenario_1_base_5_analistas
2027-03-25 09:00:00;Jacó;Governança;0,0;0,15519807333141483;0,009256481174413592;1,791778685271544;0,08661676500962202;0,007502463980732082;cenario_1_base;5;cenario_1_base_5_analistas
2027-03-25 09:00:00;Jacó;Propriedade intelectual;0,0;0,15519807333141483;0,009256481174413592;0,8327508355268507;0,18636795871027464;0,034733016033834635;cenario_1_base;5;cenario_1_base_5_analistas
2027-03-25 09:00:00;Jacó;Regulatório;0,0;0,15519807333141483;0,009256481174413592;2,309499402666992;0,06719987593510235;0,004515823325693148;cenario_1_base;5;cenario_1_base_5_analistas
2027-03-25 09:00:00;Jacó;Societário;62,9;0,9397063136563183;0,004000080055792463;3,666472208079332;0,25629713259127085;0,06568822017450747;cenario_1_base;5;cenario_1_base_5_analistas
2027-03-25 09:00:00;Jacó;Trabalhista;0,0;0,15519807333141483;0,009256481174413592;1,075030713159666;0,14436617617674005;0,020841592823893546;cenario_1_base;5;cenario_1_base_5_analistas
2027-03-25 09:00:00;Jacó;Tributário;6,0;0,21912033603812855;0,012080126974710233;0,8408405324229671;0,26059678094574146;0,06791068223928276;cenario_1_base;5;cenario_1_base_5_analistas
2027-03-25 09:00:00;Eva;Concorrencial;23,0;0,48235732751056;0,017628024769184583;1,9324513357872601;0,24960904245180007;0,06230467407370453;cenario_1_base;5;cenario_1_base_5_analistas
2027-03-25 09:00:00;Eva;Contencioso;3,6;0,19150818593804064;0,010931195726367362;1,6121853241892088;0,11878794767862862;0,01411057651370061;cenario_1_base;5;cenario_1_base_5_analistas
2027-03-25 09:00:00;Eva;Contratos;70,2;0,9630919782350953;0,0025095348704180054;4,102876162914741;0,2347358145830317;0,055100902647959436;cenario_1_base;5;cenario_1_base_5_analistas
2027-03-25 09:00:00;Eva;Direito digital;0,0;0,15519807333141483;0,009256481174413592;1,3868315357282366;0,11190838204434041;0,01252348597178205;cenario_1_base;5;cenario_1_base_5_analistas
2027-03-25 09:00:00;Eva;Direito financeiro;0,30000000000000004;0,1579953412967617;0,009392116627824873;1,9836670202553237;0,07964811618253635;0,006343822411426809;cenario_1_base;5;cenario_1_base_5_analistas
2027-03-25 09:00:00;Eva;Governança;0,0;0,15519807333141483;0,009256481174413592;1,791778685271544;0,08661676500962202;0,007502463980732082;cenario_1_base;5;cenario_1_base_5_analistas
2027-03-25 09:00:00;Eva;Propriedade intelectual;0,0;0,15519807333141483;0,009256481174413592;0,8327508355268507;0,18636795871027464;0,034733016033834635;cenario_1_base;5;cenario_1_base_5_analistas
2027-03-25 09:00:00;Eva;Regulatório;54,5;0,8959767470054846;0,006580090557665384;2,309499402666992;0,3879527944327752;0,15050737070819914;cenario_1_base;5;cenario_1_base_5_analistas
2027-03-25 09:00:00;Eva;Societário;57,9;0,9163180333252161;0,005413558236052631;3,666472208079332;0,2499181723799908;0,062459092885754804;cenario_1_base;5;cenario_1_base_5_analistas
2027-03-25 09:00:00;Eva;Trabalhista;0,0;0,15519807333141483;0,009256481174413592;1,075030713159666;0,14436617617674005;0,020841592823893546;cenario_1_base;5;cenario_1_base_5_analistas
2027-03-25 09:00:00;Eva;Tributário;0,0;0,15519807333141483;0,009256481174413592;0,8408405324229671;0,18457491919923968;0,034067900797405855;cenario_1_base;5;cenario_1_base_5_analistas
2027-03-25 09:00:00;Abraão;Concorrencial;82,8;0,9844997882824557;0,0010773528338904484;1,9324513357872601;0,5094564453191681;0,2595458696772425;cenario_1_base;5;cenario_1_base_5_analistas
2027-03-25 09:00:00;Abraão;Contencioso;0,0;0,15519807333141483;0,009256481174413592;1,6121853241892088;0,09626565321171508;0,00926707598827819;cenario_1_base;5;cenario_1_base_5_analistas
2027-03-25 09:00:00;Abraão;Contratos;0,0;0,15519807333141483;0,009256481174413592;4,102876162914741;0,03782665310111625;0,0014308556848321875;cenario_1_base;5;cenario_1_base_5_analistas
2027-03-25 09:00:00;Abraão;Direito digital;40,800000000000004;0,7660392424025773;0,012653152378031508;1,3868315357282366;0,5523664718226383;0,3051087191937895;cenario_1_base;5;cenario_1_base_5_analistas
2027-03-25 09:00:00;Abraão;Direito financeiro;85,4;0,9870655224719291;0,0009013626834317567;1,9836670202553237;0,49759637700932335;0,24760215441280467;cenario_1_base;5;cenario_1_base_5_analistas
2027-03-25 09:00:00;Abraão;Governança;0,0;0,15519807333141483;0,009256481174413592;1,791778685271544;0,08661676500962202;0,007502463980732082;cenario_1_base;5;cenario_1_base_5_analistas
2027-03-25 09:00:00;Abraão;Propriedade intelectual;5,4;0,21195854220119142;0,011792467572393085;0,8327508355268507;0,2545281651589014;0,064784586859157;cenario_1_base;5;cenario_1_base_5_analistas
2027-03-25 09:00:00;Abraão;Regulatório;65,10000000000001;0,947928435667263;0,003484824226359909;2,309499402666992;0,41044757776191787;0,16846721409062562;cenario_1_base;5;cenario_1_base_5_analistas
2027-03-25 09:00:00;Abraão;Societário;161,8;0,9999404526967746;4,203789268494622e-06;3,666472208079332;0,2727254963213234;0,07437919634371219;cenario_1_base;5;cenario_1_base_5_analistas
2027-03-25 09:00:00;Abraão;Trabalhista;21,400000000000002;0,45423841983400653;0,017502154971318216;1,075030713159666;0,42253529529303974;0,1785360757683763;cenario_1_base;5;cenario_1_base_5_analistas
2027-03-25 09:00:00;Abraão;Tributário;0,0;0,15519807333141483;0,009256481174413592;0,8408405324229671;0,18457491919923968;0,034067900797405855;cenario_1_base;5;cenario_1_base_5_analistas
2027-03-25 09:00:00;Adão;Concorrencial;0,0;0,15519807333141483;0,009256481174413592;1,9324513357872601;0,08031150407634394;0,006449937687004609;cenario_1_base;5;cenario_1_base_5_analistas
2027-03-25 09:00:00;Adão;Contencioso;0,0;0,15519807333141483;0,009256481174413592;1,6121853241892088;0,09626565321171508;0,00926707598827819;cenario_1_base;5;cenario_1_base_5_analistas
2027-03-25 09:00:00;Adão;Contratos;99,9;0,9953142848468807;0,00032926140139959495;4,102876162914741;0,24258940443861587;0,05884961914588235;cenario_1_base;5;cenario_1_base_5_analistas
2027-03-25 09:00:00;Adão;Direito digital;0,0;0,15519807333141483;0,009256481174413592;1,3868315357282366;0,11190838204434041;0,01252348597178205;cenario_1_base;5;cenario_1_base_5_analistas
2027-03-25 09:00:00;Adão;Direito financeiro;25,6;0,5282100098238032;0,01759381619140931;1,9836670202553237;0,2662795743591158;0,07090481172087189;cenario_1_base;5;cenario_1_base_5_analistas
2027-03-25 09:00:00;Adão;Governança;17,6;0,3889233787295877;0,016778936085024745;1,791778685271544;0,21705994268519072;0,047115018718498276;cenario_1_base;5;cenario_1_base_5_analistas
2027-03-25 09:00:00;Adão;Propriedade intelectual;0,0;0,15519807333141483;0,009256481174413592;0,8327508355268507;0,18636795871027464;0,034733016033834635;cenario_1_base;5;cenario_1_base_5_analistas
2027-03-25 09:00:00;Adão;Regulatório;0,0;0,15519807333141483;0,009256481174413592;2,309499402666992;0,06719987593510235;0,004515823325693148;cenario_1_base;5;cenario_1_base_5_analistas
2027-03-25 09:00:00;Adão;Societário;33,1;0,6553093350696082;0,015947058137080673;3,666472208079332;0,17873020655266048;0,03194448673435668;cenario_1_base;5;cenario_1_base_5_analistas
2027-03-25 09:00:00;Adão;Trabalhista;0,0;0,15519807333141483;0,009256481174413592;1,075030713159666;0,14436617617674005;0,020841592823893546;cenario_1_base;5;cenario_1_base_5_analistas
2027-03-25 09:00:00;Adão;Tributário;0,1;0,15612597639059406;0,009301596305599447;0,8408405324229671;0,18567846145653952;0,03447649104886763;cenario_1_base;5;cenario_1_base_5_analistas
2027-03-25 09:00:00;Esaú;Concorrencial;0,0;0,15519807333141483;0,009256481174413592;1,9324513357872601;0,08031150407634394;0,006449937687004609;cenario_1_base;5;cenario_1_base_5_analistas
2027-03-25 09:00:00;Esaú;Contencioso;67,30000000000001;0,9550829182569236;0,003028707348259811;1,6121853241892088;0,592415092686226;0,3509556420424298;cenario_1_base;5;cenario_1_base_5_analistas
2027-03-25 09:00:00;Esaú;Contratos;102,40000000000002;0,9960694593223501;0,0002764054618507629;4,102876162914741;0,24277346421655785;0,058938954927708294;cenario_1_base;5;cenario_1_base_5_analistas
2027-03-25 09:00:00;Esaú;Direito digital;0,0;0,15519807333141483;0,009256481174413592;1,3868315357282366;0,11190838204434041;0,01252348597178205;cenario_1_base;5;cenario_1_base_5_analistas
2027-03-25 09:00:00;Esaú;Direito financeiro;0,0;0,15519807333141483;0,009256481174413592;1,9836670202553237;0,07823796622451223;0,006121179358947917;cenario_1_base;5;cenario_1_base_5_analistas
2027-03-25 09:00:00;Esaú;Governança;62,300000000000004;0,9372610865477119;0,004151473598692677;1,791778685271544;0,5230897622859433;0,27362289940836465;cenario_1_base;5;cenario_1_base_5_analistas
2027-03-25 09:00:00;Esaú;Propriedade intelectual;0,0;0,15519807333141483;0,009256481174413592;0,8327508355268507;0,18636795871027464;0,034733016033834635;cenario_1_base;5;cenario_1_base_5_analistas
2027-03-25 09:00:00;Esaú;Regulatório;0,0;0,15519807333141483;0,009256481174413592;2,309499402666992;0,06719987593510235;0,004515823325693148;cenario_1_base;5;cenario_1_base_5_analistas
2027-03-25 09:00:00;Esaú;Societário;0,0;0,15519807333141483;0,009256481174413592;3,666472208079332;0,04232899215475433;0,0017917435768372537;cenario_1_base;5;cenario_1_base_5_analistas
2027-03-25 09:00:00;Esaú;Trabalhista;0,0;0,15519807333141483;0,009256481174413592;1,075030713159666;0,14436617617674005;0,020841592823893546;cenario_1_base;5;cenario_1_base_5_analistas
2027-03-25 09:00:00;Esaú;Tributário;0,0;0,15519807333141483;0,009256481174413592;0,8408405324229671;0,18457491919923968;0,034067900797405855;cenario_1_base;5;cenario_1_base_5_analistas
2027-04-22 09:00:00;Jacó;Concorrencial;0,0;0,15519807333141483;0,009256481174413592;1,9411060832725244;0,07995342174692756;0,006392549649042068;cenario_1_base;5;cenario_1_base_5_analistas
2027-04-22 09:00:00;Jacó;Contencioso;0,0;0,15519807333141483;0,009256481174413592;1,6121853241892088;0,09626565321171508;0,00926707598827819;cenario_1_base;5;cenario_1_base_5_analistas
2027-04-22 09:00:00;Jacó;Contratos;94,60000000000001;0,9932023671790007;0,00047665060563753173;4,102876162914741;0,24207466366067837;0,058600142786430554;cenario_1_base;5;cenario_1_base_5_analistas
2027-04-22 09:00:00;Jacó;Direito digital;0,0;0,15519807333141483;0,009256481174413592;1,3906060719191704;0,11160462798585838;0,012455592987861844;cenario_1_base;5;cenario_1_base_5_analistas
2027-04-22 09:00:00;Jacó;Direito financeiro;0,0;0,15519807333141483;0,009256481174413592;1,9836670202553237;0,07823796622451223;0,006121179358947917;cenario_1_base;5;cenario_1_base_5_analistas
2027-04-22 09:00:00;Jacó;Governança;0,0;0,15519807333141483;0,009256481174413592;1,791778685271544;0,08661676500962202;0,007502463980732082;cenario_1_base;5;cenario_1_base_5_analistas
2027-04-22 09:00:00;Jacó;Propriedade intelectual;0,0;0,15519807333141483;0,009256481174413592;0,8327508355268507;0,18636795871027464;0,034733016033834635;cenario_1_base;5;cenario_1_base_5_analistas
2027-04-22 09:00:00;Jacó;Regulatório;0,0;0,15519807333141483;0,009256481174413592;2,3138478535276406;0,06707358614560734;0,004498865958432208;cenario_1_base;5;cenario_1_base_5_analistas
2027-04-22 09:00:00;Jacó;Societário;62,9;0,9397063136563183;0,004000080055792463;3,666517748951976;0,2562939491905966;0,06568658839171213;cenario_1_base;5;cenario_1_base_5_analistas
2027-04-22 09:00:00;Jacó;Trabalhista;0,0;0,15519807333141483;0,009256481174413592;1,0785333492000382;0,1438973337695373;0,020706442665981623;cenario_1_base;5;cenario_1_base_5_analistas
2027-04-22 09:00:00;Jacó;Tributário;6,0;0,21912033603812855;0,012080126974710233;0,8408405324229671;0,26059678094574146;0,06791068223928276;cenario_1_base;5;cenario_1_base_5_analistas
2027-04-22 09:00:00;Eva;Concorrencial;23,0;0,48235732751056;0,017628024769184583;1,9411060832725244;0,24849611861364648;0,06175032096604746;cenario_1_base;5;cenario_1_base_5_analistas
2027-04-22 09:00:00;Eva;Contencioso;3,6;0,19150818593804064;0,010931195726367362;1,6121853241892088;0,11878794767862862;0,01411057651370061;cenario_1_base;5;cenario_1_base_5_analistas
2027-04-22 09:00:00;Eva;Contratos;70,2;0,9630919782350953;0,0025095348704180054;4,102876162914741;0,2347358145830317;0,055100902647959436;cenario_1_base;5;cenario_1_base_5_analistas
2027-04-22 09:00:00;Eva;Direito digital;0,0;0,15519807333141483;0,009256481174413592;1,3906060719191704;0,11160462798585838;0,012455592987861844;cenario_1_base;5;cenario_1_base_5_analistas
2027-04-22 09:00:00;Eva;Direito financeiro;0,30000000000000004;0,1579953412967617;0,009392116627824873;1,9836670202553237;0,07964811618253635;0,006343822411426809;cenario_1_base;5;cenario_1_base_5_analistas
2027-04-22 09:00:00;Eva;Governança;0,0;0,15519807333141483;0,009256481174413592;1,791778685271544;0,08661676500962202;0,007502463980732082;cenario_1_base;5;cenario_1_base_5_analistas
2027-04-22 09:00:00;Eva;Propriedade intelectual;0,0;0,15519807333141483;0,009256481174413592;0,8327508355268507;0,18636795871027464;0,034733016033834635;cenario_1_base;5;cenario_1_base_5_analistas
2027-04-22 09:00:00;Eva;Regulatório;54,5;0,8959767470054846;0,006580090557665384;2,3138478535276406;0,38722370861139316;0,14994220051076113;cenario_1_base;5;cenario_1_base_5_analistas
2027-04-22 09:00:00;Eva;Societário;57,9;0,9163180333252161;0,005413558236052631;3,666517748951976;0,24991506821073842;0,06245754131877804;cenario_1_base;5;cenario_1_base_5_analistas
2027-04-22 09:00:00;Eva;Trabalhista;0,0;0,15519807333141483;0,009256481174413592;1,0785333492000382;0,1438973337695373;0,020706442665981623;cenario_1_base;5;cenario_1_base_5_analistas
2027-04-22 09:00:00;Eva;Tributário;0,0;0,15519807333141483;0,009256481174413592;0,8408405324229671;0,18457491919923968;0,034067900797405855;cenario_1_base;5;cenario_1_base_5_analistas
2027-04-22 09:00:00;Abraão;Concorrencial;94,5;0,9931545357677201;0,0004799814319317509;1,9411060832725244;0,5116436161455709;0,26177918994251625;cenario_1_base;5;cenario_1_base_5_analistas
2027-04-22 09:00:00;Abraão;Contencioso;0,0;0,15519807333141483;0,009256481174413592;1,6121853241892088;0,09626565321171508;0,00926707598827819;cenario_1_base;5;cenario_1_base_5_analistas
2027-04-22 09:00:00;Abraão;Contratos;0,0;0,15519807333141483;0,009256481174413592;4,102876162914741;0,03782665310111625;0,0014308556848321875;cenario_1_base;5;cenario_1_base_5_analistas
2027-04-22 09:00:00;Abraão;Direito digital;41,1;0,7698137785935111;0,012510357056605078;1,3906060719191704;0,5535814880565665;0,30645246391892245;cenario_1_base;5;cenario_1_base_5_analistas
2027-04-22 09:00:00;Abraão;Direito financeiro;85,4;0,9870655224719291;0,0009013626834317567;1,9836670202553237;0,49759637700932335;0,24760215441280467;cenario_1_base;5;cenario_1_base_5_analistas
2027-04-22 09:00:00;Abraão;Governança;0,0;0,15519807333141483;0,009256481174413592;1,791778685271544;0,08661676500962202;0,007502463980732082;cenario_1_base;5;cenario_1_base_5_analistas
2027-04-22 09:00:00;Abraão;Propriedade intelectual;5,4;0,21195854220119142;0,011792467572393085;0,8327508355268507;0,2545281651589014;0,064784586859157;cenario_1_base;5;cenario_1_base_5_analistas
2027-04-22 09:00:00;Abraão;Regulatório;66,4;0,9522768865279112;0,0032084606246308963;2,3138478535276406;0,4115555329517847;0,16937795670322756;cenario_1_base;5;cenario_1_base_5_analistas
2027-04-22 09:00:00;Abraão;Societário;182,3;0,9999859935694182;9,888401487604184e-07;3,666517748951976;0,2727345296106232;0,07438412364192791;cenario_1_base;5;cenario_1_base_5_analistas
2027-04-22 09:00:00;Abraão;Trabalhista;21,6;0,4577410558743789;0,01752392122388197;1,0785333492000382;0,4244106649218508;0,18012441249940753;cenario_1_base;5;cenario_1_base_5_analistas
2027-04-22 09:00:00;Abraão;Tributário;0,0;0,15519807333141483;0,009256481174413592;0,8408405324229671;0,18457491919923968;0,034067900797405855;cenario_1_base;5;cenario_1_base_5_analistas
2027-04-22 09:00:00;Adão;Concorrencial;0,0;0,15519807333141483;0,009256481174413592;1,9411060832725244;0,07995342174692756;0,006392549649042068;cenario_1_base;5;cenario_1_base_5_analistas
2027-04-22 09:00:00;Adão;Contencioso;0,0;0,15519807333141483;0,009256481174413592;1,6121853241892088;0,09626565321171508;0,00926707598827819;cenario_1_base;5;cenario_1_base_5_analistas
2027-04-22 09:00:00;Adão;Contratos;99,9;0,9953142848468807;0,00032926140139959495;4,102876162914741;0,24258940443861587;0,05884961914588235;cenario_1_base;5;cenario_1_base_5_analistas
2027-04-22 09:00:00;Adão;Direito digital;0,0;0,15519807333141483;0,009256481174413592;1,3906060719191704;0,11160462798585838;0,012455592987861844;cenario_1_base;5;cenario_1_base_5_analistas
2027-04-22 09:00:00;Adão;Direito financeiro;25,6;0,5282100098238032;0,01759381619140931;1,9836670202553237;0,2662795743591158;0,07090481172087189;cenario_1_base;5;cenario_1_base_5_analistas
2027-04-22 09:00:00;Adão;Governança;17,6;0,3889233787295877;0,016778936085024745;1,791778685271544;0,21705994268519072;0,047115018718498276;cenario_1_base;5;cenario_1_base_5_analistas
2027-04-22 09:00:00;Adão;Propriedade intelectual;0,0;0,15519807333141483;0,009256481174413592;0,8327508355268507;0,18636795871027464;0,034733016033834635;cenario_1_base;5;cenario_1_base_5_analistas
2027-04-22 09:00:00;Adão;Regulatório;0,0;0,15519807333141483;0,009256481174413592;2,3138478535276406;0,06707358614560734;0,004498865958432208;cenario_1_base;5;cenario_1_base_5_analistas
2027-04-22 09:00:00;Adão;Societário;33,1;0,6553093350696082;0,015947058137080673;3,666517748951976;0,17872798659079708;0,03194369319080014;cenario_1_base;5;cenario_1_base_5_analistas
2027-04-22 09:00:00;Adão;Trabalhista;0,0;0,15519807333141483;0,009256481174413592;1,0785333492000382;0,1438973337695373;0,020706442665981623;cenario_1_base;5;cenario_1_base_5_analistas
2027-04-22 09:00:00;Adão;Tributário;0,1;0,15612597639059406;0,009301596305599447;0,8408405324229671;0,18567846145653952;0,03447649104886763;cenario_1_base;5;cenario_1_base_5_analistas
2027-04-22 09:00:00;Esaú;Concorrencial;0,0;0,15519807333141483;0,009256481174413592;1,9411060832725244;0,07995342174692756;0,006392549649042068;cenario_1_base;5;cenario_1_base_5_analistas
2027-04-22 09:00:00;Esaú;Contencioso;67,30000000000001;0,9550829182569236;0,003028707348259811;1,6121853241892088;0,592415092686226;0,3509556420424298;cenario_1_base;5;cenario_1_base_5_analistas
2027-04-22 09:00:00;Esaú;Contratos;102,40000000000002;0,9960694593223501;0,0002764054618507629;4,102876162914741;0,24277346421655785;0,058938954927708294;cenario_1_base;5;cenario_1_base_5_analistas
2027-04-22 09:00:00;Esaú;Direito digital;0,0;0,15519807333141483;0,009256481174413592;1,3906060719191704;0,11160462798585838;0,012455592987861844;cenario_1_base;5;cenario_1_base_5_analistas
2027-04-22 09:00:00;Esaú;Direito financeiro;0,0;0,15519807333141483;0,009256481174413592;1,9836670202553237;0,07823796622451223;0,006121179358947917;cenario_1_base;5;cenario_1_base_5_analistas
2027-04-22 09:00:00;Esaú;Governança;62,300000000000004;0,9372610865477119;0,004151473598692677;1,791778685271544;0,5230897622859433;0,27362289940836465;cenario_1_base;5;cenario_1_base_5_analistas
2027-04-22 09:00:00;Esaú;Propriedade intelectual;0,0;0,15519807333141483;0,009256481174413592;0,8327508355268507;0,18636795871027464;0,034733016033834635;cenario_1_base;5;cenario_1_base_5_analistas
2027-04-22 09:00:00;Esaú;Regulatório;0,0;0,15519807333141483;0,009256481174413592;2,3138478535276406;0,06707358614560734;0,004498865958432208;cenario_1_base;5;cenario_1_base_5_analistas
2027-04-22 09:00:00;Esaú;Societário;0,0;0,15519807333141483;0,009256481174413592;3,666517748951976;0,042328466397244656;0,00179169906754267;cenario_1_base;5;cenario_1_base_5_analistas
2027-04-22 09:00:00;Esaú;Trabalhista;0,0;0,15519807333141483;0,009256481174413592;1,0785333492000382;0,1438973337695373;0,020706442665981623;cenario_1_base;5;cenario_1_base_5_analistas
2027-04-22 09:00:00;Esaú;Tributário;0,0;0,15519807333141483;0,009256481174413592;0,8408405324229671;0,18457491919923968;0,034067900797405855;cenario_1_base;5;cenario_1_base_5_analistas
2027-05-20 09:00:00;Jacó;Concorrencial;0,0;0,15519807333141483;0,009256481174413592;1,9434907635906864;0,079855318192858;0,006376871843682598;cenario_1_base;5;cenario_1_base_5_analistas
2027-05-20 09:00:00;Jacó;Contencioso;0,0;0,15519807333141483;0,009256481174413592;1,6121853241892088;0,09626565321171508;0,00926707598827819;cenario_1_base;5;cenario_1_base_5_analistas
2027-05-20 09:00:00;Jacó;Contratos;94,60000000000001;0,9932023671790007;0,00047665060563753173;4,102876162914741;0,24207466366067837;0,058600142786430554;cenario_1_base;5;cenario_1_base_5_analistas
2027-05-20 09:00:00;Jacó;Direito digital;0,0;0,15519807333141483;0,009256481174413592;1,3955720462711;0,111207496414174;0,012367107258708524;cenario_1_base;5;cenario_1_base_5_analistas
2027-05-20 09:00:00;Jacó;Direito financeiro;0,0;0,15519807333141483;0,009256481174413592;1,9836670202553237;0,07823796622451223;0,006121179358947917;cenario_1_base;5;cenario_1_base_5_analistas
2027-05-20 09:00:00;Jacó;Governança;0,0;0,15519807333141483;0,009256481174413592;1,791778685271544;0,08661676500962202;0,007502463980732082;cenario_1_base;5;cenario_1_base_5_analistas
2027-05-20 09:00:00;Jacó;Propriedade intelectual;0,0;0,15519807333141483;0,009256481174413592;0,8472468721659471;0,18317928154123272;0,0335546491859622;cenario_1_base;5;cenario_1_base_5_analistas
2027-05-20 09:00:00;Jacó;Regulatório;0,0;0,15519807333141483;0,009256481174413592;2,3263799742589995;0,0667122632797115;0,004450526071901543;cenario_1_base;5;cenario_1_base_5_analistas
2027-05-20 09:00:00;Jacó;Societário;62,9;0,9397063136563183;0,004000080055792463;3,6665263552410527;0,25629334760217154;0,06568628002512752;cenario_1_base;5;cenario_1_base_5_analistas
2027-05-20 09:00:00;Jacó;Trabalhista;0,0;0,15519807333141483;0,009256481174413592;1,1839924457475903;0,13108029015626066;0,017182042467449483;cenario_1_base;5;cenario_1_base_5_analistas
2027-05-20 09:00:00;Jacó;Tributário;6,0;0,21912033603812855;0,012080126974710233;0,8408405324229671;0,26059678094574146;0,06791068223928276;cenario_1_base;5;cenario_1_base_5_analistas
2027-05-20 09:00:00;Eva;Concorrencial;23,0;0,48235732751056;0,017628024769184583;1,9434907635906864;0,2481912116831382;0,06159887755674432;cenario_1_base;5;cenario_1_base_5_analistas
2027-05-20 09:00:00;Eva;Contencioso;3,6;0,19150818593804064;0,010931195726367362;1,6121853241892088;0,11878794767862862;0,01411057651370061;cenario_1_base;5;cenario_1_base_5_analistas
2027-05-20 09:00:00;Eva;Contratos;70,2;0,9630919782350953;0,0025095348704180054;4,102876162914741;0,2347358145830317;0,055100902647959436;cenario_1_base;5;cenario_1_base_5_analistas
2027-05-20 09:00:00;Eva;Direito digital;0,0;0,15519807333141483;0,009256481174413592;1,3955720462711;0,111207496414174;0,012367107258708524;cenario_1_base;5;cenario_1_base_5_analistas
2027-05-20 09:00:00;Eva;Direito financeiro;0,30000000000000004;0,1579953412967617;0,009392116627824873;1,9836670202553237;0,07964811618253635;0,006343822411426809;cenario_1_base;5;cenario_1_base_5_analistas
2027-05-20 09:00:00;Eva;Governança;0,0;0,15519807333141483;0,009256481174413592;1,791778685271544;0,08661676500962202;0,007502463980732082;cenario_1_base;5;cenario_1_base_5_analistas
2027-05-20 09:00:00;Eva;Propriedade intelectual;0,0;0,15519807333141483;0,009256481174413592;0,8472468721659471;0,18317928154123272;0,0335546491859622;cenario_1_base;5;cenario_1_base_5_analistas
2027-05-20 09:00:00;Eva;Regulatório;54,5;0,8959767470054846;0,006580090557665384;2,3263799742589995;0,38513774917224;0,14833108583745924;cenario_1_base;5;cenario_1_base_5_analistas
2027-05-20 09:00:00;Eva;Societário;57,9;0,9163180333252161;0,005413558236052631;3,6665263552410527;0,2499144815952028;0,06245724811099896;cenario_1_base;5;cenario_1_base_5_analistas
2027-05-20 09:00:00;Eva;Trabalhista;0,0;0,15519807333141483;0,009256481174413592;1,1839924457475903;0,13108029015626066;0,017182042467449483;cenario_1_base;5;cenario_1_base_5_analistas
2027-05-20 09:00:00;Eva;Tributário;0,0;0,15519807333141483;0,009256481174413592;0,8408405324229671;0,18457491919923968;0,034067900797405855;cenario_1_base;5;cenario_1_base_5_analistas
2027-05-20 09:00:00;Abraão;Concorrencial;100,60000000000001;0,9955392160858819;0,00031352650366186775;1,9434907635906864;0,5122428337382877;0,2623927207162311;cenario_1_base;5;cenario_1_base_5_analistas
2027-05-20 09:00:00;Abraão;Contencioso;0,0;0,15519807333141483;0,009256481174413592;1,6121853241892088;0,09626565321171508;0,00926707598827819;cenario_1_base;5;cenario_1_base_5_analistas
2027-05-20 09:00:00;Abraão;Contratos;0,0;0,15519807333141483;0,009256481174413592;4,102876162914741;0,03782665310111625;0,0014308556848321875;cenario_1_base;5;cenario_1_base_5_analistas
2027-05-20 09:00:00;Abraão;Direito digital;41,5;0,7747797529454408;0,012319423768409722;1,3955720462711;0,555170014343304;0,30821374482594444;cenario_1_base;5;cenario_1_base_5_analistas
2027-05-20 09:00:00;Abraão;Direito financeiro;85,4;0,9870655224719291;0,0009013626834317567;1,9836670202553237;0,49759637700932335;0,24760215441280467;cenario_1_base;5;cenario_1_base_5_analistas
2027-05-20 09:00:00;Abraão;Governança;0,0;0,15519807333141483;0,009256481174413592;1,791778685271544;0,08661676500962202;0,007502463980732082;cenario_1_base;5;cenario_1_base_5_analistas
2027-05-20 09:00:00;Abraão;Propriedade intelectual;6,6000000000000005;0,22645457884028775;0,012367206920916429;0,8472468721659471;0,2672828738350691;0,07144013464553346;cenario_1_base;5;cenario_1_base_5_analistas
2027-05-20 09:00:00;Abraão;Regulatório;70,9;0,9648090072592702;0,0023970526260080095;2,3263799742589995;0,41472546098862545;0,1719972079922279;cenario_1_base;5;cenario_1_base_5_analistas
2027-05-20 09:00:00;Abraão;Societário;195,8;0,9999945998584953;3,812479314308262e-07;3,6665263552410527;0,27273623669145874;0,0743850548046194;cenario_1_base;5;cenario_1_base_5_analistas
2027-05-20 09:00:00;Abraão;Trabalhista;27,6;0,5632001524219311;0,017368005295809435;1,1839924457475903;0,47567883937495753;0,22627035822910666;cenario_1_base;5;cenario_1_base_5_analistas
2027-05-20 09:00:00;Abraão;Tributário;0,0;0,15519807333141483;0,009256481174413592;0,8408405324229671;0,18457491919923968;0,034067900797405855;cenario_1_base;5;cenario_1_base_5_analistas
2027-05-20 09:00:00;Adão;Concorrencial;0,0;0,15519807333141483;0,009256481174413592;1,9434907635906864;0,079855318192858;0,006376871843682598;cenario_1_base;5;cenario_1_base_5_analistas
2027-05-20 09:00:00;Adão;Contencioso;0,0;0,15519807333141483;0,009256481174413592;1,6121853241892088;0,09626565321171508;0,00926707598827819;cenario_1_base;5;cenario_1_base_5_analistas
2027-05-20 09:00:00;Adão;Contratos;99,9;0,9953142848468807;0,00032926140139959495;4,102876162914741;0,24258940443861587;0,05884961914588235;cenario_1_base;5;cenario_1_base_5_analistas
2027-05-20 09:00:00;Adão;Direito digital;0,0;0,15519807333141483;0,009256481174413592;1,3955720462711;0,111207496414174;0,012367107258708524;cenario_1_base;5;cenario_1_base_5_analistas
2027-05-20 09:00:00;Adão;Direito financeiro;25,6;0,5282100098238032;0,01759381619140931;1,9836670202553237;0,2662795743591158;0,07090481172087189;cenario_1_base;5;cenario_1_base_5_analistas
2027-05-20 09:00:00;Adão;Governança;17,6;0,3889233787295877;0,016778936085024745;1,791778685271544;0,21705994268519072;0,047115018718498276;cenario_1_base;5;cenario_1_base_5_analistas
2027-05-20 09:00:00;Adão;Propriedade intelectual;0,0;0,15519807333141483;0,009256481174413592;0,8472468721659471;0,18317928154123272;0,0335546491859622;cenario_1_base;5;cenario_1_base_5_analistas
2027-05-20 09:00:00;Adão;Regulatório;0,0;0,15519807333141483;0,009256481174413592;2,3263799742589995;0,0667122632797115;0,004450526071901543;cenario_1_base;5;cenario_1_base_5_analistas
2027-05-20 09:00:00;Adão;Societário;33,1;0,6553093350696082;0,015947058137080673;3,6665263552410527;0,17872756706982007;0,03194354323069703;cenario_1_base;5;cenario_1_base_5_analistas
2027-05-20 09:00:00;Adão;Trabalhista;0,0;0,15519807333141483;0,009256481174413592;1,1839924457475903;0,13108029015626066;0,017182042467449483;cenario_1_base;5;cenario_1_base_5_analistas
2027-05-20 09:00:00;Adão;Tributário;0,1;0,15612597639059406;0,009301596305599447;0,8408405324229671;0,18567846145653952;0,03447649104886763;cenario_1_base;5;cenario_1_base_5_analistas
2027-05-20 09:00:00;Esaú;Concorrencial;0,0;0,15519807333141483;0,009256481174413592;1,9434907635906864;0,079855318192858;0,006376871843682598;cenario_1_base;5;cenario_1_base_5_analistas
2027-05-20 09:00:00;Esaú;Contencioso;67,30000000000001;0,9550829182569236;0,003028707348259811;1,6121853241892088;0,592415092686226;0,3509556420424298;cenario_1_base;5;cenario_1_base_5_analistas
2027-05-20 09:00:00;Esaú;Contratos;102,40000000000002;0,9960694593223501;0,0002764054618507629;4,102876162914741;0,24277346421655785;0,058938954927708294;cenario_1_base;5;cenario_1_base_5_analistas
2027-05-20 09:00:00;Esaú;Direito digital;0,0;0,15519807333141483;0,009256481174413592;1,3955720462711;0,111207496414174;0,012367107258708524;cenario_1_base;5;cenario_1_base_5_analistas
2027-05-20 09:00:00;Esaú;Direito financeiro;0,0;0,15519807333141483;0,009256481174413592;1,9836670202553237;0,07823796622451223;0,006121179358947917;cenario_1_base;5;cenario_1_base_5_analistas
2027-05-20 09:00:00;Esaú;Governança;62,300000000000004;0,9372610865477119;0,004151473598692677;1,791778685271544;0,5230897622859433;0,27362289940836465;cenario_1_base;5;cenario_1_base_5_analistas
2027-05-20 09:00:00;Esaú;Propriedade intelectual;0,0;0,15519807333141483;0,009256481174413592;0,8472468721659471;0,18317928154123272;0,0335546491859622;cenario_1_base;5;cenario_1_base_5_analistas
2027-05-20 09:00:00;Esaú;Regulatório;0,0;0,15519807333141483;0,009256481174413592;2,3263799742589995;0,0667122632797115;0,004450526071901543;cenario_1_base;5;cenario_1_base_5_analistas
2027-05-20 09:00:00;Esaú;Societário;0,0;0,15519807333141483;0,009256481174413592;3,6665263552410527;0,042328367041346814;0,0017916906563869752;cenario_1_base;5;cenario_1_base_5_analistas
2027-05-20 09:00:00;Esaú;Trabalhista;0,0;0,15519807333141483;0,009256481174413592;1,1839924457475903;0,13108029015626066;0,017182042467449483;cenario_1_base;5;cenario_1_base_5_analistas
2027-05-20 09:00:00;Esaú;Tributário;0,0;0,15519807333141483;0,009256481174413592;0,8408405324229671;0,18457491919923968;0,034067900797405855;cenario_1_base;5;cenario_1_base_5_analistas
2027-06-17 09:00:00;Jacó;Concorrencial;0,0;0,15519807333141483;0,009256481174413592;1,9434907635906864;0,079855318192858;0,006376871843682598;cenario_1_base;5;cenario_1_base_5_analistas
2027-06-17 09:00:00;Jacó;Contencioso;0,0;0,15519807333141483;0,009256481174413592;1,6121853241892088;0,09626565321171508;0,00926707598827819;cenario_1_base;5;cenario_1_base_5_analistas
2027-06-17 09:00:00;Jacó;Contratos;94,60000000000001;0,9932023671790007;0,00047665060563753173;4,126410384649195;0,240694035395473;0,0579336186749572;cenario_1_base;5;cenario_1_base_5_analistas
2027-06-17 09:00:00;Jacó;Direito digital;0,0;0,15519807333141483;0,009256481174413592;1,4135123699791248;0,10979604892577406;0,012055172359710972;cenario_1_base;5;cenario_1_base_5_analistas
2027-06-17 09:00:00;Jacó;Direito financeiro;0,0;0,15519807333141483;0,009256481174413592;1,9836670202553237;0,07823796622451223;0,006121179358947917;cenario_1_base;5;cenario_1_base_5_analistas
2027-06-17 09:00:00;Jacó;Governança;0,0;0,15519807333141483;0,009256481174413592;1,791778685271544;0,08661676500962202;0,007502463980732082;cenario_1_base;5;cenario_1_base_5_analistas
2027-06-17 09:00:00;Jacó;Propriedade intelectual;0,0;0,15519807333141483;0,009256481174413592;0,8962272551459929;0,17316821424509513;0,029987230424835167;cenario_1_base;5;cenario_1_base_5_analistas
2027-06-17 09:00:00;Jacó;Regulatório;0,0;0,15519807333141483;0,009256481174413592;2,3382485137964446;0,06637364352663737;0,004405460555001131;cenario_1_base;5;cenario_1_base_5_analistas
2027-06-17 09:00:00;Jacó;Societário;62,9;0,9397063136563183;0,004000080055792463;3,666529658632695;0,2562931166924609;0,06568616166393539;cenario_1_base;5;cenario_1_base_5_analistas
2027-06-17 09:00:00;Jacó;Trabalhista;0,0;0,15519807333141483;0,009256481174413592;1,1857284644668598;0,1308883762027225;0,017131767024985416;cenario_1_base;5;cenario_1_base_5_analistas
2027-06-17 09:00:00;Jacó;Tributário;6,0;0,21912033603812855;0,012080126974710233;0,8408405324229671;0,26059678094574146;0,06791068223928276;cenario_1_base;5;cenario_1_base_5_analistas
2027-06-17 09:00:00;Eva;Concorrencial;23,0;0,48235732751056;0,017628024769184583;1,9434907635906864;0,2481912116831382;0,06159887755674432;cenario_1_base;5;cenario_1_base_5_analistas
2027-06-17 09:00:00;Eva;Contencioso;3,6;0,19150818593804064;0,010931195726367362;1,6121853241892088;0,11878794767862862;0,01411057651370061;cenario_1_base;5;cenario_1_base_5_analistas
2027-06-17 09:00:00;Eva;Contratos;70,2;0,9630919782350953;0,0025095348704180054;4,126410384649195;0,2333970420920633;0,05447417925732437;cenario_1_base;5;cenario_1_base_5_analistas
2027-06-17 09:00:00;Eva;Direito digital;0,0;0,15519807333141483;0,009256481174413592;1,4135123699791248;0,10979604892577406;0,012055172359710972;cenario_1_base;5;cenario_1_base_5_analistas
2027-06-17 09:00:00;Eva;Direito financeiro;0,30000000000000004;0,1579953412967617;0,009392116627824873;1,9836670202553237;0,07964811618253635;0,006343822411426809;cenario_1_base;5;cenario_1_base_5_analistas
2027-06-17 09:00:00;Eva;Governança;0,0;0,15519807333141483;0,009256481174413592;1,791778685271544;0,08661676500962202;0,007502463980732082;cenario_1_base;5;cenario_1_base_5_analistas
2027-06-17 09:00:00;Eva;Propriedade intelectual;0,0;0,15519807333141483;0,009256481174413592;0,8962272551459929;0,17316821424509513;0,029987230424835167;cenario_1_base;5;cenario_1_base_5_analistas
2027-06-17 09:00:00;Eva;Regulatório;54,5;0,8959767470054846;0,006580090557665384;2,3382485137964446;0,3831828574759798;0,14682910226345705;cenario_1_base;5;cenario_1_base_5_analistas
2027-06-17 09:00:00;Eva;Societário;57,9;0,9163180333252161;0,005413558236052631;3,666529658632695;0,24991425643258675;0,06245713556825273;cenario_1_base;5;cenario_1_base_5_analistas
2027-06-17 09:00:00;Eva;Trabalhista;0,0;0,15519807333141483;0,009256481174413592;1,1857284644668598;0,1308883762027225;0,017131767024985416;cenario_1_base;5;cenario_1_base_5_analistas
2027-06-17 09:00:00;Eva;Tributário;0,0;0,15519807333141483;0,009256481174413592;0,8408405324229671;0,18457491919923968;0,034067900797405855;cenario_1_base;5;cenario_1_base_5_analistas
2027-06-17 09:00:00;Abraão;Concorrencial;100,60000000000001;0,9955392160858819;0,00031352650366186775;1,9434907635906864;0,5122428337382877;0,2623927207162311;cenario_1_base;5;cenario_1_base_5_analistas
2027-06-17 09:00:00;Abraão;Contencioso;0,0;0,15519807333141483;0,009256481174413592;1,6121853241892088;0,09626565321171508;0,00926707598827819;cenario_1_base;5;cenario_1_base_5_analistas
2027-06-17 09:00:00;Abraão;Contratos;2,4000000000000004;0,1787322950658686;0,010363166560704724;4,126410384649195;0,04331423159721993;0,0018761226588576052;cenario_1_base;5;cenario_1_base_5_analistas
2027-06-17 09:00:00;Abraão;Direito digital;43,0;0,7927200766534654;0,011600635944713646;1,4135123699791248;0,5608158042969037;0,314514366349183;cenario_1_base;5;cenario_1_base_5_analistas
2027-06-17 09:00:00;Abraão;Direito financeiro;85,4;0,9870655224719291;0,0009013626834317567;1,9836670202553237;0,49759637700932335;0,24760215441280467;cenario_1_base;5;cenario_1_base_5_analistas
2027-06-17 09:00:00;Abraão;Governança;0,0;0,15519807333141483;0,009256481174413592;1,791778685271544;0,08661676500962202;0,007502463980732082;cenario_1_base;5;cenario_1_base_5_analistas
2027-06-17 09:00:00;Abraão;Propriedade intelectual;10,3;0,2754349618203336;0,014089680380091967;0,8962272551459929;0,30732714301961955;0,0944499728366017;cenario_1_base;5;cenario_1_base_5_analistas
2027-06-17 09:00:00;Abraão;Regulatório;76,9;0,9766775467967155;0,0016081632564184777;2,3382485137964446;0,4176962119441081;0,17447012547245727;cenario_1_base;5;cenario_1_base_5_analistas
2027-06-17 09:00:00;Abraão;Societário;209,2;0,9999979032501377;1,480302298946844e-07;3,666529658632695;0,2727368919260433;0,07438541221747821;cenario_1_base;5;cenario_1_base_5_analistas
2027-06-17 09:00:00;Abraão;Trabalhista;27,700000000000003;0,5649361711412003;0,017352300533632962;1,1857284644668598;0,47644649518910986;0,2270012627779865;cenario_1_base;5;cenario_1_base_5_analistas
2027-06-17 09:00:00;Abraão;Tributário;0,0;0,15519807333141483;0,009256481174413592;0,8408405324229671;0,18457491919923968;0,034067900797405855;cenario_1_base;5;cenario_1_base_5_analistas
2027-06-17 09:00:00;Adão;Concorrencial;0,0;0,15519807333141483;0,009256481174413592;1,9434907635906864;0,079855318192858;0,006376871843682598;cenario_1_base;5;cenario_1_base_5_analistas
2027-06-17 09:00:00;Adão;Contencioso;0,0;0,15519807333141483;0,009256481174413592;1,6121853241892088;0,09626565321171508;0,00926707598827819;cenario_1_base;5;cenario_1_base_5_analistas
2027-06-17 09:00:00;Adão;Contratos;99,9;0,9953142848468807;0,00032926140139959495;4,126410384649195;0,24120584044417503;0,058180257464380825;cenario_1_base;5;cenario_1_base_5_analistas
2027-06-17 09:00:00;Adão;Direito digital;0,0;0,15519807333141483;0,009256481174413592;1,4135123699791248;0,10979604892577406;0,012055172359710972;cenario_1_base;5;cenario_1_base_5_analistas
2027-06-17 09:00:00;Adão;Direito financeiro;25,6;0,5282100098238032;0,01759381619140931;1,9836670202553237;0,2662795743591158;0,07090481172087189;cenario_1_base;5;cenario_1_base_5_analistas
2027-06-17 09:00:00;Adão;Governança;17,6;0,3889233787295877;0,016778936085024745;1,791778685271544;0,21705994268519072;0,047115018718498276;cenario_1_base;5;cenario_1_base_5_analistas
2027-06-17 09:00:00;Adão;Propriedade intelectual;0,0;0,15519807333141483;0,009256481174413592;0,8962272551459929;0,17316821424509513;0,029987230424835167;cenario_1_base;5;cenario_1_base_5_analistas
2027-06-17 09:00:00;Adão;Regulatório;0,0;0,15519807333141483;0,009256481174413592;2,3382485137964446;0,06637364352663737;0,004405460555001131;cenario_1_base;5;cenario_1_base_5_analistas
2027-06-17 09:00:00;Adão;Societário;33,1;0,6553093350696082;0,015947058137080673;3,666529658632695;0,17872740604367102;0,03194348567109925;cenario_1_base;5;cenario_1_base_5_analistas
2027-06-17 09:00:00;Adão;Trabalhista;0,0;0,15519807333141483;0,009256481174413592;1,1857284644668598;0,1308883762027225;0,017131767024985416;cenario_1_base;5;cenario_1_base_5_analistas
2027-06-17 09:00:00;Adão;Tributário;0,1;0,15612597639059406;0,009301596305599447;0,8408405324229671;0,18567846145653952;0,03447649104886763;cenario_1_base;5;cenario_1_base_5_analistas
2027-06-17 09:00:00;Esaú;Concorrencial;0,0;0,15519807333141483;0,009256481174413592;1,9434907635906864;0,079855318192858;0,006376871843682598;cenario_1_base;5;cenario_1_base_5_analistas
2027-06-17 09:00:00;Esaú;Contencioso;67,30000000000001;0,9550829182569236;0,003028707348259811;1,6121853241892088;0,592415092686226;0,3509556420424298;cenario_1_base;5;cenario_1_base_5_analistas
2027-06-17 09:00:00;Esaú;Contratos;102,40000000000002;0,9960694593223501;0,0002764054618507629;4,126410384649195;0,2413888504710688;0,05826857713174402;cenario_1_base;5;cenario_1_base_5_analistas
2027-06-17 09:00:00;Esaú;Direito digital;0,0;0,15519807333141483;0,009256481174413592;1,4135123699791248;0,10979604892577406;0,012055172359710972;cenario_1_base;5;cenario_1_base_5_analistas
2027-06-17 09:00:00;Esaú;Direito financeiro;0,0;0,15519807333141483;0,009256481174413592;1,9836670202553237;0,07823796622451223;0,006121179358947917;cenario_1_base;5;cenario_1_base_5_analistas
2027-06-17 09:00:00;Esaú;Governança;62,300000000000004;0,9372610865477119;0,004151473598692677;1,791778685271544;0,5230897622859433;0,27362289940836465;cenario_1_base;5;cenario_1_base_5_analistas
2027-06-17 09:00:00;Esaú;Propriedade intelectual;0,0;0,15519807333141483;0,009256481174413592;0,8962272551459929;0,17316821424509513;0,029987230424835167;cenario_1_base;5;cenario_1_base_5_analistas
2027-06-17 09:00:00;Esaú;Regulatório;0,0;0,15519807333141483;0,009256481174413592;2,3382485137964446;0,06637364352663737;0,004405460555001131;cenario_1_base;5;cenario_1_base_5_analistas
2027-06-17 09:00:00;Esaú;Societário;0,0;0,15519807333141483;0,009256481174413592;3,666529658632695;0,04232832890523803;0,0017916874279100092;cenario_1_base;5;cenario_1_base_5_analistas
2027-06-17 09:00:00;Esaú;Trabalhista;0,0;0,15519807333141483;0,009256481174413592;1,1857284644668598;0,1308883762027225;0,017131767024985416;cenario_1_base;5;cenario_1_base_5_analistas
2027-06-17 09:00:00;Esaú;Tributário;0,0;0,15519807333141483;0,009256481174413592;0,8408405324229671;0,18457491919923968;0,034067900797405855;cenario_1_base;5;cenario_1_base_5_analistas
2027-07-15 09:00:00;Jacó;Concorrencial;0,0;0,15519807333141483;0,009256481174413592;1,9434907635906864;0,079855318192858;0,006376871843682598;cenario_1_base;5;cenario_1_base_5_analistas
2027-07-15 09:00:00;Jacó;Contencioso;0,0;0,15519807333141483;0,009256481174413592;1,6121853241892088;0,09626565321171508;0,00926707598827819;cenario_1_base;5;cenario_1_base_5_analistas
2027-07-15 09:00:00;Jacó;Contratos;94,60000000000001;0,9932023671790007;0,00047665060563753173;4,52988023445397;0,21925576743172345;0,048073091552074;cenario_1_base;5;cenario_1_base_5_analistas
2027-07-15 09:00:00;Jacó;Direito digital;0,0;0,15519807333141483;0,009256481174413592;1,4146700363274718;0,10970619957026441;0,012035450224150684;cenario_1_base;5;cenario_1_base_5_analistas
2027-07-15 09:00:00;Jacó;Direito financeiro;0,0;0,15519807333141483;0,009256481174413592;1,9836670202553237;0,07823796622451223;0,006121179358947917;cenario_1_base;5;cenario_1_base_5_analistas
2027-07-15 09:00:00;Jacó;Governança;0,0;0,15519807333141483;0,009256481174413592;1,791778685271544;0,08661676500962202;0,007502463980732082;cenario_1_base;5;cenario_1_base_5_analistas
2027-07-15 09:00:00;Jacó;Propriedade intelectual;0,0;0,15519807333141483;0,009256481174413592;0,8962272551459929;0,17316821424509513;0,029987230424835167;cenario_1_base;5;cenario_1_base_5_analistas
2027-07-15 09:00:00;Jacó;Regulatório;0,0;0,15519807333141483;0,009256481174413592;2,3402501506097635;0,06631687355771657;0,004397927718470166;cenario_1_base;5;cenario_1_base_5_analistas
2027-07-15 09:00:00;Jacó;Societário;62,9;0,9397063136563183;0,004000080055792463;3,666529658632695;0,2562931166924609;0,06568616166393539;cenario_1_base;5;cenario_1_base_5_analistas
2027-07-15 09:00:00;Jacó;Trabalhista;0,0;0,15519807333141483;0,009256481174413592;1,189195687874717;0,13050675756214575;0,017032013769384687;cenario_1_base;5;cenario_1_base_5_analistas
2027-07-15 09:00:00;Jacó;Tributário;6,0;0,21912033603812855;0,012080126974710233;0,8408405324229671;0,26059678094574146;0,06791068223928276;cenario_1_base;5;cenario_1_base_5_analistas
2027-07-15 09:00:00;Eva;Concorrencial;23,0;0,48235732751056;0,017628024769184583;1,9434907635906864;0,2481912116831382;0,06159887755674432;cenario_1_base;5;cenario_1_base_5_analistas
2027-07-15 09:00:00;Eva;Contencioso;3,6;0,19150818593804064;0,010931195726367362;1,6121853241892088;0,11878794767862862;0,01411057651370061;cenario_1_base;5;cenario_1_base_5_analistas
2027-07-15 09:00:00;Eva;Contratos;70,2;0,9630919782350953;0,0025095348704180054;4,52988023445397;0,21260870671808962;0,04520246217233865;cenario_1_base;5;cenario_1_base_5_analistas
2027-07-15 09:00:00;Eva;Direito digital;0,0;0,15519807333141483;0,009256481174413592;1,4146700363274718;0,10970619957026441;0,012035450224150684;cenario_1_base;5;cenario_1_base_5_analistas
2027-07-15 09:00:00;Eva;Direito financeiro;0,30000000000000004;0,1579953412967617;0,009392116627824873;1,9836670202553237;0,07964811618253635;0,006343822411426809;cenario_1_base;5;cenario_1_base_5_analistas
2027-07-15 09:00:00;Eva;Governança;0,0;0,15519807333141483;0,009256481174413592;1,791778685271544;0,08661676500962202;0,007502463980732082;cenario_1_base;5;cenario_1_base_5_analistas
2027-07-15 09:00:00;Eva;Propriedade intelectual;0,0;0,15519807333141483;0,009256481174413592;0,8962272551459929;0,17316821424509513;0,029987230424835167;cenario_1_base;5;cenario_1_base_5_analistas
2027-07-15 09:00:00;Eva;Regulatório;54,5;0,8959767470054846;0,006580090557665384;2,3402501506097635;0,3828551177625321;0,14657804119696233;cenario_1_base;5;cenario_1_base_5_analistas
2027-07-15 09:00:00;Eva;Societário;57,9;0,9163180333252161;0,005413558236052631;3,666529658632695;0,24991425643258675;0,06245713556825273;cenario_1_base;5;cenario_1_base_5_analistas
2027-07-15 09:00:00;Eva;Trabalhista;0,0;0,15519807333141483;0,009256481174413592;1,189195687874717;0,13050675756214575;0,017032013769384687;cenario_1_base;5;cenario_1_base_5_analistas
2027-07-15 09:00:00;Eva;Tributário;0,0;0,15519807333141483;0,009256481174413592;0,8408405324229671;0,18457491919923968;0,034067900797405855;cenario_1_base;5;cenario_1_base_5_analistas
2027-07-15 09:00:00;Abraão;Concorrencial;100,60000000000001;0,9955392160858819;0,00031352650366186775;1,9434907635906864;0,5122428337382877;0,2623927207162311;cenario_1_base;5;cenario_1_base_5_analistas
2027-07-15 09:00:00;Abraão;Contencioso;0,0;0,15519807333141483;0,009256481174413592;1,6121853241892088;0,09626565321171508;0,00926707598827819;cenario_1_base;5;cenario_1_base_5_analistas
2027-07-15 09:00:00;Abraão;Contratos;28,700000000000003;0,5822021448706434;0,0171729422009338;4,52988023445397;0,12852484276349124;0,016518635207380148;cenario_1_base;5;cenario_1_base_5_analistas
2027-07-15 09:00:00;Abraão;Direito digital;43,1;0,7938777430018126;0,011552692575072137;1,4146700363274718;0,5611752017189424;0,3149176070242957;cenario_1_base;5;cenario_1_base_5_analistas
2027-07-15 09:00:00;Abraão;Direito financeiro;85,4;0,9870655224719291;0,0009013626834317567;1,9836670202553237;0,49759637700932335;0,24760215441280467;cenario_1_base;5;cenario_1_base_5_analistas
2027-07-15 09:00:00;Abraão;Governança;0,0;0,15519807333141483;0,009256481174413592;1,791778685271544;0,08661676500962202;0,007502463980732082;cenario_1_base;5;cenario_1_base_5_analistas
2027-07-15 09:00:00;Abraão;Propriedade intelectual;10,3;0,2754349618203336;0,014089680380091967;0,8962272551459929;0,30732714301961955;0,0944499728366017;cenario_1_base;5;cenario_1_base_5_analistas
2027-07-15 09:00:00;Abraão;Regulatório;78,2;0,9786791836100345;0,0014731564859972216;2,3402501506097635;0,4181942615643182;0,1748864404053254;cenario_1_base;5;cenario_1_base_5_analistas
2027-07-15 09:00:00;Abraão;Societário;209,2;0,9999979032501377;1,480302298946844e-07;3,666529658632695;0,2727368919260433;0,07438541221747821;cenario_1_base;5;cenario_1_base_5_analistas
2027-07-15 09:00:00;Abraão;Trabalhista;27,900000000000002;0,5684033945490575;0,017319660878360118;1,189195687874717;0,4779729697514169;0,2284581598129889;cenario_1_base;5;cenario_1_base_5_analistas
2027-07-15 09:00:00;Abraão;Tributário;0,0;0,15519807333141483;0,009256481174413592;0,8408405324229671;0,18457491919923968;0,034067900797405855;cenario_1_base;5;cenario_1_base_5_analistas
2027-07-15 09:00:00;Adão;Concorrencial;0,0;0,15519807333141483;0,009256481174413592;1,9434907635906864;0,079855318192858;0,006376871843682598;cenario_1_base;5;cenario_1_base_5_analistas
2027-07-15 09:00:00;Adão;Contencioso;0,0;0,15519807333141483;0,009256481174413592;1,6121853241892088;0,09626565321171508;0,00926707598827819;cenario_1_base;5;cenario_1_base_5_analistas
2027-07-15 09:00:00;Adão;Contratos;99,9;0,9953142848468807;0,00032926140139959495;4,52988023445397;0,21972198674847646;0,04827775146069766;cenario_1_base;5;cenario_1_base_5_analistas
2027-07-15 09:00:00;Adão;Direito digital;0,0;0,15519807333141483;0,009256481174413592;1,4146700363274718;0,10970619957026441;0,012035450224150684;cenario_1_base;5;cenario_1_base_5_analistas
2027-07-15 09:00:00;Adão;Direito financeiro;25,6;0,5282100098238032;0,01759381619140931;1,9836670202553237;0,2662795743591158;0,07090481172087189;cenario_1_base;5;cenario_1_base_5_analistas
2027-07-15 09:00:00;Adão;Governança;17,6;0,3889233787295877;0,016778936085024745;1,791778685271544;0,21705994268519072;0,047115018718498276;cenario_1_base;5;cenario_1_base_5_analistas
2027-07-15 09:00:00;Adão;Propriedade intelectual;0,0;0,15519807333141483;0,009256481174413592;0,8962272551459929;0,17316821424509513;0,029987230424835167;cenario_1_base;5;cenario_1_base_5_analistas
2027-07-15 09:00:00;Adão;Regulatório;0,0;0,15519807333141483;0,009256481174413592;2,3402501506097635;0,06631687355771657;0,004397927718470166;cenario_1_base;5;cenario_1_base_5_analistas
2027-07-15 09:00:00;Adão;Societário;33,1;0,6553093350696082;0,015947058137080673;3,666529658632695;0,17872740604367102;0,03194348567109925;cenario_1_base;5;cenario_1_base_5_analistas
2027-07-15 09:00:00;Adão;Trabalhista;0,0;0,15519807333141483;0,009256481174413592;1,189195687874717;0,13050675756214575;0,017032013769384687;cenario_1_base;5;cenario_1_base_5_analistas
2027-07-15 09:00:00;Adão;Tributário;0,1;0,15612597639059406;0,009301596305599447;0,8408405324229671;0,18567846145653952;0,03447649104886763;cenario_1_base;5;cenario_1_base_5_analistas
2027-07-15 09:00:00;Esaú;Concorrencial;0,0;0,15519807333141483;0,009256481174413592;1,9434907635906864;0,079855318192858;0,006376871843682598;cenario_1_base;5;cenario_1_base_5_analistas
2027-07-15 09:00:00;Esaú;Contencioso;67,30000000000001;0,9550829182569236;0,003028707348259811;1,6121853241892088;0,592415092686226;0,3509556420424298;cenario_1_base;5;cenario_1_base_5_analistas
2027-07-15 09:00:00;Esaú;Contratos;102,40000000000002;0,9960694593223501;0,0002764054618507629;4,52988023445397;0,21988869633821917;0,04835103877732156;cenario_1_base;5;cenario_1_base_5_analistas
2027-07-15 09:00:00;Esaú;Direito digital;0,0;0,15519807333141483;0,009256481174413592;1,4146700363274718;0,10970619957026441;0,012035450224150684;cenario_1_base;5;cenario_1_base_5_analistas
2027-07-15 09:00:00;Esaú;Direito financeiro;0,0;0,15519807333141483;0,009256481174413592;1,9836670202553237;0,07823796622451223;0,006121179358947917;cenario_1_base;5;cenario_1_base_5_analistas
2027-07-15 09:00:00;Esaú;Governança;62,300000000000004;0,9372610865477119;0,004151473598692677;1,791778685271544;0,5230897622859433;0,27362289940836465;cenario_1_base;5;cenario_1_base_5_analistas
2027-07-15 09:00:00;Esaú;Propriedade intelectual;0,0;0,15519807333141483;0,009256481174413592;0,8962272551459929;0,17316821424509513;0,029987230424835167;cenario_1_base;5;cenario_1_base_5_analistas
2027-07-15 09:00:00;Esaú;Regulatório;0,0;0,15519807333141483;0,009256481174413592;2,3402501506097635;0,06631687355771657;0,004397927718470166;cenario_1_base;5;cenario_1_base_5_analistas
2027-07-15 09:00:00;Esaú;Societário;0,0;0,15519807333141483;0,009256481174413592;3,666529658632695;0,04232832890523803;0,0017916874279100092;cenario_1_base;5;cenario_1_base_5_analistas
2027-07-15 09:00:00;Esaú;Trabalhista;0,0;0,15519807333141483;0,009256481174413592;1,189195687874717;0,13050675756214575;0,017032013769384687;cenario_1_base;5;cenario_1_base_5_analistas
2027-07-15 09:00:00;Esaú;Tributário;0,0;0,15519807333141483;0,009256481174413592;0,8408405324229671;0,18457491919923968;0,034067900797405855;cenario_1_base;5;cenario_1_base_5_analistas
2027-08-05 11:00:00;Jacó;Concorrencial;0,0;0,15519807333141483;0,009256481174413592;1,9434907635906864;0,079855318192858;0,006376871843682598;cenario_1_base;5;cenario_1_base_5_analistas
2027-08-05 11:00:00;Jacó;Contencioso;0,0;0,15519807333141483;0,009256481174413592;1,6121853241892088;0,09626565321171508;0,00926707598827819;cenario_1_base;5;cenario_1_base_5_analistas
2027-08-05 11:00:00;Jacó;Contratos;94,60000000000001;0,9932023671790007;0,00047665060563753173;4,742708705100816;0,20941669179699032;0,043855350803195636;cenario_1_base;5;cenario_1_base_5_analistas
2027-08-05 11:00:00;Jacó;Direito digital;0,0;0,15519807333141483;0,009256481174413592;1,4158229088431489;0,1096168682976215;0,012015857815378098;cenario_1_base;5;cenario_1_base_5_analistas
2027-08-05 11:00:00;Jacó;Direito financeiro;0,0;0,15519807333141483;0,009256481174413592;1,9836670202553237;0,07823796622451223;0,006121179358947917;cenario_1_base;5;cenario_1_base_5_analistas
2027-08-05 11:00:00;Jacó;Governança;0,0;0,15519807333141483;0,009256481174413592;1,791778685271544;0,08661676500962202;0,007502463980732082;cenario_1_base;5;cenario_1_base_5_analistas
2027-08-05 11:00:00;Jacó;Propriedade intelectual;0,0;0,15519807333141483;0,009256481174413592;0,9004742001906005;0,172351493578122;0,029705037338609425;cenario_1_base;5;cenario_1_base_5_analistas
2027-08-05 11:00:00;Jacó;Regulatório;0,0;0,15519807333141483;0,009256481174413592;2,352384364074357;0,06597479378863494;0,0043526734154529035;cenario_1_base;5;cenario_1_base_5_analistas
2027-08-05 11:00:00;Jacó;Societário;62,9;0,9397063136563183;0,004000080055792463;3,666529658632695;0,2562931166924609;0,06568616166393539;cenario_1_base;5;cenario_1_base_5_analistas
2027-08-05 11:00:00;Jacó;Trabalhista;0,0;0,15519807333141483;0,009256481174413592;1,189195687874717;0,13050675756214575;0,017032013769384687;cenario_1_base;5;cenario_1_base_5_analistas
2027-08-05 11:00:00;Jacó;Tributário;6,0;0,21912033603812855;0,012080126974710233;0,8408405324229671;0,26059678094574146;0,06791068223928276;cenario_1_base;5;cenario_1_base_5_analistas
2027-08-05 11:00:00;Eva;Concorrencial;23,0;0,48235732751056;0,017628024769184583;1,9434907635906864;0,2481912116831382;0,06159887755674432;cenario_1_base;5;cenario_1_base_5_analistas
2027-08-05 11:00:00;Eva;Contencioso;3,6;0,19150818593804064;0,010931195726367362;1,6121853241892088;0,11878794767862862;0,01411057651370061;cenario_1_base;5;cenario_1_base_5_analistas
2027-08-05 11:00:00;Eva;Contratos;70,2;0,9630919782350953;0,0025095348704180054;4,742708705100816;0,20306791711649572;0,04123657896203197;cenario_1_base;5;cenario_1_base_5_analistas
2027-08-05 11:00:00;Eva;Direito digital;0,0;0,15519807333141483;0,009256481174413592;1,4158229088431489;0,1096168682976215;0,012015857815378098;cenario_1_base;5;cenario_1_base_5_analistas
2027-08-05 11:00:00;Eva;Direito financeiro;0,30000000000000004;0,1579953412967617;0,009392116627824873;1,9836670202553237;0,07964811618253635;0,006343822411426809;cenario_1_base;5;cenario_1_base_5_analistas
2027-08-05 11:00:00;Eva;Governança;0,0;0,15519807333141483;0,009256481174413592;1,791778685271544;0,08661676500962202;0,007502463980732082;cenario_1_base;5;cenario_1_base_5_analistas
2027-08-05 11:00:00;Eva;Propriedade intelectual;0,0;0,15519807333141483;0,009256481174413592;0,9004742001906005;0,172351493578122;0,029705037338609425;cenario_1_base;5;cenario_1_base_5_analistas
2027-08-05 11:00:00;Eva;Regulatório;54,5;0,8959767470054846;0,006580090557665384;2,352384364074357;0,38088025098655326;0,1450697655915798;cenario_1_base;5;cenario_1_base_5_analistas
2027-08-05 11:00:00;Eva;Societário;57,9;0,9163180333252161;0,005413558236052631;3,666529658632695;0,24991425643258675;0,06245713556825273;cenario_1_base;5;cenario_1_base_5_analistas
2027-08-05 11:00:00;Eva;Trabalhista;0,0;0,15519807333141483;0,009256481174413592;1,189195687874717;0,13050675756214575;0,017032013769384687;cenario_1_base;5;cenario_1_base_5_analistas
2027-08-05 11:00:00;Eva;Tributário;0,0;0,15519807333141483;0,009256481174413592;0,8408405324229671;0,18457491919923968;0,034067900797405855;cenario_1_base;5;cenario_1_base_5_analistas
2027-08-05 11:00:00;Abraão;Concorrencial;100,60000000000001;0,9955392160858819;0,00031352650366186775;1,9434907635906864;0,5122428337382877;0,2623927207162311;cenario_1_base;5;cenario_1_base_5_analistas
2027-08-05 11:00:00;Abraão;Contencioso;0,0;0,15519807333141483;0,009256481174413592;1,6121853241892088;0,09626565321171508;0,00926707598827819;cenario_1_base;5;cenario_1_base_5_analistas
2027-08-05 11:00:00;Abraão;Contratos;43,2;0,7950306155174895;0,01150475967506041;4,742708705100816;0,16763218341080668;0,028100548915074332;cenario_1_base;5;cenario_1_base_5_analistas
2027-08-05 11:00:00;Abraão;Direito digital;43,2;0,7950306155174895;0,01150475967506041;1,4158229088431489;0,5615325268095139;0,31531877866507746;cenario_1_base;5;cenario_1_base_5_analistas
2027-08-05 11:00:00;Abraão;Direito financeiro;85,4;0,9870655224719291;0,0009013626834317567;1,9836670202553237;0,49759637700932335;0,24760215441280467;cenario_1_base;5;cenario_1_base_5_analistas
2027-08-05 11:00:00;Abraão;Governança;0,0;0,15519807333141483;0,009256481174413592;1,791778685271544;0,08661676500962202;0,007502463980732082;cenario_1_base;5;cenario_1_base_5_analistas
2027-08-05 11:00:00;Abraão;Propriedade intelectual;10,600000000000001;0,2796819068649412;0,014223071611315608;0,9004742001906005;0,310594025687512;0,09646864879277485;cenario_1_base;5;cenario_1_base_5_analistas
2027-08-05 11:00:00;Abraão;Regulatório;90,30000000000001;0,9908133970746279;0,0006426159731956933;2,352384364074357;0,4211953676475419;0,17740553772774798;cenario_1_base;5;cenario_1_base_5_analistas
2027-08-05 11:00:00;Abraão;Societário;209,2;0,9999979032501377;1,480302298946844e-07;3,666529658632695;0,2727368919260433;0,07438541221747821;cenario_1_base;5;cenario_1_base_5_analistas
2027-08-05 11:00:00;Abraão;Trabalhista;27,900000000000002;0,5684033945490575;0,017319660878360118;1,189195687874717;0,4779729697514169;0,2284581598129889;cenario_1_base;5;cenario_1_base_5_analistas
2027-08-05 11:00:00;Abraão;Tributário;0,0;0,15519807333141483;0,009256481174413592;0,8408405324229671;0,18457491919923968;0,034067900797405855;cenario_1_base;5;cenario_1_base_5_analistas
2027-08-05 11:00:00;Adão;Concorrencial;0,0;0,15519807333141483;0,009256481174413592;1,9434907635906864;0,079855318192858;0,006376871843682598;cenario_1_base;5;cenario_1_base_5_analistas
2027-08-05 11:00:00;Adão;Contencioso;0,0;0,15519807333141483;0,009256481174413592;1,6121853241892088;0,09626565321171508;0,00926707598827819;cenario_1_base;5;cenario_1_base_5_analistas
2027-08-05 11:00:00;Adão;Contratos;99,9;0,9953142848468807;0,00032926140139959495;4,742708705100816;0,20986198957916458;0,04404205467012538;cenario_1_base;5;cenario_1_base_5_analistas
2027-08-05 11:00:00;Adão;Direito digital;0,0;0,15519807333141483;0,009256481174413592;1,4158229088431489;0,1096168682976215;0,012015857815378098;cenario_1_base;5;cenario_1_base_5_analistas
2027-08-05 11:00:00;Adão;Direito financeiro;25,6;0,5282100098238032;0,01759381619140931;1,9836670202553237;0,2662795743591158;0,07090481172087189;cenario_1_base;5;cenario_1_base_5_analistas
2027-08-05 11:00:00;Adão;Governança;17,6;0,3889233787295877;0,016778936085024745;1,791778685271544;0,21705994268519072;0,047115018718498276;cenario_1_base;5;cenario_1_base_5_analistas
2027-08-05 11:00:00;Adão;Propriedade intelectual;0,0;0,15519807333141483;0,009256481174413592;0,9004742001906005;0,172351493578122;0,029705037338609425;cenario_1_base;5;cenario_1_base_5_analistas
2027-08-05 11:00:00;Adão;Regulatório;0,0;0,15519807333141483;0,009256481174413592;2,352384364074357;0,06597479378863494;0,0043526734154529035;cenario_1_base;5;cenario_1_base_5_analistas
2027-08-05 11:00:00;Adão;Societário;33,1;0,6553093350696082;0,015947058137080673;3,666529658632695;0,17872740604367102;0,03194348567109925;cenario_1_base;5;cenario_1_base_5_analistas
2027-08-05 11:00:00;Adão;Trabalhista;0,0;0,15519807333141483;0,009256481174413592;1,189195687874717;0,13050675756214575;0,017032013769384687;cenario_1_base;5;cenario_1_base_5_analistas
2027-08-05 11:00:00;Adão;Tributário;0,1;0,15612597639059406;0,009301596305599447;0,8408405324229671;0,18567846145653952;0,03447649104886763;cenario_1_base;5;cenario_1_base_5_analistas
2027-08-05 11:00:00;Esaú;Concorrencial;0,0;0,15519807333141483;0,009256481174413592;1,9434907635906864;0,079855318192858;0,006376871843682598;cenario_1_base;5;cenario_1_base_5_analistas
2027-08-05 11:00:00;Esaú;Contencioso;67,30000000000001;0,9550829182569236;0,003028707348259811;1,6121853241892088;0,592415092686226;0,3509556420424298;cenario_1_base;5;cenario_1_base_5_analistas
2027-08-05 11:00:00;Esaú;Contratos;102,40000000000002;0,9960694593223501;0,0002764054618507629;4,742708705100816;0,2100212180965427;0,04410891205075555;cenario_1_base;5;cenario_1_base_5_analistas
2027-08-05 11:00:00;Esaú;Direito digital;0,0;0,15519807333141483;0,009256481174413592;1,4158229088431489;0,1096168682976215;0,012015857815378098;cenario_1_base;5;cenario_1_base_5_analistas
2027-08-05 11:00:00;Esaú;Direito financeiro;0,0;0,15519807333141483;0,009256481174413592;1,9836670202553237;0,07823796622451223;0,006121179358947917;cenario_1_base;5;cenario_1_base_5_analistas
2027-08-05 11:00:00;Esaú;Governança;62,300000000000004;0,9372610865477119;0,004151473598692677;1,791778685271544;0,5230897622859433;0,27362289940836465;cenario_1_base;5;cenario_1_base_5_analistas
2027-08-05 11:00:00;Esaú;Propriedade intelectual;0,0;0,15519807333141483;0,009256481174413592;0,9004742001906005;0,172351493578122;0,029705037338609425;cenario_1_base;5;cenario_1_base_5_analistas
2027-08-05 11:00:00;Esaú;Regulatório;0,0;0,15519807333141483;0,009256481174413592;2,352384364074357;0,06597479378863494;0,0043526734154529035;cenario_1_base;5;cenario_1_base_5_analistas
2027-08-05 11:00:00;Esaú;Societário;0,0;0,15519807333141483;0,009256481174413592;3,666529658632695;0,04232832890523803;0,0017916874279100092;cenario_1_base;5;cenario_1_base_5_analistas
2027-08-05 11:00:00;Esaú;Trabalhista;0,0;0,15519807333141483;0,009256481174413592;1,189195687874717;0,13050675756214575;0,017032013769384687;cenario_1_base;5;cenario_1_base_5_analistas
2027-08-05 11:00:00;Esaú;Tributário;0,0;0,15519807333141483;0,009256481174413592;0,8408405324229671;0,18457491919923968;0,034067900797405855;cenario_1_base;5;cenario_1_base_5_analistas
