area_wk;tarefa_WK;descritivo;analista;data_aloc;inicio_wk;fim_wk;comp_est;comp_real;tempo_est_h;prazo_est;prazo_real;crit_aloc;resum_exec;data_envio;data_aval;retorno;status;xp_creditada;score_ahp_escolhido;aprendizado_norm_escolhido;especializacao_norm_escolhido;workload_norm_escolhido;contrib_aprendizagem_escolhido;contrib_especializacao_escolhido;contrib_workload_escolhido
Propriedade intelectual;Gestão de portfólio de marcas (renovações, extensões e classes);;Abraão;2026-01-01 09:00:00;2026-01-01 09:00:00.000000000;2026-01-01 13:00:00.000000000;2,0;;4,0;2026-01-01 13:00:00.000000000;;AHP_APRENDIZAGEM_ESPECIALIZACAO_WORKLOAD;;;;;CONCLUIDA;True;1,0;1,0;1,0;1,0;0,6586441863669917;0,1851740071976712;0,1561818064353371
Contratos;Contrato de Manutenção de Sistemas;;Adão;2026-01-01 09:01:00;2026-01-01 09:01:00.000000000;2026-01-02 09:00:59.999999999;3,0;;8,0;2026-01-02 09:00:59.999999999;;AHP_APRENDIZAGEM_ESPECIALIZACAO_WORKLOAD;;;;;CONCLUIDA;True;1,0;1,0;1,0;1,0;0,6586441863669917;0,1851740071976712;0,1561818064353371
Contratos;Contrato de trabalho;;Caim;2026-01-01 09:02:00;2026-01-01 09:02:00.000000000;2026-01-01 11:02:00.000000000;1,0;;2,0;2026-01-01 11:02:00.000000000;;AHP_APRENDIZAGEM_ESPECIALIZACAO_WORKLOAD;;;;;CONCLUIDA;True;1,0;1,0;1,0;1,0;0,6586441863669917;0,1851740071976712;0,1561818064353371
Societário;Consolidação das versões finais dos documentos;;Davi;2026-01-01 09:03:00;2026-01-01 09:03:00.000000000;2026-01-01 11:03:00.000000000;1,0;;2,0;2026-01-01 11:03:00.000000000;;AHP_APRENDIZAGEM_ESPECIALIZACAO_WORKLOAD;;;;;CONCLUIDA;True;1,0;1,0;1,0;1,0;0,6586441863669917;0,1851740071976712;0,1561818064353371
Societário;Gestão de conflitos societários;;Esaú;2026-01-01 09:04:00;2026-01-01 09:04:00.000000000;2026-01-01 11:04:00.000000000;1,0;;2,0;2026-01-01 11:04:00.000000000;;AHP_APRENDIZAGEM_ESPECIALIZACAO_WORKLOAD;;;;;CONCLUIDA;True;1,0;1,0;1,0;1,0;0,6586441863669917;0,1851740071976712;0,1561818064353371
Societário;Organização de livros societários;;Eva;2026-01-01 09:05:00;2026-01-01 09:05:00.000000000;2026-01-01 11:05:00.000000000;1,0;;2,0;2026-01-01 11:05:00.000000000;;AHP_APRENDIZAGEM_ESPECIALIZACAO_WORKLOAD;;;;;CONCLUIDA;True;1,0;1,0;1,0;1,0;0,6586441863669917;0,1851740071976712;0,1561818064353371
Societário;Estruturação de regras de governança;;Jacó;2026-01-01 09:06:00;2026-01-01 09:06:00.000000000;2026-01-06 09:06:00.000000000;5,0;;24,0;2026-01-06 09:06:00.000000000;;AHP_APRENDIZAGEM_ESPECIALIZACAO_WORKLOAD;;;;;CONCLUIDA;True;1,0;1,0;1,0;1,0;0,6586441863669917;0,1851740071976712;0,1561818064353371
Contratos;Contrato de Locação;;Caim;2026-01-01 09:07:00;2026-01-01 11:02:00.000000000;2026-01-02 11:02:00.000000000;3,0;;8,0;2026-01-02 11:02:00.000000000;;AHP_APRENDIZAGEM_ESPECIALIZACAO_WORKLOAD;;;;;CONCLUIDA;True;1,0;1,0;1,0;1,0;0,6586441863669917;0,1851740071976712;0,1561818064353371
Societário;Atas de Reunião e Assembleia;;Davi;2026-01-01 09:08:00;2026-01-01 11:03:00.000000000;2026-01-01 15:03:00.000000000;2,0;;4,0;2026-01-01 15:03:00.000000000;;AHP_APRENDIZAGEM_ESPECIALIZACAO_WORKLOAD;;;;;CONCLUIDA;True;1,0;1,0;1,0;1,0;0,6586441863669917;0,1851740071976712;0,1561818064353371
Regulatório;Apoio jurídico à governança de instituições reguladas;;Esaú;2026-01-01 09:09:00;2026-01-01 11:04:00.000000000;2026-01-02 11:03:59.999999999;3,0;;8,0;2026-01-02 11:03:59.999999999;;AHP_APRENDIZAGEM_ESPECIALIZACAO_WORKLOAD;;;;;CONCLUIDA;True;1,0;1,0;1,0;1,0;0,6586441863669917;0,1851740071976712;0,1561818064353371
Governança;Política de Governaça Corporativa;;Eva;2026-01-01 09:10:00;2026-01-01 11:05:00.000000000;2026-01-02 11:04:59.999999999;3,0;;8,0;2026-01-02 11:04:59.999999999;;AHP_APRENDIZAGEM_ESPECIALIZACAO_WORKLOAD;;;;;CONCLUIDA;True;1,0;1,0;1,0;1,0;0,6586441863669917;0,1851740071976712;0,1561818064353371
Contratos;Contrato de Mútuo, Doação ou Comodato;;Abraão;2026-01-01 09:11:00;2026-01-01 13:00:00.000000000;2026-01-02 13:00:00.000000000;3,0;;8,0;2026-01-02 13:00:00.000000000;;AHP_APRENDIZAGEM_ESPECIALIZACAO_WORKLOAD;;;;;CONCLUIDA;True;1,0;1,0;1,0;1,0;0,6586441863669917;0,1851740071976712;0,1561818064353371
Regulatório;Preparação de informações e documentos para fiscalização;;Davi;2026-01-01 09:12:00;2026-01-01 15:03:00.000000000;2026-01-05 15:03:00.000000000;4,0;;16,0;2026-01-05 15:03:00.000000000;;AHP_APRENDIZAGEM_ESPECIALIZACAO_WORKLOAD;;;;;CONCLUIDA;True;1,0;1,0;1,0;1,0;0,6586441863669917;0,1851740071976712;0,1561818064353371
Contratos;Contrato de Agência, Franquia ou Parceria Empresarial;;Adão;2026-01-01 09:13:00;2026-01-02 09:00:59.999999999;2026-01-05 09:00:59.999999999;3,0;;8,0;2026-01-05 09:00:59.999999999;;AHP_APRENDIZAGEM_ESPECIALIZACAO_WORKLOAD;;;;;CONCLUIDA;True;1,0;1,0;1,0;1,0;0,6586441863669917;0,1851740071976712;0,1561818064353371
Contratos;Contrato de Mútuo, Doação ou Comodato;;Caim;2026-01-01 09:14:00;2026-01-02 11:02:00.000000000;2026-01-05 11:02:00.000000000;3,0;;8,0;2026-01-05 11:02:00.000000000;;AHP_APRENDIZAGEM_ESPECIALIZACAO_WORKLOAD;;;;;CONCLUIDA;True;1,0;1,0;1,0;1,0;0,6586441863669917;0,1851740071976712;0,1561818064353371
Governança;Política de PLDFTP e Fraudes;;Esaú;2026-01-02 09:00:00;2026-01-02 11:03:59.999999999;2026-01-05 11:03:59.999999999;3,0;;8,0;2026-01-05 11:03:59.999999999;;AHP_APRENDIZAGEM_ESPECIALIZACAO_WORKLOAD;;;;;CONCLUIDA;True;1,0;1,0;1,0;1,0;0,6586441863669917;0,1851740071976712;0,1561818064353371
Contratos;Contrato de Mandato;;Adão;2026-01-02 09:01:00;2026-01-05 09:00:59.999999999;2026-01-06 09:00:59.999999999;3,0;;8,0;2026-01-06 09:00:59.999999999;;AHP_APRENDIZAGEM_ESPECIALIZACAO_WORKLOAD;;;;;CONCLUIDA;True;0,9338873685019285;1,0;1,0;0,5766944114233712;0,6586441863669917;0,1851740071976712;0,09006917493726561
Direito digital;Monitoramento regulatório (LGPD, IA, plataformas, cibersegurança);;Eva;2026-01-02 09:02:00;2026-01-02 11:04:59.999999999;2026-01-05 11:04:59.999999999;3,0;;8,0;2026-01-05 11:04:59.999999999;;AHP_APRENDIZAGEM_ESPECIALIZACAO_WORKLOAD;;;;;CONCLUIDA;True;1,0;1,0;1,0;1,0;0,6586441863669917;0,1851740071976712;0,1561818064353371
Regulatório;Interface com áreas de produto, tecnologia e negócios;;Abraão;2026-01-02 09:03:00;2026-01-02 13:00:00.000000000;2026-01-02 15:00:00.000000000;1,0;;2,0;2026-01-02 15:00:00.000000000;;AHP_APRENDIZAGEM_ESPECIALIZACAO_WORKLOAD;;;;;CONCLUIDA;True;1,0;1,0;1,0;1,0;0,6586441863669917;0,1851740071976712;0,1561818064353371
Governança;Elaboração e revisão de atas;;Abraão;2026-01-02 09:04:00;2026-01-02 15:00:00.000000000;2026-01-05 15:00:00.000000000;3,0;;8,0;2026-01-05 15:00:00.000000000;;AHP_APRENDIZAGEM_ESPECIALIZACAO_WORKLOAD;;;;;CONCLUIDA;True;1,0;1,0;1,0;1,0;0,6586441863669917;0,1851740071976712;0,1561818064353371
Societário;Estruturação societária internacional;;Davi;2026-01-02 09:05:00;2026-01-05 15:03:00.000000000;2026-01-08 15:03:00.000000000;5,0;;24,0;2026-01-08 15:03:00.000000000;;AHP_APRENDIZAGEM_ESPECIALIZACAO_WORKLOAD;;;;;CONCLUIDA;True;0,8965939138711093;1,0;1,0;0,33791208791208815;0,6586441863669917;0,1851740071976712;0,052775720306446366
Contratos;Contrato de trabalho;;Adão;2026-01-02 09:06:00;2026-01-06 09:00:59.999999999;2026-01-06 11:00:59.999999999;1,0;;2,0;2026-01-06 11:00:59.999999999;;AHP_APRENDIZAGEM_ESPECIALIZACAO_WORKLOAD;;;;;CONCLUIDA;True;0,9666452894064944;1,0;1,0;0,7864366448641682;0,6586441863669917;0,1851740071976712;0,12282709584183146
Societário;Gestão de passivos;;Davi;2026-01-02 09:07:00;2026-01-08 15:03:00.000000000;2026-01-09 09:03:00.000000000;1,0;;2,0;2026-01-09 09:03:00.000000000;;AHP_APRENDIZAGEM_ESPECIALIZACAO_WORKLOAD;;;;;CONCLUIDA;True;0,8438181935646629;1,0;1,0;0,0;0,6586441863669917;0,1851740071976712;0,0
Contratos;Contrato de Licenciamento de Software;;Adão;2026-01-02 09:08:00;2026-01-06 11:00:59.999999999;2026-01-08 11:00:59.999999999;4,0;;16,0;2026-01-08 11:00:59.999999999;;AHP_APRENDIZAGEM_ESPECIALIZACAO_WORKLOAD;;;;;CONCLUIDA;True;0,9584613629761669;1,0;1,0;0,734036646316861;0,6586441863669917;0,1851740071976712;0,114643169411504
Regulatório;Tradução da norma para áreas de negócio, compliance e produto;;Caim;2026-01-02 09:09:00;2026-01-05 11:02:00.000000000;2026-01-06 11:02:00.000000000;3,0;;8,0;2026-01-06 11:02:00.000000000;;AHP_APRENDIZAGEM_ESPECIALIZACAO_WORKLOAD;;;;;CONCLUIDA;True;1,0;1,0;1,0;1,0;0,6586441863669917;0,1851740071976712;0,1561818064353371
Contratos;Contrato de Locação;;Adão;2026-01-02 09:10:00;2026-01-08 11:00:59.999999999;2026-01-09 11:01:00.000000000;3,0;;8,0;2026-01-09 11:01:00.000000000;;AHP_APRENDIZAGEM_ESPECIALIZACAO_WORKLOAD;;;;;CONCLUIDA;True;0,875245549835742;1,0;1,0;0,20122290161940687;0,6586441863669917;0,1851740071976712;0,031427356271079086
Direito financeiro;Apoio jurídico a emissões de valores mobiliários;;Esaú;2026-01-02 09:11:00;2026-01-05 11:03:59.999999999;2026-01-05 13:03:59.999999999;1,0;;2,0;2026-01-05 13:03:59.999999999;;AHP_APRENDIZAGEM_ESPECIALIZACAO_WORKLOAD;;;;;CONCLUIDA;True;1,0;1,0;1,0;1,0;0,6586441863669917;0,1851740071976712;0,1561818064353371
Governança;Preparação de reuniões, materiais, pautas e apreentações;;Eva;2026-01-02 09:12:00;2026-01-05 11:04:59.999999999;2026-01-05 13:04:59.999999999;1,0;;2,0;2026-01-05 13:04:59.999999999;;AHP_APRENDIZAGEM_ESPECIALIZACAO_WORKLOAD;;;;;CONCLUIDA;True;1,0;1,0;1,0;1,0;0,6586441863669917;0,1851740071976712;0,1561818064353371
Contratos;Contrato de Joint Venture;;Adão;2026-01-02 09:13:00;2026-01-09 11:01:00.000000000;2026-01-14 11:00:59.999999999;5,0;;24,0;2026-01-14 11:00:59.999999999;;AHP_APRENDIZAGEM_ESPECIALIZACAO_WORKLOAD;;;;;CONCLUIDA;True;0,8438181935646629;1,0;1,0;0,0;0,6586441863669917;0,1851740071976712;0,0
Contratos;Contrato de Transferência de Tecnologia;;Adão;2026-01-02 09:14:00;2026-01-14 11:00:59.999999999;2026-01-15 11:01:00.000000000;3,0;;8,0;2026-01-15 11:01:00.000000000;;AHP_APRENDIZAGEM_ESPECIALIZACAO_WORKLOAD;;;;;CONCLUIDA;True;0,8438181935646629;1,0;1,0;0,0;0,6586441863669917;0,1851740071976712;0,0
Contratos;Contrato de Representação Comercial;;Caim;2026-01-05 09:00:00;2026-01-06 11:02:00.000000000;2026-01-07 11:02:00.000000000;3,0;;8,0;2026-01-07 11:02:00.000000000;;AHP_APRENDIZAGEM_ESPECIALIZACAO_WORKLOAD;;;;;CONCLUIDA;True;0,9849574692745618;1,0;1,0;0,9036857680880639;0,6586441863669917;0,1851740071976712;0,14113927570989893
Concorrencial;Revisão concorrencial de documentos;;Esaú;2026-01-05 09:01:00;2026-01-05 13:03:59.999999999;2026-01-06 13:04:00.000000000;3,0;;8,0;2026-01-06 13:04:00.000000000;;AHP_APRENDIZAGEM_ESPECIALIZACAO_WORKLOAD;;;;;CONCLUIDA;True;1,0;1,0;1,0;1,0;0,6586441863669917;0,1851740071976712;0,1561818064353371
Direito digital;Avaliação jurídica de campanhas de marketing digital;;Eva;2026-01-05 09:02:00;2026-01-05 13:04:59.999999999;2026-01-05 15:04:59.999999999;1,0;;2,0;2026-01-05 15:04:59.999999999;;AHP_APRENDIZAGEM_ESPECIALIZACAO_WORKLOAD;;;;;CONCLUIDA;True;1,0;1,0;1,0;1,0;0,6586441863669917;0,1851740071976712;0,1561818064353371
Contencioso;Estratégia processual;;Abraão;2026-01-05 09:03:00;2026-01-05 15:00:00.000000000;2026-01-05 17:00:00.000000000;1,0;;2,0;2026-01-05 17:00:00.000000000;;AHP_APRENDIZAGEM_ESPECIALIZACAO_WORKLOAD;;;;;CONCLUIDA;True;1,0;1,0;1,0;1,0;0,6586441863669917;0,1851740071976712;0,1561818064353371
Contratos;Contrato de Agência, Franquia ou Parceria Empresarial;;Adão;2026-01-05 09:04:00;2026-01-15 11:01:00.000000000;2026-01-16 11:01:00.000000000;3,0;;8,0;2026-01-16 11:01:00.000000000;;AHP_APRENDIZAGEM_ESPECIALIZACAO_WORKLOAD;;;;;CONCLUIDA;True;0,8438181935646629;1,0;1,0;0,0;0,6586441863669917;0,1851740071976712;0,0
Contratos;Contratos de Seguros ou Previdência;;Adão;2026-01-05 09:05:00;2026-01-16 11:01:00.000000000;2026-01-19 11:01:00.000000000;3,0;;8,0;2026-01-19 11:01:00.000000000;;AHP_APRENDIZAGEM_ESPECIALIZACAO_WORKLOAD;;;;;CONCLUIDA;True;0,8438181935646629;1,0;1,0;0,0;0,6586441863669917;0,1851740071976712;0,0
Direito financeiro;Revisão de documentos de disclosure;;Eva;2026-01-05 09:06:00;2026-01-05 15:04:59.999999999;2026-01-06 15:05:00.000000000;3,0;;8,0;2026-01-06 15:05:00.000000000;;AHP_APRENDIZAGEM_ESPECIALIZACAO_WORKLOAD;;;;;CONCLUIDA;True;1,0;1,0;1,0;1,0;0,6586441863669917;0,1851740071976712;0,1561818064353371
Societário;Gestão de Advisors e Governança da Operação;;Davi;2026-01-05 09:07:00;2026-01-09 09:03:00.000000000;2026-01-12 09:02:59.999999999;3,0;;8,0;2026-01-12 09:02:59.999999999;;AHP_APRENDIZAGEM_ESPECIALIZACAO_WORKLOAD;;;;;CONCLUIDA;True;0,9492523425609014;1,0;1,0;0,6750731817146104;0,6586441863669917;0,1851740071976712;0,10543414899623843
Governança;Acompanhamento de planos de mitigação;;Eva;2026-01-05 09:08:00;2026-01-06 15:05:00.000000000;2026-01-07 09:04:59.999999999;1,0;;2,0;2026-01-07 09:04:59.999999999;;AHP_APRENDIZAGEM_ESPECIALIZACAO_WORKLOAD;;;;;CONCLUIDA;True;0,9871636209532743;1,0;1,0;0,9178113037638587;0,6586441863669917;0,1851740071976712;0,14334542738861136
Societário;Atualização de Contrato Social / Estatuto;;Davi;2026-01-05 09:09:00;2026-01-12 09:02:59.999999999;2026-01-13 09:02:59.999999999;3,0;;8,0;2026-01-13 09:02:59.999999999;;AHP_APRENDIZAGEM_ESPECIALIZACAO_WORKLOAD;;;;;CONCLUIDA;True;0,9323716249096419;1,0;1,0;0,5669894167963934;0,6586441863669917;0,1851740071976712;0,08855343134497898
Direito digital;Comunicação de incidentes às autoridades competentes;;Abraão;2026-01-05 09:10:00;2026-01-06 09:00:00.000000000;2026-01-06 11:00:00.000000000;1,0;;2,0;2026-01-06 11:00:00.000000000;;AHP_APRENDIZAGEM_ESPECIALIZACAO_WORKLOAD;;;;;CONCLUIDA;True;1,0;1,0;1,0;1,0;0,6586441863669917;0,1851740071976712;0,1561818064353371
Direito financeiro;Apoio a programas de prevenção à lavagem de dinheiro (PLD/FT);;Jacó;2026-01-05 09:11:00;2026-01-06 09:06:00.000000000;2026-01-06 11:06:00.000000000;1,0;;2,0;2026-01-06 11:06:00.000000000;;AHP_APRENDIZAGEM_ESPECIALIZACAO_WORKLOAD;;;;;CONCLUIDA;True;1,0;1,0;1,0;1,0;0,6586441863669917;0,1851740071976712;0,1561818064353371
Contratos;Contrato de Representação Comercial;;Adão;2026-01-05 09:12:00;2026-01-19 11:01:00.000000000;2026-01-20 11:01:00.000000000;3,0;;8,0;2026-01-20 11:01:00.000000000;;AHP_APRENDIZAGEM_ESPECIALIZACAO_WORKLOAD;;;;;CONCLUIDA;True;0,8438181935646629;1,0;1,0;0,0;0,6586441863669917;0,1851740071976712;0,0
Concorrencial;Contencioso Administrativo Concorrencial;;Abraão;2026-01-05 09:13:00;2026-01-06 11:00:00.000000000;2026-01-08 11:00:00.000000000;4,0;;16,0;2026-01-08 11:00:00.000000000;;AHP_APRENDIZAGEM_ESPECIALIZACAO_WORKLOAD;;;;;CONCLUIDA;True;1,0;1,0;1,0;1,0;0,6586441863669917;0,1851740071976712;0,1561818064353371
Direito digital;Análise de cláusulas de tratamento, compartilhamento e transferência de dados;;Jacó;2026-01-05 09:14:00;2026-01-06 11:06:00.000000000;2026-01-06 15:06:00.000000000;2,0;;4,0;2026-01-06 15:06:00.000000000;;AHP_APRENDIZAGEM_ESPECIALIZACAO_WORKLOAD;;;;;CONCLUIDA;True;1,0;1,0;1,0;1,0;0,6586441863669917;0,1851740071976712;0,1561818064353371
Societário;Acordo de Sócios / Acionistas;;Davi;2026-01-06 09:00:00;2026-01-13 09:02:59.999999999;2026-01-14 09:02:59.999999999;3,0;;8,0;2026-01-14 09:02:59.999999999;;AHP_APRENDIZAGEM_ESPECIALIZACAO_WORKLOAD;;;;;CONCLUIDA;True;0,9279032456499692;1,0;1,0;0,5383793029703455;0,6586441863669917;0,1851740071976712;0,08408505208530621
Contratos;Outros tipos contratuais;;Adão;2026-01-06 09:01:00;2026-01-20 11:01:00.000000000;2026-01-21 11:01:00.000000000;3,0;;8,0;2026-01-21 11:01:00.000000000;;AHP_APRENDIZAGEM_ESPECIALIZACAO_WORKLOAD;;;;;CONCLUIDA;True;0,8438181935646629;1,0;1,0;0,0;0,6586441863669917;0,1851740071976712;0,0
Direito financeiro;Revisão de documentos de disclosure;;Esaú;2026-01-06 09:02:00;2026-01-06 13:04:00.000000000;2026-01-07 13:04:00.000000000;3,0;;8,0;2026-01-07 13:04:00.000000000;;AHP_APRENDIZAGEM_ESPECIALIZACAO_WORKLOAD;;;;;CONCLUIDA;True;1,0;1,0;1,0;1,0;0,6586441863669917;0,1851740071976712;0,1561818064353371
Contratos;Contrato de prestação de serviços;;Adão;2026-01-06 09:03:00;2026-01-21 11:01:00.000000000;2026-01-22 11:01:00.000000000;3,0;;8,0;2026-01-22 11:01:00.000000000;;AHP_APRENDIZAGEM_ESPECIALIZACAO_WORKLOAD;;;;;CONCLUIDA;True;0,8438181935646629;1,0;1,0;0,0;0,6586441863669917;0,1851740071976712;0,0
Concorrencial;Programa de Compliance Concorrencial;;Jacó;2026-01-06 09:04:00;2026-01-06 15:06:00.000000000;2026-01-07 15:06:00.000000000;3,0;;8,0;2026-01-07 15:06:00.000000000;;AHP_APRENDIZAGEM_ESPECIALIZACAO_WORKLOAD;;;;;CONCLUIDA;True;1,0;1,0;1,0;1,0;0,6586441863669917;0,1851740071976712;0,1561818064353371
Direito digital;Apoio jurídico ao Encarregado/DPO;;Eva;2026-01-06 09:05:00;2026-01-07 09:04:59.999999999;2026-01-07 11:04:59.999999999;1,0;;2,0;2026-01-07 11:04:59.999999999;;AHP_APRENDIZAGEM_ESPECIALIZACAO_WORKLOAD;;;;;CONCLUIDA;True;1,0;1,0;1,0;1,0;0,6586441863669917;0,1851740071976712;0,1561818064353371
Regulatório;Análise regulatória de modelos inovadores (open finance, cripto, tokenização);;Davi;2026-01-06 09:06:00;2026-01-14 09:02:59.999999999;2026-01-15 09:02:59.999999999;3,0;;8,0;2026-01-15 09:02:59.999999999;;AHP_APRENDIZAGEM_ESPECIALIZACAO_WORKLOAD;;;;;CONCLUIDA;True;0,9325154952680188;1,0;1,0;0,5679105891253644;0,6586441863669917;0,1851740071976712;0,08869730170335592
Contratos;Contrato de Transferência de Tecnologia;;Adão;2026-01-06 09:07:00;2026-01-22 11:01:00.000000000;2026-01-23 11:01:00.000000000;3,0;;8,0;2026-01-23 11:01:00.000000000;;AHP_APRENDIZAGEM_ESPECIALIZACAO_WORKLOAD;;;;;CONCLUIDA;True;0,8438181935646629;1,0;1,0;0,0;0,6586441863669917;0,1851740071976712;0,0
Concorrencial;Gestão de canal de dúvidas;;Caim;2026-01-06 09:08:00;2026-01-07 11:02:00.000000000;2026-01-07 13:02:00.000000000;1,0;;2,0;2026-01-07 13:02:00.000000000;;AHP_APRENDIZAGEM_ESPECIALIZACAO_WORKLOAD;;;;;CONCLUIDA;True;1,0;1,0;1,0;1,0;0,6586441863669917;0,1851740071976712;0,1561818064353371
Regulatório;Elaboração de pareceres e notas técnicas internas;;Davi;2026-01-06 09:09:00;2026-01-15 09:02:59.999999999;2026-01-16 09:02:59.999999999;3,0;;8,0;2026-01-16 09:02:59.999999999;;AHP_APRENDIZAGEM_ESPECIALIZACAO_WORKLOAD;;;;;CONCLUIDA;True;0,9251651455611698;1,0;1,0;0,5208478109784597;0,6586441863669917;0,1851740071976712;0,08134695199650684
Direito digital;Avaliação de uso de IA, algoritmos e automação;;Eva;2026-01-06 09:10:00;2026-01-07 11:04:59.999999999;2026-01-07 13:04:59.999999999;1,0;;2,0;2026-01-07 13:04:59.999999999;;AHP_APRENDIZAGEM_ESPECIALIZACAO_WORKLOAD;;;;;CONCLUIDA;True;1,0;1,0;1,0;1,0;0,6586441863669917;0,1851740071976712;0,1561818064353371
Contratos;Contratos Administrativos;;Adão;2026-01-06 09:11:00;2026-01-23 11:01:00.000000000;2026-01-26 11:01:00.000000000;3,0;;8,0;2026-01-26 11:01:00.000000000;;AHP_APRENDIZAGEM_ESPECIALIZACAO_WORKLOAD;;;;;CONCLUIDA;True;0,8438181935646629;1,0;1,0;0,0;0,6586441863669917;0,1851740071976712;0,0
Societário;Estruturação de veículos societários (SPVs);;Jacó;2026-01-06 09:12:00;2026-01-07 15:06:00.000000000;2026-01-12 15:06:00.000000000;5,0;;24,0;2026-01-12 15:06:00.000000000;;AHP_APRENDIZAGEM_ESPECIALIZACAO_WORKLOAD;;;;;CONCLUIDA;True;0,9968350148720323;1,0;1,0;0,979735250857928;0,6586441863669917;0,1851740071976712;0,15301682130736935
Contratos;Contrato de Mútuo, Doação ou Comodato;;Adão;2026-01-06 09:13:00;2026-01-26 11:01:00.000000000;2026-01-27 11:01:00.000000000;3,0;;8,0;2026-01-27 11:01:00.000000000;;AHP_APRENDIZAGEM_ESPECIALIZACAO_WORKLOAD;;;;;CONCLUIDA;True;0,8438181935646629;1,0;1,0;0,0;0,6586441863669917;0,1851740071976712;0,0
Contratos;Contrato de Mandato;;Adão;2026-01-06 09:14:00;2026-01-27 11:01:00.000000000;2026-01-28 11:01:00.000000000;3,0;;8,0;2026-01-28 11:01:00.000000000;;AHP_APRENDIZAGEM_ESPECIALIZACAO_WORKLOAD;;;;;CONCLUIDA;True;0,8438181935646629;1,0;1,0;0,0;0,6586441863669917;0,1851740071976712;0,0
Societário;Acordo de Sócios / Acionistas;;Jacó;2026-01-07 09:00:00;2026-01-12 15:06:00.000000000;2026-01-13 15:06:00.000000000;3,0;;8,0;2026-01-13 15:06:00.000000000;;AHP_APRENDIZAGEM_ESPECIALIZACAO_WORKLOAD;;;;;CONCLUIDA;True;0,9654939475539706;1,0;1,0;0,7790648396660994;0,6586441863669917;0,1851740071976712;0,12167575398930768
Governança;Treinamentos corporativos;;Eva;2026-01-07 09:01:00;2026-01-07 13:04:59.999999999;2026-01-07 15:04:59.999999999;1,0;;2,0;2026-01-07 15:04:59.999999999;;AHP_APRENDIZAGEM_ESPECIALIZACAO_WORKLOAD;;;;;CONCLUIDA;True;0,9999338119202283;1,0;1,0;0,9995762113316372;0,6586441863669917;0,1851740071976712;0,15611561835556537
Contratos;Contrato de Agência, Franquia ou Parceria Empresarial;;Adão;2026-01-07 09:02:00;2026-01-28 11:01:00.000000000;2026-01-29 11:01:00.000000000;3,0;;8,0;2026-01-29 11:01:00.000000000;;AHP_APRENDIZAGEM_ESPECIALIZACAO_WORKLOAD;;;;;CONCLUIDA;True;0,8438181935646629;1,0;1,0;0,0;0,6586441863669917;0,1851740071976712;0,0
Contratos;Outros tipos contratuais;;Adão;2026-01-07 09:03:00;2026-01-29 11:01:00.000000000;2026-01-30 11:01:00.000000000;3,0;;8,0;2026-01-30 11:01:00.000000000;;AHP_APRENDIZAGEM_ESPECIALIZACAO_WORKLOAD;;;;;CONCLUIDA;True;0,8438181935646629;1,0;1,0;0,0;0,6586441863669917;0,1851740071976712;0,0
Contratos;Contrato de Joint Venture;;Adão;2026-01-07 09:04:00;2026-01-30 11:01:00.000000000;2026-02-04 11:00:59.999999999;5,0;;24,0;2026-02-04 11:00:59.999999999;;AHP_APRENDIZAGEM_ESPECIALIZACAO_WORKLOAD;;;;;CONCLUIDA;True;0,8438181935646629;1,0;1,0;0,0;0,6586441863669917;0,1851740071976712;0,0
Contratos;Contrato de Licença de Uso de Marca;;Adão;2026-01-07 09:05:00;2026-02-04 11:00:59.999999999;2026-02-05 11:01:00.000000000;3,0;;8,0;2026-02-05 11:01:00.000000000;;AHP_APRENDIZAGEM_ESPECIALIZACAO_WORKLOAD;;;;;CONCLUIDA;True;0,8438181935646629;1,0;1,0;0,0;0,6586441863669917;0,1851740071976712;0,0
Concorrencial;Revisão concorrencial de documentos;;Esaú;2026-01-07 09:06:00;2026-01-07 13:04:00.000000000;2026-01-08 13:04:00.000000000;3,0;;8,0;2026-01-08 13:04:00.000000000;;AHP_APRENDIZAGEM_ESPECIALIZACAO_WORKLOAD;;;;;CONCLUIDA;True;0,9999686350423866;1,0;1,0;0,9997991766241587;0,6586441863669917;0,1851740071976712;0,15615044147772378
Contratos;Contrato de Mandato;;Adão;2026-01-07 09:07:00;2026-02-05 11:01:00.000000000;2026-02-06 11:01:00.000000000;3,0;;8,0;2026-02-06 11:01:00.000000000;;AHP_APRENDIZAGEM_ESPECIALIZACAO_WORKLOAD;;;;;CONCLUIDA;True;0,8438181935646629;1,0;1,0;0,0;0,6586441863669917;0,1851740071976712;0,0
Societário;Gestão jurídica do encerramento de operações;;Jacó;2026-01-07 09:08:00;2026-01-13 15:06:00.000000000;2026-01-14 09:06:00.000000000;1,0;;2,0;2026-01-14 09:06:00.000000000;;AHP_APRENDIZAGEM_ESPECIALIZACAO_WORKLOAD;;;;;CONCLUIDA;True;0,9694189469916334;1,0;1,0;0,8041958041954916;0,6586441863669917;0,1851740071976712;0,12560075342697052
Contratos;Contratos Financeiros ou Bancários;;Adão;2026-01-07 09:09:00;2026-02-06 11:01:00.000000000;2026-02-09 11:01:00.000000000;3,0;;8,0;2026-02-09 11:01:00.000000000;;AHP_APRENDIZAGEM_ESPECIALIZACAO_WORKLOAD;;;;;CONCLUIDA;True;0,8438181935646629;1,0;1,0;0,0;0,6586441863669917;0,1851740071976712;0,0
Governança;Estruturação de framework de riscos;;Eva;2026-01-07 09:10:00;2026-01-07 15:04:59.999999999;2026-01-12 15:04:59.999999999;5,0;;24,0;2026-01-12 15:04:59.999999999;;AHP_APRENDIZAGEM_ESPECIALIZACAO_WORKLOAD;;;;;CONCLUIDA;True;0,9982406482105529;1,0;1,0;0,9887352321656269;0,6586441863669917;0,1851740071976712;0,15442245464589002
Contratos;Contrato de Mandato;;Adão;2026-01-07 09:11:00;2026-02-09 11:01:00.000000000;2026-02-10 11:01:00.000000000;3,0;;8,0;2026-02-10 11:01:00.000000000;;AHP_APRENDIZAGEM_ESPECIALIZACAO_WORKLOAD;;;;;CONCLUIDA;True;0,8438181935646629;1,0;1,0;0,0;0,6586441863669917;0,1851740071976712;0,0
Propriedade intelectual;Gestão de depósitos, acompanhamentos e prazos;;Abraão;2026-01-07 09:12:00;2026-01-08 11:00:00.000000000;2026-01-08 13:00:00.000000000;1,0;;2,0;2026-01-08 13:00:00.000000000;;AHP_APRENDIZAGEM_ESPECIALIZACAO_WORKLOAD;;;;;CONCLUIDA;True;0,9950949130007956;1,0;1,0;0,9685937362926114;0,6586441863669917;0,1851740071976712;0,15127671943613258
Regulatório;Interface direta com equipes técnicas dos reguladores;;Davi;2026-01-07 09:13:00;2026-01-16 09:02:59.999999999;2026-01-19 09:02:59.999999999;3,0;;8,0;2026-01-19 09:02:59.999999999;;AHP_APRENDIZAGEM_ESPECIALIZACAO_WORKLOAD;;;;;CONCLUIDA;True;0,9572380544007896;1,0;1,0;0,7262040529867039;0,6586441863669917;0,1851740071976712;0,11341986083612668
Contratos;Contrato de Licença de Uso de Marca;;Adão;2026-01-07 09:14:00;2026-02-10 11:01:00.000000000;2026-02-11 11:01:00.000000000;3,0;;8,0;2026-02-11 11:01:00.000000000;;AHP_APRENDIZAGEM_ESPECIALIZACAO_WORKLOAD;;;;;CONCLUIDA;True;0,8438181935646629;1,0;1,0;0,0;0,6586441863669917;0,1851740071976712;0,0
Contratos;Contrato de Transferência de Tecnologia;;Caim;2026-01-08 09:00:00;2026-01-08 09:00:00.000000000;2026-01-08 17:00:00.000000000;3,0;;8,0;2026-01-08 17:00:00.000000000;;AHP_APRENDIZAGEM_ESPECIALIZACAO_WORKLOAD;;;;;CONCLUIDA;True;1,0;1,0;1,0;1,0;0,6586441863669917;0,1851740071976712;0,1561818064353371
Contratos;Contrato de Mandato;;Caim;2026-01-08 09:01:00;2026-01-09 09:00:00.000000000;2026-01-09 17:00:00.000000000;3,0;;8,0;2026-01-09 17:00:00.000000000;;AHP_APRENDIZAGEM_ESPECIALIZACAO_WORKLOAD;;;;;CONCLUIDA;True;0,996712250368868;1,0;1,0;0,9789492149811112;0,6586441863669917;0,1851740071976712;0,15289405680420512
Governança;Estruturação de framework de riscos;;Eva;2026-01-08 09:02:00;2026-01-12 15:04:59.999999999;2026-01-15 15:04:59.999999999;5,0;;24,0;2026-01-15 15:04:59.999999999;;AHP_APRENDIZAGEM_ESPECIALIZACAO_WORKLOAD;;;;;CONCLUIDA;True;0,9851366318761525;1,0;1,0;0,9048329093952356;0,6586441863669917;0,1851740071976712;0,1413184383114896
Direito financeiro;Apoio em auditorias internas e externas;;Esaú;2026-01-08 09:03:00;2026-01-08 13:04:00.000000000;2026-01-09 13:04:00.000000000;3,0;;8,0;2026-01-09 13:04:00.000000000;;AHP_APRENDIZAGEM_ESPECIALIZACAO_WORKLOAD;;;;;CONCLUIDA;True;0,9999452041728145;1,0;1,0;0,9996491535830184;0,6586441863669917;0,1851740071976712;0,15612701060815157
Contratos;Contrato de SaaS;;Caim;2026-01-08 09:04:00;2026-01-12 09:00:00.000000000;2026-01-12 17:00:00.000000000;3,0;;8,0;2026-01-12 17:00:00.000000000;;AHP_APRENDIZAGEM_ESPECIALIZACAO_WORKLOAD;;;;;CONCLUIDA;True;0,9901367511066042;1,0;1,0;0,9368476449433337;0,6586441863669917;0,1851740071976712;0,14631855754194117
Societário;Atos perante Junta Comercial;;Jacó;2026-01-08 09:05:00;2026-01-14 09:06:00.000000000;2026-01-14 11:06:00.000000000;1,0;;2,0;2026-01-14 11:06:00.000000000;;AHP_APRENDIZAGEM_ESPECIALIZACAO_WORKLOAD;;;;;CONCLUIDA;True;0,9769035588412979;1,0;1,0;0,8521182352423065;0,6586441863669917;0,1851740071976712;0,13308536527663495
Propriedade intelectual;Combate à pirataria, concorrência desleal e uso indevido;;Abraão;2026-01-08 09:06:00;2026-01-08 13:00:00.000000000;2026-01-08 17:00:00.000000000;2,0;;4,0;2026-01-08 17:00:00.000000000;;AHP_APRENDIZAGEM_ESPECIALIZACAO_WORKLOAD;;;;;CONCLUIDA;True;1,0;1,0;1,0;1,0;0,6586441863669917;0,1851740071976712;0,1561818064353371
Propriedade intelectual;Apoio na prevenção de vazamento de informações estratégicas;;Abraão;2026-01-08 09:07:00;2026-01-09 09:00:00.000000000;2026-01-09 11:00:00.000000000;1,0;;2,0;2026-01-09 11:00:00.000000000;;AHP_APRENDIZAGEM_ESPECIALIZACAO_WORKLOAD;;;;;CONCLUIDA;True;1,0;1,0;1,0;1,0;0,6586441863669917;0,1851740071976712;0,1561818064353371
Contratos;Contrato de SaaS;;Caim;2026-01-08 09:08:00;2026-01-13 09:00:00.000000000;2026-01-13 17:00:00.000000000;3,0;;8,0;2026-01-13 17:00:00.000000000;;AHP_APRENDIZAGEM_ESPECIALIZACAO_WORKLOAD;;;;;CONCLUIDA;True;0,9881176779815342;1,0;1,0;0,9239199347884007;0,6586441863669917;0,1851740071976712;0,1442994844168713
Direito digital;Apoio jurídico ao Encarregado/DPO;;Eva;2026-01-08 09:09:00;2026-01-15 15:04:59.999999999;2026-01-16 09:04:59.999999999;1,0;;2,0;2026-01-16 09:04:59.999999999;;AHP_APRENDIZAGEM_ESPECIALIZACAO_WORKLOAD;;;;;CONCLUIDA;True;0,9693747295597852;1,0;1,0;0,8039126890692327;0,6586441863669917;0,1851740071976712;0,12555653599512226
Contratos;Contratos Administrativos;;Caim;2026-01-08 09:10:00;2026-01-14 09:00:00.000000000;2026-01-14 17:00:00.000000000;3,0;;8,0;2026-01-14 17:00:00.000000000;;AHP_APRENDIZAGEM_ESPECIALIZACAO_WORKLOAD;;;;;CONCLUIDA;True;0,981327779685268;1,0;1,0;0,880445611810344;0,6586441863669917;0,1851740071976712;0,1375095861206051
Contratos;Letter of Intent;;Caim;2026-01-08 09:11:00;2026-01-15 09:00:00.000000000;2026-01-15 11:00:00.000000000;1,0;;2,0;2026-01-15 11:00:00.000000000;;AHP_APRENDIZAGEM_ESPECIALIZACAO_WORKLOAD;;;;;CONCLUIDA;True;0,9745378813890018;1,0;1,0;0,8369712888322872;0,6586441863669917;0,1851740071976712;0,1307196878243389
Governança;Política de Conflito de Interesses e de Partes Relacionadas;;Eva;2026-01-08 09:12:00;2026-01-16 09:04:59.999999999;2026-01-19 09:04:59.999999999;3,0;;8,0;2026-01-19 09:04:59.999999999;;AHP_APRENDIZAGEM_ESPECIALIZACAO_WORKLOAD;;;;;CONCLUIDA;True;0,9676772549857187;1,0;1,0;0,7930441083247186;0,6586441863669917;0,1851740071976712;0,12385906142105571
Contratos;Contrato de Mútuo, Doação ou Comodato;;Caim;2026-01-08 09:13:00;2026-01-15 11:00:00.000000000;2026-01-16 11:00:00.000000000;3,0;;8,0;2026-01-16 11:00:00.000000000;;AHP_APRENDIZAGEM_ESPECIALIZACAO_WORKLOAD;;;;;CONCLUIDA;True;0,9728404068149352;1,0;1,0;0,826102708087773;0,6586441863669917;0,1851740071976712;0,12902221325027236
Societário;Regularização societária;;Jacó;2026-01-08 09:14:00;2026-01-14 11:06:00.000000000;2026-01-15 11:05:59.999999999;3,0;;8,0;2026-01-15 11:05:59.999999999;;AHP_APRENDIZAGEM_ESPECIALIZACAO_WORKLOAD;;;;;CONCLUIDA;True;0,979545431382498;1,0;1,0;0,8690336020286039;0,6586441863669917;0,1851740071976712;0,1357272378178352
Regulatório;Alterações cadastrais e societárias perante CVM e BCB;;Davi;2026-01-09 09:00:00;2026-01-19 09:02:59.999999999;2026-01-19 11:02:59.999999999;1,0;;2,0;2026-01-19 11:02:59.999999999;;AHP_APRENDIZAGEM_ESPECIALIZACAO_WORKLOAD;;;;;CONCLUIDA;True;0,9609156479321768;1,0;1,0;0,7497509283579386;0,6586441863669917;0,1851740071976712;0,11709745436751386
Trabalhista;Revisão de políticas internas e regulamentos;;Abraão;2026-01-09 09:01:00;2026-01-09 11:00:00.000000000;2026-01-12 11:00:00.000000000;3,0;;8,0;2026-01-12 11:00:00.000000000;;AHP_APRENDIZAGEM_ESPECIALIZACAO_WORKLOAD;;;;;CONCLUIDA;True;1,0;1,0;1,0;1,0;0,6586441863669917;0,1851740071976712;0,1561818064353371
Concorrencial;Monitoramento regulatório e jurisprudencial;;Abraão;2026-01-09 09:02:00;2026-01-12 11:00:00.000000000;2026-01-13 11:00:00.000000000;3,0;;8,0;2026-01-13 11:00:00.000000000;;AHP_APRENDIZAGEM_ESPECIALIZACAO_WORKLOAD;;;;;CONCLUIDA;True;0,9949069595043529;1,0;1,0;0,9673903086928644;0,6586441863669917;0,1851740071976712;0,15108876593968995
Societário;Closing da operação;;Davi;2026-01-09 09:03:00;2026-01-19 11:02:59.999999999;2026-01-19 13:02:59.999999999;1,0;;2,0;2026-01-19 13:02:59.999999999;;AHP_APRENDIZAGEM_ESPECIALIZACAO_WORKLOAD;;;;;CONCLUIDA;True;0,960528936158973;1,0;1,0;0,7472748923712252;0,6586441863669917;0,1851740071976712;0,11671074259431007
Contencioso;Elaboração de recursos;;Abraão;2026-01-09 09:04:00;2026-01-13 11:00:00.000000000;2026-01-15 11:00:00.000000000;4,0;;16,0;2026-01-15 11:00:00.000000000;;AHP_APRENDIZAGEM_ESPECIALIZACAO_WORKLOAD;;;;;CONCLUIDA;True;0,9880399386113454;1,0;1,0;0,9234221855821196;0,6586441863669917;0,1851740071976712;0,14422174504668256
Contratos;Contrato de compra e venda;;Adão;2026-01-09 09:05:00;2026-02-11 11:01:00.000000000;2026-02-12 11:01:00.000000000;3,0;;8,0;2026-02-12 11:01:00.000000000;;AHP_APRENDIZAGEM_ESPECIALIZACAO_WORKLOAD;;;;;CONCLUIDA;True;0,8438181935646629;1,0;1,0;0,0;0,6586441863669917;0,1851740071976712;0,0
Contratos;Contratos Financeiros ou Bancários;;Adão;2026-01-09 09:06:00;2026-02-12 11:01:00.000000000;2026-02-13 11:01:00.000000000;3,0;;8,0;2026-02-13 11:01:00.000000000;;AHP_APRENDIZAGEM_ESPECIALIZACAO_WORKLOAD;;;;;CONCLUIDA;True;0,8438181935646629;1,0;1,0;0,0;0,6586441863669917;0,1851740071976712;0,0
Societário;Aumento e redução de capital;;Davi;2026-01-09 09:07:00;2026-01-19 13:02:59.999999999;2026-01-19 15:02:59.999999999;1,0;;2,0;2026-01-19 15:02:59.999999999;;AHP_APRENDIZAGEM_ESPECIALIZACAO_WORKLOAD;;;;;CONCLUIDA;True;0,962141330241245;1,0;1,0;0,7575987202169459;0,6586441863669917;0,1851740071976712;0,11832313667658215
Direito digital;Programa de conformidade com LGPD;;Eva;2026-01-09 09:08:00;2026-01-19 09:04:59.999999999;2026-01-19 11:04:59.999999999;1,0;;2,0;2026-01-19 11:04:59.999999999;;AHP_APRENDIZAGEM_ESPECIALIZACAO_WORKLOAD;;;;;CONCLUIDA;True;0,9652710153411533;1,0;1,0;0,77763745053605;0,6586441863669917;0,1851740071976712;0,1214528217764904
Contratos;Contratos de Seguros ou Previdência;;Adão;2026-01-09 09:09:00;2026-02-13 11:01:00.000000000;2026-02-16 11:01:00.000000000;3,0;;8,0;2026-02-16 11:01:00.000000000;;AHP_APRENDIZAGEM_ESPECIALIZACAO_WORKLOAD;;;;;CONCLUIDA;True;0,8438181935646629;1,0;1,0;0,0;0,6586441863669917;0,1851740071976712;0,0
Concorrencial;Relacionamento CADE;;Abraão;2026-01-09 09:10:00;2026-01-15 11:00:00.000000000;2026-01-15 13:00:00.000000000;1,0;;2,0;2026-01-15 13:00:00.000000000;;AHP_APRENDIZAGEM_ESPECIALIZACAO_WORKLOAD;;;;;CONCLUIDA;True;0,977300111324928;1,0;1,0;0,8546572792749049;0,6586441863669917;0,1851740071976712;0,13348191776026505
Governança;Treinamentos corporativos;;Eva;2026-01-09 09:11:00;2026-01-19 11:04:59.999999999;2026-01-19 13:04:59.999999999;1,0;;2,0;2026-01-19 13:04:59.999999999;;AHP_APRENDIZAGEM_ESPECIALIZACAO_WORKLOAD;;;;;CONCLUIDA;True;0,9651033448599691;1,0;1,0;0,7765638909133825;0,6586441863669917;0,1851740071976712;0,12128515129530615
Contratos;Contrato de Escrow de Código-Fonte;;Adão;2026-01-09 09:12:00;2026-02-16 11:01:00.000000000;2026-02-17 11:01:00.000000000;3,0;;8,0;2026-02-17 11:01:00.000000000;;AHP_APRENDIZAGEM_ESPECIALIZACAO_WORKLOAD;;;;;CONCLUIDA;True;0,8438181935646629;1,0;1,0;0,0;0,6586441863669917;0,1851740071976712;0,0
Societário;Atos perante Junta Comercial;;Davi;2026-01-09 09:13:00;2026-01-19 15:02:59.999999999;2026-01-20 09:03:00.000000000;1,0;;2,0;2026-01-20 09:03:00.000000000;;AHP_APRENDIZAGEM_ESPECIALIZACAO_WORKLOAD;;;;;CONCLUIDA;True;0,9635125623200925;1,0;1,0;0,7663784373308925;0,6586441863669917;0,1851740071976712;0,11969436875542958
Direito digital;Apoio em planos de resposta a incidentes;;Eva;2026-01-09 09:14:00;2026-01-19 13:04:59.999999999;2026-01-19 15:04:59.999999999;1,0;;2,0;2026-01-19 15:04:59.999999999;;AHP_APRENDIZAGEM_ESPECIALIZACAO_WORKLOAD;;;;;CONCLUIDA;True;0,9649482134192099;1,0;1,0;0,7755706161888811;0,6586441863669917;0,1851740071976712;0,12113001985454695
Societário;Suporte jurídico às negociações comerciais;;Davi;2026-01-12 09:00:00;2026-01-20 09:03:00.000000000;2026-01-21 09:02:59.999999999;3,0;;8,0;2026-01-21 09:02:59.999999999;;AHP_APRENDIZAGEM_ESPECIALIZACAO_WORKLOAD;;;;;CONCLUIDA;True;0,9642669511982328;1,0;1,0;0,7712086342363982;0,6586441863669917;0,1851740071976712;0,12044875763356984
Societário;Due diligence;;Davi;2026-01-12 09:01:00;2026-01-21 09:02:59.999999999;2026-01-26 09:03:00.000000000;5,0;;24,0;2026-01-26 09:03:00.000000000;;AHP_APRENDIZAGEM_ESPECIALIZACAO_WORKLOAD;;;;;CONCLUIDA;True;0,9583267275211353;1,0;1,0;0,7331746031755729;0,6586441863669917;0,1851740071976712;0,11450853395647242
Societário;Atos perante Junta Comercial;;Davi;2026-01-12 09:02:00;2026-01-26 09:03:00.000000000;2026-01-26 11:03:00.000000000;1,0;;2,0;2026-01-26 11:03:00.000000000;;AHP_APRENDIZAGEM_ESPECIALIZACAO_WORKLOAD;;;;;CONCLUIDA;True;0,9404850501869639;1,0;1,0;0,6189380109540691;0,6586441863669917;0,1851740071976712;0,09666685662230097
Contratos;Contrato de Agência, Franquia ou Parceria Empresarial;;Adão;2026-01-12 09:03:00;2026-02-17 11:01:00.000000000;2026-02-18 11:01:00.000000000;3,0;;8,0;2026-02-18 11:01:00.000000000;;AHP_APRENDIZAGEM_ESPECIALIZACAO_WORKLOAD;;;;;CONCLUIDA;True;0,8438181935646629;1,0;1,0;0,0;0,6586441863669917;0,1851740071976712;0,0
Contencioso;Relatórios gerenciais;;Abraão;2026-01-12 09:04:00;2026-01-15 13:00:00.000000000;2026-01-15 15:00:00.000000000;1,0;;2,0;2026-01-15 15:00:00.000000000;;AHP_APRENDIZAGEM_ESPECIALIZACAO_WORKLOAD;;;;;CONCLUIDA;True;0,9799831224603535;1,0;1,0;0,8718360480230836;0,6586441863669917;0,1851740071976712;0,1361649288956905
Regulatório;Análise de requisitos prudenciais e de liquidez;;Davi;2026-01-12 09:05:00;2026-01-26 11:03:00.000000000;2026-01-26 13:03:00.000000000;1,0;;2,0;2026-01-26 13:03:00.000000000;;AHP_APRENDIZAGEM_ESPECIALIZACAO_WORKLOAD;;;;;CONCLUIDA;True;0,9412586322998345;1,0;1,0;0,6238910981959619;0,6586441863669917;0,1851740071976712;0,09744043873517161
Regulatório;Apoio jurídico a ofertas públicas (ICVM 160 e correlatas);;Davi;2026-01-12 09:06:00;2026-01-26 13:03:00.000000000;2026-01-27 09:02:59.999999999;2,0;;4,0;2026-01-27 09:02:59.999999999;;AHP_APRENDIZAGEM_ESPECIALIZACAO_WORKLOAD;;;;;CONCLUIDA;True;0,9398326761748992;1,0;1,0;0,6147609942646459;0,6586441863669917;0,1851740071976712;0,09601448261023632
Contratos;Contrato de Representação Comercial;;Adão;2026-01-12 09:07:00;2026-02-18 11:01:00.000000000;2026-02-19 11:01:00.000000000;3,0;;8,0;2026-02-19 11:01:00.000000000;;AHP_APRENDIZAGEM_ESPECIALIZACAO_WORKLOAD;;;;;CONCLUIDA;True;0,8438181935646629;1,0;1,0;0,0;0,6586441863669917;0,1851740071976712;0,0
Contratos;Contratos Administrativos;;Adão;2026-01-12 09:08:00;2026-02-19 11:01:00.000000000;2026-02-20 11:01:00.000000000;3,0;;8,0;2026-02-20 11:01:00.000000000;;AHP_APRENDIZAGEM_ESPECIALIZACAO_WORKLOAD;;;;;CONCLUIDA;True;0,8438181935646629;1,0;1,0;0,0;0,6586441863669917;0,1851740071976712;0,0
Governança;Política de Conflito de Interesses e de Partes Relacionadas;;Eva;2026-01-12 09:09:00;2026-01-19 15:04:59.999999999;2026-01-20 15:05:00.000000000;3,0;;8,0;2026-01-20 15:05:00.000000000;;AHP_APRENDIZAGEM_ESPECIALIZACAO_WORKLOAD;;;;;CONCLUIDA;True;0,9693246109938928;1,0;1,0;0,8035917901947972;0,6586441863669917;0,1851740071976712;0,12550641742922986
Contratos;Contrato de Agência, Franquia ou Parceria Empresarial;;Adão;2026-01-12 09:10:00;2026-02-20 11:01:00.000000000;2026-02-23 11:01:00.000000000;3,0;;8,0;2026-02-23 11:01:00.000000000;;AHP_APRENDIZAGEM_ESPECIALIZACAO_WORKLOAD;;;;;CONCLUIDA;True;0,8438181935646629;1,0;1,0;0,0;0,6586441863669917;0,1851740071976712;0,0
Regulatório;Análise de requisitos de administradores, conselheiros e diretores;;Davi;2026-01-12 09:11:00;2026-01-27 09:02:59.999999999;2026-01-27 11:02:59.999999999;1,0;;2,0;2026-01-27 11:02:59.999999999;;AHP_APRENDIZAGEM_ESPECIALIZACAO_WORKLOAD;;;;;CONCLUIDA;True;0,9432535848707485;1,0;1,0;0,6366643694011448;0,6586441863669917;0,1851740071976712;0,09943539130608556
Propriedade intelectual;Monitoramento de registros de terceiros;;Abraão;2026-01-12 09:12:00;2026-01-15 15:00:00.000000000;2026-01-15 17:00:00.000000000;1,0;;2,0;2026-01-15 17:00:00.000000000;;AHP_APRENDIZAGEM_ESPECIALIZACAO_WORKLOAD;;;;;CONCLUIDA;True;0,9807531139357155;1,0;1,0;0,8767661451511438;0,6586441863669917;0,1851740071976712;0,13693492037105262
Regulatório;Avaliação de conflitos de interesses e deveres fiduciários;;Davi;2026-01-12 09:13:00;2026-01-27 11:02:59.999999999;2026-01-27 13:02:59.999999999;1,0;;2,0;2026-01-27 13:02:59.999999999;;AHP_APRENDIZAGEM_ESPECIALIZACAO_WORKLOAD;;;;;CONCLUIDA;True;0,9419754661783271;1,0;1,0;0,6284808381589795;0,6586441863669917;0,1851740071976712;0,09815727261366416
Societário;Consolidação das versões finais dos documentos;;Davi;2026-01-12 09:14:00;2026-01-27 13:02:59.999999999;2026-01-27 15:02:59.999999999;1,0;;2,0;2026-01-27 15:02:59.999999999;;AHP_APRENDIZAGEM_ESPECIALIZACAO_WORKLOAD;;;;;CONCLUIDA;True;0,9406903169745187;1,0;1,0;0,6202522919976795;0,6586441863669917;0,1851740071976712;0,09687212340985576
Direito financeiro;Gestão de litígios bancários e financeiros;;Esaú;2026-01-13 09:00:00;2026-01-13 09:00:00.000000000;2026-01-14 17:00:00.000000000;4,0;;16,0;2026-01-14 17:00:00.000000000;;AHP_APRENDIZAGEM_ESPECIALIZACAO_WORKLOAD;;;;;CONCLUIDA;True;1,0;1,0;1,0;1,0;0,6586441863669917;0,1851740071976712;0,1561818064353371
Direito financeiro;Registro de garantias em cartórios e sistemas competentes;;Esaú;2026-01-13 09:01:00;2026-01-15 09:00:00.000000000;2026-01-15 11:00:00.000000000;1,0;;2,0;2026-01-15 11:00:00.000000000;;AHP_APRENDIZAGEM_ESPECIALIZACAO_WORKLOAD;;;;;CONCLUIDA;True;1,0;1,0;1,0;1,0;0,6586441863669917;0,1851740071976712;0,1561818064353371
Contratos;Contrato de Manutenção de Sistemas;;Caim;2026-01-13 09:02:00;2026-01-16 11:00:00.000000000;2026-01-19 11:00:00.000000000;3,0;;8,0;2026-01-19 11:00:00.000000000;;AHP_APRENDIZAGEM_ESPECIALIZACAO_WORKLOAD;;;;;CONCLUIDA;True;0,9079397248755323;0,9011001680421272;0,8858564922557919;0,9629658205384911;0,5935043870152664;0,16403759647307775;0,1503977413871882
Regulatório;Análise de requisitos prudenciais e de liquidez;;Davi;2026-01-13 09:03:00;2026-01-27 15:02:59.999999999;2026-01-28 09:03:00.000000000;1,0;;2,0;2026-01-28 09:03:00.000000000;;AHP_APRENDIZAGEM_ESPECIALIZACAO_WORKLOAD;;;;;CONCLUIDA;True;0,9507992966843841;1,0;1,0;0,6849780109568256;0,6586441863669917;0,1851740071976712;0,10698110311972116
Contratos;Contratos imobiliários;;Caim;2026-01-13 09:04:00;2026-01-19 11:00:00.000000000;2026-01-20 11:00:00.000000000;3,0;;8,0;2026-01-20 11:00:00.000000000;;AHP_APRENDIZAGEM_ESPECIALIZACAO_WORKLOAD;;;;;CONCLUIDA;True;0,9021556598273834;0,9011001680421272;0,8858564922557919;0,9259316410769821;0,5935043870152664;0,16403759647307775;0,14461367633903927
Trabalhista;Análise jurídica de bônus, comissões e PLR;;Abraão;2026-01-13 09:05:00;2026-01-16 09:00:00.000000000;2026-01-16 11:00:00.000000000;1,0;;2,0;2026-01-16 11:00:00.000000000;;AHP_APRENDIZAGEM_ESPECIALIZACAO_WORKLOAD;;;;;CONCLUIDA;True;0,9956619512138883;1,0;1,0;0,9722243654038683;0,6586441863669917;0,1851740071976712;0,1518437576492254
Contratos;Contrato de Joint Venture;;Caim;2026-01-13 09:06:00;2026-01-20 11:00:00.000000000;2026-01-23 11:00:00.000000000;5,0;;24,0;2026-01-23 11:00:00.000000000;;AHP_APRENDIZAGEM_ESPECIALIZACAO_WORKLOAD;;;;;CONCLUIDA;True;0,8963715947792344;0,9011001680421272;0,8858564922557919;0,8888974616154732;0,5935043870152664;0,16403759647307775;0,13882961129089033
Societário;Estruturação societária internacional;;Jacó;2026-01-13 09:07:00;2026-01-15 11:05:59.999999999;2026-01-20 11:06:00.000000000;5,0;;24,0;2026-01-20 11:06:00.000000000;;AHP_APRENDIZAGEM_ESPECIALIZACAO_WORKLOAD;;;;;CONCLUIDA;True;0,9999276991868982;1,0;1,0;0,999537072756731;0,6586441863669917;0,1851740071976712;0,15610950562223522
Regulatório;Análise de risco sancionador e reputacional;;Davi;2026-01-13 09:08:00;2026-01-28 09:03:00.000000000;2026-01-28 11:03:00.000000000;1,0;;2,0;2026-01-28 11:03:00.000000000;;AHP_APRENDIZAGEM_ESPECIALIZACAO_WORKLOAD;;;;;CONCLUIDA;True;0,9493532804223468;1,0;1,0;0,6757194660914484;0,6586441863669917;0,1851740071976712;0,10553508685768392
Direito digital;Estruturação de contratos de processamento de dados (DPA);;Eva;2026-01-13 09:09:00;2026-01-20 15:05:00.000000000;2026-01-23 15:04:59.999999999;5,0;;24,0;2026-01-23 15:04:59.999999999;;AHP_APRENDIZAGEM_ESPECIALIZACAO_WORKLOAD;;;;;CONCLUIDA;True;0,9796955216540948;1,0;1,0;0,8699945991832806;0,6586441863669917;0,1851740071976712;0,13587732808943181
Contratos;Contrato de Desenvolvimento de Software;;Caim;2026-01-13 09:10:00;2026-01-23 11:00:00.000000000;2026-01-26 11:00:00.000000000;3,0;;8,0;2026-01-26 11:00:00.000000000;;AHP_APRENDIZAGEM_ESPECIALIZACAO_WORKLOAD;;;;;CONCLUIDA;True;0,8790193996347877;0,9011001680421272;0,8858564922557919;0,7777949232309466;0,5935043870152664;0,16403759647307775;0,12147741614644358
Contencioso;Acordos, Mediação e Soluções Alternativas;;Abraão;2026-01-13 09:11:00;2026-01-16 11:00:00.000000000;2026-01-19 11:00:00.000000000;3,0;;8,0;2026-01-19 11:00:00.000000000;;AHP_APRENDIZAGEM_ESPECIALIZACAO_WORKLOAD;;;;;CONCLUIDA;True;0,9942159349518511;1,0;1,0;0,9629658205384911;0,6586441863669917;0,1851740071976712;0,1503977413871882
Contratos;Contrato de Locação;;Caim;2026-01-13 09:12:00;2026-01-26 11:00:00.000000000;2026-01-27 11:00:00.000000000;3,0;;8,0;2026-01-27 11:00:00.000000000;;AHP_APRENDIZAGEM_ESPECIALIZACAO_WORKLOAD;;;;;CONCLUIDA;True;0,8732353345866388;0,9011001680421272;0,8858564922557919;0,7407607437694376;0,5935043870152664;0,16403759647307775;0,11569335109829465
Regulatório;Análise regulatória de novos produtos financeiros e de investimento;;Davi;2026-01-13 09:13:00;2026-01-28 11:03:00.000000000;2026-01-29 11:02:59.999999999;3,0;;8,0;2026-01-29 11:02:59.999999999;;AHP_APRENDIZAGEM_ESPECIALIZACAO_WORKLOAD;;;;;CONCLUIDA;True;0,9479072641603096;1,0;1,0;0,6664609212260711;0,6586441863669917;0,1851740071976712;0,10408907059564669
Contratos;Contrato de Cessão de Direitos Autorais;;Caim;2026-01-13 09:14:00;2026-01-27 11:00:00.000000000;2026-01-28 11:00:00.000000000;3,0;;8,0;2026-01-28 11:00:00.000000000;;AHP_APRENDIZAGEM_ESPECIALIZACAO_WORKLOAD;;;;;CONCLUIDA;True;0,8674512695384898;0,9011001680421272;0,8858564922557919;0,7037265643079286;0,5935043870152664;0,16403759647307775;0,10990928605014572
Direito digital;Programa de conformidade com LGPD;;Eva;2026-01-14 09:00:00;2026-01-23 15:04:59.999999999;2026-01-26 09:04:59.999999999;1,0;;2,0;2026-01-26 09:04:59.999999999;;AHP_APRENDIZAGEM_ESPECIALIZACAO_WORKLOAD;;;;;CONCLUIDA;True;0,9623433265096479;1,0;1,0;0,7588920607987538;0,6586441863669917;0,1851740071976712;0,11852513294498505
Contratos;Contrato de Licença de Uso de Marca;;Caim;2026-01-14 09:01:00;2026-01-28 11:00:00.000000000;2026-01-29 11:00:00.000000000;3,0;;8,0;2026-01-29 11:00:00.000000000;;AHP_APRENDIZAGEM_ESPECIALIZACAO_WORKLOAD;;;;;CONCLUIDA;True;0,9479434145666596;1,0;1,0;0,6666923848464196;0,6586441863669917;0,1851740071976712;0,10412522100199678
Contratos;Contrato de compra e venda;;Caim;2026-01-14 09:02:00;2026-01-29 11:00:00.000000000;2026-01-30 11:00:00.000000000;3,0;;8,0;2026-01-30 11:00:00.000000000;;AHP_APRENDIZAGEM_ESPECIALIZACAO_WORKLOAD;;;;;CONCLUIDA;True;0,9421593495185108;1,0;1,0;0,6296582053849107;0,6586441863669917;0,1851740071976712;0,09834115595384786
Societário;Estruturação de regras de governança;;Jacó;2026-01-14 09:03:00;2026-01-20 11:06:00.000000000;2026-01-23 11:06:00.000000000;5,0;;24,0;2026-01-23 11:06:00.000000000;;AHP_APRENDIZAGEM_ESPECIALIZACAO_WORKLOAD;;;;;CONCLUIDA;True;0,9825755040424513;1,0;1,0;0,8884345343722042;0,6586441863669917;0,1851740071976712;0,13875731047778844
Contratos;Contrato de Distribuição;;Caim;2026-01-14 09:04:00;2026-01-30 11:00:00.000000000;2026-02-02 11:00:00.000000000;3,0;;8,0;2026-02-02 11:00:00.000000000;;AHP_APRENDIZAGEM_ESPECIALIZACAO_WORKLOAD;;;;;CONCLUIDA;True;0,9363752844703619;1,0;1,0;0,5926240259234018;0,6586441863669917;0,1851740071976712;0,09255709090569894
Direito digital;Avaliação de bases legais para tratamento de dados;;Eva;2026-01-14 09:05:00;2026-01-26 09:04:59.999999999;2026-01-26 13:04:59.999999999;2,0;;4,0;2026-01-26 13:04:59.999999999;;AHP_APRENDIZAGEM_ESPECIALIZACAO_WORKLOAD;;;;;CONCLUIDA;True;0,9608973102476107;1,0;1,0;0,7496335159333766;0,6586441863669917;0,1851740071976712;0,11707911668294782
Contratos;Contrato de Agência, Franquia ou Parceria Empresarial;;Caim;2026-01-14 09:06:00;2026-02-02 11:00:00.000000000;2026-02-03 11:00:00.000000000;3,0;;8,0;2026-02-03 11:00:00.000000000;;AHP_APRENDIZAGEM_ESPECIALIZACAO_WORKLOAD;;;;;CONCLUIDA;True;0,9305912194222129;1,0;1,0;0,5555898464618928;0,6586441863669917;0,1851740071976712;0,08677302585755
Propriedade intelectual;Estratégia de Ativos Intangíveis;;Abraão;2026-01-14 09:07:00;2026-01-19 11:00:00.000000000;2026-01-19 13:00:00.000000000;1,0;;2,0;2026-01-19 13:00:00.000000000;;AHP_APRENDIZAGEM_ESPECIALIZACAO_WORKLOAD;;;;;CONCLUIDA;True;0,9884318699037022;1,0;1,0;0,9259316410769821;0,6586441863669917;0,1851740071976712;0,14461367633903927
Contratos;Contrato de Agência, Franquia ou Parceria Empresarial;;Caim;2026-01-14 09:08:00;2026-02-03 11:00:00.000000000;2026-02-04 11:00:00.000000000;3,0;;8,0;2026-02-04 11:00:00.000000000;;AHP_APRENDIZAGEM_ESPECIALIZACAO_WORKLOAD;;;;;CONCLUIDA;True;0,924807154374064;1,0;1,0;0,5185556670003839;0,6586441863669917;0,1851740071976712;0,08098896080940109
Contratos;Contrato de Locação;;Caim;2026-01-14 09:09:00;2026-02-04 11:00:00.000000000;2026-02-05 11:00:00.000000000;3,0;;8,0;2026-02-05 11:00:00.000000000;;AHP_APRENDIZAGEM_ESPECIALIZACAO_WORKLOAD;;;;;CONCLUIDA;True;0,919023089325915;1,0;1,0;0,48152148753887497;0,6586441863669917;0,1851740071976712;0,07520489576125215
Contratos;Contrato de Desenvolvimento de Software;;Caim;2026-01-14 09:10:00;2026-02-05 11:00:00.000000000;2026-02-06 11:00:00.000000000;3,0;;8,0;2026-02-06 11:00:00.000000000;;AHP_APRENDIZAGEM_ESPECIALIZACAO_WORKLOAD;;;;;CONCLUIDA;True;0,9132390242777662;1,0;1,0;0,4444873080773662;0,6586441863669917;0,1851740071976712;0,06942083071310326
Societário;Estruturação de veículos societários (SPVs);;Jacó;2026-01-14 09:11:00;2026-01-23 11:06:00.000000000;2026-01-28 11:06:00.000000000;5,0;;24,0;2026-01-28 11:06:00.000000000;;AHP_APRENDIZAGEM_ESPECIALIZACAO_WORKLOAD;;;;;CONCLUIDA;True;0,9652233088980047;1,0;1,0;0,7773319959876775;0,6586441863669917;0,1851740071976712;0,1214051153333417
Concorrencial;Contencioso Administrativo Concorrencial;;Abraão;2026-01-14 09:12:00;2026-01-19 13:00:00.000000000;2026-01-21 13:00:00.000000000;4,0;;16,0;2026-01-21 13:00:00.000000000;;AHP_APRENDIZAGEM_ESPECIALIZACAO_WORKLOAD;;;;;CONCLUIDA;True;0,9869858536416649;1,0;1,0;0,9166730962116049;0,6586441863669917;0,1851740071976712;0,14316766007700202
Regulatório;Análise de impactos regulatórios em operações, produtos e modelos de negócio;;Davi;2026-01-14 09:13:00;2026-01-29 11:02:59.999999999;2026-01-30 11:02:59.999999999;3,0;;8,0;2026-01-30 11:02:59.999999999;;AHP_APRENDIZAGEM_ESPECIALIZACAO_WORKLOAD;;;;;CONCLUIDA;True;0,9421231991121607;1,0;1,0;0,6294267417645621;0,6586441863669917;0,1851740071976712;0,09830500554749776
Direito digital;Gestão de Processos com ANPD;;Eva;2026-01-14 09:14:00;2026-01-26 13:04:59.999999999;2026-01-26 15:04:59.999999999;1,0;;2,0;2026-01-26 15:04:59.999999999;;AHP_APRENDIZAGEM_ESPECIALIZACAO_WORKLOAD;;;;;CONCLUIDA;True;0,9580052777235363;1,0;1,0;0,7311164262026221;0,6586441863669917;0,1851740071976712;0,11418708415887335
Societário;Reorganizações societárias internas;;Jacó;2026-01-15 09:00:00;2026-01-28 11:06:00.000000000;2026-02-02 11:06:00.000000000;5,0;;24,0;2026-02-02 11:06:00.000000000;;AHP_APRENDIZAGEM_ESPECIALIZACAO_WORKLOAD;;;;;CONCLUIDA;True;0,9478711137538257;1,0;1,0;0,6662294576048658;0,6586441863669917;0,1851740071976712;0,10405292018916279
Contratos;Contrato de Licenciamento de Software;;Adão;2026-01-15 09:01:00;2026-02-23 11:01:00.000000000;2026-02-25 11:00:59.999999999;4,0;;16,0;2026-02-25 11:00:59.999999999;;AHP_APRENDIZAGEM_ESPECIALIZACAO_WORKLOAD;;;;;CONCLUIDA;True;0,8438181935646629;1,0;1,0;0,0;0,6586441863669917;0,1851740071976712;0,0
Contratos;Contrato de Distribuição;;Adão;2026-01-15 09:02:00;2026-02-25 11:00:59.999999999;2026-02-26 11:01:00.000000000;3,0;;8,0;2026-02-26 11:01:00.000000000;;AHP_APRENDIZAGEM_ESPECIALIZACAO_WORKLOAD;;;;;CONCLUIDA;True;0,8438181935646629;1,0;1,0;0,0;0,6586441863669917;0,1851740071976712;0,0
Societário;Avaliação de impactos (societário, contratual, regulatório, concorrencial, trabalhista, tributário);;Jacó;2026-01-15 09:03:00;2026-02-02 11:06:00.000000000;2026-02-03 11:05:59.999999999;3,0;;8,0;2026-02-03 11:05:59.999999999;;AHP_APRENDIZAGEM_ESPECIALIZACAO_WORKLOAD;;;;;CONCLUIDA;True;0,9374665442744566;1,0;1,0;0,599611138116566;0,6586441863669917;0,1851740071976712;0,09364835070979369
Trabalhista;Atendimento a fiscalizações do Ministério do Trabalho;;Abraão;2026-01-15 09:04:00;2026-01-21 13:00:00.000000000;2026-01-21 15:00:00.000000000;1,0;;2,0;2026-01-21 15:00:00.000000000;;AHP_APRENDIZAGEM_ESPECIALIZACAO_WORKLOAD;;;;;CONCLUIDA;True;0,9778757804924597;1,0;1,0;0,8583431706131519;0,6586441863669917;0,1851740071976712;0,13405758692779682
Propriedade intelectual;Análise de riscos de colisão marcária;;Abraão;2026-01-15 09:05:00;2026-01-21 15:00:00.000000000;2026-01-21 17:00:00.000000000;1,0;;2,0;2026-01-21 17:00:00.000000000;;AHP_APRENDIZAGEM_ESPECIALIZACAO_WORKLOAD;;;;;CONCLUIDA;True;0,9765743558155455;1,0;1,0;0,8500104159433371;0,6586441863669917;0,1851740071976712;0,13275616225088266
Governança;Estruturação de framework de riscos;;Eva;2026-01-15 09:06:00;2026-01-26 15:04:59.999999999;2026-01-29 15:04:59.999999999;5,0;;24,0;2026-01-29 15:04:59.999999999;;AHP_APRENDIZAGEM_ESPECIALIZACAO_WORKLOAD;;;;;CONCLUIDA;True;0,960903033664552;1,0;1,0;0,7496701617954772;0,6586441863669917;0,1851740071976712;0,11708484009988906
Contencioso;Monitoramento processual e de prazos;;Abraão;2026-01-15 09:07:00;2026-01-22 09:00:00.000000000;2026-01-22 11:00:00.000000000;1,0;;2,0;2026-01-22 11:00:00.000000000;;AHP_APRENDIZAGEM_ESPECIALIZACAO_WORKLOAD;;;;;CONCLUIDA;True;0,9752729311386314;1,0;1,0;0,8416776612735227;0,6586441863669917;0,1851740071976712;0,13145473757396856
Direito financeiro;Negociação jurídica com bancos e instituições de crédito;;Esaú;2026-01-15 09:08:00;2026-01-15 11:00:00.000000000;2026-01-16 11:00:00.000000000;3,0;;8,0;2026-01-16 11:00:00.000000000;;AHP_APRENDIZAGEM_ESPECIALIZACAO_WORKLOAD;;;;;CONCLUIDA;True;1,0;1,0;1,0;1,0;0,6586441863669917;0,1851740071976712;0,1561818064353371
Regulatório;Apoio jurídico em temas de capital mínimo e patrimônio de referência;;Davi;2026-01-15 09:09:00;2026-01-30 11:02:59.999999999;2026-01-30 13:02:59.999999999;1,0;;2,0;2026-01-30 13:02:59.999999999;;AHP_APRENDIZAGEM_ESPECIALIZACAO_WORKLOAD;;;;;CONCLUIDA;True;0,9461144158963924;1,0;1,0;0,654981682351603;0,6586441863669917;0,1851740071976712;0,10229622233172952
Regulatório;Interface com áreas de risco, tesouraria e controles internos;;Davi;2026-01-15 09:10:00;2026-01-30 13:02:59.999999999;2026-01-30 15:02:59.999999999;1,0;;2,0;2026-01-30 15:02:59.999999999;;AHP_APRENDIZAGEM_ESPECIALIZACAO_WORKLOAD;;;;;CONCLUIDA;True;0,9447681177301515;1,0;1,0;0,6463616119543615;0,6586441863669917;0,1851740071976712;0,10094992416548856
Concorrencial;Monitoramento regulatório e jurisprudencial;;Abraão;2026-01-15 09:11:00;2026-01-22 11:00:00.000000000;2026-01-23 11:00:00.000000000;3,0;;8,0;2026-01-23 11:00:00.000000000;;AHP_APRENDIZAGEM_ESPECIALIZACAO_WORKLOAD;;;;;CONCLUIDA;True;0,9784592293401446;1,0;1,0;0,8620788736441347;0,6586441863669917;0,1851740071976712;0,13464103577548167
Contencioso;Suporte técnico às áreas internas envolvidas;;Abraão;2026-01-15 09:12:00;2026-01-23 11:00:00.000000000;2026-01-23 13:00:00.000000000;1,0;;2,0;2026-01-23 13:00:00.000000000;;AHP_APRENDIZAGEM_ESPECIALIZACAO_WORKLOAD;;;;;CONCLUIDA;True;0,9730740366751808;1,0;1,0;0,8275985920551684;0,6586441863669917;0,1851740071976712;0,12925584311051783
Direito financeiro;Gestão de litígios bancários e financeiros;;Esaú;2026-01-15 09:13:00;2026-01-16 11:00:00.000000000;2026-01-20 11:00:00.000000000;4,0;;16,0;2026-01-20 11:00:00.000000000;;AHP_APRENDIZAGEM_ESPECIALIZACAO_WORKLOAD;;;;;CONCLUIDA;True;1,0;1,0;1,0;1,0;0,6586441863669917;0,1851740071976712;0,1561818064353371
Contratos;Contrato de Licenciamento de Software;;Adão;2026-01-15 09:14:00;2026-02-26 11:01:00.000000000;2026-03-02 11:00:59.999999999;4,0;;16,0;2026-03-02 11:00:59.999999999;;AHP_APRENDIZAGEM_ESPECIALIZACAO_WORKLOAD;;;;;CONCLUIDA;True;0,8438181935646629;1,0;1,0;0,0;0,6586441863669917;0,1851740071976712;0,0
Contratos;Contrato de Escrow de Código-Fonte;;Adão;2026-01-16 09:00:00;2026-03-02 11:00:59.999999999;2026-03-03 11:01:00.000000000;3,0;;8,0;2026-03-03 11:01:00.000000000;;AHP_APRENDIZAGEM_ESPECIALIZACAO_WORKLOAD;;;;;CONCLUIDA;True;0,8438181935646629;1,0;1,0;0,0;0,6586441863669917;0,1851740071976712;0,0
Contratos;Contrato de Escrow de Código-Fonte;;Adão;2026-01-16 09:01:00;2026-03-03 11:01:00.000000000;2026-03-04 11:01:00.000000000;3,0;;8,0;2026-03-04 11:01:00.000000000;;AHP_APRENDIZAGEM_ESPECIALIZACAO_WORKLOAD;;;;;CONCLUIDA;True;0,8438181935646629;1,0;1,0;0,0;0,6586441863669917;0,1851740071976712;0,0
Regulatório;Apoio em obrigações periódicas e eventuais de companhias abertas;;Davi;2026-01-16 09:02:00;2026-01-30 15:02:59.999999999;2026-02-02 09:03:00.000000000;1,0;;2,0;2026-02-02 09:03:00.000000000;;AHP_APRENDIZAGEM_ESPECIALIZACAO_WORKLOAD;;;;;CONCLUIDA;True;0,9571473479152692;1,0;1,0;0,7256232780066304;0,6586441863669917;0,1851740071976712;0,11332915435060635
Direito digital;Avaliação de bases legais para tratamento de dados;;Eva;2026-01-16 09:03:00;2026-01-29 15:04:59.999999999;2026-01-30 11:04:59.999999999;2,0;;4,0;2026-01-30 11:04:59.999999999;;AHP_APRENDIZAGEM_ESPECIALIZACAO_WORKLOAD;;;;;CONCLUIDA;True;0,9621641413751235;1,0;1,0;0,7577447752178392;0,6586441863669917;0,1851740071976712;0,1183459478104606
Direito financeiro;Interface com escritórios externos;;Esaú;2026-01-16 09:04:00;2026-01-20 11:00:00.000000000;2026-01-20 13:00:00.000000000;1,0;;2,0;2026-01-20 13:00:00.000000000;;AHP_APRENDIZAGEM_ESPECIALIZACAO_WORKLOAD;;;;;CONCLUIDA;True;1,0;1,0;1,0;1,0;0,6586441863669917;0,1851740071976712;0,1561818064353371
Contratos;Contratos de Seguros ou Previdência;;Adão;2026-01-16 09:05:00;2026-03-04 11:01:00.000000000;2026-03-05 11:01:00.000000000;3,0;;8,0;2026-03-05 11:01:00.000000000;;AHP_APRENDIZAGEM_ESPECIALIZACAO_WORKLOAD;;;;;CONCLUIDA;True;0,8438181935646629;1,0;1,0;0,0;0,6586441863669917;0,1851740071976712;0,0
Contratos;Contrato de Representação Comercial;;Adão;2026-01-16 09:06:00;2026-03-05 11:01:00.000000000;2026-03-06 11:01:00.000000000;3,0;;8,0;2026-03-06 11:01:00.000000000;;AHP_APRENDIZAGEM_ESPECIALIZACAO_WORKLOAD;;;;;CONCLUIDA;True;0,8438181935646629;1,0;1,0;0,0;0,6586441863669917;0,1851740071976712;0,0
Societário;Gestão jurídica do encerramento de operações;;Jacó;2026-01-16 09:07:00;2026-02-03 11:05:59.999999999;2026-02-03 13:05:59.999999999;1,0;;2,0;2026-02-03 13:05:59.999999999;;AHP_APRENDIZAGEM_ESPECIALIZACAO_WORKLOAD;;;;;CONCLUIDA;True;0,9534464763719872;1,0;1,0;0,70192735831054;0,6586441863669917;0,1851740071976712;0,10962828280732427
Societário;Análise jurídica preliminar e de estrutura da operação;;Jacó;2026-01-16 09:08:00;2026-02-03 13:05:59.999999999;2026-02-06 13:06:00.000000000;5,0;;24,0;2026-02-06 13:06:00.000000000;;AHP_APRENDIZAGEM_ESPECIALIZACAO_WORKLOAD;;;;;CONCLUIDA;True;0,9522543246785682;1,0;1,0;0,6942942560905795;0,6586441863669917;0,1851740071976712;0,10843613111390525
Contratos;Letter of Intent;;Adão;2026-01-16 09:09:00;2026-03-06 11:01:00.000000000;2026-03-06 13:01:00.000000000;1,0;;2,0;2026-03-06 13:01:00.000000000;;AHP_APRENDIZAGEM_ESPECIALIZACAO_WORKLOAD;;;;;CONCLUIDA;True;0,8438181935646629;1,0;1,0;0,0;0,6586441863669917;0,1851740071976712;0,0
Direito digital;Estruturação de contratos de processamento de dados (DPA);;Eva;2026-01-16 09:10:00;2026-01-30 11:04:59.999999999;2026-02-04 11:04:59.999999999;5,0;;24,0;2026-02-04 11:04:59.999999999;;AHP_APRENDIZAGEM_ESPECIALIZACAO_WORKLOAD;;;;;CONCLUIDA;True;0,9632739581485369;1,0;1,0;0,7648507038707573;0,6586441863669917;0,1851740071976712;0,11945576458387396
Contratos;Contrato de Manutenção de Sistemas;;Adão;2026-01-16 09:11:00;2026-03-06 13:01:00.000000000;2026-03-09 13:01:00.000000000;3,0;;8,0;2026-03-09 13:01:00.000000000;;AHP_APRENDIZAGEM_ESPECIALIZACAO_WORKLOAD;;;;;CONCLUIDA;True;0,8438181935646629;1,0;1,0;0,0;0,6586441863669917;0,1851740071976712;0,0
Contratos;Contrato de Distribuição;;Adão;2026-01-16 09:12:00;2026-03-09 13:01:00.000000000;2026-03-10 13:01:00.000000000;3,0;;8,0;2026-03-10 13:01:00.000000000;;AHP_APRENDIZAGEM_ESPECIALIZACAO_WORKLOAD;;;;;CONCLUIDA;True;0,8438181935646629;1,0;1,0;0,0;0,6586441863669917;0,1851740071976712;0,0
Regulatório;Interface direta com equipes técnicas dos reguladores;;Davi;2026-01-16 09:13:00;2026-02-02 09:03:00.000000000;2026-02-03 09:02:59.999999999;3,0;;8,0;2026-02-03 09:02:59.999999999;;AHP_APRENDIZAGEM_ESPECIALIZACAO_WORKLOAD;;;;;CONCLUIDA;True;0,962044502370521;1,0;1,0;0,7569787512657977;0,6586441863669917;0,1851740071976712;0,11822630880585801
Contratos;Contrato de Hosting;;Adão;2026-01-16 09:14:00;2026-03-10 13:01:00.000000000;2026-03-11 13:01:00.000000000;3,0;;8,0;2026-03-11 13:01:00.000000000;;AHP_APRENDIZAGEM_ESPECIALIZACAO_WORKLOAD;;;;;CONCLUIDA;True;0,8438181935646629;1,0;1,0;0,0;0,6586441863669917;0,1851740071976712;0,0
Societário;Closing da operação;;Jacó;2026-01-19 09:00:00;2026-02-06 13:06:00.000000000;2026-02-06 15:06:00.000000000;1,0;;2,0;2026-02-06 15:06:00.000000000;;AHP_APRENDIZAGEM_ESPECIALIZACAO_WORKLOAD;;;;;CONCLUIDA;True;0,9435500513283308;1,0;1,0;0,6385625831838435;0,6586441863669917;0,1851740071976712;0,0997318577636679
Contencioso;Contencioso Civil;;Abraão;2026-01-19 09:01:00;2026-01-23 13:00:00.000000000;2026-01-27 13:00:00.000000000;4,0;;16,0;2026-01-27 13:00:00.000000000;;AHP_APRENDIZAGEM_ESPECIALIZACAO_WORKLOAD;;;;;CONCLUIDA;True;0,986985602611719;1,0;1,0;0,9166714889184654;0,6586441863669917;0,1851740071976712;0,14316740904705602
Regulatório;Apoio regulatório a fundos de investimento;;Davi;2026-01-19 09:02:00;2026-02-03 09:02:59.999999999;2026-02-06 09:03:00.000000000;5,0;;24,0;2026-02-06 09:03:00.000000000;;AHP_APRENDIZAGEM_ESPECIALIZACAO_WORKLOAD;;;;;CONCLUIDA;True;0,9587606282760349;1,0;1,0;0,7359527805113515;0,6586441863669917;0,1851740071976712;0,11494243471137203
Trabalhista;Apoio em programas de stock options e incentivos de longo prazo;;Abraão;2026-01-19 09:03:00;2026-01-27 13:00:00.000000000;2026-01-27 15:00:00.000000000;1,0;;2,0;2026-01-27 15:00:00.000000000;;AHP_APRENDIZAGEM_ESPECIALIZACAO_WORKLOAD;;;;;CONCLUIDA;True;0,9783093376861982;1,0;1,0;0,8611191481974423;0,6586441863669917;0,1851740071976712;0,1344911441215353
Contratos;Contrato de SaaS;;Adão;2026-01-19 09:04:00;2026-03-11 13:01:00.000000000;2026-03-12 13:01:00.000000000;3,0;;8,0;2026-03-12 13:01:00.000000000;;AHP_APRENDIZAGEM_ESPECIALIZACAO_WORKLOAD;;;;;CONCLUIDA;True;0,8438181935646629;1,0;1,0;0,0;0,6586441863669917;0,1851740071976712;0,0
Regulatório;Apoio jurídico em temas de capital mínimo e patrimônio de referência;;Davi;2026-01-19 09:05:00;2026-02-06 09:03:00.000000000;2026-02-06 11:03:00.000000000;1,0;;2,0;2026-02-06 11:03:00.000000000;;AHP_APRENDIZAGEM_ESPECIALIZACAO_WORKLOAD;;;;;CONCLUIDA;True;0,947212466413562;1,0;1,0;0,6620122740846048;0,6586441863669917;0,1851740071976712;0,10339427284889909
Contratos;Contrato de prestação de serviços;;Adão;2026-01-19 09:06:00;2026-03-12 13:01:00.000000000;2026-03-13 13:01:00.000000000;3,0;;8,0;2026-03-13 13:01:00.000000000;;AHP_APRENDIZAGEM_ESPECIALIZACAO_WORKLOAD;;;;;CONCLUIDA;True;0,8438181935646629;1,0;1,0;0,0;0,6586441863669917;0,1851740071976712;0,0
Direito digital;Análise de relatórios de impacto à proteção de dados (DPIA / RIPD);;Eva;2026-01-19 09:07:00;2026-02-04 11:04:59.999999999;2026-02-04 13:04:59.999999999;1,0;;2,0;2026-02-04 13:04:59.999999999;;AHP_APRENDIZAGEM_ESPECIALIZACAO_WORKLOAD;;;;;CONCLUIDA;True;0,9557766005023896;1,0;1,0;0,716846664109241;0,6586441863669917;0,1851740071976712;0,1119584069377266
Concorrencial;M&A Concorrencial;;Abraão;2026-01-19 09:08:00;2026-01-27 15:00:00.000000000;2026-01-30 15:00:00.000000000;5,0;;24,0;2026-01-30 15:00:00.000000000;;AHP_APRENDIZAGEM_ESPECIALIZACAO_WORKLOAD;;;;;CONCLUIDA;True;0,9784234333524999;1,0;1,0;0,8618496792938983;0,6586441863669917;0,1851740071976712;0,13460523978783698
Contencioso;Acordos, Mediação e Soluções Alternativas;;Abraão;2026-01-19 09:09:00;2026-01-30 15:00:00.000000000;2026-02-02 15:00:00.000000000;3,0;;8,0;2026-02-02 15:00:00.000000000;;AHP_APRENDIZAGEM_ESPECIALIZACAO_WORKLOAD;;;;;CONCLUIDA;True;0,9660939666967856;1,0;1,0;0,7829066388904118;0,6586441863669917;0,1851740071976712;0,12227577313212266
Contratos;Contratos Financeiros ou Bancários;;Adão;2026-01-19 09:10:00;2026-03-13 13:01:00.000000000;2026-03-16 13:01:00.000000000;3,0;;8,0;2026-03-16 13:01:00.000000000;;AHP_APRENDIZAGEM_ESPECIALIZACAO_WORKLOAD;;;;;CONCLUIDA;True;0,8438181935646629;1,0;1,0;0,0;0,6586441863669917;0,1851740071976712;0,0
Concorrencial;M&A Concorrencial;;Abraão;2026-01-19 09:11:00;2026-02-02 15:00:00.000000000;2026-02-05 15:00:00.000000000;5,0;;24,0;2026-02-05 15:00:00.000000000;;AHP_APRENDIZAGEM_ESPECIALIZACAO_WORKLOAD;;;;;CONCLUIDA;True;0,9629588579363871;1,0;1,0;0,7628331819881417;0,6586441863669917;0,1851740071976712;0,11914066437172423
Societário;Estruturação de holdings e grupos;;Jacó;2026-01-19 09:12:00;2026-02-06 15:06:00.000000000;2026-02-11 15:06:00.000000000;5,0;;24,0;2026-02-11 15:06:00.000000000;;AHP_APRENDIZAGEM_ESPECIALIZACAO_WORKLOAD;;;;;CONCLUIDA;True;0,9468910111763604;1,0;1,0;0,6599540622829977;0,6586441863669917;0,1851740071976712;0,10307281761169755
Direito digital;Apoio a litígios envolvendo dados, tecnologia e plataformas;;Eva;2026-01-19 09:13:00;2026-02-04 13:04:59.999999999;2026-02-06 13:05:00.000000000;4,0;;16,0;2026-02-06 13:05:00.000000000;;AHP_APRENDIZAGEM_ESPECIALIZACAO_WORKLOAD;;;;;CONCLUIDA;True;0,9559093613050503;1,0;1,0;0,7176967042367752;0,6586441863669917;0,1851740071976712;0,11209116774038741
Societário;Gestão de conflitos societários;;Jacó;2026-01-19 09:14:00;2026-02-11 15:06:00.000000000;2026-02-12 09:06:00.000000000;1,0;;2,0;2026-02-12 09:06:00.000000000;;AHP_APRENDIZAGEM_ESPECIALIZACAO_WORKLOAD;;;;;CONCLUIDA;True;0,9348776678043779;1,0;1,0;0,5830350942791517;0,6586441863669917;0,1851740071976712;0,09105947423971499
Propriedade intelectual;Estratégia de Ativos Intangíveis;;Abraão;2026-01-20 09:00:00;2026-02-05 15:00:00.000000000;2026-02-05 17:00:00.000000000;1,0;;2,0;2026-02-05 17:00:00.000000000;;AHP_APRENDIZAGEM_ESPECIALIZACAO_WORKLOAD;;;;;CONCLUIDA;True;0,9509455145644046;1,0;1,0;0,6859142139842958;0,6586441863669917;0,1851740071976712;0,10712732099974168
Regulatório;Revisão de prospectos, formulários de referência e fatos relevantes;;Davi;2026-01-20 09:01:00;2026-02-06 11:03:00.000000000;2026-02-09 11:02:59.999999999;3,0;;8,0;2026-02-09 11:02:59.999999999;;AHP_APRENDIZAGEM_ESPECIALIZACAO_WORKLOAD;;;;;CONCLUIDA;True;0,9489182628703825;1,0;1,0;0,6729341381336468;0,6586441863669917;0,1851740071976712;0,10510006930571962
Contratos;Outros tipos contratuais;;Adão;2026-01-20 09:02:00;2026-03-16 13:01:00.000000000;2026-03-17 13:01:00.000000000;3,0;;8,0;2026-03-17 13:01:00.000000000;;AHP_APRENDIZAGEM_ESPECIALIZACAO_WORKLOAD;;;;;CONCLUIDA;True;0,8438181935646629;1,0;1,0;0,0;0,6586441863669917;0,1851740071976712;0,0
Societário;Gestão de earn-outs, ajustes de preço e garantias;;Jacó;2026-01-20 09:03:00;2026-02-12 09:06:00.000000000;2026-02-12 11:06:00.000000000;1,0;;2,0;2026-02-12 11:06:00.000000000;;AHP_APRENDIZAGEM_ESPECIALIZACAO_WORKLOAD;;;;;CONCLUIDA;True;0,9355295558665444;1,0;1,0;0,5872089995312744;0,6586441863669917;0,1851740071976712;0,09171136230188145
Contratos;Outros tipos contratuais;;Adão;2026-01-20 09:04:00;2026-03-17 13:01:00.000000000;2026-03-18 13:01:00.000000000;3,0;;8,0;2026-03-18 13:01:00.000000000;;AHP_APRENDIZAGEM_ESPECIALIZACAO_WORKLOAD;;;;;CONCLUIDA;True;0,8438181935646629;1,0;1,0;0,0;0,6586441863669917;0,1851740071976712;0,0
Contratos;Contrato de Locação;;Adão;2026-01-20 09:05:00;2026-03-18 13:01:00.000000000;2026-03-19 13:01:00.000000000;3,0;;8,0;2026-03-19 13:01:00.000000000;;AHP_APRENDIZAGEM_ESPECIALIZACAO_WORKLOAD;;;;;CONCLUIDA;True;0,8438181935646629;1,0;1,0;0,0;0,6586441863669917;0,1851740071976712;0,0
Direito financeiro;Interface com processos de recuperação judicial e extrajudicial;;Esaú;2026-01-20 09:06:00;2026-01-20 13:00:00.000000000;2026-01-22 13:00:00.000000000;4,0;;16,0;2026-01-22 13:00:00.000000000;;AHP_APRENDIZAGEM_ESPECIALIZACAO_WORKLOAD;;;;;CONCLUIDA;True;1,0;1,0;1,0;1,0;0,6586441863669917;0,1851740071976712;0,1561818064353371
Contratos;Contrato de Representação Comercial;;Adão;2026-01-20 09:07:00;2026-03-19 13:01:00.000000000;2026-03-20 13:01:00.000000000;3,0;;8,0;2026-03-20 13:01:00.000000000;;AHP_APRENDIZAGEM_ESPECIALIZACAO_WORKLOAD;;;;;CONCLUIDA;True;0,8438181935646629;1,0;1,0;0,0;0,6586441863669917;0,1851740071976712;0,0
Direito financeiro;Implementação de políticas internas de compliance financeiro;;Esaú;2026-01-20 09:08:00;2026-01-22 13:00:00.000000000;2026-01-23 13:00:00.000000000;3,0;;8,0;2026-01-23 13:00:00.000000000;;AHP_APRENDIZAGEM_ESPECIALIZACAO_WORKLOAD;;;;;CONCLUIDA;True;1,0;1,0;1,0;1,0;0,6586441863669917;0,1851740071976712;0,1561818064353371
Contratos;Letter of Intent;;Adão;2026-01-20 09:09:00;2026-03-20 13:01:00.000000000;2026-03-20 15:01:00.000000000;1,0;;2,0;2026-03-20 15:01:00.000000000;;AHP_APRENDIZAGEM_ESPECIALIZACAO_WORKLOAD;;;;;CONCLUIDA;True;0,8438181935646629;1,0;1,0;0,0;0,6586441863669917;0,1851740071976712;0,0
Contratos;Contrato de Escrow de Código-Fonte;;Adão;2026-01-20 09:10:00;2026-03-20 15:01:00.000000000;2026-03-23 15:01:00.000000000;3,0;;8,0;2026-03-23 15:01:00.000000000;;AHP_APRENDIZAGEM_ESPECIALIZACAO_WORKLOAD;;;;;CONCLUIDA;True;0,8438181935646629;1,0;1,0;0,0;0,6586441863669917;0,1851740071976712;0,0
Regulatório;Registro de companhias abertas, emissores e participantes de mercado na CVM;;Davi;2026-01-20 09:11:00;2026-02-09 11:02:59.999999999;2026-02-09 13:02:59.999999999;1,0;;2,0;2026-02-09 13:02:59.999999999;;AHP_APRENDIZAGEM_ESPECIALIZACAO_WORKLOAD;;;;;CONCLUIDA;True;0,9592764675206786;1,0;1,0;0,7392555931527027;0,6586441863669917;0,1851740071976712;0,11545827395601574
Societário;Gestão de earn-outs, ajustes de preço e garantias;;Jacó;2026-01-20 09:12:00;2026-02-12 11:06:00.000000000;2026-02-12 13:06:00.000000000;1,0;;2,0;2026-02-12 13:06:00.000000000;;AHP_APRENDIZAGEM_ESPECIALIZACAO_WORKLOAD;;;;;CONCLUIDA;True;0,9478947016154822;1,0;1,0;0,6663804858340487;0,6586441863669917;0,1851740071976712;0,1040765080508193
Contratos;Contrato de Representação Comercial;;Adão;2026-01-20 09:13:00;2026-03-23 15:01:00.000000000;2026-03-24 15:01:00.000000000;3,0;;8,0;2026-03-24 15:01:00.000000000;;AHP_APRENDIZAGEM_ESPECIALIZACAO_WORKLOAD;;;;;CONCLUIDA;True;0,8438181935646629;1,0;1,0;0,0;0,6586441863669917;0,1851740071976712;0,0
Societário;Estruturação jurídica de carve-outs, spin-offs e alienação de ativos;;Jacó;2026-01-20 09:14:00;2026-02-12 13:06:00.000000000;2026-02-17 13:06:00.000000000;5,0;;24,0;2026-02-17 13:06:00.000000000;;AHP_APRENDIZAGEM_ESPECIALIZACAO_WORKLOAD;;;;;CONCLUIDA;True;0,948203795173607;1,0;1,0;0,6683595483457423;0,6586441863669917;0,1851740071976712;0,10438560160894406
Concorrencial;Relacionamento CADE;;Abraão;2026-01-21 09:00:00;2026-02-06 09:00:00.000000000;2026-02-06 11:00:00.000000000;1,0;;2,0;2026-02-06 11:00:00.000000000;;AHP_APRENDIZAGEM_ESPECIALIZACAO_WORKLOAD;;;;;CONCLUIDA;True;0,964883928931259;1,0;1,0;0,7751590158276219;0,6586441863669917;0,1851740071976712;0,12106573536659605
Societário;Atos perante Junta Comercial;;Jacó;2026-01-21 09:01:00;2026-02-17 13:06:00.000000000;2026-02-17 15:06:00.000000000;1,0;;2,0;2026-02-17 15:06:00.000000000;;AHP_APRENDIZAGEM_ESPECIALIZACAO_WORKLOAD;;;;;CONCLUIDA;True;0,937114509572952;1,0;1,0;0,5973571322913072;0,6586441863669917;0,1851740071976712;0,093296316008289
Governança;Elaboração e revisão de atas;;Eva;2026-01-21 09:02:00;2026-02-06 13:05:00.000000000;2026-02-09 13:05:00.000000000;3,0;;8,0;2026-02-09 13:05:00.000000000;;AHP_APRENDIZAGEM_ESPECIALIZACAO_WORKLOAD;;;;;CONCLUIDA;True;0,9629972102007204;1,0;1,0;0,7630787436525156;0,6586441863669917;0,1851740071976712;0,11917901663605741
Direito financeiro;Monitoramento de mudanças regulatórias;;Esaú;2026-01-21 09:03:00;2026-01-23 13:00:00.000000000;2026-01-26 13:00:00.000000000;3,0;;8,0;2026-01-26 13:00:00.000000000;;AHP_APRENDIZAGEM_ESPECIALIZACAO_WORKLOAD;;;;;CONCLUIDA;True;1,0;1,0;1,0;1,0;0,6586441863669917;0,1851740071976712;0,1561818064353371
Contencioso;Prevenção de Litígios e Atuação Preventiva;;Abraão;2026-01-21 09:04:00;2026-02-06 11:00:00.000000000;2026-02-10 11:00:00.000000000;4,0;;16,0;2026-02-10 11:00:00.000000000;;AHP_APRENDIZAGEM_ESPECIALIZACAO_WORKLOAD;;;;;CONCLUIDA;True;0,966872199028917;1,0;1,0;0,7878895005302763;0,6586441863669917;0,1851740071976712;0,12305400546425405
Propriedade intelectual;Avaliação de riscos em parcerias e projetos conjuntos;;Abraão;2026-01-21 09:05:00;2026-02-10 11:00:00.000000000;2026-02-11 11:00:00.000000000;3,0;;8,0;2026-02-11 11:00:00.000000000;;AHP_APRENDIZAGEM_ESPECIALIZACAO_WORKLOAD;;;;;CONCLUIDA;True;0,9593001302355265;1,0;1,0;0,7394071006514822;0,6586441863669917;0,1851740071976712;0,11548193667086361
Societário;Atualização de Contrato Social / Estatuto;;Jacó;2026-01-21 09:06:00;2026-02-17 15:06:00.000000000;2026-02-18 15:06:00.000000000;3,0;;8,0;2026-02-18 15:06:00.000000000;;AHP_APRENDIZAGEM_ESPECIALIZACAO_WORKLOAD;;;;;CONCLUIDA;True;0,9384296156237442;1,0;1,0;0,6057774859855563;0,6586441863669917;0,1851740071976712;0,09461142205908128
Concorrencial;Revisão concorrencial de documentos;;Abraão;2026-01-21 09:07:00;2026-02-11 11:00:00.000000000;2026-02-12 11:00:00.000000000;3,0;;8,0;2026-02-12 11:00:00.000000000;;AHP_APRENDIZAGEM_ESPECIALIZACAO_WORKLOAD;;;;;CONCLUIDA;True;0,9555140958388313;1,0;1,0;0,7151659007120852;0,6586441863669917;0,1851740071976712;0,11169590227416841
Societário;Gestão de passivos;;Jacó;2026-01-21 09:08:00;2026-02-18 15:06:00.000000000;2026-02-19 09:06:00.000000000;1,0;;2,0;2026-02-19 09:06:00.000000000;;AHP_APRENDIZAGEM_ESPECIALIZACAO_WORKLOAD;;;;;CONCLUIDA;True;0,934643581227049;1,0;1,0;0,5815362860461593;0,6586441863669917;0,1851740071976712;0,09082538766238607
Contratos;Contrato de Mandato;;Adão;2026-01-21 09:09:00;2026-03-24 15:01:00.000000000;2026-03-25 15:01:00.000000000;3,0;;8,0;2026-03-25 15:01:00.000000000;;AHP_APRENDIZAGEM_ESPECIALIZACAO_WORKLOAD;;;;;CONCLUIDA;True;0,8438181935646629;1,0;1,0;0,0;0,6586441863669917;0,1851740071976712;0,0
Propriedade intelectual;Apoio na prevenção de vazamento de informações estratégicas;;Abraão;2026-01-21 09:10:00;2026-02-12 11:00:00.000000000;2026-02-12 13:00:00.000000000;1,0;;2,0;2026-02-12 13:00:00.000000000;;AHP_APRENDIZAGEM_ESPECIALIZACAO_WORKLOAD;;;;;CONCLUIDA;True;0,952870536197216;1,0;1,0;0,6982397317686505;0,6586441863669917;0,1851740071976712;0,10905234263255308
Contratos;Contrato de SaaS;;Adão;2026-01-21 09:11:00;2026-03-25 15:01:00.000000000;2026-03-26 15:01:00.000000000;3,0;;8,0;2026-03-26 15:01:00.000000000;;AHP_APRENDIZAGEM_ESPECIALIZACAO_WORKLOAD;;;;;CONCLUIDA;True;0,8438181935646629;1,0;1,0;0,0;0,6586441863669917;0,1851740071976712;0,0
Regulatório;Apoio jurídico em consultas públicas e audiências regulatórias;;Davi;2026-01-21 09:12:00;2026-02-09 13:02:59.999999999;2026-02-10 13:03:00.000000000;3,0;;8,0;2026-02-10 13:03:00.000000000;;AHP_APRENDIZAGEM_ESPECIALIZACAO_WORKLOAD;;;;;CONCLUIDA;True;0,9638677705164047;1,0;1,0;0,7686527623910218;0,6586441863669917;0,1851740071976712;0,12004957695174173
Governança;Gestão de fluxo de informações com Conselho de Administração;;Eva;2026-01-21 09:13:00;2026-02-09 13:05:00.000000000;2026-02-09 15:05:00.000000000;1,0;;2,0;2026-02-09 15:05:00.000000000;;AHP_APRENDIZAGEM_ESPECIALIZACAO_WORKLOAD;;;;;CONCLUIDA;True;0,9638527248244694;1,0;1,0;0,7685564279185333;0,6586441863669917;0,1851740071976712;0,12003453125980648
Direito financeiro;Análise de condições contratuais e riscos sistêmicos;;Esaú;2026-01-21 09:14:00;2026-01-26 13:00:00.000000000;2026-01-26 15:00:00.000000000;1,0;;2,0;2026-01-26 15:00:00.000000000;;AHP_APRENDIZAGEM_ESPECIALIZACAO_WORKLOAD;;;;;CONCLUIDA;True;1,0;1,0;1,0;1,0;0,6586441863669917;0,1851740071976712;0,1561818064353371
Regulatório;Interface com áreas de produto, tecnologia e negócios;;Davi;2026-01-22 09:00:00;2026-02-10 13:03:00.000000000;2026-02-10 15:03:00.000000000;1,0;;2,0;2026-02-10 15:03:00.000000000;;AHP_APRENDIZAGEM_ESPECIALIZACAO_WORKLOAD;;;;;CONCLUIDA;True;0,960933740292348;1,0;1,0;0,7498667700208322;0,6586441863669917;0,1851740071976712;0,11711554672768507
Societário;Due diligence societária;;Jacó;2026-01-22 09:01:00;2026-02-19 09:06:00.000000000;2026-02-24 09:06:00.000000000;5,0;;24,0;2026-02-24 09:06:00.000000000;;AHP_APRENDIZAGEM_ESPECIALIZACAO_WORKLOAD;;;;;CONCLUIDA;True;0,9373033066167723;1,0;1,0;0,5985659609515043;0,6586441863669917;0,1851740071976712;0,0934851130521094
Trabalhista;Apoio em programas de stock options e incentivos de longo prazo;;Abraão;2026-01-22 09:02:00;2026-02-12 13:00:00.000000000;2026-02-12 15:00:00.000000000;1,0;;2,0;2026-02-12 15:00:00.000000000;;AHP_APRENDIZAGEM_ESPECIALIZACAO_WORKLOAD;;;;;CONCLUIDA;True;0,9536925219037711;1,0;1,0;0,7035027372704812;0,6586441863669917;0,1851740071976712;0,10987432833910811
Societário;Acordo de Sócios / Acionistas;;Jacó;2026-01-22 09:03:00;2026-02-24 09:06:00.000000000;2026-02-25 09:05:59.999999999;3,0;;8,0;2026-02-25 09:05:59.999999999;;AHP_APRENDIZAGEM_ESPECIALIZACAO_WORKLOAD;;;;;CONCLUIDA;True;0,9264074294176596;1,0;1,0;0,528801899132794;0,6586441863669917;0,1851740071976712;0,08258923585299668
Contencioso;Elaboração de recursos;;Abraão;2026-01-22 09:04:00;2026-02-12 15:00:00.000000000;2026-02-16 15:00:00.000000000;4,0;;16,0;2026-02-16 15:00:00.000000000;;AHP_APRENDIZAGEM_ESPECIALIZACAO_WORKLOAD;;;;;CONCLUIDA;True;0,9527845321371783;1,0;1,0;0,6976890654522552;0,6586441863669917;0,1851740071976712;0,10896633857251536
Contratos;Contrato de Locação;;Adão;2026-01-22 09:05:00;2026-03-26 15:01:00.000000000;2026-03-27 15:01:00.000000000;3,0;;8,0;2026-03-27 15:01:00.000000000;;AHP_APRENDIZAGEM_ESPECIALIZACAO_WORKLOAD;;;;;CONCLUIDA;True;0,8438181935646629;1,0;1,0;0,0;0,6586441863669917;0,1851740071976712;0,0
Contratos;Contrato de Cessão de Direitos Autorais;;Adão;2026-01-22 09:06:00;2026-03-27 15:01:00.000000000;2026-03-30 15:01:00.000000000;3,0;;8,0;2026-03-30 15:01:00.000000000;;AHP_APRENDIZAGEM_ESPECIALIZACAO_WORKLOAD;;;;;CONCLUIDA;True;0,8438181935646629;1,0;1,0;0,0;0,6586441863669917;0,1851740071976712;0,0
Concorrencial;Avaliação de riscos concorrenciais;;Abraão;2026-01-22 09:07:00;2026-02-16 15:00:00.000000000;2026-02-16 17:00:00.000000000;1,0;;2,0;2026-02-16 17:00:00.000000000;;AHP_APRENDIZAGEM_ESPECIALIZACAO_WORKLOAD;;;;;CONCLUIDA;True;0,9479418079563712;1,0;1,0;0,6666820980510162;0,6586441863669917;0,1851740071976712;0,10412361439170824
Contratos;Contratos de Seguros ou Previdência;;Adão;2026-01-22 09:08:00;2026-03-30 15:01:00.000000000;2026-03-31 15:01:00.000000000;3,0;;8,0;2026-03-31 15:01:00.000000000;;AHP_APRENDIZAGEM_ESPECIALIZACAO_WORKLOAD;;;;;CONCLUIDA;True;0,8438181935646629;1,0;1,0;0,0;0,6586441863669917;0,1851740071976712;0,0
Direito digital;Gestão de Processos com ANPD;;Eva;2026-01-22 09:09:00;2026-02-09 15:05:00.000000000;2026-02-10 09:04:59.999999999;1,0;;2,0;2026-02-10 09:04:59.999999999;;AHP_APRENDIZAGEM_ESPECIALIZACAO_WORKLOAD;;;;;CONCLUIDA;True;0,9660136053657357;1,0;1,0;0,7823921018077382;0,6586441863669917;0,1851740071976712;0,12219541180107274
Contratos;Contratos Administrativos;;Adão;2026-01-22 09:10:00;2026-03-31 15:01:00.000000000;2026-04-01 15:01:00.000000000;3,0;;8,0;2026-04-01 15:01:00.000000000;;AHP_APRENDIZAGEM_ESPECIALIZACAO_WORKLOAD;;;;;CONCLUIDA;True;0,8438181935646629;1,0;1,0;0,0;0,6586441863669917;0,1851740071976712;0,0
Concorrencial;Relacionamento CADE;;Abraão;2026-01-22 09:11:00;2026-02-17 09:00:00.000000000;2026-02-17 11:00:00.000000000;1,0;;2,0;2026-02-17 11:00:00.000000000;;AHP_APRENDIZAGEM_ESPECIALIZACAO_WORKLOAD;;;;;CONCLUIDA;True;0,9493262345150185;1,0;1,0;0,6755462967067063;0,6586441863669917;0,1851740071976712;0,10550804095035561
Direito digital;Gestão de Processos com ANPD;;Eva;2026-01-22 09:12:00;2026-02-10 09:04:59.999999999;2026-02-10 11:04:59.999999999;1,0;;2,0;2026-02-10 11:04:59.999999999;;AHP_APRENDIZAGEM_ESPECIALIZACAO_WORKLOAD;;;;;CONCLUIDA;True;0,9659059706266818;1,0;1,0;0,7817029387002645;0,6586441863669917;0,1851740071976712;0,1220877770620189
Contratos;Contrato de Manutenção de Sistemas;;Adão;2026-01-22 09:13:00;2026-04-01 15:01:00.000000000;2026-04-02 15:01:00.000000000;3,0;;8,0;2026-04-02 15:01:00.000000000;;AHP_APRENDIZAGEM_ESPECIALIZACAO_WORKLOAD;;;;;CONCLUIDA;True;0,8438181935646629;1,0;1,0;0,0;0,6586441863669917;0,1851740071976712;0,0
Regulatório;Estruturação de políticas exigidas por CVM e BCB;;Davi;2026-01-22 09:14:00;2026-02-10 15:03:00.000000000;2026-02-13 15:03:00.000000000;5,0;;24,0;2026-02-13 15:03:00.000000000;;AHP_APRENDIZAGEM_ESPECIALIZACAO_WORKLOAD;;;;;CONCLUIDA;True;0,9641895541253468;1,0;1,0;0,7707130766893797;0,6586441863669917;0,1851740071976712;0,12037136056068383
Contratos;Contrato de Representação Comercial;;Adão;2026-01-23 09:00:00;2026-04-02 15:01:00.000000000;2026-04-03 15:01:00.000000000;3,0;;8,0;2026-04-03 15:01:00.000000000;;AHP_APRENDIZAGEM_ESPECIALIZACAO_WORKLOAD;;;;;EM_EXECUCAO;True;0,8438181935646629;1,0;1,0;0,0;0,6586441863669917;0,1851740071976712;0,0
Concorrencial;Monitoramento regulatório e jurisprudencial;;Abraão;2026-01-23 09:01:00;2026-02-17 11:00:00.000000000;2026-02-18 11:00:00.000000000;3,0;;8,0;2026-02-18 11:00:00.000000000;;AHP_APRENDIZAGEM_ESPECIALIZACAO_WORKLOAD;;;;;CONCLUIDA;True;0,9505976514655454;1,0;1,0;0,6836869180732111;0,6586441863669917;0,1851740071976712;0,10677945790088245
Contratos;Contrato de Cessão de Direitos Autorais;;Adão;2026-01-23 09:02:00;2026-04-03 15:01:00.000000000;2026-04-06 15:01:00.000000000;3,0;;8,0;2026-04-06 15:01:00.000000000;;AHP_APRENDIZAGEM_ESPECIALIZACAO_WORKLOAD;;;;;PENDENTE;True;0,8438181935646629;1,0;1,0;0,0;0,6586441863669917;0,1851740071976712;0,0
Concorrencial;Contencioso Administrativo Concorrencial;;Abraão;2026-01-23 09:03:00;2026-02-18 11:00:00.000000000;2026-02-20 11:00:00.000000000;4,0;;16,0;2026-02-20 11:00:00.000000000;;AHP_APRENDIZAGEM_ESPECIALIZACAO_WORKLOAD;;;;;CONCLUIDA;True;0,9484621512867019;1,0;1,0;0,6700137494271072;0,6586441863669917;0,1851740071976712;0,10464395772203892
Contratos;Contratos Administrativos;;Adão;2026-01-23 09:04:00;2026-04-06 15:01:00.000000000;2026-04-07 15:01:00.000000000;3,0;;8,0;2026-04-07 15:01:00.000000000;;AHP_APRENDIZAGEM_ESPECIALIZACAO_WORKLOAD;;;;;PENDENTE;True;0,8438181935646629;1,0;1,0;0,0;0,6586441863669917;0,1851740071976712;0,0
Regulatório;Apoio jurídico a ofertas públicas (ICVM 160 e correlatas);;Davi;2026-01-23 09:05:00;2026-02-13 15:03:00.000000000;2026-02-16 11:02:59.999999999;2,0;;4,0;2026-02-16 11:02:59.999999999;;AHP_APRENDIZAGEM_ESPECIALIZACAO_WORKLOAD;;;;;CONCLUIDA;True;0,9571091750882411;1,0;1,0;0,725378865242433;0,6586441863669917;0,1851740071976712;0,11329098152357815
Regulatório;Análise de requisitos prudenciais e de liquidez;;Davi;2026-01-23 09:06:00;2026-02-16 11:02:59.999999999;2026-02-16 13:02:59.999999999;1,0;;2,0;2026-02-16 13:02:59.999999999;;AHP_APRENDIZAGEM_ESPECIALIZACAO_WORKLOAD;;;;;CONCLUIDA;True;0,9555780434537293;1,0;1,0;0,7155753441444385;0,6586441863669917;0,1851740071976712;0,11175984988906643
Contratos;Contrato de Escrow de Código-Fonte;;Adão;2026-01-23 09:07:00;2026-04-07 15:01:00.000000000;2026-04-08 15:01:00.000000000;3,0;;8,0;2026-04-08 15:01:00.000000000;;AHP_APRENDIZAGEM_ESPECIALIZACAO_WORKLOAD;;;;;PENDENTE;True;0,8438181935646629;1,0;1,0;0,0;0,6586441863669917;0,1851740071976712;0,0
Contratos;Contrato de Mandato;;Adão;2026-01-23 09:08:00;2026-04-08 15:01:00.000000000;2026-04-09 15:01:00.000000000;3,0;;8,0;2026-04-09 15:01:00.000000000;;AHP_APRENDIZAGEM_ESPECIALIZACAO_WORKLOAD;;;;;PENDENTE;True;0,8438181935646629;1,0;1,0;0,0;0,6586441863669917;0,1851740071976712;0,0
Contratos;Contrato de trabalho;;Adão;2026-01-23 09:09:00;2026-04-09 15:01:00.000000000;2026-04-10 09:00:59.999999999;1,0;;2,0;2026-04-10 09:00:59.999999999;;AHP_APRENDIZAGEM_ESPECIALIZACAO_WORKLOAD;;;;;PENDENTE;True;0,8438181935646629;1,0;1,0;0,0;0,6586441863669917;0,1851740071976712;0,0
Direito digital;Análise de risco jurídico digital;;Eva;2026-01-23 09:10:00;2026-02-10 11:04:59.999999999;2026-02-10 13:04:59.999999999;1,0;;2,0;2026-02-10 13:04:59.999999999;;AHP_APRENDIZAGEM_ESPECIALIZACAO_WORKLOAD;;;;;CONCLUIDA;True;0,9691742414825839;1,0;1,0;0,8026290051256472;0,6586441863669917;0,1851740071976712;0,12535604791792102
Concorrencial;Avaliação de riscos concorrenciais;;Abraão;2026-01-23 09:11:00;2026-02-20 11:00:00.000000000;2026-02-20 13:00:00.000000000;1,0;;2,0;2026-02-20 13:00:00.000000000;;AHP_APRENDIZAGEM_ESPECIALIZACAO_WORKLOAD;;;;;CONCLUIDA;True;0,9457417768809595;1,0;1,0;0,652595751339932;0,6586441863669917;0,1851740071976712;0,10192358331629664
Societário;Avaliação de impactos (societário, contratual, regulatório, concorrencial, trabalhista, tributário);;Jacó;2026-01-23 09:12:00;2026-02-25 09:05:59.999999999;2026-02-26 09:05:59.999999999;3,0;;8,0;2026-02-26 09:05:59.999999999;;AHP_APRENDIZAGEM_ESPECIALIZACAO_WORKLOAD;;;;;CONCLUIDA;True;0,9376397043746704;1,0;1,0;0,6007198466413677;0,6586441863669917;0,1851740071976712;0,09382151081000747
Governança;Política de PLDFTP e Fraudes;;Eva;2026-01-23 09:13:00;2026-02-10 13:04:59.999999999;2026-02-11 13:05:00.000000000;3,0;;8,0;2026-02-11 13:05:00.000000000;;AHP_APRENDIZAGEM_ESPECIALIZACAO_WORKLOAD;;;;;CONCLUIDA;True;0,9684410222512456;1,0;1,0;0,7979343531167273;0,6586441863669917;0,1851740071976712;0,12462282868658264
Contratos;Contratos Administrativos;;Adão;2026-01-23 09:14:00;2026-04-10 09:00:59.999999999;2026-04-13 09:00:59.999999999;3,0;;8,0;2026-04-13 09:00:59.999999999;;AHP_APRENDIZAGEM_ESPECIALIZACAO_WORKLOAD;;;;;PENDENTE;True;0,8438181935646629;1,0;1,0;0,0;0,6586441863669917;0,1851740071976712;0,0
Societário;Consolidação das versões finais dos documentos;;Jacó;2026-01-26 09:00:00;2026-02-26 09:05:59.999999999;2026-02-26 11:05:59.999999999;1,0;;2,0;2026-02-26 11:05:59.999999999;;AHP_APRENDIZAGEM_ESPECIALIZACAO_WORKLOAD;;;;;CONCLUIDA;True;0,935910342015744;1,0;1,0;0,5896470949656312;0,6586441863669917;0,1851740071976712;0,09209214845108105
Contencioso;Mapeamento e classificação do contencioso da companhia;;Abraão;2026-01-26 09:01:00;2026-02-20 13:00:00.000000000;2026-02-24 13:00:00.000000000;4,0;;16,0;2026-02-24 13:00:00.000000000;;AHP_APRENDIZAGEM_ESPECIALIZACAO_WORKLOAD;;;;;CONCLUIDA;True;0,9460221858639056;1,0;1,0;0,6543911524135018;0,6586441863669917;0,1851740071976712;0,10220399229924272
Contratos;Contrato de Hosting;;Caim;2026-01-26 09:02:00;2026-02-06 11:00:00.000000000;2026-02-09 11:00:00.000000000;3,0;;8,0;2026-02-09 11:00:00.000000000;;AHP_APRENDIZAGEM_ESPECIALIZACAO_WORKLOAD;;;;;CONCLUIDA;True;0,9119006951593529;0,9511118089966714;0,8302707808640097;0,8433239890941207;0,6264442635806503;0,15374456755172822;0,1317118640269743
Contencioso;Mapeamento e classificação do contencioso da companhia;;Abraão;2026-01-26 09:03:00;2026-02-24 13:00:00.000000000;2026-02-26 13:00:00.000000000;4,0;;16,0;2026-02-26 13:00:00.000000000;;AHP_APRENDIZAGEM_ESPECIALIZACAO_WORKLOAD;;;;;CONCLUIDA;True;0,9402645523560555;1,0;1,0;0,617526208670942;0,6586441863669917;0,1851740071976712;0,09644635879139266
Regulatório;Interface com áreas de produto, tecnologia e negócios;;Davi;2026-01-26 09:04:00;2026-02-16 13:02:59.999999999;2026-02-16 15:02:59.999999999;1,0;;2,0;2026-02-16 15:02:59.999999999;;AHP_APRENDIZAGEM_ESPECIALIZACAO_WORKLOAD;;;;;CONCLUIDA;True;0,9575194602748938;1,0;1,0;0,7280058369494259;0,6586441863669917;0,1851740071976712;0,11370126671023081
Contratos;Contrato de Cessão de Direitos Autorais;;Caim;2026-01-26 09:05:00;2026-02-09 11:00:00.000000000;2026-02-10 11:00:00.000000000;3,0;;8,0;2026-02-10 11:00:00.000000000;;AHP_APRENDIZAGEM_ESPECIALIZACAO_WORKLOAD;;;;;CONCLUIDA;True;0,9090218784054278;0,9511118089966714;0,8302707808640097;0,8248915172228409;0,6264442635806503;0,15374456755172822;0,12883304727304928
Contratos;Contratos Administrativos;;Caim;2026-01-26 09:06:00;2026-02-10 11:00:00.000000000;2026-02-11 11:00:00.000000000;3,0;;8,0;2026-02-11 11:00:00.000000000;;AHP_APRENDIZAGEM_ESPECIALIZACAO_WORKLOAD;;;;;CONCLUIDA;True;0,9061430616515028;0,9511118089966714;0,8302707808640097;0,806459045351561;0,6264442635806503;0,15374456755172822;0,12595423051912424
Societário;Integração societária;;Jacó;2026-01-26 09:07:00;2026-02-26 11:05:59.999999999;2026-02-26 13:05:59.999999999;1,0;;2,0;2026-02-26 13:05:59.999999999;;AHP_APRENDIZAGEM_ESPECIALIZACAO_WORKLOAD;;;;;CONCLUIDA;True;0,9351906378272626;1,0;1,0;0,585038976997811;0,6586441863669917;0,1851740071976712;0,09137244426259976
Direito digital;Análise de cláusulas de tratamento, compartilhamento e transferência de dados;;Eva;2026-01-26 09:08:00;2026-02-11 13:05:00.000000000;2026-02-12 09:05:00.000000000;2,0;;4,0;2026-02-12 09:05:00.000000000;;AHP_APRENDIZAGEM_ESPECIALIZACAO_WORKLOAD;;;;;CONCLUIDA;True;0,9661439154669608;1,0;1,0;0,7832264505977754;0,6586441863669917;0,1851740071976712;0,12232572190229787
Direito financeiro;Gestão de relacionamento jurídico-financeiro;;Esaú;2026-01-26 09:09:00;2026-01-26 15:00:00.000000000;2026-01-26 17:00:00.000000000;1,0;;2,0;2026-01-26 17:00:00.000000000;;AHP_APRENDIZAGEM_ESPECIALIZACAO_WORKLOAD;;;;;CONCLUIDA;True;1,0;1,0;1,0;1,0;0,6586441863669917;0,1851740071976712;0,1561818064353371
Societário;Estruturação de regras de governança;;Jacó;2026-01-26 09:10:00;2026-02-26 13:05:59.999999999;2026-03-03 13:06:00.000000000;5,0;;24,0;2026-03-03 13:06:00.000000000;;AHP_APRENDIZAGEM_ESPECIALIZACAO_WORKLOAD;;;;;CONCLUIDA;True;0,9348906060591701;1,0;1,0;0,5831179352648431;0,6586441863669917;0,1851740071976712;0,09107241249450716
Propriedade intelectual;Atuação em oposições, nulidades e defesas administrativas;;Abraão;2026-01-26 09:11:00;2026-02-26 13:00:00.000000000;2026-02-26 15:00:00.000000000;1,0;;2,0;2026-02-26 15:00:00.000000000;;AHP_APRENDIZAGEM_ESPECIALIZACAO_WORKLOAD;;;;;CONCLUIDA;True;0,9349267578603588;1,0;1,0;0,5833494078160565;0,6586441863669917;0,1851740071976712;0,09110856429569586
Contratos;Contrato de Mútuo, Doação ou Comodato;;Caim;2026-01-26 09:12:00;2026-02-11 11:00:00.000000000;2026-02-12 11:00:00.000000000;3,0;;8,0;2026-02-12 11:00:00.000000000;;AHP_APRENDIZAGEM_ESPECIALIZACAO_WORKLOAD;;;;;CONCLUIDA;True;0,9038340164978951;0,9511118089966714;0,8302707808640097;0,7916747039080282;0,6264442635806503;0,15374456755172822;0,12364518536551647
Contratos;Contrato de Desenvolvimento de Software;;Caim;2026-01-26 09:13:00;2026-02-12 11:00:00.000000000;2026-02-13 11:00:00.000000000;3,0;;8,0;2026-02-13 11:00:00.000000000;;AHP_APRENDIZAGEM_ESPECIALIZACAO_WORKLOAD;;;;;CONCLUIDA;True;0,9009418724027999;0,9511118089966714;0,8302707808640097;0,773156899810964;0,6264442635806503;0,15374456755172822;0,1207530412704213
Regulatório;Interface com áreas de produto, tecnologia e negócios;;Davi;2026-01-26 09:14:00;2026-02-16 15:02:59.999999999;2026-02-17 09:03:00.000000000;1,0;;2,0;2026-02-17 09:03:00.000000000;;AHP_APRENDIZAGEM_ESPECIALIZACAO_WORKLOAD;;;;;CONCLUIDA;True;0,957322798696752;1,0;1,0;0,726746653292697;0,6586441863669917;0,1851740071976712;0,11350460513208906
Societário;Suporte jurídico às negociações comerciais;;Jacó;2026-01-27 09:00:00;2026-03-03 13:06:00.000000000;2026-03-04 13:05:59.999999999;3,0;;8,0;2026-03-04 13:05:59.999999999;;AHP_APRENDIZAGEM_ESPECIALIZACAO_WORKLOAD;;;;;CONCLUIDA;True;0,9262141737738846;1,0;1,0;0,5275645229736508;0,6586441863669917;0,1851740071976712;0,08239598020922168
Regulatório;Interface com reguladores durante processos de autorização;;Davi;2026-01-27 09:01:00;2026-02-17 09:03:00.000000000;2026-02-18 09:02:59.999999999;3,0;;8,0;2026-02-18 09:02:59.999999999;;AHP_APRENDIZAGEM_ESPECIALIZACAO_WORKLOAD;;;;;CONCLUIDA;True;0,9566041138138621;1,0;1,0;0,722145061729038;0,6586441863669917;0,1851740071976712;0,11278592024919919
Societário;SPA / SHA e documentos correlatos;;Jacó;2026-01-27 09:02:00;2026-03-04 13:05:59.999999999;2026-03-04 15:05:59.999999999;1,0;;2,0;2026-03-04 15:05:59.999999999;;AHP_APRENDIZAGEM_ESPECIALIZACAO_WORKLOAD;;;;;CONCLUIDA;True;0,923328164470727;1,0;1,0;0,509085998688221;0,6586441863669917;0,1851740071976712;0,07950997090606401
Societário;Elaboração e negociação de  SHA;;Jacó;2026-01-27 09:03:00;2026-03-04 15:05:59.999999999;2026-03-05 15:06:00.000000000;3,0;;8,0;2026-03-05 15:06:00.000000000;;AHP_APRENDIZAGEM_ESPECIALIZACAO_WORKLOAD;;;;;CONCLUIDA;True;0,9226081125067893;1,0;1,0;0,5044756539856471;0,6586441863669917;0,1851740071976712;0,07878991894212643
Direito financeiro;Interface com escritórios externos;;Esaú;2026-01-27 09:04:00;2026-01-27 09:04:00.000000000;2026-01-27 11:04:00.000000000;1,0;;2,0;2026-01-27 11:04:00.000000000;;AHP_APRENDIZAGEM_ESPECIALIZACAO_WORKLOAD;;;;;CONCLUIDA;True;1,0;1,0;1,0;1,0;0,6586441863669917;0,1851740071976712;0,1561818064353371
Regulatório;Preparação de informações e documentos para fiscalização;;Davi;2026-01-27 09:05:00;2026-02-18 09:02:59.999999999;2026-02-20 09:03:00.000000000;4,0;;16,0;2026-02-20 09:03:00.000000000;;AHP_APRENDIZAGEM_ESPECIALIZACAO_WORKLOAD;;;;;CONCLUIDA;True;0,9542358307228705;1,0;1,0;0,7069814319500975;0,6586441863669917;0,1851740071976712;0,11041763715820758
Societário;Elaboração e negociação de LOI;;Jacó;2026-01-27 09:06:00;2026-03-05 15:06:00.000000000;2026-03-06 15:06:00.000000000;3,0;;8,0;2026-03-06 15:06:00.000000000;;AHP_APRENDIZAGEM_ESPECIALIZACAO_WORKLOAD;;;;;CONCLUIDA;True;0,920071628152137;1,0;1,0;0,48823506609295647;0,6586441863669917;0,1851740071976712;0,07625343458747415
Governança;Treinamentos corporativos;;Eva;2026-01-27 09:07:00;2026-02-12 09:05:00.000000000;2026-02-12 11:05:00.000000000;1,0;;2,0;2026-02-12 11:05:00.000000000;;AHP_APRENDIZAGEM_ESPECIALIZACAO_WORKLOAD;;;;;CONCLUIDA;True;0,9658479059542143;1,0;1,0;0,7813311625389256;0,6586441863669917;0,1851740071976712;0,1220297123895514
Contratos;Contrato de Licença de Uso de Marca;;Caim;2026-01-27 09:08:00;2026-02-13 11:00:00.000000000;2026-02-16 11:00:00.000000000;3,0;;8,0;2026-02-16 11:00:00.000000000;;AHP_APRENDIZAGEM_ESPECIALIZACAO_WORKLOAD;;;;;CONCLUIDA;True;0,9129491112519952;0,9702267173318689;0,8396831742152161;0,7582664650928402;0,639034186828566;0,15548749814589183;0,11842742627753727
Societário;Regularização societária;;Jacó;2026-01-27 09:09:00;2026-03-06 15:06:00.000000000;2026-03-09 15:06:00.000000000;3,0;;8,0;2026-03-09 15:06:00.000000000;;AHP_APRENDIZAGEM_ESPECIALIZACAO_WORKLOAD;;;;;CONCLUIDA;True;0,9171655822131146;1,0;1,0;0,46962825134705594;0,6586441863669917;0,1851740071976712;0,07334738864845174
Contratos;Contratos de Seguros ou Previdência;;Caim;2026-01-27 09:10:00;2026-02-16 11:00:00.000000000;2026-02-17 11:00:00.000000000;3,0;;8,0;2026-02-17 11:00:00.000000000;;AHP_APRENDIZAGEM_ESPECIALIZACAO_WORKLOAD;;;;;CONCLUIDA;True;0,9100430653129726;0,9702267173318689;0,8396831742152161;0,7396596503469395;0,639034186828566;0,15548749814589183;0,11552138033851482
Contratos;Contrato de Representação Comercial;;Caim;2026-01-27 09:11:00;2026-02-17 11:00:00.000000000;2026-02-18 11:00:00.000000000;3,0;;8,0;2026-02-18 11:00:00.000000000;;AHP_APRENDIZAGEM_ESPECIALIZACAO_WORKLOAD;;;;;CONCLUIDA;True;0,9071370193739503;0,9702267173318689;0,8396831742152161;0,7210528356010389;0,639034186828566;0,15548749814589183;0,11261533439949241
Societário;Atos perante Junta Comercial;;Jacó;2026-01-27 09:12:00;2026-03-09 15:06:00.000000000;2026-03-10 09:06:00.000000000;1,0;;2,0;2026-03-10 09:06:00.000000000;;AHP_APRENDIZAGEM_ESPECIALIZACAO_WORKLOAD;;;;;CONCLUIDA;True;0,9142595362740922;1,0;1,0;0,4510214366011552;0,6586441863669917;0,1851740071976712;0,07044134270942928
Contencioso;Avaliação de riscos, êxito e impacto financeiro;;Abraão;2026-01-27 09:13:00;2026-02-26 15:00:00.000000000;2026-02-26 17:00:00.000000000;1,0;;2,0;2026-02-26 17:00:00.000000000;;AHP_APRENDIZAGEM_ESPECIALIZACAO_WORKLOAD;;;;;CONCLUIDA;True;0,9346381834214871;1,0;1,0;0,5815017250067838;0,6586441863669917;0,1851740071976712;0,09081998985682413
Contratos;Contrato de compra e venda;;Caim;2026-01-27 09:14:00;2026-02-18 11:00:00.000000000;2026-02-19 11:00:00.000000000;3,0;;8,0;2026-02-19 11:00:00.000000000;;AHP_APRENDIZAGEM_ESPECIALIZACAO_WORKLOAD;;;;;CONCLUIDA;True;0,9042309734349279;0,9702267173318689;0,8396831742152161;0,7024460208551382;0,639034186828566;0,15548749814589183;0,10970928846046997
Societário;Gestão de passivos;;Jacó;2026-01-28 09:00:00;2026-03-10 09:06:00.000000000;2026-03-10 11:06:00.000000000;1,0;;2,0;2026-03-10 11:06:00.000000000;;AHP_APRENDIZAGEM_ESPECIALIZACAO_WORKLOAD;;;;;CONCLUIDA;True;0,9145085556220862;1,0;1,0;0,45261585629495693;0,6586441863669917;0,1851740071976712;0,07069036205742332
Contratos;Contrato de Transferência de Tecnologia;;Caim;2026-01-28 09:01:00;2026-02-19 11:00:00.000000000;2026-02-20 11:00:00.000000000;3,0;;8,0;2026-02-20 11:00:00.000000000;;AHP_APRENDIZAGEM_ESPECIALIZACAO_WORKLOAD;;;;;CONCLUIDA;True;0,9171349133479653;0,9894672649841956;0,848531819366205;0,6934355345911949;0,6517068616822881;0,15712603722677068;0,10830201443890651
Contratos;Contrato de Mandato;;Caim;2026-01-28 09:02:00;2026-02-20 11:00:00.000000000;2026-02-23 11:00:00.000000000;3,0;;8,0;2026-02-23 11:00:00.000000000;;AHP_APRENDIZAGEM_ESPECIALIZACAO_WORKLOAD;;;;;CONCLUIDA;True;0,9141922282945227;0,9894672649841956;0,848531819366205;0,6745941271276386;0,6517068616822881;0,15712603722677068;0,10535932938546404
Propriedade intelectual;Gestão de portfólio de marcas (renovações, extensões e classes);;Abraão;2026-01-28 09:03:00;2026-02-27 09:00:00.000000000;2026-02-27 13:00:00.000000000;2,0;;4,0;2026-02-27 13:00:00.000000000;;AHP_APRENDIZAGEM_ESPECIALIZACAO_WORKLOAD;;;;;CONCLUIDA;True;0,9351831381972697;1,0;1,0;0,58499095840868;0,6586441863669917;0,1851740071976712;0,0913649446326068
Direito financeiro;Gestão de litígios bancários e financeiros;;Esaú;2026-01-28 09:04:00;2026-01-28 09:04:00.000000000;2026-01-30 09:03:59.999999999;4,0;;16,0;2026-01-30 09:03:59.999999999;;AHP_APRENDIZAGEM_ESPECIALIZACAO_WORKLOAD;;;;;CONCLUIDA;True;1,0;1,0;1,0;1,0;0,6586441863669917;0,1851740071976712;0,1561818064353371
Regulatório;Análise de risco sancionador e reputacional;;Davi;2026-01-28 09:05:00;2026-02-20 09:03:00.000000000;2026-02-20 11:03:00.000000000;1,0;;2,0;2026-02-20 11:03:00.000000000;;AHP_APRENDIZAGEM_ESPECIALIZACAO_WORKLOAD;;;;;CONCLUIDA;True;0,9540649252551445;1,0;1,0;0,7058871593736257;0,6586441863669917;0,1851740071976712;0,11024673169048156
Contencioso;Prevenção de Litígios e Atuação Preventiva;;Abraão;2026-01-28 09:06:00;2026-02-27 13:00:00.000000000;2026-03-03 13:00:00.000000000;4,0;;16,0;2026-03-03 13:00:00.000000000;;AHP_APRENDIZAGEM_ESPECIALIZACAO_WORKLOAD;;;;;CONCLUIDA;True;0,9372388671773693;1,0;1,0;0,5981533684679508;0,6586441863669917;0,1851740071976712;0,09342067361270635
Regulatório;Revisão de prospectos, formulários de referência e fatos relevantes;;Davi;2026-01-28 09:07:00;2026-02-20 11:03:00.000000000;2026-02-23 11:02:59.999999999;3,0;;8,0;2026-02-23 11:02:59.999999999;;AHP_APRENDIZAGEM_ESPECIALIZACAO_WORKLOAD;;;;;CONCLUIDA;True;0,9532992343301034;1,0;1,0;0,700984597785199;0,6586441863669917;0,1851740071976712;0,10948104076544057
Societário;Aprovações regulatórias e concorrenciais;;Jacó;2026-01-28 09:08:00;2026-03-10 11:06:00.000000000;2026-03-11 11:05:59.999999999;3,0;;8,0;2026-03-11 11:05:59.999999999;;AHP_APRENDIZAGEM_ESPECIALIZACAO_WORKLOAD;;;;;CONCLUIDA;True;0,9165269276550112;1,0;1,0;0,46553907750101076;0,6586441863669917;0,1851740071976712;0,07270873409034827
Regulatório;Estruturação de políticas exigidas por CVM e BCB;;Davi;2026-01-28 09:09:00;2026-02-23 11:02:59.999999999;2026-02-26 11:03:00.000000000;5,0;;24,0;2026-02-26 11:03:00.000000000;;AHP_APRENDIZAGEM_ESPECIALIZACAO_WORKLOAD;;;;;CONCLUIDA;True;0,9502364706299397;1,0;1,0;0,6813743514314926;0,6586441863669917;0,1851740071976712;0,10641827706527673
Societário;Análise jurídica preliminar e de estrutura da operação;;Jacó;2026-01-28 09:10:00;2026-03-11 11:05:59.999999999;2026-03-16 11:06:00.000000000;5,0;;24,0;2026-03-16 11:06:00.000000000;;AHP_APRENDIZAGEM_ESPECIALIZACAO_WORKLOAD;;;;;CONCLUIDA;True;0,9134641639548473;1,0;1,0;0,44592883114730436;0,6586441863669917;0,1851740071976712;0,06964597039018441
Propriedade intelectual;Gestão de depósitos, acompanhamentos e prazos;;Abraão;2026-01-28 09:11:00;2026-03-03 13:00:00.000000000;2026-03-03 15:00:00.000000000;1,0;;2,0;2026-03-03 15:00:00.000000000;;AHP_APRENDIZAGEM_ESPECIALIZACAO_WORKLOAD;;;;;CONCLUIDA;True;0,9311133397770416;1,0;1,0;0,5589328757605379;0,6586441863669917;0,1851740071976712;0,08729514621237865
Societário;Aprovações regulatórias e concorrenciais;;Jacó;2026-01-28 09:12:00;2026-03-16 11:06:00.000000000;2026-03-17 11:05:59.999999999;3,0;;8,0;2026-03-17 11:05:59.999999999;;AHP_APRENDIZAGEM_ESPECIALIZACAO_WORKLOAD;;;;;CONCLUIDA;True;0,9042758728543557;1,0;1,0;0,38709809208618495;0,6586441863669917;0,1851740071976712;0,06045767928969284
Societário;Estruturação jurídica de carve-outs, spin-offs e alienação de ativos;;Jacó;2026-01-28 09:13:00;2026-03-17 11:05:59.999999999;2026-03-20 11:06:00.000000000;5,0;;24,0;2026-03-20 11:06:00.000000000;;AHP_APRENDIZAGEM_ESPECIALIZACAO_WORKLOAD;;;;;CONCLUIDA;True;0,901213109154192;1,0;1,0;0,3674878457324785;0,6586441863669917;0,1851740071976712;0,05739491558952898
Societário;Gestão de passivos;;Jacó;2026-01-28 09:14:00;2026-03-20 11:06:00.000000000;2026-03-20 13:06:00.000000000;1,0;;2,0;2026-03-20 13:06:00.000000000;;AHP_APRENDIZAGEM_ESPECIALIZACAO_WORKLOAD;;;;;CONCLUIDA;True;0,8920248180537003;1,0;1,0;0,308657106671359;0,6586441863669917;0,1851740071976712;0,048206624489037384
Governança;Acompanhamento de planos de mitigação;;Eva;2026-01-29 09:00:00;2026-02-12 11:05:00.000000000;2026-02-12 13:05:00.000000000;1,0;;2,0;2026-02-12 13:05:00.000000000;;AHP_APRENDIZAGEM_ESPECIALIZACAO_WORKLOAD;;;;;CONCLUIDA;True;0,9716630550157757;1,0;1,0;0,8185643665483117;0,6586441863669917;0,1851740071976712;0,12784486145111273
Contratos;Contrato de trabalho;;Caim;2026-01-29 09:01:00;2026-02-23 11:00:00.000000000;2026-02-23 13:00:00.000000000;1,0;;2,0;2026-02-23 13:00:00.000000000;;AHP_APRENDIZAGEM_ESPECIALIZACAO_WORKLOAD;;;;;CONCLUIDA;True;0,9237550471260756;1,0;0,8568883064203444;0,6814969154712032;0,6586441863669917;0,15867344142068113;0,10643741933840274
Regulatório;Tradução da norma para áreas de negócio, compliance e produto;;Davi;2026-01-29 09:02:00;2026-02-26 11:03:00.000000000;2026-02-27 11:02:59.999999999;3,0;;8,0;2026-02-27 11:02:59.999999999;;AHP_APRENDIZAGEM_ESPECIALIZACAO_WORKLOAD;;;;;CONCLUIDA;True;0,9410481795295544;1,0;1,0;0,6225436123710542;0,6586441863669917;0,1851740071976712;0,09722998596489152
Societário;Estruturação jurídica de carve-outs, spin-offs e alienação de ativos;;Davi;2026-01-29 09:03:00;2026-02-27 11:02:59.999999999;2026-03-04 11:03:00.000000000;5,0;;24,0;2026-03-04 11:03:00.000000000;;AHP_APRENDIZAGEM_ESPECIALIZACAO_WORKLOAD;;;;;CONCLUIDA;True;0,8426602303274379;1,0;0,4852129251585826;0,6029333660173477;0,6586441863669917;0,08984882169571846;0,09416722226472767
Governança;Planejamento de Agenda do Conselho de Administração;;Eva;2026-01-29 09:04:00;2026-02-12 13:05:00.000000000;2026-02-12 15:05:00.000000000;1,0;;2,0;2026-02-12 15:05:00.000000000;;AHP_APRENDIZAGEM_ESPECIALIZACAO_WORKLOAD;;;;;CONCLUIDA;True;0,9708973640907347;1,0;1,0;0,813661804959885;0,6586441863669917;0,1851740071976712;0,1270791705260718
Regulatório;Avaliação de impactos de normas prudenciais em operações;;Davi;2026-01-29 09:05:00;2026-03-04 11:03:00.000000000;2026-03-04 13:03:00.000000000;1,0;;2,0;2026-03-04 13:03:00.000000000;;AHP_APRENDIZAGEM_ESPECIALIZACAO_WORKLOAD;;;;;CONCLUIDA;True;0,928797124728899;1,0;1,0;0,5441026269562282;0,6586441863669917;0,1851740071976712;0,08497893116423608
Contencioso;Contencioso Trabalhista;;Abraão;2026-01-29 09:06:00;2026-03-03 15:00:00.000000000;2026-03-05 15:00:00.000000000;4,0;;16,0;2026-03-05 15:00:00.000000000;;AHP_APRENDIZAGEM_ESPECIALIZACAO_WORKLOAD;;;;;CONCLUIDA;True;0,9303476488520006;1,0;1,0;0,5540303141721111;0,6586441863669917;0,1851740071976712;0,08652945528733766
Governança;Preparação de reuniões, materiais, pautas e apreentações;;Eva;2026-01-29 09:07:00;2026-02-12 15:05:00.000000000;2026-02-13 09:04:59.999999999;1,0;;2,0;2026-02-13 09:04:59.999999999;;AHP_APRENDIZAGEM_ESPECIALIZACAO_WORKLOAD;;;;;CONCLUIDA;True;0,9701316731656937;1,0;1,0;0,8087592433714583;0,6586441863669917;0,1851740071976712;0,1263134796010308
Contratos;Contrato de trabalho;;Caim;2026-01-29 09:08:00;2026-02-23 13:00:00.000000000;2026-02-23 15:00:00.000000000;1,0;;2,0;2026-02-23 15:00:00.000000000;;AHP_APRENDIZAGEM_ESPECIALIZACAO_WORKLOAD;;;;;CONCLUIDA;True;0,9229893562010346;1,0;0,8568883064203444;0,6765943538827766;0,6586441863669917;0,15867344142068113;0,10567172841336178
Contratos;Contrato de Cessão de Crédito;;Caim;2026-01-29 09:09:00;2026-02-23 15:00:00.000000000;2026-02-24 15:00:00.000000000;3,0;;8,0;2026-02-24 15:00:00.000000000;;AHP_APRENDIZAGEM_ESPECIALIZACAO_WORKLOAD;;;;;CONCLUIDA;True;0,9222236652759936;1,0;0,8568883064203444;0,6716917922943499;0,6586441863669917;0,15867344142068113;0,10490603748832082
Contratos;Contrato de Desenvolvimento de Software;;Caim;2026-01-29 09:10:00;2026-02-24 15:00:00.000000000;2026-02-25 15:00:00.000000000;3,0;;8,0;2026-02-25 15:00:00.000000000;;AHP_APRENDIZAGEM_ESPECIALIZACAO_WORKLOAD;;;;;CONCLUIDA;True;0,9191609015758297;1,0;0,8568883064203444;0,6520815459406435;0,6586441863669917;0,15867344142068113;0,10184327378815697
Direito digital;Uso de dados para publicidade, remarketing e analytics;;Eva;2026-01-29 09:11:00;2026-02-13 09:04:59.999999999;2026-02-13 11:04:59.999999999;1,0;;2,0;2026-02-13 11:04:59.999999999;;AHP_APRENDIZAGEM_ESPECIALIZACAO_WORKLOAD;;;;;CONCLUIDA;True;0,9693659822406527;1,0;1,0;0,8038566817830317;0,6586441863669917;0,1851740071976712;0,12554778867598984
Governança;Código de Conduta;;Eva;2026-01-29 09:12:00;2026-02-13 11:04:59.999999999;2026-02-13 13:04:59.999999999;1,0;;2,0;2026-02-13 13:04:59.999999999;;AHP_APRENDIZAGEM_ESPECIALIZACAO_WORKLOAD;;;;;CONCLUIDA;True;0,9686002913156118;1,0;1,0;0,7989541201946052;0,6586441863669917;0,1851740071976712;0,12478209775094888
Regulatório;Análise de risco sancionador e reputacional;;Davi;2026-01-29 09:13:00;2026-03-04 13:03:00.000000000;2026-03-04 15:03:00.000000000;1,0;;2,0;2026-03-04 15:03:00.000000000;;AHP_APRENDIZAGEM_ESPECIALIZACAO_WORKLOAD;;;;;CONCLUIDA;True;0,928031433803858;1,0;1,0;0,5392000653678016;0,6586441863669917;0,1851740071976712;0,0842132402391951
Contencioso;Gestão de escritórios externos;;Abraão;2026-01-29 09:14:00;2026-03-05 15:00:00.000000000;2026-03-05 17:00:00.000000000;1,0;;2,0;2026-03-05 17:00:00.000000000;;AHP_APRENDIZAGEM_ESPECIALIZACAO_WORKLOAD;;;;;CONCLUIDA;True;0,9242221214516729;1,0;1,0;0,5148098214646983;0,6586441863669917;0,1851740071976712;0,08040392788700997
Contratos;Contrato de Agência, Franquia ou Parceria Empresarial;;Caim;2026-01-30 09:00:00;2026-02-25 15:00:00.000000000;2026-02-26 15:00:00.000000000;3,0;;8,0;2026-02-26 15:00:00.000000000;;AHP_APRENDIZAGEM_ESPECIALIZACAO_WORKLOAD;;;;;CONCLUIDA;True;0,9175647851521043;1,0;0,8648086797958188;0,632471299586937;0,6586441863669917;0,16014008869711946;0,0987805100879931
Direito digital;Apoio jurídico a squads de produto e tecnologia;;Eva;2026-01-30 09:01:00;2026-02-13 13:04:59.999999999;2026-02-13 15:04:59.999999999;1,0;;2,0;2026-02-13 15:04:59.999999999;;AHP_APRENDIZAGEM_ESPECIALIZACAO_WORKLOAD;;;;;CONCLUIDA;True;0,9678346003905709;1,0;1,0;0,7940515586061786;0,6586441863669917;0,1851740071976712;0,12401640682590792
Contratos;Contrato de Licenciamento de Software;;Caim;2026-01-30 09:02:00;2026-02-26 15:00:00.000000000;2026-03-02 15:00:00.000000000;4,0;;16,0;2026-03-02 15:00:00.000000000;;AHP_APRENDIZAGEM_ESPECIALIZACAO_WORKLOAD;;;;;CONCLUIDA;True;0,9145020214519405;1,0;0,8648086797958188;0,6128610532332306;0,6586441863669917;0,16014008869711946;0,09571774638782925
Regulatório;Interface com escritórios externos especializados;;Davi;2026-01-30 09:03:00;2026-03-04 15:03:00.000000000;2026-03-05 09:03:00.000000000;1,0;;2,0;2026-03-05 09:03:00.000000000;;AHP_APRENDIZAGEM_ESPECIALIZACAO_WORKLOAD;;;;;CONCLUIDA;True;0,9272657428788171;1,0;1,0;0,5342975037793751;0,6586441863669917;0,1851740071976712;0,08344754931415416
Societário;Gestão de passivos;;Davi;2026-01-30 09:04:00;2026-03-05 09:03:00.000000000;2026-03-05 11:03:00.000000000;1,0;;2,0;2026-03-05 11:03:00.000000000;;AHP_APRENDIZAGEM_ESPECIALIZACAO_WORKLOAD;;;;;CONCLUIDA;True;0,8311748664518797;1,0;0,4852129251585826;0,5293949421913088;0,6586441863669917;0,08984882169571846;0,08268185838916947
Contratos;Contrato de Mútuo, Doação ou Comodato;;Caim;2026-01-30 09:05:00;2026-03-02 15:00:00.000000000;2026-03-03 15:00:00.000000000;3,0;;8,0;2026-03-03 15:00:00.000000000;;AHP_APRENDIZAGEM_ESPECIALIZACAO_WORKLOAD;;;;;CONCLUIDA;True;0,9083801544626473;1,0;0,8648086797958188;0,5736639973851937;0,6586441863669917;0,16014008869711946;0,08959587939853605
Governança;Política de Governaça Corporativa;;Eva;2026-01-30 09:06:00;2026-02-13 15:04:59.999999999;2026-02-16 15:05:00.000000000;3,0;;8,0;2026-02-16 15:05:00.000000000;;AHP_APRENDIZAGEM_ESPECIALIZACAO_WORKLOAD;;;;;CONCLUIDA;True;0,9670789810256466;1,0;1,0;0,7892134831467483;0,6586441863669917;0,1851740071976712;0,12326078746098364
Contratos;Contratos Administrativos;;Caim;2026-01-30 09:07:00;2026-03-03 15:00:00.000000000;2026-03-04 15:00:00.000000000;3,0;;8,0;2026-03-04 15:00:00.000000000;;AHP_APRENDIZAGEM_ESPECIALIZACAO_WORKLOAD;;;;;CONCLUIDA;True;0,9053243370511017;1,0;0,8648086797958188;0,5540982266895481;0,6586441863669917;0,16014008869711946;0,08654006198699055
Contratos;MoU;;Caim;2026-01-30 09:08:00;2026-03-04 15:00:00.000000000;2026-03-04 17:00:00.000000000;1,0;;2,0;2026-03-04 17:00:00.000000000;;AHP_APRENDIZAGEM_ESPECIALIZACAO_WORKLOAD;;;;;CONCLUIDA;True;0,9022646089006104;1,0;0,8648086797958188;0,5345074163363707;0,6586441863669917;0,16014008869711946;0,08348033383649918
Trabalhista;Gestão de riscos relacionados a acidentes de trabalho;;Abraão;2026-01-30 09:09:00;2026-03-06 09:00:00.000000000;2026-03-06 11:00:00.000000000;1,0;;2,0;2026-03-06 11:00:00.000000000;;AHP_APRENDIZAGEM_ESPECIALIZACAO_WORKLOAD;;;;;CONCLUIDA;True;0,9234727018238752;1,0;1,0;0,5100114416475973;0,6586441863669917;0,1851740071976712;0,07965450825921226
Governança;Trasnparência e divulgação de informações;;Eva;2026-01-30 09:10:00;2026-02-16 15:05:00.000000000;2026-02-17 09:04:59.999999999;1,0;;2,0;2026-02-17 09:04:59.999999999;;AHP_APRENDIZAGEM_ESPECIALIZACAO_WORKLOAD;;;;;CONCLUIDA;True;0,9640356144309378;1,0;1,0;0,7697274324717693;0,6586441863669917;0,1851740071976712;0,12021742086627489
Societário;Aprovações regulatórias e concorrenciais;;Davi;2026-01-30 09:11:00;2026-03-05 11:03:00.000000000;2026-03-06 11:02:59.999999999;3,0;;8,0;2026-03-06 11:02:59.999999999;;AHP_APRENDIZAGEM_ESPECIALIZACAO_WORKLOAD;;;;;CONCLUIDA;True;0,8304326088399665;1,0;0,4852129251585826;0,5246424192896064;0,6586441863669917;0,08984882169571846;0,08193960077725627
Trabalhista;Análise de regimes de jornada e banco de horas;;Abraão;2026-01-30 09:12:00;2026-03-06 11:00:00.000000000;2026-03-06 13:00:00.000000000;1,0;;2,0;2026-03-06 13:00:00.000000000;;AHP_APRENDIZAGEM_ESPECIALIZACAO_WORKLOAD;;;;;CONCLUIDA;True;0,9227165265307506;1,0;1,0;0,5051698066941844;0,6586441863669917;0,1851740071976712;0,07889833296608778
Contencioso;Contencioso Trabalhista;;Abraão;2026-01-30 09:13:00;2026-03-06 13:00:00.000000000;2026-03-10 13:00:00.000000000;4,0;;16,0;2026-03-10 13:00:00.000000000;;AHP_APRENDIZAGEM_ESPECIALIZACAO_WORKLOAD;;;;;CONCLUIDA;True;0,9219537785154134;1,0;1,0;0,5002860879516103;0,6586441863669917;0,1851740071976712;0,07813558495075044
Regulatório;Apoio jurídico a ofertas públicas (ICVM 160 e correlatas);;Davi;2026-01-30 09:14:00;2026-03-06 11:02:59.999999999;2026-03-06 15:02:59.999999999;2,0;;4,0;2026-03-06 15:02:59.999999999;;AHP_APRENDIZAGEM_ESPECIALIZACAO_WORKLOAD;;;;;CONCLUIDA;True;0,9227038258011651;1,0;1,0;0,5050884865335622;0,6586441863669917;0,1851740071976712;0,07888563223650219
Direito financeiro;Apoio em processos administrativos regulatórios;;Esaú;2026-02-02 09:00:00;2026-02-02 09:00:00.000000000;2026-02-02 17:00:00.000000000;3,0;;8,0;2026-02-02 17:00:00.000000000;;AHP_APRENDIZAGEM_ESPECIALIZACAO_WORKLOAD;;;;;CONCLUIDA;True;1,0;1,0;1,0;1,0;0,6586441863669917;0,1851740071976712;0,1561818064353371
Contratos;Contrato de Cessão de Direitos Autorais;;Caim;2026-02-02 09:01:00;2026-03-05 09:00:00.000000000;2026-03-05 17:00:00.000000000;3,0;;8,0;2026-03-05 17:00:00.000000000;;AHP_APRENDIZAGEM_ESPECIALIZACAO_WORKLOAD;;;;;CONCLUIDA;True;0,9062406373036156;1,0;0,8723368327008267;0,5510394966197235;0,6586441863669917;0,16153410693733658;0,08606234399928725
Trabalhista;Apoio em programas de stock options e incentivos de longo prazo;;Abraão;2026-02-02 09:02:00;2026-03-10 13:00:00.000000000;2026-03-10 15:00:00.000000000;1,0;;2,0;2026-03-10 15:00:00.000000000;;AHP_APRENDIZAGEM_ESPECIALIZACAO_WORKLOAD;;;;;CONCLUIDA;True;0,9187251685400332;1,0;1,0;0,47961396199104317;0,6586441863669917;0,1851740071976712;0,07490697497537023
Societário;Closing da operação;;Jacó;2026-02-02 09:03:00;2026-03-20 13:06:00.000000000;2026-03-20 15:06:00.000000000;1,0;;2,0;2026-03-20 15:06:00.000000000;;AHP_APRENDIZAGEM_ESPECIALIZACAO_WORKLOAD;;;;;CONCLUIDA;True;0,8292323393996552;0,9028990105429944;1,0;0,3161005059303857;0,5946891841706524;0,1851740071976712;0,049369148031331626
Concorrencial;Programa de Compliance Concorrencial;;Abraão;2026-02-02 09:04:00;2026-03-10 15:00:00.000000000;2026-03-11 15:00:00.000000000;3,0;;8,0;2026-03-11 15:00:00.000000000;;AHP_APRENDIZAGEM_ESPECIALIZACAO_WORKLOAD;;;;;CONCLUIDA;True;0,9179283564668962;1,0;1,0;0,47451213808899456;0,6586441863669917;0,1851740071976712;0,0741101629022333
Societário;Organização de livros societários;;Davi;2026-02-02 09:05:00;2026-03-06 15:02:59.999999999;2026-03-09 09:03:00.000000000;1,0;;2,0;2026-03-09 09:03:00.000000000;;AHP_APRENDIZAGEM_ESPECIALIZACAO_WORKLOAD;;;;;CONCLUIDA;True;0,8289577472483212;1,0;0,4852129251585826;0,5151991837085407;0,6586441863669917;0,08984882169571846;0,08046473918561098
Contratos;Contratos de Seguros ou Previdência;;Caim;2026-02-02 09:06:00;2026-03-06 09:00:00.000000000;2026-03-06 17:00:00.000000000;3,0;;8,0;2026-03-06 17:00:00.000000000;;AHP_APRENDIZAGEM_ESPECIALIZACAO_WORKLOAD;;;;;CONCLUIDA;True;0,9030533890110679;1,0;0,8723368327008267;0,5306322010115291;0,6586441863669917;0,16153410693733658;0,08287509570673952
Contratos;Contrato de Representação Comercial;;Caim;2026-02-02 09:07:00;2026-03-09 09:00:00.000000000;2026-03-09 17:00:00.000000000;3,0;;8,0;2026-03-09 17:00:00.000000000;;AHP_APRENDIZAGEM_ESPECIALIZACAO_WORKLOAD;;;;;CONCLUIDA;True;0,8998661407185201;1,0;0,8723368327008267;0,5102249054033348;0,6586441863669917;0,16153410693733658;0,07968784741419181
Contratos;Contrato de Mandato;;Caim;2026-02-02 09:08:00;2026-03-10 09:00:00.000000000;2026-03-10 17:00:00.000000000;3,0;;8,0;2026-03-10 17:00:00.000000000;;AHP_APRENDIZAGEM_ESPECIALIZACAO_WORKLOAD;;;;;CONCLUIDA;True;0,8966788924259724;1,0;0,8723368327008267;0,48981760979514044;0,6586441863669917;0,16153410693733658;0,0765005991216441
Trabalhista;Interpretação e negociação de acordos e convenções coletivas;;Abraão;2026-02-02 09:09:00;2026-03-11 15:00:00.000000000;2026-03-12 15:00:00.000000000;3,0;;8,0;2026-03-12 15:00:00.000000000;;AHP_APRENDIZAGEM_ESPECIALIZACAO_WORKLOAD;;;;;CONCLUIDA;True;0,9147411081743485;1,0;1,0;0,45410484248080024;0,6586441863669917;0,1851740071976712;0,07092291460968558
Contencioso;Elaboração de contestação;;Abraão;2026-02-02 09:10:00;2026-03-12 15:00:00.000000000;2026-03-12 17:00:00.000000000;1,0;;2,0;2026-03-12 17:00:00.000000000;;AHP_APRENDIZAGEM_ESPECIALIZACAO_WORKLOAD;;;;;CONCLUIDA;True;0,9115538598818008;1,0;1,0;0,43369754687260587;0,6586441863669917;0,1851740071976712;0,06773566631713787
Contratos;Contrato de Licença de Uso de Marca;;Caim;2026-02-02 09:11:00;2026-03-11 09:00:00.000000000;2026-03-11 17:00:00.000000000;3,0;;8,0;2026-03-11 17:00:00.000000000;;AHP_APRENDIZAGEM_ESPECIALIZACAO_WORKLOAD;;;;;CONCLUIDA;True;0,8934916441334247;1,0;0,8723368327008267;0,46941031418694595;0,6586441863669917;0,16153410693733658;0,07331335082909637
Propriedade intelectual;Estratégia de Ativos Intangíveis;;Abraão;2026-02-02 09:12:00;2026-03-13 09:00:00.000000000;2026-03-13 11:00:00.000000000;1,0;;2,0;2026-03-13 11:00:00.000000000;;AHP_APRENDIZAGEM_ESPECIALIZACAO_WORKLOAD;;;;;CONCLUIDA;True;0,9107570478086638;1,0;1,0;0,4285957229705572;0,6586441863669917;0,1851740071976712;0,06693885424400094
Societário;Atualização de Contrato Social / Estatuto;;Jacó;2026-02-02 09:13:00;2026-03-20 15:06:00.000000000;2026-03-23 15:06:00.000000000;3,0;;8,0;2026-03-23 15:06:00.000000000;;AHP_APRENDIZAGEM_ESPECIALIZACAO_WORKLOAD;;;;;CONCLUIDA;True;0,8284355273265183;0,9028990105429944;1,0;0,31099868202833714;0,5946891841706524;0,1851740071976712;0,048572335958194705
Societário;Gestão jurídica do encerramento de operações;;Davi;2026-02-02 09:14:00;2026-03-09 09:03:00.000000000;2026-03-09 11:03:00.000000000;1,0;;2,0;2026-03-09 11:03:00.000000000;;AHP_APRENDIZAGEM_ESPECIALIZACAO_WORKLOAD;;;;;CONCLUIDA;True;0,8281609351751843;1,0;0,4852129251585826;0,5100973598064921;0,6586441863669917;0,08984882169571846;0,07966792711247404
Societário;Análise jurídica preliminar e de estrutura da operação;;Davi;2026-02-03 09:00:00;2026-03-09 11:03:00.000000000;2026-03-12 11:03:00.000000000;5,0;;24,0;2026-03-12 11:03:00.000000000;;AHP_APRENDIZAGEM_ESPECIALIZACAO_WORKLOAD;;;;;CONCLUIDA;True;0,813502189776548;1,0;0,41035396662936596;0,5049955359044436;0,6586441863669917;0,07598688837021914;0,07887111503933714
Contratos;NDA;;Caim;2026-02-03 09:01:00;2026-03-12 09:00:00.000000000;2026-03-12 11:00:00.000000000;1,0;;2,0;2026-03-12 11:00:00.000000000;;AHP_APRENDIZAGEM_ESPECIALIZACAO_WORKLOAD;;;;;CONCLUIDA;True;0,8995194743666067;1,0;0,9220851592244159;0,4490221088431469;0,6586441863669917;0,17074620391108777;0,07012908408852724
Contratos;Contrato de Locação;;Caim;2026-02-03 09:02:00;2026-03-12 11:00:00.000000000;2026-03-13 11:00:00.000000000;3,0;;8,0;2026-03-13 11:00:00.000000000;;AHP_APRENDIZAGEM_ESPECIALIZACAO_WORKLOAD;;;;;CONCLUIDA;True;0,898725576339983;1,0;0,9220851592244159;0,4439389429818756;0,6586441863669917;0,17074620391108777;0,06933518606190345
Direito digital;Negociação de cláusulas de segurança da informação;;Eva;2026-02-03 09:03:00;2026-02-17 09:04:59.999999999;2026-02-18 09:04:59.999999999;3,0;;8,0;2026-02-18 09:04:59.999999999;;AHP_APRENDIZAGEM_ESPECIALIZACAO_WORKLOAD;;;;;CONCLUIDA;True;0,9681101694659233;1,0;1,0;0,7958159707463757;0,6586441863669917;0,1851740071976712;0,12429197590126034
Societário;Estruturação societária internacional;;Davi;2026-02-03 09:04:00;2026-03-12 11:03:00.000000000;2026-03-17 11:03:00.000000000;5,0;;24,0;2026-03-17 11:03:00.000000000;;AHP_APRENDIZAGEM_ESPECIALIZACAO_WORKLOAD;;;;;CONCLUIDA;True;0,8039522337103198;1,0;0,41035396662936596;0,44384913041590035;0,6586441863669917;0,07598688837021914;0,06932115897310884
Contratos;Contrato de Manutenção de Sistemas;;Caim;2026-02-03 09:05:00;2026-03-13 11:00:00.000000000;2026-03-16 11:00:00.000000000;3,0;;8,0;2026-03-16 11:00:00.000000000;;AHP_APRENDIZAGEM_ESPECIALIZACAO_WORKLOAD;;;;;CONCLUIDA;True;0,8955464956489287;1,0;0,9220851592244159;0,4235839428470145;0,6586441863669917;0,17074620391108777;0,06615610537084932
Societário;Consolidação das versões finais dos documentos;;Davi;2026-02-03 09:06:00;2026-03-17 11:03:00.000000000;2026-03-17 13:03:00.000000000;1,0;;2,0;2026-03-17 13:03:00.000000000;;AHP_APRENDIZAGEM_ESPECIALIZACAO_WORKLOAD;;;;;CONCLUIDA;True;0,79439394500315;1,0;0,41035396662936596;0,3826493727403662;0,6586441863669917;0,07598688837021914;0,05976287026593903
Contratos;Contrato de Agência, Franquia ou Parceria Empresarial;;Caim;2026-02-03 09:07:00;2026-03-16 11:00:00.000000000;2026-03-17 11:00:00.000000000;3,0;;8,0;2026-03-17 11:00:00.000000000;;AHP_APRENDIZAGEM_ESPECIALIZACAO_WORKLOAD;;;;;CONCLUIDA;True;0,8923639254831436;1,0;0,9220851592244159;0,40320660032278877;0,6586441863669917;0,17074620391108777;0,06297353520506413
Governança;Política de Governaça Corporativa;;Eva;2026-02-03 09:08:00;2026-02-18 09:04:59.999999999;2026-02-19 09:04:59.999999999;3,0;;8,0;2026-02-19 09:04:59.999999999;;AHP_APRENDIZAGEM_ESPECIALIZACAO_WORKLOAD;;;;;CONCLUIDA;True;0,9649482672327115;1,0;1,0;0,7755709607456696;0,6586441863669917;0,1851740071976712;0,1211300736680486
Regulatório;Avaliação de conflitos de interesses e deveres fiduciários;;Davi;2026-02-03 09:09:00;2026-03-17 13:03:00.000000000;2026-03-17 15:03:00.000000000;1,0;;2,0;2026-03-17 15:03:00.000000000;;AHP_APRENDIZAGEM_ESPECIALIZACAO_WORKLOAD;;;;;CONCLUIDA;True;0,9027915721599038;1,0;1,0;0,3775944198702631;0,6586441863669917;0,1851740071976712;0,058973378595240836
Contratos;Contrato de Hosting;;Caim;2026-02-03 09:10:00;2026-03-17 11:00:00.000000000;2026-03-18 11:00:00.000000000;3,0;;8,0;2026-03-18 11:00:00.000000000;;AHP_APRENDIZAGEM_ESPECIALIZACAO_WORKLOAD;;;;;CONCLUIDA;True;0,8891833569627319;1,0;0,9220851592244159;0,3828420739224071;0,6586441863669917;0,17074620391108777;0,05979296668465241
Governança;Planejamento de Agenda do Conselho de Administração;;Eva;2026-02-03 09:11:00;2026-02-19 09:04:59.999999999;2026-02-19 11:04:59.999999999;1,0;;2,0;2026-02-19 11:04:59.999999999;;AHP_APRENDIZAGEM_ESPECIALIZACAO_WORKLOAD;;;;;CONCLUIDA;True;0,9617749845075728;1,0;1,0;0,7552530837946655;0,6586441863669917;0,1851740071976712;0,11795679094290988
Governança;Suporte jurídico às decisões do Conselho de Administração;;Eva;2026-02-03 09:12:00;2026-02-19 11:04:59.999999999;2026-02-19 13:04:59.999999999;1,0;;2,0;2026-02-19 13:04:59.999999999;;AHP_APRENDIZAGEM_ESPECIALIZACAO_WORKLOAD;;;;;CONCLUIDA;True;0,9609827832237534;1,0;1,0;0,7501807818287677;0,6586441863669917;0,1851740071976712;0,11716458965909045
Governança;Planejamento de Agenda do Conselho de Administração;;Eva;2026-02-03 09:13:00;2026-02-19 13:04:59.999999999;2026-02-19 15:04:59.999999999;1,0;;2,0;2026-02-19 15:04:59.999999999;;AHP_APRENDIZAGEM_ESPECIALIZACAO_WORKLOAD;;;;;CONCLUIDA;True;0,9601905145414923;1,0;1,0;0,7451080483245031;0,6586441863669917;0,1851740071976712;0,11637232097682934
Contratos;Contratos Financeiros ou Bancários;;Caim;2026-02-03 09:14:00;2026-03-18 11:00:00.000000000;2026-03-19 11:00:00.000000000;3,0;;8,0;2026-03-19 11:00:00.000000000;;AHP_APRENDIZAGEM_ESPECIALIZACAO_WORKLOAD;;;;;CONCLUIDA;True;0,8860043849449382;1,0;0,9220851592244159;0,36248776960009255;0,6586441863669917;0,17074620391108777;0,05661399466685873
Contratos;Contrato de Licenciamento de Software;;Caim;2026-02-04 09:00:00;2026-03-19 11:00:00.000000000;2026-03-23 11:00:00.000000000;4,0;;16,0;2026-03-23 11:00:00.000000000;;AHP_APRENDIZAGEM_ESPECIALIZACAO_WORKLOAD;;;;;CONCLUIDA;True;0,8930367322365216;1,0;0,9714494635660395;0,3489865891232651;0,6586441863669917;0,1798871899585516;0,054505355910978305
Regulatório;Avaliação de impactos de normas prudenciais em operações;;Davi;2026-02-04 09:01:00;2026-03-17 15:03:00.000000000;2026-03-18 09:03:00.000000000;1,0;;2,0;2026-03-18 09:03:00.000000000;;AHP_APRENDIZAGEM_ESPECIALIZACAO_WORKLOAD;;;;;CONCLUIDA;True;0,9031862604378864;1,0;1,0;0,3801215277773293;0,6586441863669917;0,1851740071976712;0,05936806687322346
Regulatório;Registro de companhias abertas, emissores e participantes de mercado na CVM;;Davi;2026-02-04 09:02:00;2026-03-18 09:03:00.000000000;2026-03-18 11:03:00.000000000;1,0;;2,0;2026-03-18 11:03:00.000000000;;AHP_APRENDIZAGEM_ESPECIALIZACAO_WORKLOAD;;;;;CONCLUIDA;True;0,9023753550728366;1,0;1,0;0,3749294674243493;0,6586441863669917;0,1851740071976712;0,05855716150817375
Trabalhista;Avaliação de riscos trabalhistas em práticas internas;;Abraão;2026-02-04 09:03:00;2026-03-13 11:00:00.000000000;2026-03-13 13:00:00.000000000;1,0;;2,0;2026-03-13 13:00:00.000000000;;AHP_APRENDIZAGEM_ESPECIALIZACAO_WORKLOAD;;;;;CONCLUIDA;True;0,9113469275650499;1,0;1,0;0,43237260178793907;0,6586441863669917;0,1851740071976712;0,06752873400038699
Societário;Aumento e redução de capital;;Davi;2026-02-04 09:04:00;2026-03-18 11:03:00.000000000;2026-03-18 13:03:00.000000000;1,0;;2,0;2026-03-18 13:03:00.000000000;;AHP_APRENDIZAGEM_ESPECIALIZACAO_WORKLOAD;;;;;CONCLUIDA;True;0,7901738951289402;1,0;0,39844153864429066;0,36975300603331573;0,6586441863669917;0,07378101634476907;0,05774869241717935
Regulatório;Gestão de prazos regulatórios críticos;;Davi;2026-02-04 09:05:00;2026-03-18 13:03:00.000000000;2026-03-19 13:03:00.000000000;3,0;;8,0;2026-03-19 13:03:00.000000000;;AHP_APRENDIZAGEM_ESPECIALIZACAO_WORKLOAD;;;;;CONCLUIDA;True;0,9007558047142682;1,0;1,0;0,36455981941263277;0,6586441863669917;0,1851740071976712;0,056937611149605265
Governança;Monitoramento de aderência a políticas;;Eva;2026-02-04 09:06:00;2026-02-19 15:04:59.999999999;2026-02-20 15:05:00.000000000;3,0;;8,0;2026-02-20 15:05:00.000000000;;AHP_APRENDIZAGEM_ESPECIALIZACAO_WORKLOAD;;;;;CONCLUIDA;True;0,9617664768184545;1,0;1,0;0,7551986108101839;0,6586441863669917;0,1851740071976712;0,11794828325379163
Contratos;Contrato de prestação de serviços;;Caim;2026-02-04 09:07:00;2026-03-23 11:00:00.000000000;2026-03-24 11:00:00.000000000;3,0;;8,0;2026-03-24 11:00:00.000000000;;AHP_APRENDIZAGEM_ESPECIALIZACAO_WORKLOAD;;;;;CONCLUIDA;True;0,8865440259464002;1,0;0,9714494635660395;0,3074151254662003;0,6586441863669917;0,1798871899585516;0,04801264962085697
Direito digital;Mapeamento de dados pessoais (data mapping / data inventory);;Eva;2026-02-04 09:08:00;2026-02-20 15:05:00.000000000;2026-02-23 11:04:59.999999999;2,0;;4,0;2026-02-23 11:04:59.999999999;;AHP_APRENDIZAGEM_ESPECIALIZACAO_WORKLOAD;;;;;CONCLUIDA;True;0,9585219419978707;1,0;1,0;0,73442452133948;0,6586441863669917;0,1851740071976712;0,11470374843320777
Regulatório;Elaboração de pareceres e notas técnicas internas;;Davi;2026-02-04 09:09:00;2026-03-19 13:03:00.000000000;2026-03-20 13:03:00.000000000;3,0;;8,0;2026-03-20 13:03:00.000000000;;AHP_APRENDIZAGEM_ESPECIALIZACAO_WORKLOAD;;;;;CONCLUIDA;True;0,89751077533582;1,0;1,0;0,3437825633895911;0,6586441863669917;0,1851740071976712;0,05369258177115713
Regulatório;Análise regulatória de modelos inovadores (open finance, cripto, tokenização);;Davi;2026-02-04 09:10:00;2026-03-20 13:03:00.000000000;2026-03-23 13:03:00.000000000;3,0;;8,0;2026-03-23 13:03:00.000000000;;AHP_APRENDIZAGEM_ESPECIALIZACAO_WORKLOAD;;;;;CONCLUIDA;True;0,894258047512137;1,0;1,0;0,32295601580429495;0,6586441863669917;0,1851740071976712;0,050439853947474064
Contencioso;Mapeamento e classificação do contencioso da companhia;;Abraão;2026-02-04 09:11:00;2026-03-13 13:00:00.000000000;2026-03-17 13:00:00.000000000;4,0;;16,0;2026-03-17 13:00:00.000000000;;AHP_APRENDIZAGEM_ESPECIALIZACAO_WORKLOAD;;;;;CONCLUIDA;True;0,910556585103033;1,0;1,0;0,4273122014759207;0,6586441863669917;0,1851740071976712;0,06673839153837002
Contencioso;Suporte técnico às áreas internas envolvidas;;Abraão;2026-02-04 09:12:00;2026-03-17 13:00:00.000000000;2026-03-17 15:00:00.000000000;1,0;;2,0;2026-03-17 15:00:00.000000000;;AHP_APRENDIZAGEM_ESPECIALIZACAO_WORKLOAD;;;;;CONCLUIDA;True;0,904048799450747;1,0;1,0;0,38564418776281034;0,6586441863669917;0,1851740071976712;0,060230605886084046
Societário;Atos perante Junta Comercial;;Davi;2026-02-04 09:13:00;2026-03-23 13:03:00.000000000;2026-03-23 15:03:00.000000000;1,0;;2,0;2026-03-23 15:03:00.000000000;;AHP_APRENDIZAGEM_ESPECIALIZACAO_WORKLOAD;;;;;CONCLUIDA;True;0,7796161445727674;1,0;0,39844153864429066;0,3021538995999812;0,6586441863669917;0,07378101634476907;0,047190941861006544
Contratos;Contrato de Manutenção de Sistemas;;Caim;2026-02-04 09:14:00;2026-03-24 11:00:00.000000000;2026-03-25 11:00:00.000000000;3,0;;8,0;2026-03-25 11:00:00.000000000;;AHP_APRENDIZAGEM_ESPECIALIZACAO_WORKLOAD;;;;;CONCLUIDA;True;0,8833029967831715;1,0;0,9714494635660395;0,28666348199887576;0,6586441863669917;0,1798871899585516;0,044771620457628156
Regulatório;Análise de impactos regulatórios em operações, produtos e modelos de negócio;;Davi;2026-02-05 09:00:00;2026-03-23 15:03:00.000000000;2026-03-24 15:03:00.000000000;3,0;;8,0;2026-03-24 15:03:00.000000000;;AHP_APRENDIZAGEM_ESPECIALIZACAO_WORKLOAD;;;;;CONCLUIDA;True;0,8911552438906607;1,0;1,0;0,3030894020655112;0,6586441863669917;0,1851740071976712;0,047337050325997734
Direito financeiro;Apoio jurídico a emissões de valores mobiliários;;Esaú;2026-02-05 09:01:00;2026-02-05 09:01:00.000000000;2026-02-05 11:01:00.000000000;1,0;;2,0;2026-02-05 11:01:00.000000000;;AHP_APRENDIZAGEM_ESPECIALIZACAO_WORKLOAD;;;;;CONCLUIDA;True;1,0;1,0;1,0;1,0;0,6586441863669917;0,1851740071976712;0,1561818064353371
Direito digital;Relacionamento ANPD;;Eva;2026-02-05 09:02:00;2026-02-23 11:04:59.999999999;2026-02-23 13:04:59.999999999;1,0;;2,0;2026-02-23 13:04:59.999999999;;AHP_APRENDIZAGEM_ESPECIALIZACAO_WORKLOAD;;;;;CONCLUIDA;True;0,9598827124646487;1,0;1,0;0,7431372549019608;0,6586441863669917;0,1851740071976712;0,11606451889998581
Regulatório;Avaliação de conflitos de interesses e deveres fiduciários;;Davi;2026-02-05 09:03:00;2026-03-24 15:03:00.000000000;2026-03-25 09:03:00.000000000;1,0;;2,0;2026-03-25 09:03:00.000000000;;AHP_APRENDIZAGEM_ESPECIALIZACAO_WORKLOAD;;;;;CONCLUIDA;True;0,8880697053880084;1,0;1,0;0,2833333333333334;0,6586441863669917;0,1851740071976712;0,044251511823345524
Regulatório;Análise de risco sancionador e reputacional;;Davi;2026-02-05 09:04:00;2026-03-25 09:03:00.000000000;2026-03-25 11:03:00.000000000;1,0;;2,0;2026-03-25 11:03:00.000000000;;AHP_APRENDIZAGEM_ESPECIALIZACAO_WORKLOAD;;;;;CONCLUIDA;True;0,887234508562151;1,0;1,0;0,27798573975044555;0,6586441863669917;0,1851740071976712;0,04341631499748808
Governança;Código de Conduta;;Eva;2026-02-05 09:05:00;2026-02-23 13:04:59.999999999;2026-02-23 15:04:59.999999999;1,0;;2,0;2026-02-23 15:04:59.999999999;;AHP_APRENDIZAGEM_ESPECIALIZACAO_WORKLOAD;;;;;CONCLUIDA;True;0,9590475156387913;1,0;1,0;0,7377896613190731;0,6586441863669917;0,1851740071976712;0,11522932207412839
Regulatório;Resposta a ofícios, exigências e questionamentos da CVM e do BCB;;Davi;2026-02-05 09:06:00;2026-03-25 11:03:00.000000000;2026-03-25 13:03:00.000000000;1,0;;2,0;2026-03-25 13:03:00.000000000;;AHP_APRENDIZAGEM_ESPECIALIZACAO_WORKLOAD;;;;;CONCLUIDA;True;0,8863993117362936;1,0;1,0;0,2726381461675579;0,6586441863669917;0,1851740071976712;0,04258111817163067
Direito financeiro;Interface com reguladores e autorreguladores;;Esaú;2026-02-05 09:07:00;2026-02-05 11:01:00.000000000;2026-02-06 11:01:00.000000000;3,0;;8,0;2026-02-06 11:01:00.000000000;;AHP_APRENDIZAGEM_ESPECIALIZACAO_WORKLOAD;;;;;CONCLUIDA;True;1,0;1,0;1,0;1,0;0,6586441863669917;0,1851740071976712;0,1561818064353371
Contratos;Contrato de Escrow de Código-Fonte;;Caim;2026-02-05 09:08:00;2026-03-25 11:00:00.000000000;2026-03-26 11:00:00.000000000;3,0;;8,0;2026-03-26 11:00:00.000000000;;AHP_APRENDIZAGEM_ESPECIALIZACAO_WORKLOAD;;;;;CONCLUIDA;True;0,8554528332725306;1,0;0,8277374341989059;0,2787340619307832;0,6586441863669917;0,15327545759813008;0,04353318930740885
Concorrencial;Gestão de canal de dúvidas;;Abraão;2026-02-05 09:09:00;2026-03-17 15:00:00.000000000;2026-03-17 17:00:00.000000000;1,0;;2,0;2026-03-17 17:00:00.000000000;;AHP_APRENDIZAGEM_ESPECIALIZACAO_WORKLOAD;;;;;CONCLUIDA;True;0,9061273377440795;1,0;1,0;0,39895264116575596;0,6586441863669917;0,1851740071976712;0,062309144179416596
Direito digital;Revisão jurídica de contratos com provedores de tecnologia e SaaS;;Eva;2026-02-05 09:10:00;2026-02-23 15:04:59.999999999;2026-02-24 15:05:00.000000000;3,0;;8,0;2026-02-24 15:05:00.000000000;;AHP_APRENDIZAGEM_ESPECIALIZACAO_WORKLOAD;;;;;CONCLUIDA;True;0,9607127368511474;1,0;1,0;0,7484517304189438;0,6586441863669917;0,1851740071976712;0,11689454328648458
Regulatório;Enquadramento jurídico-regulatório de tokens, valores mobiliários e instrumentos financeiros;;Davi;2026-02-05 09:11:00;2026-03-25 13:03:00.000000000;2026-03-26 13:03:00.000000000;3,0;;8,0;2026-03-26 13:03:00.000000000;;AHP_APRENDIZAGEM_ESPECIALIZACAO_WORKLOAD;;;;;CONCLUIDA;True;0,886476594065535;1,0;1,0;0,27313296903460843;0,6586441863669917;0,1851740071976712;0,042658400500872135
Contratos;Contratos Financeiros ou Bancários;;Caim;2026-02-05 09:12:00;2026-03-26 11:00:00.000000000;2026-03-27 11:00:00.000000000;3,0;;8,0;2026-03-27 11:00:00.000000000;;AHP_APRENDIZAGEM_ESPECIALIZACAO_WORKLOAD;;;;;CONCLUIDA;True;0,8520390232958021;1,0;0,8277374341989059;0,2568761384335154;0,6586441863669917;0,15327545759813008;0,04011937933068017
Direito digital;Avaliação de fornecedores sob a ótica de privacidade (vendor assessment);;Eva;2026-02-05 09:13:00;2026-02-24 15:05:00.000000000;2026-02-25 09:04:59.999999999;1,0;;2,0;2026-02-25 09:04:59.999999999;;AHP_APRENDIZAGEM_ESPECIALIZACAO_WORKLOAD;;;;;CONCLUIDA;True;0,9572989268744188;1,0;1,0;0,7265938069216757;0,6586441863669917;0,1851740071976712;0,11348073330975586
Regulatório;Estruturação de políticas exigidas por CVM e BCB;;Davi;2026-02-05 09:14:00;2026-03-26 13:03:00.000000000;2026-03-31 13:03:00.000000000;5,0;;24,0;2026-03-31 13:03:00.000000000;;AHP_APRENDIZAGEM_ESPECIALIZACAO_WORKLOAD;;;;;CONCLUIDA;True;0,8830627840888063;1,0;1,0;0,2512750455373406;0,6586441863669917;0,1851740071976712;0,03924459052414345
Governança;Política de PLDFTP e Fraudes;;Eva;2026-02-06 09:00:00;2026-02-25 09:04:59.999999999;2026-02-26 09:04:59.999999999;3,0;;8,0;2026-02-26 09:04:59.999999999;;AHP_APRENDIZAGEM_ESPECIALIZACAO_WORKLOAD;;;;;CONCLUIDA;True;0,9564454743802366;1,0;1,0;0,7211293260473588;0,6586441863669917;0,1851740071976712;0,11262728081557369
Trabalhista;Gestão de escritórios externos;;Abraão;2026-02-06 09:01:00;2026-03-18 09:00:00.000000000;2026-03-18 11:00:00.000000000;1,0;;2,0;2026-03-18 11:00:00.000000000;;AHP_APRENDIZAGEM_ESPECIALIZACAO_WORKLOAD;;;;;CONCLUIDA;True;0,9052738852498974;1,0;1,0;0,39348816029143896;0,6586441863669917;0,1851740071976712;0,06145569168523442
Governança;Estruturação de framework de riscos;;Eva;2026-02-06 09:02:00;2026-02-26 09:04:59.999999999;2026-03-03 09:04:59.999999999;5,0;;24,0;2026-03-03 09:04:59.999999999;;AHP_APRENDIZAGEM_ESPECIALIZACAO_WORKLOAD;;;;;CONCLUIDA;True;0,953031664403508;1,0;1,0;0,6992714025500911;0,6586441863669917;0,1851740071976712;0,10921347083884503
Contencioso;Contencioso Civil;;Abraão;2026-02-06 09:03:00;2026-03-18 11:00:00.000000000;2026-03-20 11:00:00.000000000;4,0;;16,0;2026-03-20 11:00:00.000000000;;AHP_APRENDIZAGEM_ESPECIALIZACAO_WORKLOAD;;;;;CONCLUIDA;True;0,9044204327557152;1,0;1,0;0,38802367941712207;0,6586441863669917;0,1851740071976712;0,06060223919105226
Regulatório;Preparação de informações e documentos para fiscalização;;Davi;2026-02-06 09:04:00;2026-03-31 13:03:00.000000000;2026-04-02 13:03:00.000000000;4,0;;16,0;2026-04-02 13:03:00.000000000;;AHP_APRENDIZAGEM_ESPECIALIZACAO_WORKLOAD;;;;;CONCLUIDA;True;0,8728213541586203;1,0;1,0;0,18570127504553727;0,6586441863669917;0,1851740071976712;0,029003160593957397
Contratos;Contrato de Manutenção de Sistemas;;Caim;2026-02-06 09:05:00;2026-03-27 11:00:00.000000000;2026-03-30 11:00:00.000000000;3,0;;8,0;2026-03-30 11:00:00.000000000;;AHP_APRENDIZAGEM_ESPECIALIZACAO_WORKLOAD;;;;;CONCLUIDA;True;0,8504343666318611;1,0;0,8375074518172887;0,23501821493624783;0,6586441863669917;0,15508461091091788;0,036705569353951514
Contratos;Contrato de Hosting;;Caim;2026-02-06 09:06:00;2026-03-30 11:00:00.000000000;2026-03-31 11:00:00.000000000;3,0;;8,0;2026-03-31 11:00:00.000000000;;AHP_APRENDIZAGEM_ESPECIALIZACAO_WORKLOAD;;;;;CONCLUIDA;True;0,8470205566551324;1,0;0,8375074518172887;0,21316029143897997;0,6586441863669917;0,15508461091091788;0,03329175937722281
Regulatório;Estruturação de políticas exigidas por CVM e BCB;;Davi;2026-02-06 09:07:00;2026-04-02 13:03:00.000000000;2026-04-07 13:03:00.000000000;5,0;;24,0;2026-04-07 13:03:00.000000000;;AHP_APRENDIZAGEM_ESPECIALIZACAO_WORKLOAD;;;;;EM_EXECUCAO;True;0,865993734205163;1,0;1,0;0,14198542805100176;0,6586441863669917;0,1851740071976712;0,02217554064050004
Contratos;NDA;;Caim;2026-02-06 09:08:00;2026-03-31 11:00:00.000000000;2026-03-31 13:00:00.000000000;1,0;;2,0;2026-03-31 13:00:00.000000000;;AHP_APRENDIZAGEM_ESPECIALIZACAO_WORKLOAD;;;;;CONCLUIDA;True;0,8436067466784037;1,0;0,8375074518172887;0,19130236794171215;0,6586441863669917;0,15508461091091788;0,029877949400494125
Contratos;Contrato de Representação Comercial;;Caim;2026-02-06 09:09:00;2026-03-31 13:00:00.000000000;2026-04-01 13:00:00.000000000;3,0;;8,0;2026-04-01 13:00:00.000000000;;AHP_APRENDIZAGEM_ESPECIALIZACAO_WORKLOAD;;;;;CONCLUIDA;True;0,8427532941842215;1,0;0,8375074518172887;0,18583788706739524;0,6586441863669917;0,15508461091091788;0,02902449690631196
Concorrencial;Monitoramento regulatório e jurisprudencial;;Abraão;2026-02-06 09:10:00;2026-03-20 11:00:00.000000000;2026-03-23 11:00:00.000000000;3,0;;8,0;2026-03-23 11:00:00.000000000;;AHP_APRENDIZAGEM_ESPECIALIZACAO_WORKLOAD;;;;;CONCLUIDA;True;0,8975928128022578;1,0;1,0;0,3443078324225866;0,6586441863669917;0,1851740071976712;0,053774619237594905
Societário;Regularização societária;;Davi;2026-02-06 09:11:00;2026-04-07 13:03:00.000000000;2026-04-08 13:03:00.000000000;3,0;;8,0;2026-04-08 13:03:00.000000000;;AHP_APRENDIZAGEM_ESPECIALIZACAO_WORKLOAD;;;;;PENDENTE;True;0,7443593134220748;1,0;0,39844153864429066;0,07641165755919861;0,6586441863669917;0,07378101634476907;0,01193411071031402
Contratos;Contrato de Mútuo, Doação ou Comodato;;Caim;2026-02-06 09:12:00;2026-04-01 13:00:00.000000000;2026-04-02 13:00:00.000000000;3,0;;8,0;2026-04-02 13:00:00.000000000;;AHP_APRENDIZAGEM_ESPECIALIZACAO_WORKLOAD;;;;;CONCLUIDA;True;0,8393394842074928;1,0;0,8375074518172887;0,16397996357012745;0,6586441863669917;0,15508461091091788;0,025610686929583276
Concorrencial;Gestão de canal de dúvidas;;Abraão;2026-02-06 09:13:00;2026-03-23 11:00:00.000000000;2026-03-23 13:00:00.000000000;1,0;;2,0;2026-03-23 13:00:00.000000000;;AHP_APRENDIZAGEM_ESPECIALIZACAO_WORKLOAD;;;;;CONCLUIDA;True;0,8941790028255291;1,0;1,0;0,3224499089253188;0,6586441863669917;0,1851740071976712;0,05036080926086622
Contratos;MoU;;Caim;2026-02-06 09:14:00;2026-04-02 13:00:00.000000000;2026-04-02 15:00:00.000000000;1,0;;2,0;2026-04-02 15:00:00.000000000;;AHP_APRENDIZAGEM_ESPECIALIZACAO_WORKLOAD;;;;;CONCLUIDA;True;0,8359256742307641;1,0;0,8375074518172887;0,14212204007285972;0,6586441863669917;0,15508461091091788;0,0221968769528546
Contratos;Contratos Administrativos;;Caim;2026-02-09 09:00:00;2026-04-02 15:00:00.000000000;2026-04-03 15:00:00.000000000;3,0;;8,0;2026-04-03 15:00:00.000000000;;AHP_APRENDIZAGEM_ESPECIALIZACAO_WORKLOAD;;;;;EM_EXECUCAO;True;0,8371626311932635;1,0;0,8468807450005943;0,13892875329845836;0,6586441863669917;0,15682030117030918;0,021698143655962523
Contratos;NDA;;Caim;2026-02-09 09:01:00;2026-04-03 15:00:00.000000000;2026-04-03 17:00:00.000000000;1,0;;2,0;2026-04-03 17:00:00.000000000;;AHP_APRENDIZAGEM_ESPECIALIZACAO_WORKLOAD;;;;;PENDENTE;True;0,8336929289272771;1,0;0,8468807450005943;0,11671296296296292;0,6586441863669917;0,15682030117030918;0,018228441389976143
Contratos;NDA;;Caim;2026-02-09 09:02:00;2026-04-06 09:00:00.000000000;2026-04-06 11:00:00.000000000;1,0;;2,0;2026-04-06 11:00:00.000000000;;AHP_APRENDIZAGEM_ESPECIALIZACAO_WORKLOAD;;;;;PENDENTE;True;0,8328260560011763;1,0;0,8468807450005943;0,11116255382193616;0,6586441863669917;0,15682030117030918;0,017361568463875376
Concorrencial;Gestão de canal de dúvidas;;Abraão;2026-02-09 09:03:00;2026-03-23 13:00:00.000000000;2026-03-23 15:00:00.000000000;1,0;;2,0;2026-03-23 15:00:00.000000000;;AHP_APRENDIZAGEM_ESPECIALIZACAO_WORKLOAD;;;;;CONCLUIDA;True;0,8941553337904422;1,0;1,0;0,32229836095934816;0,6586441863669917;0,1851740071976712;0,05033714022577932
Contratos;Contrato de Mandato;;Caim;2026-02-09 09:04:00;2026-04-06 11:00:00.000000000;2026-04-07 11:00:00.000000000;3,0;;8,0;2026-04-07 11:00:00.000000000;;AHP_APRENDIZAGEM_ESPECIALIZACAO_WORKLOAD;;;;;PENDENTE;True;0,8319598665473025;1,0;0,8468807450005943;0,10561652081307585;0,6586441863669917;0,15682030117030918;0,016495379010001567
Contratos;Contrato de SaaS;;Caim;2026-02-09 09:05:00;2026-04-07 11:00:00.000000000;2026-04-08 11:00:00.000000000;3,0;;8,0;2026-04-08 11:00:00.000000000;;AHP_APRENDIZAGEM_ESPECIALIZACAO_WORKLOAD;;;;;PENDENTE;True;0,8284892807115019;1,0;0,8468807450005943;0,08339507316169673;0,6586441863669917;0,15682030117030918;0,013024793174200895
Direito financeiro;Estruturação jurídica de debêntures, CRI, CRA, notas comerciais;;Esaú;2026-02-09 09:06:00;2026-02-09 09:06:00.000000000;2026-02-12 09:06:00.000000000;5,0;;24,0;2026-02-12 09:06:00.000000000;;AHP_APRENDIZAGEM_ESPECIALIZACAO_WORKLOAD;;;;;CONCLUIDA;True;1,0;1,0;1,0;1,0;0,6586441863669917;0,1851740071976712;0,1561818064353371
Concorrencial;Avaliação de riscos concorrenciais;;Abraão;2026-02-09 09:07:00;2026-03-23 15:00:00.000000000;2026-03-23 17:00:00.000000000;1,0;;2,0;2026-03-23 17:00:00.000000000;;AHP_APRENDIZAGEM_ESPECIALIZACAO_WORKLOAD;;;;;CONCLUIDA;True;0,8968293440396885;1,0;1,0;0,3394194988836517;0,6586441863669917;0,1851740071976712;0,05301115047502561
Governança;Trasnparência e divulgação de informações;;Eva;2026-02-09 09:08:00;2026-03-03 09:04:59.999999999;2026-03-03 11:04:59.999999999;1,0;;2,0;2026-03-03 11:04:59.999999999;;AHP_APRENDIZAGEM_ESPECIALIZACAO_WORKLOAD;;;;;CONCLUIDA;True;0,9516537687744943;1,0;1,0;0,6904490200942694;0,6586441863669917;0,1851740071976712;0,10783557520983138
Regulatório;Interface com áreas de produto, tecnologia e negócios;;Davi;2026-02-09 09:09:00;2026-04-08 13:03:00.000000000;2026-04-08 15:03:00.000000000;1,0;;2,0;2026-04-08 15:03:00.000000000;;AHP_APRENDIZAGEM_ESPECIALIZACAO_WORKLOAD;;;;;PENDENTE;True;0,8531015378520426;1,0;1,0;0,0594393450764905;0,6586441863669917;0,1851740071976712;0,009283344287379647
Contratos;Contrato de Representação Comercial;;Caim;2026-02-09 09:10:00;2026-04-08 11:00:00.000000000;2026-04-09 11:00:00.000000000;3,0;;8,0;2026-04-09 11:00:00.000000000;;AHP_APRENDIZAGEM_ESPECIALIZACAO_WORKLOAD;;;;;PENDENTE;True;0,8257009631662308;1,0;0,8468807450005943;0,06554204911932518;0,6586441863669917;0,15682030117030918;0,010236475628929802
Societário;Regularização societária;;Davi;2026-02-09 09:11:00;2026-04-08 15:03:00.000000000;2026-04-09 15:03:00.000000000;3,0;;8,0;2026-04-09 15:03:00.000000000;;AHP_APRENDIZAGEM_ESPECIALIZACAO_WORKLOAD;;;;;PENDENTE;True;0,7329714081107739;1,0;0,3562798185911744;0,053485487472918355;0,6586441863669917;0,06597376169218712;0,008353460051594982
Contratos;Contrato de compra e venda;;Caim;2026-02-09 09:12:00;2026-04-09 11:00:00.000000000;2026-04-10 11:00:00.000000000;3,0;;8,0;2026-04-10 11:00:00.000000000;;AHP_APRENDIZAGEM_ESPECIALIZACAO_WORKLOAD;;;;;PENDENTE;True;0,821981426223092;1,0;0,8468807450005943;0,041726618705035926;0,6586441863669917;0,15682030117030918;0,006516938685791038
Direito digital;Comunicação de incidentes às autoridades competentes;;Eva;2026-02-09 09:13:00;2026-03-03 11:04:59.999999999;2026-03-03 13:04:59.999999999;1,0;;2,0;2026-03-03 13:04:59.999999999;;AHP_APRENDIZAGEM_ESPECIALIZACAO_WORKLOAD;;;;;CONCLUIDA;True;0,9507238845387096;1,0;1,0;0,6844951624906971;0,6586441863669917;0,1851740071976712;0,10690569097404667
Regulatório;Registro de companhias abertas, emissores e participantes de mercado na CVM;;Davi;2026-02-09 09:14:00;2026-04-09 15:03:00.000000000;2026-04-10 09:03:00.000000000;1,0;;2,0;2026-04-10 09:03:00.000000000;;AHP_APRENDIZAGEM_ESPECIALIZACAO_WORKLOAD;;;;;PENDENTE;True;0,8484521166731191;1,0;1,0;0,02967005705862893;0,6586441863669917;0,1851740071976712;0,004633923108456191
Regulatório;Análise de requisitos de administradores, conselheiros e diretores;;Davi;2026-02-10 09:00:00;2026-04-10 09:03:00.000000000;2026-04-10 11:03:00.000000000;1,0;;2,0;2026-04-10 11:03:00.000000000;;AHP_APRENDIZAGEM_ESPECIALIZACAO_WORKLOAD;;;;;PENDENTE;True;0,8475222324372053;1,0;1,0;0,023716199454229644;0,6586441863669917;0,1851740071976712;0,0037040388725423415
Concorrencial;Monitoramento regulatório e jurisprudencial;;Abraão;2026-02-10 09:01:00;2026-03-24 09:00:00.000000000;2026-03-24 17:00:00.000000000;3,0;;8,0;2026-03-24 17:00:00.000000000;;AHP_APRENDIZAGEM_ESPECIALIZACAO_WORKLOAD;;;;;CONCLUIDA;True;0,8958994598039038;1,0;1,0;0,33346564128007933;0,6586441863669917;0,1851740071976712;0,052081266239240906
Contratos;Contrato de Desenvolvimento de Software;;Caim;2026-02-10 09:02:00;2026-04-10 11:00:00.000000000;2026-04-13 11:00:00.000000000;3,0;;8,0;2026-04-13 11:00:00.000000000;;AHP_APRENDIZAGEM_ESPECIALIZACAO_WORKLOAD;;;;;PENDENTE;True;0,819925708764486;1,0;0,8558659125719624;0,017911188290746668;0,6586441863669917;0,158484120654842;0,0027974017426522727
Governança;Acompanhamento de planos de mitigação;;Eva;2026-02-10 09:03:00;2026-03-03 13:04:59.999999999;2026-03-03 15:04:59.999999999;1,0;;2,0;2026-03-03 15:04:59.999999999;;AHP_APRENDIZAGEM_ESPECIALIZACAO_WORKLOAD;;;;;CONCLUIDA;True;0,9500886887692638;1,0;1,0;0,6804281345573969;0,6586441863669917;0,1851740071976712;0,10627049520460087
Direito financeiro;Avaliação de risco e provisões;;Esaú;2026-02-10 09:04:00;2026-02-12 09:06:00.000000000;2026-02-12 11:06:00.000000000;1,0;;2,0;2026-02-12 11:06:00.000000000;;AHP_APRENDIZAGEM_ESPECIALIZACAO_WORKLOAD;;;;;CONCLUIDA;True;1,0;1,0;1,0;1,0;0,6586441863669917;0,1851740071976712;0,1561818064353371
Contratos;Contrato de Mandato;;Caim;2026-02-10 09:05:00;2026-04-13 11:00:00.000000000;2026-04-14 11:00:00.000000000;3,0;;8,0;2026-04-14 11:00:00.000000000;;AHP_APRENDIZAGEM_ESPECIALIZACAO_WORKLOAD;;;;;PENDENTE;True;0,8171283070218337;1,0;0,8558659125719624;0,0;0,6586441863669917;0,158484120654842;0,0
Societário;Gestão de earn-outs, ajustes de preço e garantias;;Davi;2026-02-10 09:06:00;2026-04-10 11:03:00.000000000;2026-04-10 13:03:00.000000000;1,0;;2,0;2026-04-10 13:03:00.000000000;;AHP_APRENDIZAGEM_ESPECIALIZACAO_WORKLOAD;;;;;PENDENTE;True;0,7318616230014401;1,0;0,3562798185911744;0,04637976155859259;0,6586441863669917;0,06597376169218712;0,0072436749422611964
Contratos;Contrato de prestação de serviços;;Caim;2026-02-10 09:07:00;2026-04-14 11:00:00.000000000;2026-04-15 11:00:00.000000000;3,0;;8,0;2026-04-15 11:00:00.000000000;;AHP_APRENDIZAGEM_ESPECIALIZACAO_WORKLOAD;;;;;PENDENTE;True;0,8171283070218337;1,0;0,8558659125719624;0,0;0,6586441863669917;0,158484120654842;0,0
Contratos;Contratos Financeiros ou Bancários;;Caim;2026-02-10 09:08:00;2026-04-15 11:00:00.000000000;2026-04-16 11:00:00.000000000;3,0;;8,0;2026-04-16 11:00:00.000000000;;AHP_APRENDIZAGEM_ESPECIALIZACAO_WORKLOAD;;;;;PENDENTE;True;0,8171283070218337;1,0;0,8558659125719624;0,0;0,6586441863669917;0,158484120654842;0,0
Contratos;Contratos Financeiros ou Bancários;;Caim;2026-02-10 09:09:00;2026-04-16 11:00:00.000000000;2026-04-17 11:00:00.000000000;3,0;;8,0;2026-04-17 11:00:00.000000000;;AHP_APRENDIZAGEM_ESPECIALIZACAO_WORKLOAD;;;;;PENDENTE;True;0,8171283070218337;1,0;0,8558659125719624;0,0;0,6586441863669917;0,158484120654842;0,0
Contratos;Contrato de Licença de Uso de Marca;;Caim;2026-02-10 09:10:00;2026-04-17 11:00:00.000000000;2026-04-20 11:00:00.000000000;3,0;;8,0;2026-04-20 11:00:00.000000000;;AHP_APRENDIZAGEM_ESPECIALIZACAO_WORKLOAD;;;;;PENDENTE;True;0,8171283070218337;1,0;0,8558659125719624;0,0;0,6586441863669917;0,158484120654842;0,0
Societário;Consolidação das versões finais dos documentos;;Davi;2026-02-10 09:11:00;2026-04-10 13:03:00.000000000;2026-04-10 15:03:00.000000000;1,0;;2,0;2026-04-10 15:03:00.000000000;;AHP_APRENDIZAGEM_ESPECIALIZACAO_WORKLOAD;;;;;PENDENTE;True;0,7437096054300322;1,0;0,3562798185911744;0,12223995743548814;0,6586441863669917;0,06597376169218712;0,019091657370853256
Societário;Suporte jurídico às negociações comerciais;;Davi;2026-02-10 09:12:00;2026-04-10 15:03:00.000000000;2026-04-13 15:03:00.000000000;3,0;;8,0;2026-04-13 15:03:00.000000000;;AHP_APRENDIZAGEM_ESPECIALIZACAO_WORKLOAD;;;;;PENDENTE;True;0,742878630136415;1,0;0,3562798185911744;0,11691939345570626;0,6586441863669917;0,06597376169218712;0,018260682077236134
Direito financeiro;Estratégias de prevenção de litígios;;Esaú;2026-02-10 09:13:00;2026-02-12 11:06:00.000000000;2026-02-16 11:05:59.999999999;4,0;;16,0;2026-02-16 11:05:59.999999999;;AHP_APRENDIZAGEM_ESPECIALIZACAO_WORKLOAD;;;;;CONCLUIDA;True;1,0;1,0;1,0;1,0;0,6586441863669917;0,1851740071976712;0,1561818064353371
Governança;Gestão de fluxo de informações com Conselho de Administração;;Eva;2026-02-10 09:14:00;2026-03-03 15:04:59.999999999;2026-03-04 09:04:59.999999999;1,0;;2,0;2026-03-04 09:04:59.999999999;;AHP_APRENDIZAGEM_ESPECIALIZACAO_WORKLOAD;;;;;CONCLUIDA;True;0,9600830142764647;1,0;1,0;0,7444197462265753;0,6586441863669917;0,1851740071976712;0,11626482071180175
Concorrencial;Avaliação de riscos concorrenciais;;Abraão;2026-02-11 09:00:00;2026-03-25 09:00:00.000000000;2026-03-25 11:00:00.000000000;1,0;;2,0;2026-03-25 11:00:00.000000000;;AHP_APRENDIZAGEM_ESPECIALIZACAO_WORKLOAD;;;;;CONCLUIDA;True;0,9071761922853054;1,0;1,0;0,40566824117810507;0,6586441863669917;0,1851740071976712;0,06335799872064246
Contencioso;Elaboração de recursos;;Abraão;2026-02-11 09:01:00;2026-03-25 11:00:00.000000000;2026-03-27 11:00:00.000000000;4,0;;16,0;2026-03-27 11:00:00.000000000;;AHP_APRENDIZAGEM_ESPECIALIZACAO_WORKLOAD;;;;;CONCLUIDA;True;0,9063082744946116;1,0;1,0;0,40011114198388437;0,6586441863669917;0,1851740071976712;0,06249008092994871
Concorrencial;Contencioso Administrativo Concorrencial;;Abraão;2026-02-11 09:02:00;2026-03-27 11:00:00.000000000;2026-03-31 11:00:00.000000000;4,0;;16,0;2026-03-31 11:00:00.000000000;;AHP_APRENDIZAGEM_ESPECIALIZACAO_WORKLOAD;;;;;CONCLUIDA;True;0,8993649321690618;1,0;1,0;0,35565434843011945;0,6586441863669917;0,1851740071976712;0,055546738604398856
Contencioso;Relatórios gerenciais;;Abraão;2026-02-11 09:03:00;2026-03-31 11:00:00.000000000;2026-03-31 13:00:00.000000000;1,0;;2,0;2026-03-31 13:00:00.000000000;;AHP_APRENDIZAGEM_ESPECIALIZACAO_WORKLOAD;;;;;CONCLUIDA;True;0,8924215898435119;1,0;1,0;0,3111975548763546;0,6586441863669917;0,1851740071976712;0,048603396278849006
Societário;Regularização societária;;Davi;2026-02-11 09:04:00;2026-04-13 15:03:00.000000000;2026-04-14 15:03:00.000000000;3,0;;8,0;2026-04-14 15:03:00.000000000;;AHP_APRENDIZAGEM_ESPECIALIZACAO_WORKLOAD;;;;;PENDENTE;True;0,7402187703468988;1,0;0,3562798185911744;0,09988885801611556;0,6586441863669917;0,06597376169218712;0,015600822287719833
Concorrencial;Análise de exclusividade, não concorrência e cláusulas MFN;;Abraão;2026-02-11 09:05:00;2026-03-31 13:00:00.000000000;2026-03-31 15:00:00.000000000;1,0;;2,0;2026-03-31 15:00:00.000000000;;AHP_APRENDIZAGEM_ESPECIALIZACAO_WORKLOAD;;;;;CONCLUIDA;True;0,8915536720528182;1,0;1,0;0,30564045568213377;0,6586441863669917;0,1851740071976712;0,04773547848815524
Direito digital;Avaliação de fornecedores sob a ótica de privacidade (vendor assessment);;Eva;2026-02-11 09:06:00;2026-03-04 09:04:59.999999999;2026-03-04 11:04:59.999999999;1,0;;2,0;2026-03-04 11:04:59.999999999;;AHP_APRENDIZAGEM_ESPECIALIZACAO_WORKLOAD;;;;;CONCLUIDA;True;0,9592150964856504;1,0;1,0;0,7388626470315828;0,6586441863669917;0,1851740071976712;0,11539690292098746
Concorrencial;M&A Concorrencial;;Abraão;2026-02-11 09:07:00;2026-03-31 15:00:00.000000000;2026-04-03 15:00:00.000000000;5,0;;24,0;2026-04-03 15:00:00.000000000;;AHP_APRENDIZAGEM_ESPECIALIZACAO_WORKLOAD;;;;;EM_EXECUCAO;True;0,8906857542621245;1,0;1,0;0,30008335648791334;0,6586441863669917;0,1851740071976712;0,04686756069746154
Regulatório;Apoio jurídico em consultas públicas e audiências regulatórias;;Davi;2026-02-11 09:08:00;2026-04-14 15:03:00.000000000;2026-04-15 15:03:00.000000000;3,0;;8,0;2026-04-15 15:03:00.000000000;;AHP_APRENDIZAGEM_ESPECIALIZACAO_WORKLOAD;;;;;PENDENTE;True;0,8559473446896079;1,0;1,0;0,07766046123923308;0,6586441863669917;0,1851740071976712;0,012129151124944901
Societário;Reorganizações societárias internas;;Davi;2026-02-11 09:09:00;2026-04-15 15:03:00.000000000;2026-04-20 15:03:00.000000000;5,0;;24,0;2026-04-20 15:03:00.000000000;;AHP_APRENDIZAGEM_ESPECIALIZACAO_WORKLOAD;;;;;PENDENTE;True;0,7332754280213489;1,0;0,3562798185911744;0,05543206446235077;0,6586441863669917;0,06597376169218712;0,008657479962169997
Regulatório;Avaliação de conflitos de interesses e deveres fiduciários;;Davi;2026-02-11 09:10:00;2026-04-20 15:03:00.000000000;2026-04-21 09:03:00.000000000;1,0;;2,0;2026-04-21 09:03:00.000000000;;AHP_APRENDIZAGEM_ESPECIALIZACAO_WORKLOAD;;;;;PENDENTE;True;0,8438181935646629;1,0;1,0;0,0;0,6586441863669917;0,1851740071976712;0,0
Contratos;Contrato de Transferência de Tecnologia;;Caim;2026-02-11 09:11:00;2026-04-20 11:00:00.000000000;2026-04-21 11:00:00.000000000;3,0;;8,0;2026-04-21 11:00:00.000000000;;AHP_APRENDIZAGEM_ESPECIALIZACAO_WORKLOAD;;;;;PENDENTE;True;0,8213035810572117;1,0;0,8644698604261483;0,016532313157535214;0,6586441863669917;0,1600773481567214;0,0025820465334985415
Governança;Treinamentos corporativos;;Eva;2026-02-11 09:12:00;2026-03-04 11:04:59.999999999;2026-03-04 13:04:59.999999999;1,0;;2,0;2026-03-04 13:04:59.999999999;;AHP_APRENDIZAGEM_ESPECIALIZACAO_WORKLOAD;;;;;CONCLUIDA;True;0,9592529209358927;1,0;1,0;0,7391048292108363;0,6586441863669917;0,1851740071976712;0,11543472737122973
Contencioso;Avaliação de riscos, êxito e impacto financeiro;;Abraão;2026-02-11 09:13:00;2026-04-03 15:00:00.000000000;2026-04-03 17:00:00.000000000;1,0;;2,0;2026-04-03 17:00:00.000000000;;AHP_APRENDIZAGEM_ESPECIALIZACAO_WORKLOAD;;;;;PENDENTE;True;0,8828742582345488;1,0;1,0;0,2500679532481653;0,6586441863669917;0,1851740071976712;0,03905606466988588
Contratos;Contratos imobiliários;;Caim;2026-02-11 09:14:00;2026-04-21 11:00:00.000000000;2026-04-22 11:00:00.000000000;3,0;;8,0;2026-04-22 11:00:00.000000000;;AHP_APRENDIZAGEM_ESPECIALIZACAO_WORKLOAD;;;;;PENDENTE;True;0,8187215345237131;1,0;0,8644698604261483;0,0;0,6586441863669917;0,1600773481567214;0,0
Governança;Preparação de reuniões, materiais, pautas e apreentações;;Eva;2026-02-12 09:00:00;2026-03-04 13:04:59.999999999;2026-03-04 15:04:59.999999999;1,0;;2,0;2026-03-04 15:04:59.999999999;;AHP_APRENDIZAGEM_ESPECIALIZACAO_WORKLOAD;;;;;CONCLUIDA;True;0,9592891354068748;1,0;1,0;0,7393367030238538;0,6586441863669917;0,1851740071976712;0,11547094184221185
Contratos;Contrato de compra e venda;;Caim;2026-02-12 09:01:00;2026-04-22 11:00:00.000000000;2026-04-23 11:00:00.000000000;3,0;;8,0;2026-04-23 11:00:00.000000000;;AHP_APRENDIZAGEM_ESPECIALIZACAO_WORKLOAD;;;;;PENDENTE;True;0,820245262076841;1,0;0,8726984859021919;0,0;0,6586441863669917;0,16160107570984922;0,0
Regulatório;Interface com reguladores durante processos de autorização;;Davi;2026-02-12 09:02:00;2026-04-21 09:03:00.000000000;2026-04-22 09:02:59.999999999;3,0;;8,0;2026-04-22 09:02:59.999999999;;AHP_APRENDIZAGEM_ESPECIALIZACAO_WORKLOAD;;;;;PENDENTE;True;0,8511207812841584;1,0;1,0;0,04675696796040647;0,6586441863669917;0,1851740071976712;0,0073025877194954625
Contratos;Contratos imobiliários;;Caim;2026-02-12 09:03:00;2026-04-23 11:00:00.000000000;2026-04-24 11:00:00.000000000;3,0;;8,0;2026-04-24 11:00:00.000000000;;AHP_APRENDIZAGEM_ESPECIALIZACAO_WORKLOAD;;;;;PENDENTE;True;0,820245262076841;1,0;0,8726984859021919;0,0;0,6586441863669917;0,16160107570984922;0,0
Regulatório;Análise de risco sancionador e reputacional;;Davi;2026-02-12 09:04:00;2026-04-22 09:02:59.999999999;2026-04-22 11:02:59.999999999;1,0;;2,0;2026-04-22 11:02:59.999999999;;AHP_APRENDIZAGEM_ESPECIALIZACAO_WORKLOAD;;;;;PENDENTE;True;0,8509717108535486;1,0;1,0;0,04580250063791781;0,6586441863669917;0,1851740071976712;0,007153517288885684
Direito digital;Treinamentos e conscientização sobre LGPD e segurança da informação;;Eva;2026-02-12 09:05:00;2026-03-04 15:04:59.999999999;2026-03-05 09:04:59.999999999;1,0;;2,0;2026-03-05 09:04:59.999999999;;AHP_APRENDIZAGEM_ESPECIALIZACAO_WORKLOAD;;;;;CONCLUIDA;True;0,9601541780724;1,0;1,0;0,7448753933826656;0,6586441863669917;0,1851740071976712;0,11633598450773706
Contratos;Contratos imobiliários;;Caim;2026-02-12 09:06:00;2026-04-24 11:00:00.000000000;2026-04-27 11:00:00.000000000;3,0;;8,0;2026-04-27 11:00:00.000000000;;AHP_APRENDIZAGEM_ESPECIALIZACAO_WORKLOAD;;;;;PENDENTE;True;0,820245262076841;1,0;0,8726984859021919;0,0;0,6586441863669917;0,16160107570984922;0,0
Contratos;Contrato de Distribuição;;Caim;2026-02-12 09:07:00;2026-04-27 11:00:00.000000000;2026-04-28 11:00:00.000000000;3,0;;8,0;2026-04-28 11:00:00.000000000;;AHP_APRENDIZAGEM_ESPECIALIZACAO_WORKLOAD;;;;;PENDENTE;True;0,820245262076841;1,0;0,8726984859021919;0,0;0,6586441863669917;0,16160107570984922;0,0
Regulatório;Análise regulatória de novos produtos financeiros e de investimento;;Davi;2026-02-12 09:08:00;2026-04-22 11:02:59.999999999;2026-04-23 11:02:59.999999999;3,0;;8,0;2026-04-23 11:02:59.999999999;;AHP_APRENDIZAGEM_ESPECIALIZACAO_WORKLOAD;;;;;PENDENTE;True;0,856051605468583;1,0;1,0;0,07832802157391527;0,6586441863669917;0,1851740071976712;0,012233411903920145
Societário;Integração societária;;Davi;2026-02-12 09:09:00;2026-04-23 11:02:59.999999999;2026-04-23 13:02:59.999999999;1,0;;2,0;2026-04-23 13:02:59.999999999;;AHP_APRENDIZAGEM_ESPECIALIZACAO_WORKLOAD;;;;;PENDENTE;True;0,7288926326795406;1,0;0,32984204675281686;0,0587153714145625;0,6586441863669917;0,06107817353950071;0,009170272773048126
Contratos;Letter of Intent;;Caim;2026-02-12 09:10:00;2026-04-28 11:00:00.000000000;2026-04-28 13:00:00.000000000;1,0;;2,0;2026-04-28 13:00:00.000000000;;AHP_APRENDIZAGEM_ESPECIALIZACAO_WORKLOAD;;;;;PENDENTE;True;0,820245262076841;1,0;0,8726984859021919;0,0;0,6586441863669917;0,16160107570984922;0,0
Direito digital;Análise de relatórios de impacto à proteção de dados (DPIA / RIPD);;Eva;2026-02-12 09:11:00;2026-03-05 09:04:59.999999999;2026-03-05 11:04:59.999999999;1,0;;2,0;2026-03-05 11:04:59.999999999;;AHP_APRENDIZAGEM_ESPECIALIZACAO_WORKLOAD;;;;;CONCLUIDA;True;0,9611418852737323;1,0;1,0;0,7511994795478572;0,6586441863669917;0,1851740071976712;0,1173236917090694
Direito digital;Apoio jurídico ao Encarregado/DPO;;Eva;2026-02-12 09:12:00;2026-03-05 11:04:59.999999999;2026-03-05 13:04:59.999999999;1,0;;2,0;2026-03-05 13:04:59.999999999;;AHP_APRENDIZAGEM_ESPECIALIZACAO_WORKLOAD;;;;;CONCLUIDA;True;0,9603798369378683;1,0;1,0;0,7463202407091161;0,6586441863669917;0,1851740071976712;0,11656164337320536
Contratos;Contrato de Locação;;Caim;2026-02-12 09:13:00;2026-04-28 13:00:00.000000000;2026-04-29 13:00:00.000000000;3,0;;8,0;2026-04-29 13:00:00.000000000;;AHP_APRENDIZAGEM_ESPECIALIZACAO_WORKLOAD;;;;;PENDENTE;True;0,820245262076841;1,0;0,8726984859021919;0,0;0,6586441863669917;0,16160107570984922;0,0
Propriedade intelectual;Análise de titularidade de software desenvolvido internamente;;Abraão;2026-02-12 09:14:00;2026-04-06 09:00:00.000000000;2026-04-06 11:00:00.000000000;1,0;;2,0;2026-04-06 11:00:00.000000000;;AHP_APRENDIZAGEM_ESPECIALIZACAO_WORKLOAD;;;;;PENDENTE;True;0,8961404067758312;1,0;1,0;0,33500837520938026;0,6586441863669917;0,1851740071976712;0,052322213211168214
Contencioso;Acompanhamento de audiências;;Abraão;2026-02-13 09:00:00;2026-04-06 11:00:00.000000000;2026-04-06 13:00:00.000000000;1,0;;2,0;2026-04-06 13:00:00.000000000;;AHP_APRENDIZAGEM_ESPECIALIZACAO_WORKLOAD;;;;;PENDENTE;True;0,8953929465870659;1,0;1,0;0,33022254127759815;0,6586441863669917;0,1851740071976712;0,05157475302240295
Regulatório;Análise regulatória de novos produtos financeiros e de investimento;;Davi;2026-02-13 09:01:00;2026-04-23 13:02:59.999999999;2026-04-24 13:03:00.000000000;3,0;;8,0;2026-04-24 13:03:00.000000000;;AHP_APRENDIZAGEM_ESPECIALIZACAO_WORKLOAD;;;;;PENDENTE;True;0,8557588700796324;1,0;1,0;0,07645369705666143;0,6586441863669917;0,1851740071976712;0,011940676514969398
Contratos;Contrato de compra e venda;;Caim;2026-02-13 09:02:00;2026-04-29 13:00:00.000000000;2026-04-30 13:00:00.000000000;3,0;;8,0;2026-04-30 13:00:00.000000000;;AHP_APRENDIZAGEM_ESPECIALIZACAO_WORKLOAD;;;;;PENDENTE;True;0,8217004957139699;1,0;0,8805572219048936;0,0;0,6586441863669917;0,16305630934697812;0,0
Direito digital;Estruturação de contratos de processamento de dados (DPA);;Eva;2026-02-13 09:03:00;2026-03-05 13:04:59.999999999;2026-03-10 13:04:59.999999999;5,0;;24,0;2026-03-10 13:04:59.999999999;;AHP_APRENDIZAGEM_ESPECIALIZACAO_WORKLOAD;;;;;CONCLUIDA;True;0,9611348474946521;1,0;1,0;0,7511544180951767;0,6586441863669917;0,1851740071976712;0,11731665392998916
Contratos;Contrato de Cessão de Crédito;;Caim;2026-02-13 09:04:00;2026-04-30 13:00:00.000000000;2026-05-01 13:00:00.000000000;3,0;;8,0;2026-05-01 13:00:00.000000000;;AHP_APRENDIZAGEM_ESPECIALIZACAO_WORKLOAD;;;;;PENDENTE;True;0,8217004957139699;1,0;0,8805572219048936;0,0;0,6586441863669917;0,16305630934697812;0,0
Contratos;Contrato de prestação de serviços;;Caim;2026-02-13 09:05:00;2026-05-01 13:00:00.000000000;2026-05-04 13:00:00.000000000;3,0;;8,0;2026-05-04 13:00:00.000000000;;AHP_APRENDIZAGEM_ESPECIALIZACAO_WORKLOAD;;;;;PENDENTE;True;0,8217004957139699;1,0;0,8805572219048936;0,0;0,6586441863669917;0,16305630934697812;0,0
Contratos;Contrato de Escrow de Código-Fonte;;Caim;2026-02-13 09:06:00;2026-05-04 13:00:00.000000000;2026-05-05 13:00:00.000000000;3,0;;8,0;2026-05-05 13:00:00.000000000;;AHP_APRENDIZAGEM_ESPECIALIZACAO_WORKLOAD;;;;;PENDENTE;True;0,8217004957139699;1,0;0,8805572219048936;0,0;0,6586441863669917;0,16305630934697812;0,0
Contratos;Contrato de Distribuição;;Caim;2026-02-13 09:07:00;2026-05-05 13:00:00.000000000;2026-05-06 13:00:00.000000000;3,0;;8,0;2026-05-06 13:00:00.000000000;;AHP_APRENDIZAGEM_ESPECIALIZACAO_WORKLOAD;;;;;PENDENTE;True;0,8217004957139699;1,0;0,8805572219048936;0,0;0,6586441863669917;0,16305630934697812;0,0
Societário;Integração societária;;Davi;2026-02-13 09:08:00;2026-04-24 13:03:00.000000000;2026-04-24 15:03:00.000000000;1,0;;2,0;2026-04-24 15:03:00.000000000;;AHP_APRENDIZAGEM_ESPECIALIZACAO_WORKLOAD;;;;;PENDENTE;True;0,7414089098487862;1,0;0,329163257940281;0,13965931426067088;0,6586441863669917;0,06095247949504249;0,021812243986752015
Contratos;Contrato de Cessão de Crédito;;Caim;2026-02-13 09:09:00;2026-05-06 13:00:00.000000000;2026-05-07 13:00:00.000000000;3,0;;8,0;2026-05-07 13:00:00.000000000;;AHP_APRENDIZAGEM_ESPECIALIZACAO_WORKLOAD;;;;;PENDENTE;True;0,8217004957139699;1,0;0,8805572219048936;0,0;0,6586441863669917;0,16305630934697812;0,0
Contencioso;Avaliação de precedentes relevantes;;Abraão;2026-02-13 09:10:00;2026-04-06 13:00:00.000000000;2026-04-06 15:00:00.000000000;1,0;;2,0;2026-04-06 15:00:00.000000000;;AHP_APRENDIZAGEM_ESPECIALIZACAO_WORKLOAD;;;;;PENDENTE;True;0,9054997827127309;1,0;1,0;0,39493453530777056;0,6586441863669917;0,1851740071976712;0,06168158914806803
Regulatório;Enquadramento jurídico-regulatório de tokens, valores mobiliários e instrumentos financeiros;;Davi;2026-02-13 09:11:00;2026-04-24 15:03:00.000000000;2026-04-27 15:03:00.000000000;3,0;;8,0;2026-04-27 15:03:00.000000000;;AHP_APRENDIZAGEM_ESPECIALIZACAO_WORKLOAD;;;;;PENDENTE;True;0,8672672542217681;1,0;1,0;0,1501395149172747;0,6586441863669917;0,1851740071976712;0,023449060657105204
Contencioso;Acordos, Mediação e Soluções Alternativas;;Abraão;2026-02-13 09:12:00;2026-04-06 15:00:00.000000000;2026-04-07 15:00:00.000000000;3,0;;8,0;2026-04-07 15:00:00.000000000;;AHP_APRENDIZAGEM_ESPECIALIZACAO_WORKLOAD;;;;;PENDENTE;True;0,9048293306567737;1,0;1,0;0,3906417686196426;0,6586441863669917;0,1851740071976712;0,06101113709211077
Direito digital;Elaboração e atualização de políticas de privacidade e cookies;;Eva;2026-02-13 09:13:00;2026-03-10 13:04:59.999999999;2026-03-11 13:05:00.000000000;3,0;;8,0;2026-03-11 13:05:00.000000000;;AHP_APRENDIZAGEM_ESPECIALIZACAO_WORKLOAD;;;;;CONCLUIDA;True;0,9564262034632444;1,0;1,0;0,7210059383274182;0,6586441863669917;0,1851740071976712;0,11260800989858144
Societário;Due diligence societária;;Davi;2026-02-13 09:14:00;2026-04-27 15:03:00.000000000;2026-04-30 15:03:00.000000000;5,0;;24,0;2026-04-30 15:03:00.000000000;;AHP_APRENDIZAGEM_ESPECIALIZACAO_WORKLOAD;;;;;PENDENTE;True;0,7403639182953103;1,0;0,329163257940281;0,13296844816476294;0,6586441863669917;0,06095247949504249;0,02076725243327616
Direito financeiro;Apoio na estruturação de financiamentos de aquisição;;Esaú;2026-02-16 09:00:00;2026-02-16 11:05:59.999999999;2026-02-19 11:06:00.000000000;5,0;;24,0;2026-02-19 11:06:00.000000000;;AHP_APRENDIZAGEM_ESPECIALIZACAO_WORKLOAD;;;;;CONCLUIDA;True;1,0;1,0;1,0;1,0;0,6586441863669917;0,1851740071976712;0,1561818064353371
Governança;Avaliação periódica da efetividade da governança;;Eva;2026-02-16 09:01:00;2026-03-11 13:05:00.000000000;2026-03-12 13:05:00.000000000;3,0;;8,0;2026-03-12 13:05:00.000000000;;AHP_APRENDIZAGEM_ESPECIALIZACAO_WORKLOAD;;;;;CONCLUIDA;True;0,9597145894918457;1,0;1,0;0,7420607980684784;0,6586441863669917;0,1851740071976712;0,11589639592718286
Direito financeiro;Apoio em processos administrativos regulatórios;;Esaú;2026-02-16 09:02:00;2026-02-19 11:06:00.000000000;2026-02-20 11:05:59.999999999;3,0;;8,0;2026-02-20 11:05:59.999999999;;AHP_APRENDIZAGEM_ESPECIALIZACAO_WORKLOAD;;;;;CONCLUIDA;True;1,0;1,0;1,0;1,0;0,6586441863669917;0,1851740071976712;0,1561818064353371
Concorrencial;Revisão concorrencial de documentos;;Abraão;2026-02-16 09:03:00;2026-04-07 15:00:00.000000000;2026-04-08 15:00:00.000000000;3,0;;8,0;2026-04-08 15:00:00.000000000;;AHP_APRENDIZAGEM_ESPECIALIZACAO_WORKLOAD;;;;;PENDENTE;True;0,9064492936331839;1,0;1,0;0,40101405853857713;0,6586441863669917;0,1851740071976712;0,062631100068521
Contratos;Contrato de Desenvolvimento de Software;;Caim;2026-02-16 09:04:00;2026-05-07 13:00:00.000000000;2026-05-08 13:00:00.000000000;3,0;;8,0;2026-05-08 13:00:00.000000000;;AHP_APRENDIZAGEM_ESPECIALIZACAO_WORKLOAD;;;;;PENDENTE;True;0,8230882335974683;1,0;0,8880514588364139;0,0;0,6586441863669917;0,1644440472304765;0,0
Regulatório;Elaboração de defesas, manifestações e recursos;;Davi;2026-02-16 09:05:00;2026-04-30 15:03:00.000000000;2026-05-04 15:03:00.000000000;4,0;;16,0;2026-05-04 15:03:00.000000000;;AHP_APRENDIZAGEM_ESPECIALIZACAO_WORKLOAD;;;;;PENDENTE;True;0,8600584153472893;1,0;1,0;0,10398280153937282;0,6586441863669917;0,1851740071976712;0,0162402217826264
Regulatório;Apoio jurídico a ofertas públicas (ICVM 160 e correlatas);;Davi;2026-02-16 09:06:00;2026-05-04 15:03:00.000000000;2026-05-05 11:02:59.999999999;2,0;;4,0;2026-05-05 11:02:59.999999999;;AHP_APRENDIZAGEM_ESPECIALIZACAO_WORKLOAD;;;;;PENDENTE;True;0,8544034959017953;1,0;1,0;0,067775514822944;0,6586441863669917;0,1851740071976712;0,01058530233713236
Direito financeiro;Análise de condições contratuais e riscos sistêmicos;;Esaú;2026-02-16 09:07:00;2026-02-20 11:05:59.999999999;2026-02-20 13:05:59.999999999;1,0;;2,0;2026-02-20 13:05:59.999999999;;AHP_APRENDIZAGEM_ESPECIALIZACAO_WORKLOAD;;;;;CONCLUIDA;True;1,0;1,0;1,0;1,0;0,6586441863669917;0,1851740071976712;0,1561818064353371
Direito financeiro;Estratégias de prevenção de litígios;;Esaú;2026-02-16 09:08:00;2026-02-20 13:05:59.999999999;2026-02-24 13:05:59.999999999;4,0;;16,0;2026-02-24 13:05:59.999999999;;AHP_APRENDIZAGEM_ESPECIALIZACAO_WORKLOAD;;;;;CONCLUIDA;True;1,0;1,0;1,0;1,0;0,6586441863669917;0,1851740071976712;0,1561818064353371
Societário;Suporte jurídico às negociações comerciais;;Davi;2026-02-16 09:09:00;2026-05-05 11:02:59.999999999;2026-05-06 11:02:59.999999999;3,0;;8,0;2026-05-06 11:02:59.999999999;;AHP_APRENDIZAGEM_ESPECIALIZACAO_WORKLOAD;;;;;PENDENTE;True;0,7291576893983346;1,0;0,329163257940281;0,06121726822425283;0,6586441863669917;0,06095247949504249;0,009561023536300369
Contratos;Contrato de prestação de serviços;;Caim;2026-02-16 09:10:00;2026-05-08 13:00:00.000000000;2026-05-11 13:00:00.000000000;3,0;;8,0;2026-05-11 13:00:00.000000000;;AHP_APRENDIZAGEM_ESPECIALIZACAO_WORKLOAD;;;;;PENDENTE;True;0,8230882335974683;1,0;0,8880514588364139;0,0;0,6586441863669917;0,1644440472304765;0,0
Regulatório;Apoio regulatório a fundos de investimento;;Davi;2026-02-16 09:11:00;2026-05-06 11:02:59.999999999;2026-05-11 11:03:00.000000000;5,0;;24,0;2026-05-11 11:03:00.000000000;;AHP_APRENDIZAGEM_ESPECIALIZACAO_WORKLOAD;;;;;PENDENTE;True;0,8532021201148777;1,0;1,0;0,06008335262852765;0,6586441863669917;0,1851740071976712;0,009383926550214809
Regulatório;Análise regulatória de novos produtos financeiros e de investimento;;Davi;2026-02-16 09:12:00;2026-05-11 11:03:00.000000000;2026-05-12 11:02:59.999999999;3,0;;8,0;2026-05-12 11:02:59.999999999;;AHP_APRENDIZAGEM_ESPECIALIZACAO_WORKLOAD;;;;;PENDENTE;True;0,8445233441147719;1,0;1,0;0,004514934013143154;0,6586441863669917;0,1851740071976712;0,0007051505501090438
Concorrencial;Gestão de canal de dúvidas;;Abraão;2026-02-16 09:13:00;2026-04-08 15:00:00.000000000;2026-04-08 17:00:00.000000000;1,0;;2,0;2026-04-08 17:00:00.000000000;;AHP_APRENDIZAGEM_ESPECIALIZACAO_WORKLOAD;;;;;PENDENTE;True;0,9108806178142845;1,0;1,0;0,4293869163140136;0,6586441863669917;0,1851740071976712;0,06706242424962157
Concorrencial;Gestão de canal de dúvidas;;Abraão;2026-02-16 09:14:00;2026-04-09 09:00:00.000000000;2026-04-09 11:00:00.000000000;1,0;;2,0;2026-04-09 11:00:00.000000000;;AHP_APRENDIZAGEM_ESPECIALIZACAO_WORKLOAD;;;;;PENDENTE;True;0,9101673774606581;1,0;1,0;0,42482018495198587;0,6586441863669917;0,1851740071976712;0,06634918389599517
Contratos;Contrato de Representação Comercial;;Caim;2026-02-17 09:00:00;2026-05-11 13:00:00.000000000;2026-05-12 13:00:00.000000000;3,0;;8,0;2026-05-12 13:00:00.000000000;;AHP_APRENDIZAGEM_ESPECIALIZACAO_WORKLOAD;;;;;PENDENTE;True;0,8265670765624956;1,0;0,8951868603719929;0,013814362370133603;0,6586441863669917;0,1657653381257841;0,002157552069719811
Governança;Governança e Regimentos de Comitês;;Eva;2026-02-17 09:01:00;2026-03-12 13:05:00.000000000;2026-03-13 13:05:00.000000000;3,0;;8,0;2026-03-13 13:05:00.000000000;;AHP_APRENDIZAGEM_ESPECIALIZACAO_WORKLOAD;;;;;CONCLUIDA;True;0,9659221405145676;1,0;1,0;0,7818064711683211;0,6586441863669917;0,1851740071976712;0,12210394694990469
Contratos;MoU;;Caim;2026-02-17 09:02:00;2026-05-12 13:00:00.000000000;2026-05-12 15:00:00.000000000;1,0;;2,0;2026-05-12 15:00:00.000000000;;AHP_APRENDIZAGEM_ESPECIALIZACAO_WORKLOAD;;;;;PENDENTE;True;0,8244095244927758;1,0;0,8951868603719929;0,0;0,6586441863669917;0,1657653381257841;0,0
Direito digital;Avaliação de uso de IA, algoritmos e automação;;Eva;2026-02-17 09:03:00;2026-03-13 13:05:00.000000000;2026-03-13 15:05:00.000000000;1,0;;2,0;2026-03-13 15:05:00.000000000;;AHP_APRENDIZAGEM_ESPECIALIZACAO_WORKLOAD;;;;;CONCLUIDA;True;0,9632489141454528;1,0;1,0;0,7646903522673556;0,6586441863669917;0,1851740071976712;0,11943072058078988
Direito digital;Avaliação jurídica de campanhas de marketing digital;;Eva;2026-02-17 09:04:00;2026-03-13 15:05:00.000000000;2026-03-16 09:04:59.999999999;1,0;;2,0;2026-03-16 09:04:59.999999999;;AHP_APRENDIZAGEM_ESPECIALIZACAO_WORKLOAD;;;;;CONCLUIDA;True;0,9625420492147656;1,0;1,0;0,7601644414277993;0,6586441863669917;0,1851740071976712;0,1187238556501027
Societário;Atas de Reunião e Assembleia;;Davi;2026-02-17 09:05:00;2026-05-12 11:02:59.999999999;2026-05-12 15:02:59.999999999;2,0;;4,0;2026-05-12 15:02:59.999999999;;AHP_APRENDIZAGEM_ESPECIALIZACAO_WORKLOAD;;;;;PENDENTE;True;0,7209927241002396;1,0;0,329163257940281;0,008938673908752491;0,6586441863669917;0,06095247949504249;0,0013960582382053796
Contencioso;Avaliação de precedentes relevantes;;Abraão;2026-02-17 09:06:00;2026-04-09 11:00:00.000000000;2026-04-09 13:00:00.000000000;1,0;;2,0;2026-04-09 13:00:00.000000000;;AHP_APRENDIZAGEM_ESPECIALIZACAO_WORKLOAD;;;;;PENDENTE;True;0,9102736493857744;1,0;1,0;0,42550062224197405;0,6586441863669917;0,1851740071976712;0,06645545582111148
Contratos;Contratos de Seguros ou Previdência;;Caim;2026-02-17 09:07:00;2026-05-12 15:00:00.000000000;2026-05-13 15:00:00.000000000;3,0;;8,0;2026-05-13 15:00:00.000000000;;AHP_APRENDIZAGEM_ESPECIALIZACAO_WORKLOAD;;;;;PENDENTE;True;0,8244271941166663;1,0;0,8951868603719929;0,00011313496939076595;0,6586441863669917;0,1657653381257841;1,7669623890456397e-05
Regulatório;Análise de risco sancionador e reputacional;;Davi;2026-02-17 09:08:00;2026-05-12 15:02:59.999999999;2026-05-13 09:03:00.000000000;1,0;;2,0;2026-05-13 09:03:00.000000000;;AHP_APRENDIZAGEM_ESPECIALIZACAO_WORKLOAD;;;;;PENDENTE;True;0,846578018772941;1,0;1,0;0,017670593465831923;0,6586441863669917;0,1851740071976712;0,002759825208278094
Contratos;Contrato de trabalho;;Caim;2026-02-17 09:09:00;2026-05-13 15:00:00.000000000;2026-05-13 17:00:00.000000000;1,0;;2,0;2026-05-13 17:00:00.000000000;;AHP_APRENDIZAGEM_ESPECIALIZACAO_WORKLOAD;;;;;PENDENTE;True;0,8244095244927758;1,0;0,8951868603719929;0,0;0,6586441863669917;0,1657653381257841;0,0
Regulatório;Análise regulatória de modelos inovadores (open finance, cripto, tokenização);;Davi;2026-02-17 09:10:00;2026-05-13 09:03:00.000000000;2026-05-14 09:02:59.999999999;3,0;;8,0;2026-05-14 09:02:59.999999999;;AHP_APRENDIZAGEM_ESPECIALIZACAO_WORKLOAD;;;;;PENDENTE;True;0,8465658044546924;1,0;1,0;0,017592387697007706;0,6586441863669917;0,1851740071976712;0,0027476108900294635
Governança;Governança e Regimentos de Comitês;;Eva;2026-02-17 09:11:00;2026-03-16 09:04:59.999999999;2026-03-17 09:04:59.999999999;3,0;;8,0;2026-03-17 09:04:59.999999999;;AHP_APRENDIZAGEM_ESPECIALIZACAO_WORKLOAD;;;;;CONCLUIDA;True;0,9626838542651264;1,0;1,0;0,7610723900141123;0,6586441863669917;0,1851740071976712;0,11886566070046348
Contratos;Contratos Administrativos;;Caim;2026-02-17 09:12:00;2026-05-14 09:00:00.000000000;2026-05-14 17:00:00.000000000;3,0;;8,0;2026-05-14 17:00:00.000000000;;AHP_APRENDIZAGEM_ESPECIALIZACAO_WORKLOAD;;;;;PENDENTE;True;0,8244268031525355;1,0;0,8951868603719929;0,00011063170643267687;0,6586441863669917;0,1657653381257841;1,7278659759679377e-05
Direito financeiro;Apoio em processos administrativos regulatórios;;Esaú;2026-02-17 09:13:00;2026-02-24 13:05:59.999999999;2026-02-25 13:05:59.999999999;3,0;;8,0;2026-02-25 13:05:59.999999999;;AHP_APRENDIZAGEM_ESPECIALIZACAO_WORKLOAD;;;;;CONCLUIDA;True;1,0;1,0;1,0;1,0;0,6586441863669917;0,1851740071976712;0,1561818064353371
Regulatório;Apoio jurídico em pedidos de autorização ao BCB (instituições financeiras, fintechs, SCD, SEP, IPs);;Davi;2026-02-17 09:14:00;2026-05-14 09:02:59.999999999;2026-05-14 11:02:59.999999999;1,0;;2,0;2026-05-14 11:02:59.999999999;;AHP_APRENDIZAGEM_ESPECIALIZACAO_WORKLOAD;;;;;PENDENTE;True;0,8465658044546924;1,0;1,0;0,017592387697007706;0,6586441863669917;0,1851740071976712;0,0027476108900294635
Societário;Estruturação de veículos societários (SPVs);;Davi;2026-02-18 09:00:00;2026-05-14 11:02:59.999999999;2026-05-19 11:03:00.000000000;5,0;;24,0;2026-05-19 11:03:00.000000000;;AHP_APRENDIZAGEM_ESPECIALIZACAO_WORKLOAD;;;;;PENDENTE;True;0,7185885798533758;1,0;0,312614099234521;0,013166629785965441;0,6586441863669917;0,05788800546174668;0,0020563880246373986
Direito digital;Gestão de Processos com ANPD;;Eva;2026-02-18 09:01:00;2026-03-17 09:04:59.999999999;2026-03-17 11:04:59.999999999;1,0;;2,0;2026-03-17 11:04:59.999999999;;AHP_APRENDIZAGEM_ESPECIALIZACAO_WORKLOAD;;;;;CONCLUIDA;True;0,9641131353018922;1,0;1,0;0,7702237826723707;0,6586441863669917;0,1851740071976712;0,12029494173722935
Contencioso;Elaboração de petição inicial;;Abraão;2026-02-18 09:02:00;2026-04-09 13:00:00.000000000;2026-04-09 15:00:00.000000000;1,0;;2,0;2026-04-09 15:00:00.000000000;;AHP_APRENDIZAGEM_ESPECIALIZACAO_WORKLOAD;;;;;PENDENTE;True;0,9176136401418387;1,0;1,0;0,4724970741565134;0,6586441863669917;0,1851740071976712;0,0737954465771757
Contratos;Contratos imobiliários;;Caim;2026-02-18 09:03:00;2026-05-15 09:00:00.000000000;2026-05-15 17:00:00.000000000;3,0;;8,0;2026-05-15 17:00:00.000000000;;AHP_APRENDIZAGEM_ESPECIALIZACAO_WORKLOAD;;;;;PENDENTE;True;0,8316641934221621;1,0;0,9019695877102358;0,03840834131290565;0,6586441863669917;0,16702132292673572;0,005998684128434592
Governança;Suporte jurídico às decisões do Conselho de Administração;;Eva;2026-02-18 09:04:00;2026-03-17 11:04:59.999999999;2026-03-17 13:04:59.999999999;1,0;;2,0;2026-03-17 13:04:59.999999999;;AHP_APRENDIZAGEM_ESPECIALIZACAO_WORKLOAD;;;;;CONCLUIDA;True;0,9634484611602587;1,0;1,0;0,7659680107818798;0,6586441863669917;0,1851740071976712;0,11963026759559577
Contencioso;Elaboração de petição inicial;;Abraão;2026-02-18 09:05:00;2026-04-09 15:00:00.000000000;2026-04-09 17:00:00.000000000;1,0;;2,0;2026-04-09 17:00:00.000000000;;AHP_APRENDIZAGEM_ESPECIALIZACAO_WORKLOAD;;;;;PENDENTE;True;0,9169489660002326;1,0;1,0;0,46824130226619853;0,6586441863669917;0,1851740071976712;0,07313077243556959
Tributário;Interface com escritórios externos;;Esaú;2026-02-18 09:06:00;2026-02-25 13:05:59.999999999;2026-02-25 15:05:59.999999999;1,0;;2,0;2026-02-25 15:05:59.999999999;;AHP_APRENDIZAGEM_ESPECIALIZACAO_WORKLOAD;;;;;CONCLUIDA;True;1,0;1,0;1,0;1,0;0,6586441863669917;0,1851740071976712;0,1561818064353371
Societário;Suporte jurídico às negociações comerciais;;Davi;2026-02-18 09:07:00;2026-05-19 11:03:00.000000000;2026-05-20 11:02:59.999999999;3,0;;8,0;2026-05-20 11:02:59.999999999;;AHP_APRENDIZAGEM_ESPECIALIZACAO_WORKLOAD;;;;;PENDENTE;True;0,7165321918287384;1,0;0,312614099234521;0,0;0,6586441863669917;0,05788800546174668;0,0
Tributário;Análise tributária de aquisições, cisões e incorporações;;Esaú;2026-02-18 09:08:00;2026-02-25 15:05:59.999999999;2026-03-02 15:06:00.000000000;5,0;;24,0;2026-03-02 15:06:00.000000000;;AHP_APRENDIZAGEM_ESPECIALIZACAO_WORKLOAD;;;;;CONCLUIDA;True;1,0;1,0;1,0;1,0;0,6586441863669917;0,1851740071976712;0,1561818064353371
Contratos;Contrato de Distribuição;;Caim;2026-02-18 09:09:00;2026-05-18 09:00:00.000000000;2026-05-18 17:00:00.000000000;3,0;;8,0;2026-05-18 17:00:00.000000000;;AHP_APRENDIZAGEM_ESPECIALIZACAO_WORKLOAD;;;;;PENDENTE;True;0,8319031055016218;1,0;0,9019695877102358;0,03993804624405345;0,6586441863669917;0,16702132292673572;0,006237596207894298
Concorrencial;Análise de exclusividade, não concorrência e cláusulas MFN;;Abraão;2026-02-18 09:10:00;2026-04-10 09:00:00.000000000;2026-04-10 11:00:00.000000000;1,0;;2,0;2026-04-10 11:00:00.000000000;;AHP_APRENDIZAGEM_ESPECIALIZACAO_WORKLOAD;;;;;PENDENTE;True;0,9219350147721149;1,0;1,0;0,5001659475605709;0,6586441863669917;0,1851740071976712;0,07811682120745204
Direito digital;Avaliação de riscos legais em plataformas e marketplaces;;Eva;2026-02-18 09:11:00;2026-03-17 13:04:59.999999999;2026-03-18 09:05:00.000000000;2,0;;4,0;2026-03-18 09:05:00.000000000;;AHP_APRENDIZAGEM_ESPECIALIZACAO_WORKLOAD;;;;;CONCLUIDA;True;0,970286464601641;1,0;1,0;0,8097503411150446;0,6586441863669917;0,1851740071976712;0,12646827103697808
Concorrencial;Monitoramento regulatório e jurisprudencial;;Abraão;2026-02-18 09:12:00;2026-04-10 11:00:00.000000000;2026-04-13 11:00:00.000000000;3,0;;8,0;2026-04-13 11:00:00.000000000;;AHP_APRENDIZAGEM_ESPECIALIZACAO_WORKLOAD;;;;;PENDENTE;True;0,9212438683778884;1,0;1,0;0,49574067927868126;0,6586441863669917;0,1851740071976712;0,07742567481322553
Contratos;Contratos Financeiros ou Bancários;;Caim;2026-02-18 09:13:00;2026-05-19 09:00:00.000000000;2026-05-19 17:00:00.000000000;3,0;;8,0;2026-05-19 17:00:00.000000000;;AHP_APRENDIZAGEM_ESPECIALIZACAO_WORKLOAD;;;;;PENDENTE;True;0,8291385199247158;1,0;0,9019695877102358;0,022236973116495338;0,6586441863669917;0,16702132292673572;0,0034730106309882698
Governança;Política de Governaça Corporativa;;Eva;2026-02-18 09:14:00;2026-03-18 09:05:00.000000000;2026-03-19 09:04:59.999999999;3,0;;8,0;2026-03-19 09:04:59.999999999;;AHP_APRENDIZAGEM_ESPECIALIZACAO_WORKLOAD;;;;;CONCLUIDA;True;0,968904171813188;1,0;1,0;0,8008998045512655;0,6586441863669917;0,1851740071976712;0,12508597824852508
Contratos;Contrato de Transferência de Tecnologia;;Caim;2026-02-19 09:00:00;2026-05-20 09:00:00.000000000;2026-05-20 17:00:00.000000000;3,0;;8,0;2026-05-20 17:00:00.000000000;;AHP_APRENDIZAGEM_ESPECIALIZACAO_WORKLOAD;;;;;PENDENTE;True;0,8275658731652761;1,0;0,9084064458606028;0,00453589998893673;0,6586441863669917;0,16821326174420217;0,000708425054082164
Direito digital;Mapeamento de dados pessoais (data mapping / data inventory);;Eva;2026-02-19 09:01:00;2026-03-19 09:04:59.999999999;2026-03-19 13:04:59.999999999;2,0;;4,0;2026-03-19 13:04:59.999999999;;AHP_APRENDIZAGEM_ESPECIALIZACAO_WORKLOAD;;;;;CONCLUIDA;True;0,9665795719578241;1,0;1,0;0,7860158695499988;0,6586441863669917;0,1851740071976712;0,12276137839316109
Direito financeiro;Avaliação de risco e provisões;;Esaú;2026-02-19 09:02:00;2026-03-02 15:06:00.000000000;2026-03-03 09:06:00.000000000;1,0;;2,0;2026-03-03 09:06:00.000000000;;AHP_APRENDIZAGEM_ESPECIALIZACAO_WORKLOAD;;;;;CONCLUIDA;True;1,0;1,0;1,0;1,0;0,6586441863669917;0,1851740071976712;0,1561818064353371
Contratos;Contrato de Representação Comercial;;Caim;2026-02-19 09:03:00;2026-05-21 09:00:00.000000000;2026-05-21 17:00:00.000000000;3,0;;8,0;2026-05-21 17:00:00.000000000;;AHP_APRENDIZAGEM_ESPECIALIZACAO_WORKLOAD;;;;;PENDENTE;True;0,8268574481111939;1,0;0,9084064458606028;0,0;0,6586441863669917;0,16821326174420217;0,0
Contencioso;Elaboração de contestação;;Abraão;2026-02-19 09:04:00;2026-04-13 11:00:00.000000000;2026-04-13 13:00:00.000000000;1,0;;2,0;2026-04-13 13:00:00.000000000;;AHP_APRENDIZAGEM_ESPECIALIZACAO_WORKLOAD;;;;;PENDENTE;True;0,9212525877878307;1,0;1,0;0,49579650786807505;0,6586441863669917;0,1851740071976712;0,0774343942231678
Governança;Suporte jurídico às decisões do Conselho de Administração;;Eva;2026-02-19 09:05:00;2026-03-19 13:04:59.999999999;2026-03-19 15:04:59.999999999;1,0;;2,0;2026-03-19 15:04:59.999999999;;AHP_APRENDIZAGEM_ESPECIALIZACAO_WORKLOAD;;;;;CONCLUIDA;True;0,9663384832649643;1,0;1,0;0,7844722282107016;0,6586441863669917;0,1851740071976712;0,12252028970030139
Propriedade intelectual;Apoio na prevenção de vazamento de informações estratégicas;;Abraão;2026-02-19 09:06:00;2026-04-13 13:00:00.000000000;2026-04-13 15:00:00.000000000;1,0;;2,0;2026-04-13 15:00:00.000000000;;AHP_APRENDIZAGEM_ESPECIALIZACAO_WORKLOAD;;;;;PENDENTE;True;0,9205792452293684;1,0;1,0;0,4914852338866135;0,6586441863669917;0,1851740071976712;0,07676105166470545
Contencioso;Análise de decisões judiciais;;Abraão;2026-02-19 09:07:00;2026-04-13 15:00:00.000000000;2026-04-13 17:00:00.000000000;1,0;;2,0;2026-04-13 17:00:00.000000000;;AHP_APRENDIZAGEM_ESPECIALIZACAO_WORKLOAD;;;;;PENDENTE;True;0,919905902670906;1,0;1,0;0,487173959905152;0,6586441863669917;0,1851740071976712;0,07608770910624313
Contratos;Contrato de Mútuo, Doação ou Comodato;;Caim;2026-02-19 09:08:00;2026-05-22 09:00:00.000000000;2026-05-22 17:00:00.000000000;3,0;;8,0;2026-05-22 17:00:00.000000000;;AHP_APRENDIZAGEM_ESPECIALIZACAO_WORKLOAD;;;;;PENDENTE;True;0,8268574481111939;1,0;0,9084064458606028;0,0;0,6586441863669917;0,16821326174420217;0,0
Societário;Regularização societária;;Davi;2026-02-19 09:09:00;2026-05-20 11:02:59.999999999;2026-05-21 11:02:59.999999999;3,0;;8,0;2026-05-21 11:02:59.999999999;;AHP_APRENDIZAGEM_ESPECIALIZACAO_WORKLOAD;;;;;PENDENTE;True;0,7233027265599865;1,0;0,30994568920985843;0,04651409196863752;0,6586441863669917;0,05739388528463348;0,007264654908361213
Regulatório;Apoio jurídico à governança de instituições reguladas;;Davi;2026-02-19 09:10:00;2026-05-21 11:02:59.999999999;2026-05-22 11:02:59.999999999;3,0;;8,0;2026-05-22 11:02:59.999999999;;AHP_APRENDIZAGEM_ESPECIALIZACAO_WORKLOAD;;;;;PENDENTE;True;0,8484351382558537;1,0;1,0;0,029561347743165784;0,6586441863669917;0,1851740071976712;0,004616944691190808
Trabalhista;Apoio em negociações sindicais;;Abraão;2026-02-19 09:11:00;2026-04-14 09:00:00.000000000;2026-04-14 17:00:00.000000000;3,0;;8,0;2026-04-14 17:00:00.000000000;;AHP_APRENDIZAGEM_ESPECIALIZACAO_WORKLOAD;;;;;PENDENTE;True;0,9206017898626035;1,0;1,0;0,4916295825386734;0,6586441863669917;0,1851740071976712;0,07678359629794068
Governança;Outras atividades de governança;;Eva;2026-02-19 09:12:00;2026-03-19 15:04:59.999999999;2026-03-20 15:05:00.000000000;3,0;;8,0;2026-03-20 15:05:00.000000000;;AHP_APRENDIZAGEM_ESPECIALIZACAO_WORKLOAD;;;;;CONCLUIDA;True;0,9662472107941222;1,0;1,0;0,7838878293429633;0,6586441863669917;0,1851740071976712;0,12242901722945926
Direito financeiro;Apoio jurídico à governança financeira corporativa;;Esaú;2026-02-19 09:13:00;2026-03-03 09:06:00.000000000;2026-03-04 09:05:59.999999999;3,0;;8,0;2026-03-04 09:05:59.999999999;;AHP_APRENDIZAGEM_ESPECIALIZACAO_WORKLOAD;;;;;CONCLUIDA;True;1,0;1,0;1,0;1,0;0,6586441863669917;0,1851740071976712;0,1561818064353371
Direito financeiro;Negociação jurídica com bancos e instituições de crédito;;Esaú;2026-02-19 09:14:00;2026-03-04 09:05:59.999999999;2026-03-05 09:05:59.999999999;3,0;;8,0;2026-03-05 09:05:59.999999999;;AHP_APRENDIZAGEM_ESPECIALIZACAO_WORKLOAD;;;;;CONCLUIDA;True;1,0;1,0;1,0;1,0;0,6586441863669917;0,1851740071976712;0,1561818064353371
Regulatório;Apoio a ofertas públicas e privadas sob a ótica regulatória;;Davi;2026-02-20 09:00:00;2026-05-22 11:02:59.999999999;2026-05-25 11:02:59.999999999;3,0;;8,0;2026-05-25 11:02:59.999999999;;AHP_APRENDIZAGEM_ESPECIALIZACAO_WORKLOAD;;;;;PENDENTE;True;0,8458565391410825;1,0;1,0;0,013051107699048959;0,6586441863669917;0,1851740071976712;0,002038345576419602
Direito financeiro;Interface com processos de recuperação judicial e extrajudicial;;Esaú;2026-02-20 09:01:00;2026-03-05 09:05:59.999999999;2026-03-09 09:05:59.999999999;4,0;;16,0;2026-03-09 09:05:59.999999999;;AHP_APRENDIZAGEM_ESPECIALIZACAO_WORKLOAD;;;;;CONCLUIDA;True;1,0;1,0;1,0;1,0;0,6586441863669917;0,1851740071976712;0,1561818064353371
Direito digital;Programa de conformidade com LGPD;;Eva;2026-02-20 09:02:00;2026-03-20 15:05:00.000000000;2026-03-23 09:04:59.999999999;1,0;;2,0;2026-03-23 09:04:59.999999999;;AHP_APRENDIZAGEM_ESPECIALIZACAO_WORKLOAD;;;;;CONCLUIDA;True;0,9724412764523481;1,0;1,0;0,823547158426152;0,6586441863669917;0,1851740071976712;0,12862308288768518
Direito financeiro;Estruturação jurídica de debêntures, CRI, CRA, notas comerciais;;Esaú;2026-02-20 09:03:00;2026-03-09 09:05:59.999999999;2026-03-12 09:06:00.000000000;5,0;;24,0;2026-03-12 09:06:00.000000000;;AHP_APRENDIZAGEM_ESPECIALIZACAO_WORKLOAD;;;;;CONCLUIDA;True;1,0;1,0;1,0;1,0;0,6586441863669917;0,1851740071976712;0,1561818064353371
Governança;Política de Governaça Corporativa;;Eva;2026-02-20 09:04:00;2026-03-23 09:04:59.999999999;2026-03-24 09:04:59.999999999;3,0;;8,0;2026-03-24 09:04:59.999999999;;AHP_APRENDIZAGEM_ESPECIALIZACAO_WORKLOAD;;;;;CONCLUIDA;True;0,9790798465598536;1,0;1,0;0,8660525581204118;0,6586441863669917;0,1851740071976712;0,1352616529951907
Societário;Avaliação de impactos (societário, contratual, regulatório, concorrencial, trabalhista, tributário);;Davi;2026-02-20 09:05:00;2026-05-25 11:02:59.999999999;2026-05-26 11:02:59.999999999;3,0;;8,0;2026-05-26 11:02:59.999999999;;AHP_APRENDIZAGEM_ESPECIALIZACAO_WORKLOAD;;;;;PENDENTE;True;0,7160380716516253;1,0;0,30994568920985843;0,0;0,6586441863669917;0,05739388528463348;0,0
Contratos;Contrato de Distribuição;;Caim;2026-02-20 09:06:00;2026-05-25 09:00:00.000000000;2026-05-25 17:00:00.000000000;3,0;;8,0;2026-05-25 17:00:00.000000000;;AHP_APRENDIZAGEM_ESPECIALIZACAO_WORKLOAD;;;;;PENDENTE;True;0,8316717385630363;1,0;0,9145049646062321;0,023594318581977962;0,6586441863669917;0,16934254889830044;0,0036850032977441597
Regulatório;Enquadramento jurídico-regulatório de tokens, valores mobiliários e instrumentos financeiros;;Davi;2026-02-20 09:07:00;2026-05-26 11:02:59.999999999;2026-05-27 11:02:59.999999999;3,0;;8,0;2026-05-27 11:02:59.999999999;;AHP_APRENDIZAGEM_ESPECIALIZACAO_WORKLOAD;;;;;PENDENTE;True;0,8438181935646629;1,0;1,0;0,0;0,6586441863669917;0,1851740071976712;0,0
Contratos;Contrato de trabalho;;Caim;2026-02-20 09:08:00;2026-05-26 09:00:00.000000000;2026-05-26 11:00:00.000000000;1,0;;2,0;2026-05-26 11:00:00.000000000;;AHP_APRENDIZAGEM_ESPECIALIZACAO_WORKLOAD;;;;;PENDENTE;True;0,8316038044084519;1,0;0,9145049646062321;0,023159350155533203;0,6586441863669917;0,16934254889830044;0,003617069143159681
Contratos;Contratos imobiliários;;Caim;2026-02-20 09:09:00;2026-05-26 11:00:00.000000000;2026-05-27 11:00:00.000000000;3,0;;8,0;2026-05-27 11:00:00.000000000;;AHP_APRENDIZAGEM_ESPECIALIZACAO_WORKLOAD;;;;;PENDENTE;True;0,8308839896535942;1,0;0,9145049646062321;0,018550524253934327;0,6586441863669917;0,16934254889830044;0,0028972543883019975
Direito digital;Elaboração e atualização de políticas de privacidade e cookies;;Eva;2026-02-20 09:10:00;2026-03-24 09:04:59.999999999;2026-03-25 09:04:59.999999999;3,0;;8,0;2026-03-25 09:04:59.999999999;;AHP_APRENDIZAGEM_ESPECIALIZACAO_WORKLOAD;;;;;CONCLUIDA;True;0,9769719263007459;1,0;1,0;0,8525559780307174;0,6586441863669917;0,1851740071976712;0,13315373273608302
Trabalhista;Apoio jurídico ao RH em decisões do dia a dia;;Abraão;2026-02-20 09:11:00;2026-04-15 09:00:00.000000000;2026-04-15 11:00:00.000000000;1,0;;2,0;2026-04-15 11:00:00.000000000;;AHP_APRENDIZAGEM_ESPECIALIZACAO_WORKLOAD;;;;;PENDENTE;True;0,9309337742713092;1,0;1,0;0,5577831547409726;0,6586441863669917;0,1851740071976712;0,08711558070664627
Propriedade intelectual;Interface com escritórios especializados e o INPI;;Abraão;2026-02-20 09:12:00;2026-04-15 11:00:00.000000000;2026-04-15 13:00:00.000000000;1,0;;2,0;2026-04-15 13:00:00.000000000;;AHP_APRENDIZAGEM_ESPECIALIZACAO_WORKLOAD;;;;;PENDENTE;True;0,9302139595164516;1,0;1,0;0,553174328839374;0,6586441863669917;0,1851740071976712;0,08639576595178863
Direito financeiro;Análise de impacto financeiro-jurídico;;Esaú;2026-02-20 09:13:00;2026-03-12 09:06:00.000000000;2026-03-12 11:06:00.000000000;1,0;;2,0;2026-03-12 11:06:00.000000000;;AHP_APRENDIZAGEM_ESPECIALIZACAO_WORKLOAD;;;;;CONCLUIDA;True;1,0;1,0;1,0;1,0;0,6586441863669917;0,1851740071976712;0,1561818064353371
Contratos;Contrato de prestação de serviços;;Caim;2026-02-20 09:14:00;2026-05-27 11:00:00.000000000;2026-05-28 11:00:00.000000000;3,0;;8,0;2026-05-28 11:00:00.000000000;;AHP_APRENDIZAGEM_ESPECIALIZACAO_WORKLOAD;;;;;PENDENTE;True;0,8280048139557002;1,0;0,9145049646062321;0,00011575413821026133;0,6586441863669917;0,16934254889830044;1,8078690408044295e-05
Contencioso;Avaliação de precedentes relevantes;;Abraão;2026-02-23 09:00:00;2026-04-15 13:00:00.000000000;2026-04-15 15:00:00.000000000;1,0;;2,0;2026-04-15 15:00:00.000000000;;AHP_APRENDIZAGEM_ESPECIALIZACAO_WORKLOAD;;;;;PENDENTE;True;0,931157871634835;1,0;1,0;0,5592180040914859;0,6586441863669917;0,1851740071976712;0,08733967807017201
Regulatório;Apoio regulatório a fundos de investimento;;Davi;2026-02-23 09:01:00;2026-05-27 11:02:59.999999999;2026-06-01 11:03:00.000000000;5,0;;24,0;2026-06-01 11:03:00.000000000;;AHP_APRENDIZAGEM_ESPECIALIZACAO_WORKLOAD;;;;;PENDENTE;True;0,8466407563316635;1,0;1,0;0,018072289157246558;0,6586441863669917;0,1851740071976712;0,0028225627670005232
Direito digital;Adequação de contratos a regras internacionais de privacidade;;Eva;2026-02-23 09:02:00;2026-03-25 09:04:59.999999999;2026-03-26 09:04:59.999999999;3,0;;8,0;2026-03-26 09:04:59.999999999;;AHP_APRENDIZAGEM_ESPECIALIZACAO_WORKLOAD;;;;;CONCLUIDA;True;0,9760278025652674;1,0;1,0;0,8465109478378477;0,6586441863669917;0,1851740071976712;0,1322096090006045
Contratos;Contrato de Cessão de Crédito;;Caim;2026-02-23 09:03:00;2026-05-28 11:00:00.000000000;2026-05-29 11:00:00.000000000;3,0;;8,0;2026-05-29 11:00:00.000000000;;AHP_APRENDIZAGEM_ESPECIALIZACAO_WORKLOAD;;;;;PENDENTE;True;0,8345526957643917;1,0;0,9202734258799518;0,03520122820423754;0,6586441863669917;0,1704107179877197;0,005497791409680357
Contratos;Contratos imobiliários;;Caim;2026-02-23 09:04:00;2026-05-29 11:00:00.000000000;2026-06-01 11:00:00.000000000;3,0;;8,0;2026-06-01 11:00:00.000000000;;AHP_APRENDIZAGEM_ESPECIALIZACAO_WORKLOAD;;;;;PENDENTE;True;0,8318123635975254;1,0;0,9202734258799518;0,017655444675341823;0,6586441863669917;0,1704107179877197;0,00275745924281404
Direito digital;Avaliação de riscos legais em plataformas e marketplaces;;Eva;2026-02-23 09:05:00;2026-03-26 09:04:59.999999999;2026-03-26 13:04:59.999999999;2,0;;4,0;2026-03-26 13:04:59.999999999;;AHP_APRENDIZAGEM_ESPECIALIZACAO_WORKLOAD;;;;;CONCLUIDA;True;0,9732874703984011;1,0;1,0;0,8289651643089521;0,6586441863669917;0,1851740071976712;0,12946927683373818
Contratos;Contratos imobiliários;;Caim;2026-02-23 09:06:00;2026-06-01 11:00:00.000000000;2026-06-02 11:00:00.000000000;3,0;;8,0;2026-06-02 11:00:00.000000000;;AHP_APRENDIZAGEM_ESPECIALIZACAO_WORKLOAD;;;;;PENDENTE;True;0,8290720314306592;1,0;0,9202734258799518;0,00010966114644635943;0,6586441863669917;0,1704107179877197;1,7127075947762463e-05
Regulatório;Gestão de prazos regulatórios críticos;;Davi;2026-02-23 09:07:00;2026-06-01 11:03:00.000000000;2026-06-02 11:02:59.999999999;3,0;;8,0;2026-06-02 11:02:59.999999999;;AHP_APRENDIZAGEM_ESPECIALIZACAO_WORKLOAD;;;;;PENDENTE;True;0,8464947302346426;1,0;1,0;0,017137314076898086;0,6586441863669917;0,1851740071976712;0,002676536669979675
Direito digital;Gestão de Processos com ANPD;;Eva;2026-02-23 09:08:00;2026-03-26 13:04:59.999999999;2026-03-26 15:04:59.999999999;1,0;;2,0;2026-03-26 15:04:59.999999999;;AHP_APRENDIZAGEM_ESPECIALIZACAO_WORKLOAD;;;;;CONCLUIDA;True;0,9724015409039974;1,0;1,0;0,823292739878579;0,6586441863669917;0,1851740071976712;0,12858334733933457
Governança;Acompanhamento de planos de mitigação;;Eva;2026-02-23 09:09:00;2026-03-26 15:04:59.999999999;2026-03-27 09:04:59.999999999;1,0;;2,0;2026-03-27 09:04:59.999999999;;AHP_APRENDIZAGEM_ESPECIALIZACAO_WORKLOAD;;;;;CONCLUIDA;True;0,9717282709118201;1,0;1,0;0,8189819305241226;0,6586441863669917;0,1851740071976712;0,12791007734715723
Contratos;Contrato de Representação Comercial;;Caim;2026-02-23 09:10:00;2026-06-02 11:00:00.000000000;2026-06-03 11:00:00.000000000;3,0;;8,0;2026-06-03 11:00:00.000000000;;AHP_APRENDIZAGEM_ESPECIALIZACAO_WORKLOAD;;;;;PENDENTE;True;0,8290717361044223;1,0;0,9202734258799518;0,00010777023326267394;0,6586441863669917;0,1704107179877197;1,683174971092207e-05
Societário;Gestão jurídica do encerramento de operações;;Davi;2026-02-23 09:11:00;2026-06-02 11:02:59.999999999;2026-06-02 13:02:59.999999999;1,0;;2,0;2026-06-02 13:02:59.999999999;;AHP_APRENDIZAGEM_ESPECIALIZACAO_WORKLOAD;;;;;PENDENTE;True;0,7186692336800287;1,0;0,30994568920985843;0,016846789574640794;0,6586441863669917;0,05739388528463348;0,0026311620284034036
Concorrencial;Relacionamento CADE;;Abraão;2026-02-23 09:12:00;2026-04-15 15:00:00.000000000;2026-04-15 17:00:00.000000000;1,0;;2,0;2026-04-15 17:00:00.000000000;;AHP_APRENDIZAGEM_ESPECIALIZACAO_WORKLOAD;;;;;PENDENTE;True;0,9351641960569869;1,0;1,0;0,5848696757784224;0,6586441863669917;0,1851740071976712;0,09134600249232394
Contratos;Contrato de Licenciamento de Software;;Caim;2026-02-23 09:13:00;2026-06-03 11:00:00.000000000;2026-06-05 11:00:00.000000000;4,0;;16,0;2026-06-05 11:00:00.000000000;;AHP_APRENDIZAGEM_ESPECIALIZACAO_WORKLOAD;;;;;PENDENTE;True;0,8290549043547114;1,0;0,9202734258799518;0,0;0,6586441863669917;0,1704107179877197;0,0
Concorrencial;M&A Concorrencial;;Abraão;2026-02-23 09:14:00;2026-04-16 09:00:00.000000000;2026-04-20 17:00:00.000000000;5,0;;24,0;2026-04-20 17:00:00.000000000;;AHP_APRENDIZAGEM_ESPECIALIZACAO_WORKLOAD;;;;;PENDENTE;True;0,9366501752539885;1,0;1,0;0,5943840951011168;0,6586441863669917;0,1851740071976712;0,09283198168932562
Direito financeiro;Registro de garantias em cartórios e sistemas competentes;;Esaú;2026-02-24 09:00:00;2026-03-12 11:06:00.000000000;2026-03-12 13:06:00.000000000;1,0;;2,0;2026-03-12 13:06:00.000000000;;AHP_APRENDIZAGEM_ESPECIALIZACAO_WORKLOAD;;;;;CONCLUIDA;True;1,0;1,0;1,0;1,0;0,6586441863669917;0,1851740071976712;0,1561818064353371
Direito financeiro;Apoio em ofertas públicas e privadas;;Esaú;2026-02-24 09:01:00;2026-03-12 13:06:00.000000000;2026-03-12 15:06:00.000000000;1,0;;2,0;2026-03-12 15:06:00.000000000;;AHP_APRENDIZAGEM_ESPECIALIZACAO_WORKLOAD;;;;;CONCLUIDA;True;1,0;1,0;1,0;1,0;0,6586441863669917;0,1851740071976712;0,1561818064353371
Contratos;Contrato de Joint Venture;;Caim;2026-02-24 09:02:00;2026-06-05 11:00:00.000000000;2026-06-10 11:00:00.000000000;5,0;;24,0;2026-06-10 11:00:00.000000000;;AHP_APRENDIZAGEM_ESPECIALIZACAO_WORKLOAD;;;;;PENDENTE;True;0,8306279118775501;1,0;0,9287681792562156;0,0;0,6586441863669917;0,17198372551055843;0,0
Direito financeiro;Implementação de políticas internas de compliance financeiro;;Esaú;2026-02-24 09:03:00;2026-03-12 15:06:00.000000000;2026-03-13 15:06:00.000000000;3,0;;8,0;2026-03-13 15:06:00.000000000;;AHP_APRENDIZAGEM_ESPECIALIZACAO_WORKLOAD;;;;;CONCLUIDA;True;1,0;1,0;1,0;1,0;0,6586441863669917;0,1851740071976712;0,1561818064353371
Propriedade intelectual;Análise de riscos de colisão marcária;;Abraão;2026-02-24 09:04:00;2026-04-21 09:00:00.000000000;2026-04-21 11:00:00.000000000;1,0;;2,0;2026-04-21 11:00:00.000000000;;AHP_APRENDIZAGEM_ESPECIALIZACAO_WORKLOAD;;;;;PENDENTE;True;0,9344217620107973;1,0;1,0;0,5801160232043187;0,6586441863669917;0,1851740071976712;0,09060356844613443
Direito financeiro;Apoio em processos administrativos regulatórios;;Esaú;2026-02-24 09:05:00;2026-03-13 15:06:00.000000000;2026-03-16 15:06:00.000000000;3,0;;8,0;2026-03-16 15:06:00.000000000;;AHP_APRENDIZAGEM_ESPECIALIZACAO_WORKLOAD;;;;;CONCLUIDA;True;1,0;1,0;1,0;1,0;0,6586441863669917;0,1851740071976712;0,1561818064353371
Contratos;Contrato de Desenvolvimento de Software;;Caim;2026-02-24 09:06:00;2026-06-10 11:00:00.000000000;2026-06-11 11:00:00.000000000;3,0;;8,0;2026-06-11 11:00:00.000000000;;AHP_APRENDIZAGEM_ESPECIALIZACAO_WORKLOAD;;;;;PENDENTE;True;0,8306279118775501;1,0;0,9287681792562156;0,0;0,6586441863669917;0,17198372551055843;0,0
Societário;Elaboração e negociação de  SPA;;Davi;2026-02-24 09:07:00;2026-06-02 13:02:59.999999999;2026-06-03 13:03:00.000000000;3,0;;8,0;2026-06-03 13:03:00.000000000;;AHP_APRENDIZAGEM_ESPECIALIZACAO_WORKLOAD;;;;;PENDENTE;True;0,7311300743997424;1,0;0,30042283408277665;0,10792158431680327;0,6586441863669917;0,05563050004078886;0,01685538799196188
Concorrencial;M&A Concorrencial;;Abraão;2026-02-24 09:08:00;2026-04-21 11:00:00.000000000;2026-04-24 11:00:00.000000000;5,0;;24,0;2026-04-24 11:00:00.000000000;;AHP_APRENDIZAGEM_ESPECIALIZACAO_WORKLOAD;;;;;PENDENTE;True;0,936296318599338;1,0;1,0;0,5921184236844079;0,6586441863669917;0,1851740071976712;0,09247812503467512
Contratos;Outros tipos contratuais;;Caim;2026-02-24 09:09:00;2026-06-11 11:00:00.000000000;2026-06-12 11:00:00.000000000;3,0;;8,0;2026-06-12 11:00:00.000000000;;AHP_APRENDIZAGEM_ESPECIALIZACAO_WORKLOAD;;;;;PENDENTE;True;0,8306279118775501;1,0;0,9287681792562156;0,0;0,6586441863669917;0,17198372551055843;0,0
Trabalhista;Gestão de riscos relacionados a acidentes de trabalho;;Abraão;2026-02-24 09:10:00;2026-04-24 11:00:00.000000000;2026-04-24 13:00:00.000000000;1,0;;2,0;2026-04-24 13:00:00.000000000;;AHP_APRENDIZAGEM_ESPECIALIZACAO_WORKLOAD;;;;;PENDENTE;True;0,9299196029008914;1,0;1,0;0,5512896239414191;0,6586441863669917;0,1851740071976712;0,08610140933622851
Contratos;Contrato de Locação;;Caim;2026-02-24 09:11:00;2026-06-12 11:00:00.000000000;2026-06-15 11:00:00.000000000;3,0;;8,0;2026-06-15 11:00:00.000000000;;AHP_APRENDIZAGEM_ESPECIALIZACAO_WORKLOAD;;;;;PENDENTE;True;0,8306279118775501;1,0;0,9287681792562156;0,0;0,6586441863669917;0,17198372551055843;0,0
Societário;Reorganizações societárias internas;;Davi;2026-02-24 09:12:00;2026-06-03 13:03:00.000000000;2026-06-08 13:03:00.000000000;5,0;;24,0;2026-06-08 13:03:00.000000000;;AHP_APRENDIZAGEM_ESPECIALIZACAO_WORKLOAD;;;;;PENDENTE;True;0,7330292181167628;1,0;0,30042283408277665;0,12008141112612247;0,6586441863669917;0,05563050004078886;0,018754531708982197
Contratos;MoU;;Caim;2026-02-24 09:13:00;2026-06-15 11:00:00.000000000;2026-06-15 13:00:00.000000000;1,0;;2,0;2026-06-15 13:00:00.000000000;;AHP_APRENDIZAGEM_ESPECIALIZACAO_WORKLOAD;;;;;PENDENTE;True;0,8306279118775501;1,0;0,9287681792562156;0,0;0,6586441863669917;0,17198372551055843;0,0
Contratos;Contrato de Agência, Franquia ou Parceria Empresarial;;Caim;2026-02-24 09:14:00;2026-06-15 13:00:00.000000000;2026-06-16 13:00:00.000000000;3,0;;8,0;2026-06-16 13:00:00.000000000;;AHP_APRENDIZAGEM_ESPECIALIZACAO_WORKLOAD;;;;;PENDENTE;True;0,8306279118775501;1,0;0,9287681792562156;0,0;0,6586441863669917;0,17198372551055843;0,0
Direito digital;Interface entre jurídico, TI e segurança da informação;;Eva;2026-02-25 09:00:00;2026-03-27 09:04:59.999999999;2026-03-27 11:04:59.999999999;1,0;;2,0;2026-03-27 11:04:59.999999999;;AHP_APRENDIZAGEM_ESPECIALIZACAO_WORKLOAD;;;;;CONCLUIDA;True;0,9804042666008376;1,0;1,0;0,8745325473791626;0,6586441863669917;0,1851740071976712;0,13658607303617465
Direito financeiro;Apoio a programas de prevenção à lavagem de dinheiro (PLD/FT);;Esaú;2026-02-25 09:01:00;2026-03-16 15:06:00.000000000;2026-03-17 09:06:00.000000000;1,0;;2,0;2026-03-17 09:06:00.000000000;;AHP_APRENDIZAGEM_ESPECIALIZACAO_WORKLOAD;;;;;CONCLUIDA;True;1,0;1,0;1,0;1,0;0,6586441863669917;0,1851740071976712;0,1561818064353371
Contratos;Contrato de Cessão de Crédito;;Caim;2026-02-25 09:02:00;2026-06-16 13:00:00.000000000;2026-06-17 13:00:00.000000000;3,0;;8,0;2026-06-17 13:00:00.000000000;;AHP_APRENDIZAGEM_ESPECIALIZACAO_WORKLOAD;;;;;PENDENTE;True;0,8339097907130923;1,0;0,9464913947615039;0,0;0,6586441863669917;0,17526560434610056;0,0
Contratos;Contratos de Seguros ou Previdência;;Caim;2026-02-25 09:03:00;2026-06-17 13:00:00.000000000;2026-06-18 13:00:00.000000000;3,0;;8,0;2026-06-18 13:00:00.000000000;;AHP_APRENDIZAGEM_ESPECIALIZACAO_WORKLOAD;;;;;PENDENTE;True;0,8339097907130923;1,0;0,9464913947615039;0,0;0,6586441863669917;0,17526560434610056;0,0
Societário;Estruturação de veículos societários (SPVs);;Davi;2026-02-25 09:04:00;2026-06-08 13:03:00.000000000;2026-06-11 13:03:00.000000000;5,0;;24,0;2026-06-11 13:03:00.000000000;;AHP_APRENDIZAGEM_ESPECIALIZACAO_WORKLOAD;;;;;PENDENTE;True;0,7327740872626327;1,0;0,30042283408277665;0,11844786071488635;0,6586441863669917;0,05563050004078886;0,01849940085485215
Direito financeiro;Negociação jurídica com bancos e instituições de crédito;;Esaú;2026-02-25 09:05:00;2026-03-17 09:06:00.000000000;2026-03-18 09:05:59.999999999;3,0;;8,0;2026-03-18 09:05:59.999999999;;AHP_APRENDIZAGEM_ESPECIALIZACAO_WORKLOAD;;;;;CONCLUIDA;True;1,0;1,0;1,0;1,0;0,6586441863669917;0,1851740071976712;0,1561818064353371
Societário;SPA / SHA e documentos correlatos;;Davi;2026-02-25 09:06:00;2026-06-11 13:03:00.000000000;2026-06-11 15:03:00.000000000;1,0;;2,0;2026-06-11 15:03:00.000000000;;AHP_APRENDIZAGEM_ESPECIALIZACAO_WORKLOAD;;;;;PENDENTE;True;0,7257352471413028;1,0;0,29896497031870234;0,07510810302684541;0,6586441863669917;0,05536054156564694;0,011730519208664128
Contratos;Letter of Intent;;Caim;2026-02-25 09:07:00;2026-06-18 13:00:00.000000000;2026-06-18 15:00:00.000000000;1,0;;2,0;2026-06-18 15:00:00.000000000;;AHP_APRENDIZAGEM_ESPECIALIZACAO_WORKLOAD;;;;;PENDENTE;True;0,8339097907130923;1,0;0,9464913947615039;0,0;0,6586441863669917;0,17526560434610056;0,0
Contratos;Contrato de Licenciamento de Software;;Caim;2026-02-25 09:08:00;2026-06-18 15:00:00.000000000;2026-06-22 15:00:00.000000000;4,0;;16,0;2026-06-22 15:00:00.000000000;;AHP_APRENDIZAGEM_ESPECIALIZACAO_WORKLOAD;;;;;PENDENTE;True;0,8339097907130923;1,0;0,9464913947615039;0,0;0,6586441863669917;0,17526560434610056;0,0
Governança;Integração com outras áreas;;Eva;2026-02-25 09:09:00;2026-03-27 11:04:59.999999999;2026-03-27 13:04:59.999999999;1,0;;2,0;2026-03-27 13:04:59.999999999;;AHP_APRENDIZAGEM_ESPECIALIZACAO_WORKLOAD;;;;;CONCLUIDA;True;0,9835316571319555;1,0;1,0;0,894556586046001;0,6586441863669917;0,1851740071976712;0,1397134635672925
Regulatório;Interface direta com equipes técnicas dos reguladores;;Davi;2026-02-25 09:10:00;2026-06-11 15:03:00.000000000;2026-06-12 15:03:00.000000000;3,0;;8,0;2026-06-12 15:03:00.000000000;;AHP_APRENDIZAGEM_ESPECIALIZACAO_WORKLOAD;;;;;PENDENTE;True;0,8597090320262972;1,0;1,0;0,10174577195848641;0,6586441863669917;0,1851740071976712;0,015890838461634273
Concorrencial;M&A Concorrencial;;Abraão;2026-02-25 09:11:00;2026-04-24 13:00:00.000000000;2026-04-29 13:00:00.000000000;5,0;;24,0;2026-04-29 13:00:00.000000000;;AHP_APRENDIZAGEM_ESPECIALIZACAO_WORKLOAD;;;;;PENDENTE;True;0,9375443185394496;1,0;1,0;0,6001091107471055;0,6586441863669917;0,1851740071976712;0,0937261249747867
Trabalhista;Resposta a autos de infração;;Abraão;2026-02-25 09:12:00;2026-04-29 13:00:00.000000000;2026-05-01 13:00:00.000000000;4,0;;16,0;2026-05-01 13:00:00.000000000;;AHP_APRENDIZAGEM_ESPECIALIZACAO_WORKLOAD;;;;;PENDENTE;True;0,9307278730867379;1,0;1,0;0,5564648117836796;0,6586441863669917;0,1851740071976712;0,08690967952207494
Contratos;Contratos Administrativos;;Caim;2026-02-25 09:13:00;2026-06-22 15:00:00.000000000;2026-06-23 15:00:00.000000000;3,0;;8,0;2026-06-23 15:00:00.000000000;;AHP_APRENDIZAGEM_ESPECIALIZACAO_WORKLOAD;;;;;PENDENTE;True;0,8339097907130923;1,0;0,9464913947615039;0,0;0,6586441863669917;0,17526560434610056;0,0
Direito digital;Avaliação de bases legais para tratamento de dados;;Eva;2026-02-25 09:14:00;2026-03-27 13:04:59.999999999;2026-03-30 09:05:00.000000000;2,0;;4,0;2026-03-30 09:05:00.000000000;;AHP_APRENDIZAGEM_ESPECIALIZACAO_WORKLOAD;;;;;CONCLUIDA;True;0,9832079129664666;1,0;1,0;0,8924837187071099;0,6586441863669917;0,1851740071976712;0,13938971940180367
Governança;Outras atividades de governança;;Eva;2026-02-26 09:00:00;2026-03-30 09:05:00.000000000;2026-03-31 09:04:59.999999999;3,0;;8,0;2026-03-31 09:04:59.999999999;;AHP_APRENDIZAGEM_ESPECIALIZACAO_WORKLOAD;;;;;CONCLUIDA;True;0,9820881294466555;1,0;1,0;0,8853139750258908;0,6586441863669917;0,1851740071976712;0,13826993588199255
Direito financeiro;Gestão de relacionamento jurídico-financeiro;;Esaú;2026-02-26 09:01:00;2026-03-18 09:05:59.999999999;2026-03-18 11:05:59.999999999;1,0;;2,0;2026-03-18 11:05:59.999999999;;AHP_APRENDIZAGEM_ESPECIALIZACAO_WORKLOAD;;;;;CONCLUIDA;True;1,0;1,0;1,0;1,0;0,6586441863669917;0,1851740071976712;0,1561818064353371
Contratos;NDA;;Caim;2026-02-26 09:02:00;2026-06-23 15:00:00.000000000;2026-06-23 17:00:00.000000000;1,0;;2,0;2026-06-23 17:00:00.000000000;;AHP_APRENDIZAGEM_ESPECIALIZACAO_WORKLOAD;;;;;PENDENTE;True;0,7873376534903125;0,9336498846407287;0,9309869537221535;0,0;0,6149430686208285;0,172394584869484;0,0
Governança;Benchmarking de melhores práticas;;Eva;2026-02-26 09:03:00;2026-03-31 09:04:59.999999999;2026-03-31 11:04:59.999999999;1,0;;2,0;2026-03-31 11:04:59.999999999;;AHP_APRENDIZAGEM_ESPECIALIZACAO_WORKLOAD;;;;;CONCLUIDA;True;0,9804084541668346;1,0;1,0;0,8745593595033956;0,6586441863669917;0,1851740071976712;0,13659026060217172
Contratos;Contrato de Cessão de Crédito;;Caim;2026-02-26 09:04:00;2026-06-24 09:00:00.000000000;2026-06-24 17:00:00.000000000;3,0;;8,0;2026-06-24 17:00:00.000000000;;AHP_APRENDIZAGEM_ESPECIALIZACAO_WORKLOAD;;;;;PENDENTE;True;0,7873376534903125;0,9336498846407287;0,9309869537221535;0,0;0,6149430686208285;0,172394584869484;0,0
Governança;Governança e Regimentos de Comitês;;Eva;2026-02-26 09:05:00;2026-03-31 11:04:59.999999999;2026-04-01 11:04:59.999999999;3,0;;8,0;2026-04-01 11:04:59.999999999;;AHP_APRENDIZAGEM_ESPECIALIZACAO_WORKLOAD;;;;;CONCLUIDA;True;0,9801334387114444;1,0;1,0;0,8727984920780075;0,6586441863669917;0,1851740071976712;0,13631524514678148
Governança;Monitoramento de aderência a políticas;;Eva;2026-02-26 09:06:00;2026-04-01 11:04:59.999999999;2026-04-02 11:04:59.999999999;3,0;;8,0;2026-04-02 11:04:59.999999999;;AHP_APRENDIZAGEM_ESPECIALIZACAO_WORKLOAD;;;;;CONCLUIDA;True;0,9779255319231732;1,0;1,0;0,858661718796509;0,6586441863669917;0,1851740071976712;0,13410733835851024
Direito financeiro;Interface com assessores financeiros, bancos de investimento e reguladores;;Esaú;2026-02-26 09:07:00;2026-03-18 11:05:59.999999999;2026-03-19 11:05:59.999999999;3,0;;8,0;2026-03-19 11:05:59.999999999;;AHP_APRENDIZAGEM_ESPECIALIZACAO_WORKLOAD;;;;;CONCLUIDA;True;1,0;1,0;1,0;1,0;0,6586441863669917;0,1851740071976712;0,1561818064353371
Contratos;Contratos imobiliários;;Caim;2026-02-26 09:08:00;2026-06-25 09:00:00.000000000;2026-06-25 17:00:00.000000000;3,0;;8,0;2026-06-25 17:00:00.000000000;;AHP_APRENDIZAGEM_ESPECIALIZACAO_WORKLOAD;;;;;PENDENTE;True;0,7873376534903125;0,9336498846407287;0,9309869537221535;0,0;0,6149430686208285;0,172394584869484;0,0
Propriedade intelectual;Definição de estratégias de proteção de informações confidenciais;;Abraão;2026-02-26 09:09:00;2026-05-01 13:00:00.000000000;2026-05-01 15:00:00.000000000;1,0;;2,0;2026-05-01 15:00:00.000000000;;AHP_APRENDIZAGEM_ESPECIALIZACAO_WORKLOAD;;;;;PENDENTE;True;0,9310305117013771;1,0;1,0;0,5584025446191907;0,6586441863669917;0,1851740071976712;0,08721231813671414
Contratos;Contratos Financeiros ou Bancários;;Caim;2026-02-26 09:10:00;2026-06-26 09:00:00.000000000;2026-06-26 17:00:00.000000000;3,0;;8,0;2026-06-26 17:00:00.000000000;;AHP_APRENDIZAGEM_ESPECIALIZACAO_WORKLOAD;;;;;PENDENTE;True;0,7873376534903125;0,9336498846407287;0,9309869537221535;0,0;0,6149430686208285;0,172394584869484;0,0
Societário;Estruturação de holdings e grupos;;Davi;2026-02-26 09:11:00;2026-06-12 15:03:00.000000000;2026-06-17 15:03:00.000000000;5,0;;24,0;2026-06-17 15:03:00.000000000;;AHP_APRENDIZAGEM_ESPECIALIZACAO_WORKLOAD;;;;;PENDENTE;True;0,7360590426465319;1,0;0,29762756558971054;0,14279491200557576;0,6586441863669917;0,05511288897273441;0,022301967306805826
Propriedade intelectual;Análise de titularidade de software desenvolvido internamente;;Abraão;2026-02-26 09:12:00;2026-05-01 15:00:00.000000000;2026-05-01 17:00:00.000000000;1,0;;2,0;2026-05-01 17:00:00.000000000;;AHP_APRENDIZAGEM_ESPECIALIZACAO_WORKLOAD;;;;;PENDENTE;True;0,931447644117335;1,0;1,0;0,5610733577278271;0,6586441863669917;0,1851740071976712;0,08762945055267214
Contratos;Contrato de Escrow de Código-Fonte;;Caim;2026-02-26 09:13:00;2026-06-29 09:00:00.000000000;2026-06-29 17:00:00.000000000;3,0;;8,0;2026-06-29 17:00:00.000000000;;AHP_APRENDIZAGEM_ESPECIALIZACAO_WORKLOAD;;;;;PENDENTE;True;0,7873376534903125;0,9336498846407287;0,9309869537221535;0,0;0,6149430686208285;0,172394584869484;0,0
Direito financeiro;Due diligence financeira e bancária;;Esaú;2026-02-26 09:14:00;2026-03-19 11:05:59.999999999;2026-03-24 11:06:00.000000000;5,0;;24,0;2026-03-24 11:06:00.000000000;;AHP_APRENDIZAGEM_ESPECIALIZACAO_WORKLOAD;;;;;CONCLUIDA;True;1,0;1,0;1,0;1,0;0,6586441863669917;0,1851740071976712;0,1561818064353371
Societário;Elaboração e negociação de  SHA;;Davi;2026-02-27 09:00:00;2026-06-17 15:03:00.000000000;2026-06-18 15:03:00.000000000;3,0;;8,0;2026-06-18 15:03:00.000000000;;AHP_APRENDIZAGEM_ESPECIALIZACAO_WORKLOAD;;;;;PENDENTE;True;0,7320488368873627;1,0;0,2974156532922698;0,11736963872624628;0,6586441863669917;0,05507364832344285;0,018331002196928042
Societário;Aprovações regulatórias e concorrenciais;;Davi;2026-02-27 09:01:00;2026-06-18 15:03:00.000000000;2026-06-19 15:03:00.000000000;3,0;;8,0;2026-06-19 15:03:00.000000000;;AHP_APRENDIZAGEM_ESPECIALIZACAO_WORKLOAD;;;;;PENDENTE;True;0,7298252126633322;1,0;0,2974156532922698;0,10313222993464635;0,6586441863669917;0,05507364832344285;0,016107377972897616
Trabalhista;Avaliação de riscos trabalhistas em práticas internas;;Abraão;2026-02-27 09:02:00;2026-05-04 09:00:00.000000000;2026-05-04 11:00:00.000000000;1,0;;2,0;2026-05-04 11:00:00.000000000;;AHP_APRENDIZAGEM_ESPECIALIZACAO_WORKLOAD;;;;;PENDENTE;True;0,9349867867499104;1,0;1,0;0,583733760455597;0,6586441863669917;0,1851740071976712;0,09116859318524749
Contratos;Contrato de Transferência de Tecnologia;;Abraão;2026-02-27 09:03:00;2026-05-04 11:00:00.000000000;2026-05-05 11:00:00.000000000;3,0;;8,0;2026-05-05 11:00:00.000000000;;AHP_APRENDIZAGEM_ESPECIALIZACAO_WORKLOAD;;;;;PENDENTE;True;0,7521152977547455;1,0;0,015436422755935656;0,5801744082576971;0,6586441863669917;0,0028584242585139243;0,0906126871292399
Trabalhista;Gestão de escritórios externos;;Abraão;2026-02-27 09:04:00;2026-05-05 11:00:00.000000000;2026-05-05 13:00:00.000000000;1,0;;2,0;2026-05-05 13:00:00.000000000;;AHP_APRENDIZAGEM_ESPECIALIZACAO_WORKLOAD;;;;;PENDENTE;True;0,9322072564698723;1,0;1,0;0,5659369994660972;0,6586441863669917;0,1851740071976712;0,08838906290520947
Contratos;Letter of Intent;;Abraão;2026-02-27 09:05:00;2026-05-05 13:00:00.000000000;2026-05-05 15:00:00.000000000;1,0;;2,0;2026-05-05 15:00:00.000000000;;AHP_APRENDIZAGEM_ESPECIALIZACAO_WORKLOAD;;;;;PENDENTE;True;0,7493357674747075;1,0;0,015436422755935656;0,5623776472681973;0,6586441863669917;0,0028584242585139243;0,08783315684920187
Trabalhista;Apoio em programas de stock options e incentivos de longo prazo;;Abraão;2026-02-27 09:06:00;2026-05-05 15:00:00.000000000;2026-05-05 17:00:00.000000000;1,0;;2,0;2026-05-05 17:00:00.000000000;;AHP_APRENDIZAGEM_ESPECIALIZACAO_WORKLOAD;;;;;PENDENTE;True;0,9310954443578572;1,0;1,0;0,5588182950702972;0,6586441863669917;0,1851740071976712;0,08727725079319426
Governança;Planejamento de Agenda do Conselho de Administração;;Eva;2026-02-27 09:07:00;2026-04-02 11:04:59.999999999;2026-04-02 13:04:59.999999999;1,0;;2,0;2026-04-02 13:04:59.999999999;;AHP_APRENDIZAGEM_ESPECIALIZACAO_WORKLOAD;;;;;CONCLUIDA;True;0,9833274508703158;1,0;1,0;0,8932490953318107;0,6586441863669917;0,1851740071976712;0,13950925730565283
Regulatório;Elaboração de defesas, manifestações e recursos;;Davi;2026-02-27 09:08:00;2026-06-19 15:03:00.000000000;2026-06-23 15:03:00.000000000;4,0;;16,0;2026-06-23 15:03:00.000000000;;AHP_APRENDIZAGEM_ESPECIALIZACAO_WORKLOAD;;;;;PENDENTE;True;0,8577019473135301;1,0;1,0;0,08889482114304642;0,6586441863669917;0,1851740071976712;0,01388375374886719
Regulatório;Tradução da norma para áreas de negócio, compliance e produto;;Davi;2026-02-27 09:09:00;2026-06-23 15:03:00.000000000;2026-06-24 15:03:00.000000000;3,0;;8,0;2026-06-24 15:03:00.000000000;;AHP_APRENDIZAGEM_ESPECIALIZACAO_WORKLOAD;;;;;PENDENTE;True;0,8532546988654692;1,0;1,0;0,06042000355984655;0,6586441863669917;0,1851740071976712;0,009436505300806333
Governança;Gestão de documentos de governança;;Eva;2026-02-27 09:10:00;2026-04-02 13:04:59.999999999;2026-04-03 13:05:00.000000000;3,0;;8,0;2026-04-03 13:05:00.000000000;;AHP_APRENDIZAGEM_ESPECIALIZACAO_WORKLOAD;;;;;EM_EXECUCAO;True;0,9827715448143082;1,0;1,0;0,8896897431339108;0,6586441863669917;0,1851740071976712;0,13895335124964525
Contratos;Contrato de compra e venda;;Abraão;2026-02-27 09:11:00;2026-05-06 09:00:00.000000000;2026-05-06 17:00:00.000000000;3,0;;8,0;2026-05-06 17:00:00.000000000;;AHP_APRENDIZAGEM_ESPECIALIZACAO_WORKLOAD;;;;;PENDENTE;True;0,7482239553626923;1,0;0,015436422755935656;0,5552589428723972;0,6586441863669917;0,0028584242585139243;0,08672134473718664
Contencioso;Elaboração de recursos;;Abraão;2026-02-27 09:12:00;2026-05-07 09:00:00.000000000;2026-05-08 17:00:00.000000000;4,0;;16,0;2026-05-08 17:00:00.000000000;;AHP_APRENDIZAGEM_ESPECIALIZACAO_WORKLOAD;;;;;PENDENTE;True;0,9283159140778191;1,0;1,0;0,5410215340807972;0,6586441863669917;0,1851740071976712;0,08449772051315621
Societário;Estruturação de veículos societários (SPVs);;Davi;2026-02-27 09:13:00;2026-06-24 15:03:00.000000000;2026-06-29 15:03:00.000000000;5,0;;24,0;2026-06-29 15:03:00.000000000;;AHP_APRENDIZAGEM_ESPECIALIZACAO_WORKLOAD;;;;;PENDENTE;True;0,7209307157672105;1,0;0,2974156532922698;0,04618259476824663;0,6586441863669917;0,05507364832344285;0,007212881076775908
Governança;Política de Governaça Corporativa;;Eva;2026-02-27 09:14:00;2026-04-03 13:05:00.000000000;2026-04-06 13:05:00.000000000;3,0;;8,0;2026-04-06 13:05:00.000000000;;AHP_APRENDIZAGEM_ESPECIALIZACAO_WORKLOAD;;;;;PENDENTE;True;0,9805479205902777;1,0;1,0;0,8754523343423108;0,6586441863669917;0,1851740071976712;0,1367297270256148
Societário;Estruturação de veículos societários (SPVs);;Davi;2026-03-02 09:00:00;2026-06-29 15:03:00.000000000;2026-07-02 15:03:00.000000000;5,0;;24,0;2026-07-02 15:03:00.000000000;;AHP_APRENDIZAGEM_ESPECIALIZACAO_WORKLOAD;;;;;PENDENTE;True;0,714259843095042;1,0;0,2974156532922698;0,003470368392952564;0,6586441863669917;0,05507364832344285;0,0005420084046074292
Contratos;Letter of Intent;;Abraão;2026-03-02 09:01:00;2026-05-11 09:00:00.000000000;2026-05-11 11:00:00.000000000;1,0;;2,0;2026-05-11 11:00:00.000000000;;AHP_APRENDIZAGEM_ESPECIALIZACAO_WORKLOAD;;;;;PENDENTE;True;0,7444278081343271;1,0;0,015436422755935656;0,530952992550732;0,6586441863669917;0,0028584242585139243;0,08292519750882141
Regulatório;Gestão de prazos regulatórios críticos;;Davi;2026-03-02 09:02:00;2026-07-02 15:03:00.000000000;2026-07-03 15:03:00.000000000;3,0;;8,0;2026-07-03 15:03:00.000000000;;AHP_APRENDIZAGEM_ESPECIALIZACAO_WORKLOAD;;;;;PENDENTE;True;0,8438181935646629;1,0;1,0;0,0;0,6586441863669917;0,1851740071976712;0,0
Trabalhista;Resposta a autos de infração;;Abraão;2026-03-02 09:03:00;2026-05-11 11:00:00.000000000;2026-05-13 11:00:00.000000000;4,0;;16,0;2026-05-13 11:00:00.000000000;;AHP_APRENDIZAGEM_ESPECIALIZACAO_WORKLOAD;;;;;PENDENTE;True;0,9272057430602086;1,0;1,0;0,5339133372751077;0,6586441863669917;0,1851740071976712;0,08338754949554572
Contratos;Contrato de Desenvolvimento de Software;;Abraão;2026-03-02 09:04:00;2026-05-13 11:00:00.000000000;2026-05-14 11:00:00.000000000;3,0;;8,0;2026-05-14 11:00:00.000000000;;AHP_APRENDIZAGEM_ESPECIALIZACAO_WORKLOAD;;;;;PENDENTE;True;0,7406686736729301;1,0;0,015436422755935656;0,5068840273671763;0,6586441863669917;0,0028584242585139243;0,07916606304742445
Contratos;NDA;;Abraão;2026-03-02 09:05:00;2026-05-14 11:00:00.000000000;2026-05-14 13:00:00.000000000;1,0;;2,0;2026-05-14 13:00:00.000000000;;AHP_APRENDIZAGEM_ESPECIALIZACAO_WORKLOAD;;;;;PENDENTE;True;0,7385579304488694;1,0;0,015436422755935656;0,49336937241321055;0,6586441863669917;0,0028584242585139243;0,07705531982336379
Direito financeiro;Avaliação de endividamento e garantias;;Esaú;2026-03-02 09:06:00;2026-03-24 11:06:00.000000000;2026-03-24 13:06:00.000000000;1,0;;2,0;2026-03-24 13:06:00.000000000;;AHP_APRENDIZAGEM_ESPECIALIZACAO_WORKLOAD;;;;;CONCLUIDA;True;0,9989446283879697;1,0;1,0;0,9932426725230171;0,6586441863669917;0,1851740071976712;0,1551264348233068
Direito financeiro;Operações de Crédito e Financiamento;;Esaú;2026-03-02 09:07:00;2026-03-24 13:06:00.000000000;2026-03-24 15:06:00.000000000;1,0;;2,0;2026-03-24 15:06:00.000000000;;AHP_APRENDIZAGEM_ESPECIALIZACAO_WORKLOAD;;;;;CONCLUIDA;True;0,9984169425819546;1,0;1,0;0,9898640087845257;0,6586441863669917;0,1851740071976712;0,15459874901729162
Concorrencial;Relacionamento CADE;;Abraão;2026-03-02 09:08:00;2026-05-14 13:00:00.000000000;2026-05-14 15:00:00.000000000;1,0;;2,0;2026-05-14 15:00:00.000000000;;AHP_APRENDIZAGEM_ESPECIALIZACAO_WORKLOAD;;;;;PENDENTE;True;0,9203458275820116;1,0;1,0;0,4899907086747192;0,6586441863669917;0,1851740071976712;0,07652763401734865
Direito financeiro;Apoio na estruturação de financiamentos de aquisição;;Esaú;2026-03-02 09:09:00;2026-03-24 15:06:00.000000000;2026-03-27 15:06:00.000000000;5,0;;24,0;2026-03-27 15:06:00.000000000;;AHP_APRENDIZAGEM_ESPECIALIZACAO_WORKLOAD;;;;;CONCLUIDA;True;0,9978892567759394;1,0;1,0;0,9864853450460345;0,6586441863669917;0,1851740071976712;0,1540710632112765
Societário;Análise jurídica preliminar e de estrutura da operação;;Davi;2026-03-02 09:10:00;2026-07-03 15:03:00.000000000;2026-07-08 15:03:00.000000000;5,0;;24,0;2026-07-08 15:03:00.000000000;;AHP_APRENDIZAGEM_ESPECIALIZACAO_WORKLOAD;;;;;PENDENTE;True;0,7137178346904346;1,0;0,2974156532922698;0,0;0,6586441863669917;0,05507364832344285;0,0
Regulatório;Registro de companhias abertas, emissores e participantes de mercado na CVM;;Davi;2026-03-02 09:11:00;2026-07-08 15:03:00.000000000;2026-07-09 09:03:00.000000000;1,0;;2,0;2026-07-09 09:03:00.000000000;;AHP_APRENDIZAGEM_ESPECIALIZACAO_WORKLOAD;;;;;PENDENTE;True;0,8438181935646629;1,0;1,0;0,0;0,6586441863669917;0,1851740071976712;0,0
Societário;Suporte jurídico às negociações comerciais;;Davi;2026-03-02 09:12:00;2026-07-09 09:03:00.000000000;2026-07-10 09:02:59.999999999;3,0;;8,0;2026-07-10 09:02:59.999999999;;AHP_APRENDIZAGEM_ESPECIALIZACAO_WORKLOAD;;;;;PENDENTE;True;0,7137178346904346;1,0;0,2974156532922698;0,0;0,6586441863669917;0,05507364832344285;0,0
Contratos;MoU;;Abraão;2026-03-02 09:13:00;2026-05-14 15:00:00.000000000;2026-05-14 17:00:00.000000000;1,0;;2,0;2026-05-14 17:00:00.000000000;;AHP_APRENDIZAGEM_ESPECIALIZACAO_WORKLOAD;;;;;PENDENTE;True;0,741857831909155;1,0;0,015436422755935656;0,514497963096094;0,6586441863669917;0,0028584242585139243;0,08035522128364936
Concorrencial;M&A Concorrencial;;Abraão;2026-03-02 09:14:00;2026-05-15 09:00:00.000000000;2026-05-19 17:00:00.000000000;5,0;;24,0;2026-05-19 17:00:00.000000000;;AHP_APRENDIZAGEM_ESPECIALIZACAO_WORKLOAD;;;;;PENDENTE;True;0,9236743915830824;1,0;1,0;0,5113028197140347;0,6586441863669917;0,1851740071976712;0,07985619801841944
Societário;Due diligence;;Davi;2026-03-03 09:00:00;2026-07-10 09:02:59.999999999;2026-07-15 09:03:00.000000000;5,0;;24,0;2026-07-15 09:03:00.000000000;;AHP_APRENDIZAGEM_ESPECIALIZACAO_WORKLOAD;;;;;PENDENTE;True;0,7137178346904346;1,0;0,2974156532922698;0,0;0,6586441863669917;0,05507364832344285;0,0
Regulatório;Alterações cadastrais e societárias perante CVM e BCB;;Davi;2026-03-03 09:01:00;2026-07-15 09:03:00.000000000;2026-07-15 11:03:00.000000000;1,0;;2,0;2026-07-15 11:03:00.000000000;;AHP_APRENDIZAGEM_ESPECIALIZACAO_WORKLOAD;;;;;PENDENTE;True;0,8438181935646629;1,0;1,0;0,0;0,6586441863669917;0,1851740071976712;0,0
Regulatório;Avaliação de conflitos de interesses e deveres fiduciários;;Davi;2026-03-03 09:02:00;2026-07-15 11:03:00.000000000;2026-07-15 13:03:00.000000000;1,0;;2,0;2026-07-15 13:03:00.000000000;;AHP_APRENDIZAGEM_ESPECIALIZACAO_WORKLOAD;;;;;PENDENTE;True;0,8438181935646629;1,0;1,0;0,0;0,6586441863669917;0,1851740071976712;0,0
Regulatório;Interface com escritórios externos especializados;;Davi;2026-03-03 09:03:00;2026-07-15 13:03:00.000000000;2026-07-15 15:03:00.000000000;1,0;;2,0;2026-07-15 15:03:00.000000000;;AHP_APRENDIZAGEM_ESPECIALIZACAO_WORKLOAD;;;;;PENDENTE;True;0,8438181935646629;1,0;1,0;0,0;0,6586441863669917;0,1851740071976712;0,0
Contencioso;Elaboração de contestação;;Abraão;2026-03-03 09:04:00;2026-05-20 09:00:00.000000000;2026-05-20 11:00:00.000000000;1,0;;2,0;2026-05-20 11:00:00.000000000;;AHP_APRENDIZAGEM_ESPECIALIZACAO_WORKLOAD;;;;;PENDENTE;True;0,921450753955305;1,0;1,0;0,49706532510099855;0,6586441863669917;0,1851740071976712;0,07763256039064206
Societário;Atualização de Contrato Social / Estatuto;;Davi;2026-03-03 09:05:00;2026-07-15 15:03:00.000000000;2026-07-16 15:03:00.000000000;3,0;;8,0;2026-07-16 15:03:00.000000000;;AHP_APRENDIZAGEM_ESPECIALIZACAO_WORKLOAD;;;;;PENDENTE;True;0,7137178346904346;1,0;0,2974156532922698;0,0;0,6586441863669917;0,05507364832344285;0,0
Contratos;Contrato de Cessão de Direitos Autorais;;Abraão;2026-03-03 09:06:00;2026-05-20 11:00:00.000000000;2026-05-21 11:00:00.000000000;3,0;;8,0;2026-05-21 11:00:00.000000000;;AHP_APRENDIZAGEM_ESPECIALIZACAO_WORKLOAD;;;;;PENDENTE;True;0,739538750012747;1,0;0,015045405802174587;0,5001129603132767;0,6586441863669917;0,002786018082303761;0,0781085455634516
Propriedade intelectual;Definição de estratégias de proteção de informações confidenciais;;Abraão;2026-03-03 09:07:00;2026-05-21 11:00:00.000000000;2026-05-21 13:00:00.000000000;1,0;;2,0;2026-05-21 13:00:00.000000000;;AHP_APRENDIZAGEM_ESPECIALIZACAO_WORKLOAD;;;;;PENDENTE;True;0,9200448889112568;1,0;1,0;0,48806386023043913;0,6586441863669917;0,1851740071976712;0,07622669534659386
Contencioso;Gestão de provas e documentos;;Abraão;2026-03-03 09:08:00;2026-05-21 13:00:00.000000000;2026-05-21 15:00:00.000000000;1,0;;2,0;2026-05-21 15:00:00.000000000;;AHP_APRENDIZAGEM_ESPECIALIZACAO_WORKLOAD;;;;;PENDENTE;True;0,9195744263570423;1,0;1,0;0,48505158520972963;0,6586441863669917;0,1851740071976712;0,07575623279237942
Contratos;Outros tipos contratuais;;Abraão;2026-03-03 09:09:00;2026-05-21 15:00:00.000000000;2026-05-22 15:00:00.000000000;3,0;;8,0;2026-05-22 15:00:00.000000000;;AHP_APRENDIZAGEM_ESPECIALIZACAO_WORKLOAD;;;;;PENDENTE;True;0,7367159746874604;1,0;0,015045405802174587;0,48203931018902024;0,6586441863669917;0,002786018082303761;0,07528577023816498
Governança;Planejamento de Agenda do Conselho de Administração;;Eva;2026-03-03 09:10:00;2026-04-06 13:05:00.000000000;2026-04-06 15:05:00.000000000;1,0;;2,0;2026-04-06 15:05:00.000000000;;AHP_APRENDIZAGEM_ESPECIALIZACAO_WORKLOAD;;;;;PENDENTE;True;0,9816558809069875;1,0;1,0;0,8825463764845913;0,6586441863669917;0,1851740071976712;0,1378376873423246
Regulatório;Análise regulatória de novos produtos financeiros e de investimento;;Davi;2026-03-03 09:11:00;2026-07-16 15:03:00.000000000;2026-07-17 15:03:00.000000000;3,0;;8,0;2026-07-17 15:03:00.000000000;;AHP_APRENDIZAGEM_ESPECIALIZACAO_WORKLOAD;;;;;PENDENTE;True;0,8438181935646629;1,0;1,0;0,0;0,6586441863669917;0,1851740071976712;0,0
Contratos;Contrato de Joint Venture;;Abraão;2026-03-03 09:12:00;2026-05-22 15:00:00.000000000;2026-05-27 15:00:00.000000000;5,0;;24,0;2026-05-27 15:00:00.000000000;;AHP_APRENDIZAGEM_ESPECIALIZACAO_WORKLOAD;;;;;PENDENTE;True;0,7358196488270462;1,0;0,015045405802174587;0,476300319964283;0,6586441863669917;0,002786018082303761;0,07438944437775077
Trabalhista;Análise de regimes de jornada e banco de horas;;Abraão;2026-03-03 09:13:00;2026-05-27 15:00:00.000000000;2026-05-27 17:00:00.000000000;1,0;;2,0;2026-05-27 17:00:00.000000000;;AHP_APRENDIZAGEM_ESPECIALIZACAO_WORKLOAD;;;;;PENDENTE;True;0,9126293012291938;1,0;1,0;0,4405833767393408;0,6586441863669917;0,1851740071976712;0,06881110766453093
Societário;Atas de Reunião e Assembleia;;Davi;2026-03-03 09:14:00;2026-07-17 15:03:00.000000000;2026-07-20 11:02:59.999999999;2,0;;4,0;2026-07-20 11:02:59.999999999;;AHP_APRENDIZAGEM_ESPECIALIZACAO_WORKLOAD;;;;;PENDENTE;True;0,7137178346904346;1,0;0,2974156532922698;0,0;0,6586441863669917;0,05507364832344285;0,0
Concorrencial;M&A Concorrencial;;Abraão;2026-03-04 09:00:00;2026-05-28 09:00:00.000000000;2026-06-01 17:00:00.000000000;5,0;;24,0;2026-06-01 17:00:00.000000000;;AHP_APRENDIZAGEM_ESPECIALIZACAO_WORKLOAD;;;;;PENDENTE;True;0,9126842153237177;1,0;1,0;0,44093498039777723;0,6586441863669917;0,1851740071976712;0,0688660217590548
Concorrencial;Análise de exclusividade, não concorrência e cláusulas MFN;;Abraão;2026-03-04 09:01:00;2026-06-02 09:00:00.000000000;2026-06-02 11:00:00.000000000;1,0;;2,0;2026-06-02 11:00:00.000000000;;AHP_APRENDIZAGEM_ESPECIALIZACAO_WORKLOAD;;;;;PENDENTE;True;0,9071388889616399;1,0;1,0;0,4054293956651932;0,6586441863669917;0,1851740071976712;0,0633206953969769
Societário;Estruturação de veículos societários (SPVs);;Davi;2026-03-04 09:02:00;2026-07-20 11:02:59.999999999;2026-07-23 11:03:00.000000000;5,0;;24,0;2026-07-23 11:03:00.000000000;;AHP_APRENDIZAGEM_ESPECIALIZACAO_WORKLOAD;;;;;PENDENTE;True;0,7127677097261103;1,0;0,29228466877288134;0,0;0,6586441863669917;0,05412352335911847;0,0
Direito financeiro;Análise de condições contratuais e riscos sistêmicos;;Esaú;2026-03-04 09:03:00;2026-03-27 15:06:00.000000000;2026-03-30 09:06:00.000000000;1,0;;2,0;2026-03-30 09:06:00.000000000;;AHP_APRENDIZAGEM_ESPECIALIZACAO_WORKLOAD;;;;;CONCLUIDA;True;0,992859750259406;1,0;1,0;0,9542824487463571;0,6586441863669917;0,1851740071976712;0,14904155669474306
Contratos;Letter of Intent;;Jacó;2026-03-04 09:04:00;2026-03-23 15:06:00.000000000;2026-03-24 09:06:00.000000000;1,0;;2,0;2026-03-24 09:06:00.000000000;;AHP_APRENDIZAGEM_ESPECIALIZACAO_WORKLOAD;;;;;CONCLUIDA;True;0,7381247056731728;0,88354670288334;0,0;1,0;0,5819428992378357;0,0;0,1561818064353371
Governança;Trasnparência e divulgação de informações;;Eva;2026-03-04 09:05:00;2026-04-06 15:05:00.000000000;2026-04-07 09:04:59.999999999;1,0;;2,0;2026-04-07 09:04:59.999999999;;AHP_APRENDIZAGEM_ESPECIALIZACAO_WORKLOAD;;;;;PENDENTE;True;0,9825494979986472;1,0;1,0;0,8882680230198406;0,6586441863669917;0,1851740071976712;0,13873130443398432
Governança;Código de Conduta;;Eva;2026-03-04 09:06:00;2026-04-07 09:04:59.999999999;2026-04-07 11:04:59.999999999;1,0;;2,0;2026-04-07 11:04:59.999999999;;AHP_APRENDIZAGEM_ESPECIALIZACAO_WORKLOAD;;;;;PENDENTE;True;0,9821019536002369;1,0;1,0;0,8854024882394135;0,6586441863669917;0,1851740071976712;0,1382837600355739
Contratos;MoU;;Jacó;2026-03-04 09:07:00;2026-03-24 09:06:00.000000000;2026-03-24 11:06:00.000000000;1,0;;2,0;2026-03-24 11:06:00.000000000;;AHP_APRENDIZAGEM_ESPECIALIZACAO_WORKLOAD;;;;;CONCLUIDA;True;0,7381247056731728;0,88354670288334;0,0;1,0;0,5819428992378357;0,0;0,1561818064353371
Direito financeiro;Apoio em processos administrativos regulatórios;;Esaú;2026-03-04 09:08:00;2026-03-30 09:06:00.000000000;2026-03-31 09:05:59.999999999;3,0;;8,0;2026-03-31 09:05:59.999999999;;AHP_APRENDIZAGEM_ESPECIALIZACAO_WORKLOAD;;;;;CONCLUIDA;True;0,9932675419310896;1,0;1,0;0,9568934549895997;0,6586441863669917;0,1851740071976712;0,14944934836642662
Contratos;Contrato de Locação;;Jacó;2026-03-04 09:09:00;2026-03-24 11:06:00.000000000;2026-03-25 11:05:59.999999999;3,0;;8,0;2026-03-25 11:05:59.999999999;;AHP_APRENDIZAGEM_ESPECIALIZACAO_WORKLOAD;;;;;CONCLUIDA;True;0,7381247056731728;0,88354670288334;0,0;1,0;0,5819428992378357;0,0;0,1561818064353371
Direito digital;Programa de conformidade com LGPD;;Eva;2026-03-04 09:10:00;2026-04-07 11:04:59.999999999;2026-04-07 13:04:59.999999999;1,0;;2,0;2026-04-07 13:04:59.999999999;;AHP_APRENDIZAGEM_ESPECIALIZACAO_WORKLOAD;;;;;PENDENTE;True;0,983657988177582;1,0;1,0;0,8953654577610229;0,6586441863669917;0,1851740071976712;0,1398397946129191
Contencioso;Contencioso Trabalhista;;Abraão;2026-03-04 09:11:00;2026-06-02 11:00:00.000000000;2026-06-04 11:00:00.000000000;4,0;;16,0;2026-06-04 11:00:00.000000000;;AHP_APRENDIZAGEM_ESPECIALIZACAO_WORKLOAD;;;;;PENDENTE;True;0,9110289266050916;1,0;1,0;0,4303365070134174;0,6586441863669917;0,1851740071976712;0,06721073304042864
Contratos;Contratos de Seguros ou Previdência;;Jacó;2026-03-04 09:12:00;2026-03-25 11:05:59.999999999;2026-03-26 11:05:59.999999999;3,0;;8,0;2026-03-26 11:05:59.999999999;;AHP_APRENDIZAGEM_ESPECIALIZACAO_WORKLOAD;;;;;CONCLUIDA;True;0,7381247056731728;0,88354670288334;0,0;1,0;0,5819428992378357;0,0;0,1561818064353371
Contratos;Contratos imobiliários;;Jacó;2026-03-04 09:13:00;2026-03-26 11:05:59.999999999;2026-03-27 11:05:59.999999999;3,0;;8,0;2026-03-27 11:05:59.999999999;;AHP_APRENDIZAGEM_ESPECIALIZACAO_WORKLOAD;;;;;CONCLUIDA;True;0,7381247056731728;0,88354670288334;0,0;1,0;0,5819428992378357;0,0;0,1561818064353371
Societário;Gestão de conflitos societários;;Davi;2026-03-04 09:14:00;2026-07-23 11:03:00.000000000;2026-07-23 13:03:00.000000000;1,0;;2,0;2026-07-23 13:03:00.000000000;;AHP_APRENDIZAGEM_ESPECIALIZACAO_WORKLOAD;;;;;PENDENTE;True;0,7127677097261103;1,0;0,29228466877288134;0,0;0,6586441863669917;0,05412352335911847;0,0
Governança;Planejamento de Agenda do Conselho de Administração;;Eva;2026-03-05 09:00:00;2026-04-07 13:04:59.999999999;2026-04-07 15:04:59.999999999;1,0;;2,0;2026-04-07 15:04:59.999999999;;AHP_APRENDIZAGEM_ESPECIALIZACAO_WORKLOAD;;;;;PENDENTE;True;0,9865628878357462;1,0;1,0;0,9139649331062312;0,6586441863669917;0,1851740071976712;0,14274469427108322
Direito financeiro;Apoio jurídico à governança financeira corporativa;;Esaú;2026-03-05 09:01:00;2026-03-31 09:05:59.999999999;2026-04-01 09:05:59.999999999;3,0;;8,0;2026-04-01 09:05:59.999999999;;AHP_APRENDIZAGEM_ESPECIALIZACAO_WORKLOAD;;;;;CONCLUIDA;True;0,9967556268416777;1,0;1,0;0,9792269456195233;0,6586441863669917;0,1851740071976712;0,15293743327701476
Contratos;Contrato de Locação;;Jacó;2026-03-05 09:02:00;2026-03-27 11:05:59.999999999;2026-03-30 11:05:59.999999999;3,0;;8,0;2026-03-30 11:05:59.999999999;;AHP_APRENDIZAGEM_ESPECIALIZACAO_WORKLOAD;;;;;CONCLUIDA;True;0,7434981848193846;0,8917050974420946;0,0;1,0;0,5873163783840475;0,0;0,1561818064353371
Direito digital;Apoio a litígios envolvendo dados, tecnologia e plataformas;;Eva;2026-03-05 09:03:00;2026-04-07 15:04:59.999999999;2026-04-09 15:05:00.000000000;4,0;;16,0;2026-04-09 15:05:00.000000000;;AHP_APRENDIZAGEM_ESPECIALIZACAO_WORKLOAD;;;;;PENDENTE;True;0,9878086179075203;1,0;1,0;0,9219410866685853;0,6586441863669917;0,1851740071976712;0,14399042434285733
Contencioso;Contencioso Tributário e Administrativo;;Abraão;2026-03-05 09:04:00;2026-06-04 11:00:00.000000000;2026-06-08 11:00:00.000000000;4,0;;16,0;2026-06-08 11:00:00.000000000;;AHP_APRENDIZAGEM_ESPECIALIZACAO_WORKLOAD;;;;;PENDENTE;True;0,9099659201283491;1,0;1,0;0,42353029506719714;0,6586441863669917;0,1851740071976712;0,0661477265636862
Trabalhista;Estruturação de planos de remuneração fixa e variável;;Abraão;2026-03-05 09:05:00;2026-06-08 11:00:00.000000000;2026-06-11 11:00:00.000000000;5,0;;24,0;2026-06-11 11:00:00.000000000;;AHP_APRENDIZAGEM_ESPECIALIZACAO_WORKLOAD;;;;;PENDENTE;True;0,906213522946931;1,0;1,0;0,3995044673023501;0,6586441863669917;0,1851740071976712;0,062395329382268105
Regulatório;Apoio jurídico em pedidos de autorização ao BCB (instituições financeiras, fintechs, SCD, SEP, IPs);;Davi;2026-03-05 09:06:00;2026-07-23 13:03:00.000000000;2026-07-23 15:03:00.000000000;1,0;;2,0;2026-07-23 15:03:00.000000000;;AHP_APRENDIZAGEM_ESPECIALIZACAO_WORKLOAD;;;;;PENDENTE;True;0,8438181935646629;1,0;1,0;0,0;0,6586441863669917;0,1851740071976712;0,0
Contratos;Contratos imobiliários;;Jacó;2026-03-05 09:07:00;2026-03-30 11:05:59.999999999;2026-03-31 11:05:59.999999999;3,0;;8,0;2026-03-31 11:05:59.999999999;;AHP_APRENDIZAGEM_ESPECIALIZACAO_WORKLOAD;;;;;CONCLUIDA;True;0,7434981848193846;0,8917050974420946;0,0;1,0;0,5873163783840475;0,0;0,1561818064353371
Regulatório;Elaboração de pareceres e notas técnicas internas;;Davi;2026-03-05 09:08:00;2026-07-23 15:03:00.000000000;2026-07-24 15:03:00.000000000;3,0;;8,0;2026-07-24 15:03:00.000000000;;AHP_APRENDIZAGEM_ESPECIALIZACAO_WORKLOAD;;;;;PENDENTE;True;0,8438181935646629;1,0;1,0;0,0;0,6586441863669917;0,1851740071976712;0,0
Societário;Due diligence;;Davi;2026-03-05 09:09:00;2026-07-24 15:03:00.000000000;2026-07-29 15:03:00.000000000;5,0;;24,0;2026-07-29 15:03:00.000000000;;AHP_APRENDIZAGEM_ESPECIALIZACAO_WORKLOAD;;;;;PENDENTE;True;0,7361761350212274;1,0;0,4186977958060343;0,0;0,6586441863669917;0,07753194865423566;0,0
Governança;Acompanhamento de planos de mitigação;;Eva;2026-03-05 09:10:00;2026-04-09 15:05:00.000000000;2026-04-10 09:04:59.999999999;1,0;;2,0;2026-04-10 09:04:59.999999999;;AHP_APRENDIZAGEM_ESPECIALIZACAO_WORKLOAD;;;;;PENDENTE;True;0,9864610082289622;1,0;1,0;0,9133126189275879;0,6586441863669917;0,1851740071976712;0,14264281466429932
Contratos;Contrato de Manutenção de Sistemas;;Jacó;2026-03-05 09:11:00;2026-03-31 11:05:59.999999999;2026-04-01 11:05:59.999999999;3,0;;8,0;2026-04-01 11:05:59.999999999;;AHP_APRENDIZAGEM_ESPECIALIZACAO_WORKLOAD;;;;;CONCLUIDA;True;0,7434981848193846;0,8917050974420946;0,0;1,0;0,5873163783840475;0,0;0,1561818064353371
Societário;Consolidação das versões finais dos documentos;;Davi;2026-03-05 09:12:00;2026-07-29 15:03:00.000000000;2026-07-30 09:03:00.000000000;1,0;;2,0;2026-07-30 09:03:00.000000000;;AHP_APRENDIZAGEM_ESPECIALIZACAO_WORKLOAD;;;;;PENDENTE;True;0,7361761350212274;1,0;0,4186977958060343;0,0;0,6586441863669917;0,07753194865423566;0,0
Societário;Acordo de Sócios / Acionistas;;Davi;2026-03-05 09:13:00;2026-07-30 09:03:00.000000000;2026-07-31 09:02:59.999999999;3,0;;8,0;2026-07-31 09:02:59.999999999;;AHP_APRENDIZAGEM_ESPECIALIZACAO_WORKLOAD;;;;;PENDENTE;True;0,7361761350212274;1,0;0,4186977958060343;0,0;0,6586441863669917;0,07753194865423566;0,0
Trabalhista;Análise de regimes de jornada e banco de horas;;Abraão;2026-03-05 09:14:00;2026-06-11 11:00:00.000000000;2026-06-11 13:00:00.000000000;1,0;;2,0;2026-06-11 13:00:00.000000000;;AHP_APRENDIZAGEM_ESPECIALIZACAO_WORKLOAD;;;;;PENDENTE;True;0,9080121812517243;1,0;1,0;0,411020906674166;0,6586441863669917;0,1851740071976712;0,06419398768706136
Societário;Gestão de conflitos societários;;Davi;2026-03-06 09:00:00;2026-07-31 09:02:59.999999999;2026-07-31 11:02:59.999999999;1,0;;2,0;2026-07-31 11:02:59.999999999;;AHP_APRENDIZAGEM_ESPECIALIZACAO_WORKLOAD;;;;;PENDENTE;True;0,7363830713392394;1,0;0,41981531937828803;0,0;0,6586441863669917;0,07773888497224773;0,0
Contratos;MoU;;Esaú;2026-03-06 09:01:00;2026-04-01 09:05:59.999999999;2026-04-01 11:05:59.999999999;1,0;;2,0;2026-04-01 11:05:59.999999999;;AHP_APRENDIZAGEM_ESPECIALIZACAO_WORKLOAD;;;;;CONCLUIDA;True;0,7479167514824576;0,8984136766029392;0,0;1,0;0,5917349450471205;0,0;0,1561818064353371
Contratos;Contrato de Locação;;Esaú;2026-03-06 09:02:00;2026-04-01 11:05:59.999999999;2026-04-02 11:05:59.999999999;3,0;;8,0;2026-04-02 11:05:59.999999999;;AHP_APRENDIZAGEM_ESPECIALIZACAO_WORKLOAD;;;;;CONCLUIDA;True;0,7479167514824576;0,8984136766029392;0,0;1,0;0,5917349450471205;0,0;0,1561818064353371
Contratos;Contrato de Agência, Franquia ou Parceria Empresarial;;Jacó;2026-03-06 09:03:00;2026-04-01 11:05:59.999999999;2026-04-02 11:05:59.999999999;3,0;;8,0;2026-04-02 11:05:59.999999999;;AHP_APRENDIZAGEM_ESPECIALIZACAO_WORKLOAD;;;;;CONCLUIDA;True;0,7479167514824576;0,8984136766029392;0,0;1,0;0,5917349450471205;0,0;0,1561818064353371
Regulatório;Interface com reguladores durante processos de autorização;;Davi;2026-03-06 09:04:00;2026-07-31 11:02:59.999999999;2026-08-03 11:02:59.999999999;3,0;;8,0;2026-08-03 11:02:59.999999999;;AHP_APRENDIZAGEM_ESPECIALIZACAO_WORKLOAD;;;;;PENDENTE;True;0,8438181935646629;1,0;1,0;0,0;0,6586441863669917;0,1851740071976712;0,0
Direito financeiro;Interface com CFO, tesouraria e controladoria;;Esaú;2026-03-06 09:05:00;2026-04-02 11:05:59.999999999;2026-04-02 13:05:59.999999999;1,0;;2,0;2026-04-02 13:05:59.999999999;;AHP_APRENDIZAGEM_ESPECIALIZACAO_WORKLOAD;;;;;CONCLUIDA;True;1,0;1,0;1,0;1,0;0,6586441863669917;0,1851740071976712;0,1561818064353371
Regulatório;Revisão de prospectos, formulários de referência e fatos relevantes;;Davi;2026-03-06 09:06:00;2026-08-03 11:02:59.999999999;2026-08-04 11:02:59.999999999;3,0;;8,0;2026-08-04 11:02:59.999999999;;AHP_APRENDIZAGEM_ESPECIALIZACAO_WORKLOAD;;;;;PENDENTE;True;0,8438181935646629;1,0;1,0;0,0;0,6586441863669917;0,1851740071976712;0,0
Societário;Estruturação de regras de governança;;Davi;2026-03-06 09:07:00;2026-08-04 11:02:59.999999999;2026-08-07 11:03:00.000000000;5,0;;24,0;2026-08-07 11:03:00.000000000;;AHP_APRENDIZAGEM_ESPECIALIZACAO_WORKLOAD;;;;;PENDENTE;True;0,7363830713392394;1,0;0,41981531937828803;0,0;0,6586441863669917;0,07773888497224773;0,0
Direito financeiro;Avaliação de impactos regulatórios em operações;;Esaú;2026-03-06 09:08:00;2026-04-02 13:05:59.999999999;2026-04-03 13:05:59.999999999;3,0;;8,0;2026-04-03 13:05:59.999999999;;AHP_APRENDIZAGEM_ESPECIALIZACAO_WORKLOAD;;;;;EM_EXECUCAO;True;0,99957089963208;1,0;1,0;0,9972525585552264;0,6586441863669917;0,1851740071976712;0,15575270606741706
Societário;Estruturação de veículos societários (SPVs);;Davi;2026-03-06 09:09:00;2026-08-07 11:03:00.000000000;2026-08-12 11:03:00.000000000;5,0;;24,0;2026-08-12 11:03:00.000000000;;AHP_APRENDIZAGEM_ESPECIALIZACAO_WORKLOAD;;;;;PENDENTE;True;0,7363830713392394;1,0;0,41981531937828803;0,0;0,6586441863669917;0,07773888497224773;0,0
Contratos;MoU;;Jacó;2026-03-06 09:10:00;2026-04-02 11:05:59.999999999;2026-04-02 13:05:59.999999999;1,0;;2,0;2026-04-02 13:05:59.999999999;;AHP_APRENDIZAGEM_ESPECIALIZACAO_WORKLOAD;;;;;CONCLUIDA;True;0,7479167514824576;0,8984136766029392;0,0;1,0;0,5917349450471205;0,0;0,1561818064353371
Direito financeiro;Interface com reguladores e autorreguladores;;Esaú;2026-03-06 09:11:00;2026-04-03 13:05:59.999999999;2026-04-06 13:05:59.999999999;3,0;;8,0;2026-04-06 13:05:59.999999999;;AHP_APRENDIZAGEM_ESPECIALIZACAO_WORKLOAD;;;;;PENDENTE;True;0,9983339496613911;1,0;1,0;0,9893326221751781;0,6586441863669917;0,1851740071976712;0,15451575609672819
Societário;Avaliação de impactos (societário, contratual, regulatório, concorrencial, trabalhista, tributário);;Davi;2026-03-06 09:12:00;2026-08-12 11:03:00.000000000;2026-08-13 11:02:59.999999999;3,0;;8,0;2026-08-13 11:02:59.999999999;;AHP_APRENDIZAGEM_ESPECIALIZACAO_WORKLOAD;;;;;PENDENTE;True;0,7363830713392394;1,0;0,41981531937828803;0,0;0,6586441863669917;0,07773888497224773;0,0
Concorrencial;Relacionamento CADE;;Abraão;2026-03-06 09:13:00;2026-06-11 13:00:00.000000000;2026-06-11 15:00:00.000000000;1,0;;2,0;2026-06-11 15:00:00.000000000;;AHP_APRENDIZAGEM_ESPECIALIZACAO_WORKLOAD;;;;;PENDENTE;True;0,917597329119976;1,0;1,0;0,47239263803661646;0,6586441863669917;0,1851740071976712;0,0737791355553131
Regulatório;Registro de companhias abertas, emissores e participantes de mercado na CVM;;Davi;2026-03-06 09:14:00;2026-08-13 11:02:59.999999999;2026-08-13 13:02:59.999999999;1,0;;2,0;2026-08-13 13:02:59.999999999;;AHP_APRENDIZAGEM_ESPECIALIZACAO_WORKLOAD;;;;;PENDENTE;True;0,8438181935646629;1,0;1,0;0,0;0,6586441863669917;0,1851740071976712;0,0
Contencioso;Gestão de escritórios externos;;Abraão;2026-03-09 09:00:00;2026-06-11 15:00:00.000000000;2026-06-11 17:00:00.000000000;1,0;;2,0;2026-06-11 17:00:00.000000000;;AHP_APRENDIZAGEM_ESPECIALIZACAO_WORKLOAD;;;;;PENDENTE;True;0,9174031607258872;1,0;1,0;0,4711494177248503;0,6586441863669917;0,1851740071976712;0,07358496716122435
Contratos;Contrato de Licenciamento de Software;;Jacó;2026-03-09 09:01:00;2026-04-02 13:05:59.999999999;2026-04-06 13:05:59.999999999;4,0;;16,0;2026-04-06 13:05:59.999999999;;AHP_APRENDIZAGEM_ESPECIALIZACAO_WORKLOAD;;;;;EM_EXECUCAO;True;0,7518803936167922;0,9044315572984291;0,0;1,0;0,5956985871814551;0,0;0,1561818064353371
Contratos;Outros tipos contratuais;;Esaú;2026-03-09 09:02:00;2026-04-06 13:05:59.999999999;2026-04-07 13:05:59.999999999;3,0;;8,0;2026-04-07 13:05:59.999999999;;AHP_APRENDIZAGEM_ESPECIALIZACAO_WORKLOAD;;;;;PENDENTE;True;0,7518803936167922;0,9044315572984291;0,0;1,0;0,5956985871814551;0,0;0,1561818064353371
Direito digital;Apoio em planos de resposta a incidentes;;Eva;2026-03-09 09:03:00;2026-04-10 09:04:59.999999999;2026-04-10 11:04:59.999999999;1,0;;2,0;2026-04-10 11:04:59.999999999;;AHP_APRENDIZAGEM_ESPECIALIZACAO_WORKLOAD;;;;;PENDENTE;True;0,9941252939713169;1,0;1,0;0,9623854649733777;0,6586441863669917;0,1851740071976712;0,150307100406654
Societário;Estruturação de regras de governança;;Davi;2026-03-09 09:04:00;2026-08-13 13:02:59.999999999;2026-08-18 13:03:00.000000000;5,0;;24,0;2026-08-18 13:03:00.000000000;;AHP_APRENDIZAGEM_ESPECIALIZACAO_WORKLOAD;;;;;PENDENTE;True;0,7413646381934834;1,0;0,44671740423151557;0,0;0,6586441863669917;0,08272045182649165;0,0
Regulatório;Análise de impactos regulatórios em operações, produtos e modelos de negócio;;Davi;2026-03-09 09:05:00;2026-08-18 13:03:00.000000000;2026-08-19 13:03:00.000000000;3,0;;8,0;2026-08-19 13:03:00.000000000;;AHP_APRENDIZAGEM_ESPECIALIZACAO_WORKLOAD;;;;;PENDENTE;True;0,8438181935646629;1,0;1,0;0,0;0,6586441863669917;0,1851740071976712;0,0
Direito digital;Análise jurídica de novos produtos digitais;;Eva;2026-03-09 09:06:00;2026-04-10 11:04:59.999999999;2026-04-10 13:04:59.999999999;1,0;;2,0;2026-04-10 13:04:59.999999999;;AHP_APRENDIZAGEM_ESPECIALIZACAO_WORKLOAD;;;;;PENDENTE;True;0,9939650091334371;1,0;1,0;0,9613591941065075;0,6586441863669917;0,1851740071976712;0,15014681556877424
Contratos;Contratos Administrativos;;Jacó;2026-03-09 09:07:00;2026-04-06 13:05:59.999999999;2026-04-07 13:05:59.999999999;3,0;;8,0;2026-04-07 13:05:59.999999999;;AHP_APRENDIZAGEM_ESPECIALIZACAO_WORKLOAD;;;;;PENDENTE;True;0,7518803936167922;0,9044315572984291;0,0;1,0;0,5956985871814551;0,0;0,1561818064353371
Societário;Closing da operação;;Davi;2026-03-09 09:08:00;2026-08-19 13:03:00.000000000;2026-08-19 15:03:00.000000000;1,0;;2,0;2026-08-19 15:03:00.000000000;;AHP_APRENDIZAGEM_ESPECIALIZACAO_WORKLOAD;;;;;PENDENTE;True;0,7413646381934834;1,0;0,44671740423151557;0,0;0,6586441863669917;0,08272045182649165;0,0
Societário;Consolidação das versões finais dos documentos;;Davi;2026-03-09 09:09:00;2026-08-19 15:03:00.000000000;2026-08-20 09:03:00.000000000;1,0;;2,0;2026-08-20 09:03:00.000000000;;AHP_APRENDIZAGEM_ESPECIALIZACAO_WORKLOAD;;;;;PENDENTE;True;0,7413646381934834;1,0;0,44671740423151557;0,0;0,6586441863669917;0,08272045182649165;0,0
Regulatório;Apoio jurídico a ofertas públicas (ICVM 160 e correlatas);;Davi;2026-03-09 09:10:00;2026-08-20 09:03:00.000000000;2026-08-20 13:03:00.000000000;2,0;;4,0;2026-08-20 13:03:00.000000000;;AHP_APRENDIZAGEM_ESPECIALIZACAO_WORKLOAD;;;;;PENDENTE;True;0,8438181935646629;1,0;1,0;0,0;0,6586441863669917;0,1851740071976712;0,0
Regulatório;Apoio jurídico à governança de instituições reguladas;;Davi;2026-03-09 09:11:00;2026-08-20 13:03:00.000000000;2026-08-21 13:03:00.000000000;3,0;;8,0;2026-08-21 13:03:00.000000000;;AHP_APRENDIZAGEM_ESPECIALIZACAO_WORKLOAD;;;;;PENDENTE;True;0,8438181935646629;1,0;1,0;0,0;0,6586441863669917;0,1851740071976712;0,0
Governança;Política de Governaça Corporativa;;Eva;2026-03-09 09:12:00;2026-04-10 13:04:59.999999999;2026-04-13 13:05:00.000000000;3,0;;8,0;2026-04-13 13:05:00.000000000;;AHP_APRENDIZAGEM_ESPECIALIZACAO_WORKLOAD;;;;;PENDENTE;True;0,995221939761085;1,0;1,0;0,9694070625256004;0,6586441863669917;0,1851740071976712;0,15140374619642205
Direito digital;Gestão de incidentes e vazamentos de dados (data breach);;Eva;2026-03-09 09:13:00;2026-04-13 13:05:00.000000000;2026-04-14 09:05:00.000000000;2,0;;4,0;2026-04-14 09:05:00.000000000;;AHP_APRENDIZAGEM_ESPECIALIZACAO_WORKLOAD;;;;;PENDENTE;True;0,9936281462136869;1,0;1,0;0,9592023300809293;0,6586441863669917;0,1851740071976712;0,14980995264902403
Contratos;Contrato de Mútuo, Doação ou Comodato;;Esaú;2026-03-09 09:14:00;2026-04-07 13:05:59.999999999;2026-04-08 13:05:59.999999999;3,0;;8,0;2026-04-08 13:05:59.999999999;;AHP_APRENDIZAGEM_ESPECIALIZACAO_WORKLOAD;;;;;PENDENTE;True;0,7518803936167922;0,9044315572984291;0,0;1,0;0,5956985871814551;0,0;0,1561818064353371
Contratos;Contrato de Transferência de Tecnologia;;Jacó;2026-03-10 09:00:00;2026-04-07 13:05:59.999999999;2026-04-08 13:05:59.999999999;3,0;;8,0;2026-04-08 13:05:59.999999999;;AHP_APRENDIZAGEM_ESPECIALIZACAO_WORKLOAD;;;;;PENDENTE;True;0,7549464381844588;0,9090866421395761;0,0;1,0;0,5987646317491218;0,0;0,1561818064353371
Contratos;Contrato de Agência, Franquia ou Parceria Empresarial;;Esaú;2026-03-10 09:01:00;2026-04-08 13:05:59.999999999;2026-04-09 13:05:59.999999999;3,0;;8,0;2026-04-09 13:05:59.999999999;;AHP_APRENDIZAGEM_ESPECIALIZACAO_WORKLOAD;;;;;PENDENTE;True;0,7549464381844588;0,9090866421395761;0,0;1,0;0,5987646317491218;0,0;0,1561818064353371
Direito digital;Interface entre jurídico, TI e segurança da informação;;Eva;2026-03-10 09:02:00;2026-04-14 09:05:00.000000000;2026-04-14 11:05:00.000000000;1,0;;2,0;2026-04-14 11:05:00.000000000;;AHP_APRENDIZAGEM_ESPECIALIZACAO_WORKLOAD;;;;;PENDENTE;True;0,9943675655003044;1,0;1,0;0,9639366797692434;0,6586441863669917;0,1851740071976712;0,1505493719356415
Societário;Aprovações regulatórias e concorrenciais;;Davi;2026-03-10 09:03:00;2026-08-21 13:03:00.000000000;2026-08-24 13:03:00.000000000;3,0;;8,0;2026-08-24 13:03:00.000000000;;AHP_APRENDIZAGEM_ESPECIALIZACAO_WORKLOAD;;;;;PENDENTE;True;0,7415873594240073;1,0;0,44792017147673824;0,0;0,6586441863669917;0,08294317305701564;0,0
Contratos;Contrato de trabalho;;Jacó;2026-03-10 09:04:00;2026-04-08 13:05:59.999999999;2026-04-08 15:05:59.999999999;1,0;;2,0;2026-04-08 15:05:59.999999999;;AHP_APRENDIZAGEM_ESPECIALIZACAO_WORKLOAD;;;;;PENDENTE;True;0,7549464381844588;0,9090866421395761;0,0;1,0;0,5987646317491218;0,0;0,1561818064353371
Contratos;Contratos Administrativos;;Jacó;2026-03-10 09:05:00;2026-04-08 15:05:59.999999999;2026-04-09 15:06:00.000000000;3,0;;8,0;2026-04-09 15:06:00.000000000;;AHP_APRENDIZAGEM_ESPECIALIZACAO_WORKLOAD;;;;;PENDENTE;True;0,7549464381844588;0,9090866421395761;0,0;1,0;0,5987646317491218;0,0;0,1561818064353371
Trabalhista;Interpretação e negociação de acordos e convenções coletivas;;Abraão;2026-03-10 09:06:00;2026-06-12 09:00:00.000000000;2026-06-12 17:00:00.000000000;3,0;;8,0;2026-06-12 17:00:00.000000000;;AHP_APRENDIZAGEM_ESPECIALIZACAO_WORKLOAD;;;;;PENDENTE;True;0,9267548690484965;1,0;1,0;0,5310264836651847;0,6586441863669917;0,1851740071976712;0,08293667548383357
Governança;Monitoramento de aderência a políticas;;Eva;2026-03-10 09:07:00;2026-04-14 11:05:00.000000000;2026-04-15 11:04:59.999999999;3,0;;8,0;2026-04-15 11:04:59.999999999;;AHP_APRENDIZAGEM_ESPECIALIZACAO_WORKLOAD;;;;;PENDENTE;True;0,9955752346009064;1,0;1,0;0,9716691367574515;0,6586441863669917;0,1851740071976712;0,15175704103624338
Societário;Aumento e redução de capital;;Davi;2026-03-10 09:08:00;2026-08-24 13:03:00.000000000;2026-08-24 15:03:00.000000000;1,0;;2,0;2026-08-24 15:03:00.000000000;;AHP_APRENDIZAGEM_ESPECIALIZACAO_WORKLOAD;;;;;PENDENTE;True;0,7415735656279648;1,0;0,44784568048174783;0,0;0,6586441863669917;0,08292937926097313;0,0
Direito financeiro;Interface com reguladores e autorreguladores;;Eva;2026-03-10 09:09:00;2026-04-15 11:04:59.999999999;2026-04-16 11:04:59.999999999;3,0;;8,0;2026-04-16 11:04:59.999999999;;AHP_APRENDIZAGEM_ESPECIALIZACAO_WORKLOAD;;;;;PENDENTE;True;0,8118528842554217;1,0;0,016451375942576896;0,9614585341820739;0,6586441863669917;0,0030463672072023286;0,1501623306812276
Contratos;Contrato de prestação de serviços;;Esaú;2026-03-10 09:10:00;2026-04-09 13:05:59.999999999;2026-04-10 13:05:59.999999999;3,0;;8,0;2026-04-10 13:05:59.999999999;;AHP_APRENDIZAGEM_ESPECIALIZACAO_WORKLOAD;;;;;PENDENTE;True;0,7549464381844588;0,9090866421395761;0,0;1,0;0,5987646317491218;0,0;0,1561818064353371
Contratos;Contrato de Cessão de Direitos Autorais;;Jacó;2026-03-10 09:11:00;2026-04-09 15:06:00.000000000;2026-04-10 15:06:00.000000000;3,0;;8,0;2026-04-10 15:06:00.000000000;;AHP_APRENDIZAGEM_ESPECIALIZACAO_WORKLOAD;;;;;PENDENTE;True;0,7549464381844588;0,9090866421395761;0,0;1,0;0,5987646317491218;0,0;0,1561818064353371
Regulatório;Tradução da norma para áreas de negócio, compliance e produto;;Davi;2026-03-10 09:12:00;2026-08-24 15:03:00.000000000;2026-08-25 15:03:00.000000000;3,0;;8,0;2026-08-25 15:03:00.000000000;;AHP_APRENDIZAGEM_ESPECIALIZACAO_WORKLOAD;;;;;PENDENTE;True;0,8438181935646629;1,0;1,0;0,0;0,6586441863669917;0,1851740071976712;0,0
Concorrencial;Contencioso Administrativo Concorrencial;;Abraão;2026-03-10 09:13:00;2026-06-15 09:00:00.000000000;2026-06-16 17:00:00.000000000;4,0;;16,0;2026-06-16 17:00:00.000000000;;AHP_APRENDIZAGEM_ESPECIALIZACAO_WORKLOAD;;;;;PENDENTE;True;0,9269431719752952;1,0;1,0;0,5322321485956681;0,6586441863669917;0,1851740071976712;0,08312497841063221
Contratos;Contrato de Transferência de Tecnologia;;Esaú;2026-03-10 09:14:00;2026-04-10 13:05:59.999999999;2026-04-13 13:05:59.999999999;3,0;;8,0;2026-04-13 13:05:59.999999999;;AHP_APRENDIZAGEM_ESPECIALIZACAO_WORKLOAD;;;;;PENDENTE;True;0,7549464381844588;0,9090866421395761;0,0;1,0;0,5987646317491218;0,0;0,1561818064353371
Trabalhista;Gestão de escritórios externos;;Abraão;2026-03-11 09:00:00;2026-06-17 09:00:00.000000000;2026-06-17 11:00:00.000000000;1,0;;2,0;2026-06-17 11:00:00.000000000;;AHP_APRENDIZAGEM_ESPECIALIZACAO_WORKLOAD;;;;;PENDENTE;True;0,9239369744803968;1,0;1,0;0,5129840840258489;0,6586441863669917;0,1851740071976712;0,08011878091573385
Contratos;Contrato de Joint Venture;;Jacó;2026-03-11 09:01:00;2026-04-10 15:06:00.000000000;2026-04-15 15:06:00.000000000;5,0;;24,0;2026-04-15 15:06:00.000000000;;AHP_APRENDIZAGEM_ESPECIALIZACAO_WORKLOAD;;;;;PENDENTE;True;0,7575606821167439;0,9130557714303165;0,0;1,0;0,6013788756814068;0,0;0,1561818064353371
Governança;Suporte jurídico às decisões do Conselho de Administração;;Eva;2026-03-11 09:02:00;2026-04-16 11:04:59.999999999;2026-04-16 13:04:59.999999999;1,0;;2,0;2026-04-16 13:04:59.999999999;;AHP_APRENDIZAGEM_ESPECIALIZACAO_WORKLOAD;;;;;PENDENTE;True;0,9947403568910713;1,0;1,0;0,9663235864088542;0,6586441863669917;0,1851740071976712;0,15092216332640843
Direito digital;Apoio em planos de resposta a incidentes;;Eva;2026-03-11 09:03:00;2026-04-16 13:04:59.999999999;2026-04-16 15:04:59.999999999;1,0;;2,0;2026-04-16 15:04:59.999999999;;AHP_APRENDIZAGEM_ESPECIALIZACAO_WORKLOAD;;;;;PENDENTE;True;0,9943368037113581;1,0;1,0;0,9637397183583826;0,6586441863669917;0,1851740071976712;0,1505186101466952
Direito financeiro;Interface com escritórios externos;;Eva;2026-03-11 09:04:00;2026-04-16 15:04:59.999999999;2026-04-17 09:04:59.999999999;1,0;;2,0;2026-04-17 09:04:59.999999999;;AHP_APRENDIZAGEM_ESPECIALIZACAO_WORKLOAD;;;;;PENDENTE;True;0,8118056105411761;1,0;0,016451375942576896;0,9611558503079111;0,6586441863669917;0,0030463672072023286;0,15011505696698202
Direito financeiro;Apoio em auditorias internas e externas;;Eva;2026-03-11 09:05:00;2026-04-17 09:04:59.999999999;2026-04-20 09:04:59.999999999;3,0;;8,0;2026-04-20 09:04:59.999999999;;AHP_APRENDIZAGEM_ESPECIALIZACAO_WORKLOAD;;;;;PENDENTE;True;0,8114020573614629;1,0;0,016451375942576896;0,9585719822574394;0,6586441863669917;0,0030463672072023286;0,1497115037872688
Governança;Monitoramento de aderência a políticas;;Eva;2026-03-11 09:06:00;2026-04-20 09:04:59.999999999;2026-04-21 09:04:59.999999999;3,0;;8,0;2026-04-21 09:04:59.999999999;;AHP_APRENDIZAGEM_ESPECIALIZACAO_WORKLOAD;;;;;PENDENTE;True;0,9919154846330789;1,0;1,0;0,9482365100555531;0,6586441863669917;0,1851740071976712;0,148097291068416
Regulatório;Interface com áreas de produto, tecnologia e negócios;;Davi;2026-03-11 09:07:00;2026-08-25 15:03:00.000000000;2026-08-26 09:03:00.000000000;1,0;;2,0;2026-08-26 09:03:00.000000000;;AHP_APRENDIZAGEM_ESPECIALIZACAO_WORKLOAD;;;;;PENDENTE;True;0,8438181935646629;1,0;1,0;0,0;0,6586441863669917;0,1851740071976712;0,0
Regulatório;Monitoramento contínuo de normas da CVM, BCB, CMN e circulares associadas;;Davi;2026-03-11 09:08:00;2026-08-26 09:03:00.000000000;2026-08-26 11:03:00.000000000;1,0;;2,0;2026-08-26 11:03:00.000000000;;AHP_APRENDIZAGEM_ESPECIALIZACAO_WORKLOAD;;;;;PENDENTE;True;0,8438181935646629;1,0;1,0;0,0;0,6586441863669917;0,1851740071976712;0,0
Governança;Política de Governaça Corporativa;;Eva;2026-03-11 09:09:00;2026-04-21 09:04:59.999999999;2026-04-22 09:04:59.999999999;3,0;;8,0;2026-04-22 09:04:59.999999999;;AHP_APRENDIZAGEM_ESPECIALIZACAO_WORKLOAD;;;;;PENDENTE;True;0,9903511347037507;1,0;1,0;0,9382202990445997;0,6586441863669917;0,1851740071976712;0,14653294113908777
Contratos;Contrato de SaaS;;Esaú;2026-03-11 09:10:00;2026-04-13 13:05:59.999999999;2026-04-14 13:05:59.999999999;3,0;;8,0;2026-04-14 13:05:59.999999999;;AHP_APRENDIZAGEM_ESPECIALIZACAO_WORKLOAD;;;;;PENDENTE;True;0,756740996958082;0,9130557714303165;0,0;0,9947517244334005;0,6013788756814068;0,0;0,15536212127667515
Contratos;Contrato de Hosting;;Esaú;2026-03-11 09:11:00;2026-04-14 13:05:59.999999999;2026-04-15 13:05:59.999999999;3,0;;8,0;2026-04-15 13:05:59.999999999;;AHP_APRENDIZAGEM_ESPECIALIZACAO_WORKLOAD;;;;;PENDENTE;True;0,7551350831778463;0,9130557714303165;0,0;0,9844693886294504;0,6013788756814068;0,0;0,15375620749643948
Regulatório;Registro de companhias abertas, emissores e participantes de mercado na CVM;;Davi;2026-03-11 09:12:00;2026-08-26 11:03:00.000000000;2026-08-26 13:03:00.000000000;1,0;;2,0;2026-08-26 13:03:00.000000000;;AHP_APRENDIZAGEM_ESPECIALIZACAO_WORKLOAD;;;;;PENDENTE;True;0,8438181935646629;1,0;1,0;0,0;0,6586441863669917;0,1851740071976712;0,0
Direito financeiro;Interpretação de normas do Banco Central e do CMN;;Eva;2026-03-11 09:13:00;2026-04-22 09:04:59.999999999;2026-04-22 11:04:59.999999999;1,0;;2,0;2026-04-22 11:04:59.999999999;;AHP_APRENDIZAGEM_ESPECIALIZACAO_WORKLOAD;;;;;PENDENTE;True;0,806646438107722;1,0;0,016451375942576896;0,9281227297978718;0,6586441863669917;0,0030463672072023286;0,1449558845335279
Regulatório;Análise de requisitos de administradores, conselheiros e diretores;;Davi;2026-03-11 09:14:00;2026-08-26 13:03:00.000000000;2026-08-26 15:03:00.000000000;1,0;;2,0;2026-08-26 15:03:00.000000000;;AHP_APRENDIZAGEM_ESPECIALIZACAO_WORKLOAD;;;;;PENDENTE;True;0,8438181935646629;1,0;1,0;0,0;0,6586441863669917;0,1851740071976712;0,0
Contratos;Contrato de Cessão de Crédito;;Esaú;2026-03-12 09:00:00;2026-04-15 13:05:59.999999999;2026-04-16 13:05:59.999999999;3,0;;8,0;2026-04-16 13:05:59.999999999;;AHP_APRENDIZAGEM_ESPECIALIZACAO_WORKLOAD;;;;;PENDENTE;True;0,7557974230183828;0,9164682861049026;0,0;0,9743190827330462;0,6036265086327149;0,0;0,15217091438566782
Societário;Estruturação de regras de governança;;Davi;2026-03-12 09:01:00;2026-08-26 15:03:00.000000000;2026-08-31 15:03:00.000000000;5,0;;24,0;2026-08-31 15:03:00.000000000;;AHP_APRENDIZAGEM_ESPECIALIZACAO_WORKLOAD;;;;;PENDENTE;True;0,741402893397403;1,0;0,4469239948027219;0,0;0,6586441863669917;0,08275870703041119;0,0
Contratos;Contratos de Seguros ou Previdência;;Jacó;2026-03-12 09:02:00;2026-04-15 15:06:00.000000000;2026-04-16 15:06:00.000000000;3,0;;8,0;2026-04-16 15:06:00.000000000;;AHP_APRENDIZAGEM_ESPECIALIZACAO_WORKLOAD;;;;;PENDENTE;True;0,7555293172282849;0,9164682861049026;0,0;0,9726024564740913;0,6036265086327149;0,0;0,1519028085955699
Societário;Estruturação de veículos societários (SPVs);;Davi;2026-03-12 09:03:00;2026-08-31 15:03:00.000000000;2026-09-03 15:03:00.000000000;5,0;;24,0;2026-09-03 15:03:00.000000000;;AHP_APRENDIZAGEM_ESPECIALIZACAO_WORKLOAD;;;;;PENDENTE;True;0,741402893397403;1,0;0,4469239948027219;0,0;0,6586441863669917;0,08275870703041119;0,0
Direito digital;Análise de risco jurídico digital;;Eva;2026-03-12 09:04:00;2026-04-22 11:04:59.999999999;2026-04-22 13:04:59.999999999;1,0;;2,0;2026-04-22 13:04:59.999999999;;AHP_APRENDIZAGEM_ESPECIALIZACAO_WORKLOAD;;;;;PENDENTE;True;0,9890739847070256;1,0;1,0;0,930042970161841;0,6586441863669917;0,1851740071976712;0,14525579114236264
Concorrencial;Programa de Compliance Concorrencial;;Abraão;2026-03-12 09:05:00;2026-06-17 11:00:00.000000000;2026-06-18 11:00:00.000000000;3,0;;8,0;2026-06-18 11:00:00.000000000;;AHP_APRENDIZAGEM_ESPECIALIZACAO_WORKLOAD;;;;;PENDENTE;True;0,9288774107837635;1,0;1,0;0,5446166820609615;0,6586441863669917;0,1851740071976712;0,08505921721910062
Direito digital;Adequação de contratos a regras internacionais de privacidade;;Eva;2026-03-12 09:06:00;2026-04-22 13:04:59.999999999;2026-04-23 13:05:00.000000000;3,0;;8,0;2026-04-23 13:05:00.000000000;;AHP_APRENDIZAGEM_ESPECIALIZACAO_WORKLOAD;;;;;PENDENTE;True;0,9886976581182894;1,0;1,0;0,9276334283763704;0,6586441863669917;0,1851740071976712;0,14487946455362644
Contratos;Contrato de Cessão de Crédito;;Esaú;2026-03-12 09:07:00;2026-04-16 13:05:59.999999999;2026-04-17 13:05:59.999999999;3,0;;8,0;2026-04-17 13:05:59.999999999;;AHP_APRENDIZAGEM_ESPECIALIZACAO_WORKLOAD;;;;;PENDENTE;True;0,7545240625512145;0,9164682861049026;0,0;0,9661660174290189;0,6036265086327149;0,0;0,15089755391849957
Governança;Outras atividades de governança;;Eva;2026-03-12 09:08:00;2026-04-23 13:05:00.000000000;2026-04-24 13:05:00.000000000;3,0;;8,0;2026-04-24 13:05:00.000000000;;AHP_APRENDIZAGEM_ESPECIALIZACAO_WORKLOAD;;;;;PENDENTE;True;0,9871923517633445;1,0;1,0;0,9179952612344886;0,6586441863669917;0,1851740071976712;0,14337415819868163
Concorrencial;Gestão de canal de dúvidas;;Abraão;2026-03-12 09:09:00;2026-06-18 11:00:00.000000000;2026-06-18 13:00:00.000000000;1,0;;2,0;2026-06-18 13:00:00.000000000;;AHP_APRENDIZAGEM_ESPECIALIZACAO_WORKLOAD;;;;;PENDENTE;True;0,9273721044288187;1,0;1,0;0,5349785149190796;0,6586441863669917;0,1851740071976712;0,08355391086415578
Direito financeiro;Interface com processos de recuperação judicial e extrajudicial;;Eva;2026-03-12 09:10:00;2026-04-24 13:05:00.000000000;2026-04-28 13:05:00.000000000;4,0;;16,0;2026-04-28 13:05:00.000000000;;AHP_APRENDIZAGEM_ESPECIALIZACAO_WORKLOAD;;;;;PENDENTE;True;0,8033689327556763;1,0;0,015422761478067754;0,9083570940926068;0,6586441863669917;0,002855894544947684;0,14186885184373682
Trabalhista;Avaliação de riscos trabalhistas em práticas internas;;Abraão;2026-03-12 09:11:00;2026-06-18 13:00:00.000000000;2026-06-18 15:00:00.000000000;1,0;;2,0;2026-06-18 15:00:00.000000000;;AHP_APRENDIZAGEM_ESPECIALIZACAO_WORKLOAD;;;;;PENDENTE;True;0,9269957778400825;1,0;1,0;0,5325689731336091;0,6586441863669917;0,1851740071976712;0,08317758427541957
Governança;Política de PLDFTP e Fraudes;;Eva;2026-03-12 09:12:00;2026-04-28 13:05:00.000000000;2026-04-29 13:05:00.000000000;3,0;;8,0;2026-04-29 13:05:00.000000000;;AHP_APRENDIZAGEM_ESPECIALIZACAO_WORKLOAD;;;;;PENDENTE;True;0,9826764326985101;1,0;1,0;0,889080759808843;0,6586441863669917;0,1851740071976712;0,13885823913384718
Contratos;Contrato de compra e venda;;Jacó;2026-03-12 09:13:00;2026-04-16 15:06:00.000000000;2026-04-17 15:06:00.000000000;3,0;;8,0;2026-04-17 15:06:00.000000000;;AHP_APRENDIZAGEM_ESPECIALIZACAO_WORKLOAD;;;;;PENDENTE;True;0,7541477359624783;0,9164682861049026;0,0;0,9637564756435485;0,6036265086327149;0,0;0,15052122732976336
Contencioso;Estratégia processual;;Abraão;2026-03-12 09:14:00;2026-06-18 15:00:00.000000000;2026-06-18 17:00:00.000000000;1,0;;2,0;2026-06-18 17:00:00.000000000;;AHP_APRENDIZAGEM_ESPECIALIZACAO_WORKLOAD;;;;;PENDENTE;True;0,9266194512513463;1,0;1,0;0,5301594313481386;0,6586441863669917;0,1851740071976712;0,08280125768668337
Trabalhista;Interpretação e negociação de acordos e convenções coletivas;;Abraão;2026-03-13 09:00:00;2026-06-19 09:00:00.000000000;2026-06-19 17:00:00.000000000;3,0;;8,0;2026-06-19 17:00:00.000000000;;AHP_APRENDIZAGEM_ESPECIALIZACAO_WORKLOAD;;;;;PENDENTE;True;0,92624312466261;1,0;1,0;0,5277498895626681;0,6586441863669917;0,1851740071976712;0,08242493109794717
Direito financeiro;Análise de políticas de endividamento;;Eva;2026-03-13 09:01:00;2026-04-29 13:05:00.000000000;2026-04-30 13:05:00.000000000;3,0;;8,0;2026-04-30 13:05:00.000000000;;AHP_APRENDIZAGEM_ESPECIALIZACAO_WORKLOAD;;;;;PENDENTE;True;0,7988455353696498;1,0;0,015382376105923712;0,8794425926669612;0,6586441863669917;0,002848416223755603;0,13735293277890234
Contratos;Contratos imobiliários;;Esaú;2026-03-13 09:02:00;2026-04-17 13:05:59.999999999;2026-04-20 13:05:59.999999999;3,0;;8,0;2026-04-20 13:05:59.999999999;;AHP_APRENDIZAGEM_ESPECIALIZACAO_WORKLOAD;;;;;PENDENTE;True;0,7549650894954456;0,9194233464234514;0,0;0,9565278502871372;0,6055728419318909;0,0;0,14939224756355476
Contratos;Contrato de SaaS;;Jacó;2026-03-13 09:03:00;2026-04-17 15:06:00.000000000;2026-04-20 15:06:00.000000000;3,0;;8,0;2026-04-20 15:06:00.000000000;;AHP_APRENDIZAGEM_ESPECIALIZACAO_WORKLOAD;;;;;PENDENTE;True;0,7545887629067094;0,9194233464234514;0,0;0,9541183085016667;0,6055728419318909;0,0;0,14901592097481856
Regulatório;Avaliação de impactos de normas prudenciais em operações;;Davi;2026-03-13 09:04:00;2026-09-03 15:03:00.000000000;2026-09-04 09:03:00.000000000;1,0;;2,0;2026-09-04 09:03:00.000000000;;AHP_APRENDIZAGEM_ESPECIALIZACAO_WORKLOAD;;;;;PENDENTE;True;0,8438181935646629;1,0;1,0;0,0;0,6586441863669917;0,1851740071976712;0,0
Regulatório;Apoio jurídico em consultas públicas e audiências regulatórias;;Davi;2026-03-13 09:05:00;2026-09-04 09:03:00.000000000;2026-09-07 09:02:59.999999999;3,0;;8,0;2026-09-07 09:02:59.999999999;;AHP_APRENDIZAGEM_ESPECIALIZACAO_WORKLOAD;;;;;PENDENTE;True;0,8438181935646629;1,0;1,0;0,0;0,6586441863669917;0,1851740071976712;0,0
Contencioso;Relatórios gerenciais;;Abraão;2026-03-13 09:06:00;2026-06-22 09:00:00.000000000;2026-06-22 11:00:00.000000000;1,0;;2,0;2026-06-22 11:00:00.000000000;;AHP_APRENDIZAGEM_ESPECIALIZACAO_WORKLOAD;;;;;PENDENTE;True;0,9256337611078598;1,0;1,0;0,523848259989683;0,6586441863669917;0,1851740071976712;0,08181556754319681
Contencioso;Prevenção de Litígios e Atuação Preventiva;;Abraão;2026-03-13 09:07:00;2026-06-22 11:00:00.000000000;2026-06-24 11:00:00.000000000;4,0;;16,0;2026-06-24 11:00:00.000000000;;AHP_APRENDIZAGEM_ESPECIALIZACAO_WORKLOAD;;;;;PENDENTE;True;0,925261914419787;1,0;1,0;0,5214674020872188;0,6586441863669917;0,1851740071976712;0,08144372085512411
Propriedade intelectual;Elaboração e revisão de NDAs;;Abraão;2026-03-13 09:08:00;2026-06-24 11:00:00.000000000;2026-06-25 11:00:00.000000000;3,0;;8,0;2026-06-25 11:00:00.000000000;;AHP_APRENDIZAGEM_ESPECIALIZACAO_WORKLOAD;;;;;PENDENTE;True;0,9222871409152054;1,0;1,0;0,5024205388675053;0,6586441863669917;0,1851740071976712;0,07846894735054247
Societário;Estruturação de regras de governança;;Davi;2026-03-13 09:09:00;2026-09-07 09:02:59.999999999;2026-09-10 09:03:00.000000000;5,0;;24,0;2026-09-10 09:03:00.000000000;;AHP_APRENDIZAGEM_ESPECIALIZACAO_WORKLOAD;;;;;PENDENTE;True;0,7644791381946681;1,0;0,5715432388666661;0,0;0,6586441863669917;0,10583495182767634;0,0
Contencioso;Contencioso Civil;;Abraão;2026-03-13 09:10:00;2026-06-25 11:00:00.000000000;2026-06-29 11:00:00.000000000;4,0;;16,0;2026-06-29 11:00:00.000000000;;AHP_APRENDIZAGEM_ESPECIALIZACAO_WORKLOAD;;;;;PENDENTE;True;0,9229996761181902;1,0;1,0;0,5069827552949345;0,6586441863669917;0,1851740071976712;0,07918148255352735
Contratos;Contrato de Mandato;;Esaú;2026-03-13 09:11:00;2026-04-20 13:05:59.999999999;2026-04-21 13:05:59.999999999;3,0;;8,0;2026-04-21 13:05:59.999999999;;AHP_APRENDIZAGEM_ESPECIALIZACAO_WORKLOAD;;;;;PENDENTE;True;0,753786188855221;0,9194233464234514;0,0;0,9489795918367346;0,6055728419318909;0,0;0,1482133469233301
Contratos;Contrato de Licença de Uso de Marca;;Jacó;2026-03-13 09:12:00;2026-04-20 15:06:00.000000000;2026-04-21 15:06:00.000000000;3,0;;8,0;2026-04-21 15:06:00.000000000;;AHP_APRENDIZAGEM_ESPECIALIZACAO_WORKLOAD;;;;;PENDENTE;True;0,7534246708433341;0,9194233464234514;0,0;0,9466648663246017;0,6055728419318909;0,0;0,14785182891144322
Societário;Elaboração e negociação de LOI;;Davi;2026-03-13 09:13:00;2026-09-10 09:03:00.000000000;2026-09-11 09:02:59.999999999;3,0;;8,0;2026-09-11 09:02:59.999999999;;AHP_APRENDIZAGEM_ESPECIALIZACAO_WORKLOAD;;;;;PENDENTE;True;0,7644791381946681;1,0;0,5715432388666661;0,0;0,6586441863669917;0,10583495182767634;0,0
Governança;Código de Conduta;;Eva;2026-03-13 09:14:00;2026-04-30 13:05:00.000000000;2026-04-30 15:05:00.000000000;1,0;;2,0;2026-04-30 15:05:00.000000000;;AHP_APRENDIZAGEM_ESPECIALIZACAO_WORKLOAD;;;;;PENDENTE;True;0,9806451811297977;1,0;1,0;0,876075073582814;0,6586441863669917;0,1851740071976712;0,13682698756513476
Contratos;Contrato de Manutenção de Sistemas;;Esaú;2026-03-16 09:00:00;2026-04-21 13:05:59.999999999;2026-04-22 13:05:59.999999999;3,0;;8,0;2026-04-22 13:05:59.999999999;;AHP_APRENDIZAGEM_ESPECIALIZACAO_WORKLOAD;;;;;PENDENTE;True;0,7541224266313802;0,9219982439344141;0,0;0,9402736898436603;0,6072687832079774;0,0;0,14685364342340276
Societário;Organização de livros societários;;Davi;2026-03-16 09:01:00;2026-09-11 09:02:59.999999999;2026-09-11 11:02:59.999999999;1,0;;2,0;2026-09-11 11:02:59.999999999;;AHP_APRENDIZAGEM_ESPECIALIZACAO_WORKLOAD;;;;;PENDENTE;True;0,7644791381946681;1,0;0,5715432388666661;0,0;0,6586441863669917;0,10583495182767634;0,0
Direito digital;Avaliação jurídica de campanhas de marketing digital;;Eva;2026-03-16 09:02:00;2026-04-30 15:05:00.000000000;2026-05-01 09:04:59.999999999;1,0;;2,0;2026-05-01 09:04:59.999999999;;AHP_APRENDIZAGEM_ESPECIALIZACAO_WORKLOAD;;;;;PENDENTE;True;0,980332087836155;1,0;1,0;0,8740704015868325;0,6586441863669917;0,1851740071976712;0,13651389427149205
Societário;Estruturação jurídica de carve-outs, spin-offs e alienação de ativos;;Davi;2026-03-16 09:03:00;2026-09-11 11:02:59.999999999;2026-09-16 11:03:00.000000000;5,0;;24,0;2026-09-16 11:03:00.000000000;;AHP_APRENDIZAGEM_ESPECIALIZACAO_WORKLOAD;;;;;PENDENTE;True;0,7644791381946681;1,0;0,5715432388666661;0,0;0,6586441863669917;0,10583495182767634;0,0
Direito financeiro;Apoio na estruturação de financiamentos de aquisição;;Eva;2026-03-16 09:04:00;2026-05-01 09:04:59.999999999;2026-05-06 09:04:59.999999999;5,0;;24,0;2026-05-06 09:04:59.999999999;;AHP_APRENDIZAGEM_ESPECIALIZACAO_WORKLOAD;;;;;PENDENTE;True;0,7981559753869215;1,0;0,015229455247546228;0,8752087895775337;0,6586441863669917;0,0028200992556257362;0,13669168976430404
Concorrencial;Programa de Compliance Concorrencial;;Abraão;2026-03-16 09:05:00;2026-06-29 11:00:00.000000000;2026-06-30 11:00:00.000000000;3,0;;8,0;2026-06-30 11:00:00.000000000;;AHP_APRENDIZAGEM_ESPECIALIZACAO_WORKLOAD;;;;;PENDENTE;True;0,9231323016061264;1,0;1,0;0,5078319290301029;0,6586441863669917;0,1851740071976712;0,07931410804146338
Contratos;Contrato de Distribuição;;Jacó;2026-03-16 09:06:00;2026-04-21 15:06:00.000000000;2026-04-22 15:06:00.000000000;3,0;;8,0;2026-04-22 15:06:00.000000000;;AHP_APRENDIZAGEM_ESPECIALIZACAO_WORKLOAD;;;;;PENDENTE;True;0,7540446662944658;0,9219982439344141;0,0;0,9397758063917449;0,6072687832079774;0,0;0,14677588308648834
Contencioso;Padronização de teses jurídicas;;Abraão;2026-03-16 09:07:00;2026-06-30 11:00:00.000000000;2026-06-30 13:00:00.000000000;1,0;;2,0;2026-06-30 13:00:00.000000000;;AHP_APRENDIZAGEM_ESPECIALIZACAO_WORKLOAD;;;;;PENDENTE;True;0,9217409785838004;1,0;1,0;0,4989235737351992;0,6586441863669917;0,1851740071976712;0,07792278501913752
Contratos;Contrato de compra e venda;;Esaú;2026-03-16 09:08:00;2026-04-22 13:05:59.999999999;2026-04-23 13:05:59.999999999;3,0;;8,0;2026-04-23 13:05:59.999999999;;AHP_APRENDIZAGEM_ESPECIALIZACAO_WORKLOAD;;;;;PENDENTE;True;0,7530011740277214;0,9219982439344141;0,0;0,9330945399205671;0,6072687832079774;0,0;0,14573239081974396
Contratos;Contrato de Cessão de Direitos Autorais;;Jacó;2026-03-16 09:09:00;2026-04-22 15:06:00.000000000;2026-04-23 15:06:00.000000000;3,0;;8,0;2026-04-23 15:06:00.000000000;;AHP_APRENDIZAGEM_ESPECIALIZACAO_WORKLOAD;;;;;PENDENTE;True;0,7526533432721398;0,9219982439344141;0,0;0,9308674510968412;0,6072687832079774;0,0;0,14538456006416248
Direito digital;Interface entre jurídico, TI e segurança da informação;;Eva;2026-03-16 09:10:00;2026-05-06 09:04:59.999999999;2026-05-06 11:04:59.999999999;1,0;;2,0;2026-05-06 11:04:59.999999999;;AHP_APRENDIZAGEM_ESPECIALIZACAO_WORKLOAD;;;;;PENDENTE;True;0,9763359142619894;1,0;1,0;0,8484837236928225;0,6586441863669917;0,1851740071976712;0,13251772069732645
Trabalhista;Interpretação e negociação de acordos e convenções coletivas;;Abraão;2026-03-16 09:11:00;2026-06-30 13:00:00.000000000;2026-07-01 13:00:00.000000000;3,0;;8,0;2026-07-01 13:00:00.000000000;;AHP_APRENDIZAGEM_ESPECIALIZACAO_WORKLOAD;;;;;PENDENTE;True;0,921393147828219;1,0;1,0;0,4966964849114734;0,6586441863669917;0,1851740071976712;0,07757495426355608
Direito financeiro;Relatórios jurídicos de risco financeiro;;Eva;2026-03-16 09:12:00;2026-05-06 11:04:59.999999999;2026-05-06 13:04:59.999999999;1,0;;2,0;2026-05-06 13:04:59.999999999;;AHP_APRENDIZAGEM_ESPECIALIZACAO_WORKLOAD;;;;;PENDENTE;True;0,7936341755643624;1,0;0,015229455247546228;0,8462566348690965;0,6586441863669917;0,0028200992556257362;0,13216988994174497
Direito digital;Mapeamento de dados pessoais (data mapping / data inventory);;Eva;2026-03-16 09:13:00;2026-05-06 13:04:59.999999999;2026-05-07 09:05:00.000000000;2,0;;4,0;2026-05-07 09:05:00.000000000;;AHP_APRENDIZAGEM_ESPECIALIZACAO_WORKLOAD;;;;;PENDENTE;True;0,9756402527508264;1,0;1,0;0,8440295460453706;0,6586441863669917;0,1851740071976712;0,13182205918616352
Propriedade intelectual;Estratégia de Ativos Intangíveis;;Abraão;2026-03-16 09:14:00;2026-07-01 13:00:00.000000000;2026-07-01 15:00:00.000000000;1,0;;2,0;2026-07-01 15:00:00.000000000;;AHP_APRENDIZAGEM_ESPECIALIZACAO_WORKLOAD;;;;;PENDENTE;True;0,9200018248058931;1,0;1,0;0,48778812961656953;0,6586441863669917;0,1851740071976712;0,07618363124123019
Direito financeiro;Avaliação de risco e provisões;;Eva;2026-03-17 09:00:00;2026-05-07 09:05:00.000000000;2026-05-07 11:05:00.000000000;1,0;;2,0;2026-05-07 11:05:00.000000000;;AHP_APRENDIZAGEM_ESPECIALIZACAO_WORKLOAD;;;;;PENDENTE;True;0,7925647521093595;1,0;0,015089418378165275;0,8395753683979189;0,6586441863669917;0,0027941680673670487;0,13112639767500062
Direito financeiro;Gestão de vencimentos, liberações e substituições de garantias;;Eva;2026-03-17 09:01:00;2026-05-07 11:05:00.000000000;2026-05-07 13:05:00.000000000;1,0;;2,0;2026-05-07 13:05:00.000000000;;AHP_APRENDIZAGEM_ESPECIALIZACAO_WORKLOAD;;;;;PENDENTE;True;0,792216921353778;1,0;0,015089418378165275;0,837348279574193;0,6586441863669917;0,0027941680673670487;0,13077856691941914
Contratos;Contrato de Joint Venture;;Esaú;2026-03-17 09:02:00;2026-04-23 13:05:59.999999999;2026-04-28 13:06:00.000000000;5,0;;24,0;2026-04-28 13:06:00.000000000;;AHP_APRENDIZAGEM_ESPECIALIZACAO_WORKLOAD;;;;;PENDENTE;True;0,7530956642606066;0,924254110282232;0,0;0,9241861846256636;0,6087545964631885;0,0;0,14434106779741812
Regulatório;Apoio regulatório a fundos de investimento;;Davi;2026-03-17 09:03:00;2026-09-16 11:03:00.000000000;2026-09-21 11:03:00.000000000;5,0;;24,0;2026-09-21 11:03:00.000000000;;AHP_APRENDIZAGEM_ESPECIALIZACAO_WORKLOAD;;;;;PENDENTE;True;0,8438181935646629;1,0;1,0;0,0;0,6586441863669917;0,1851740071976712;0,0
Societário;Estruturação societária internacional;;Davi;2026-03-17 09:04:00;2026-09-21 11:03:00.000000000;2026-09-24 11:03:00.000000000;5,0;;24,0;2026-09-24 11:03:00.000000000;;AHP_APRENDIZAGEM_ESPECIALIZACAO_WORKLOAD;;;;;PENDENTE;True;0,7636962261163781;1,0;0,5673152584382132;0,0;0,6586441863669917;0,10505203974938637;0,0
Contratos;Contrato de Licença de Uso de Marca;;Jacó;2026-03-17 09:05:00;2026-04-23 15:06:00.000000000;2026-04-24 15:06:00.000000000;3,0;;8,0;2026-04-24 15:06:00.000000000;;AHP_APRENDIZAGEM_ESPECIALIZACAO_WORKLOAD;;;;;PENDENTE;True;0,7533662592098256;0,924254110282232;0,0;0,9259187484587694;0,6087545964631885;0,0;0,14461166274663712
Contratos;Contrato de Transferência de Tecnologia;;Jacó;2026-03-17 09:06:00;2026-04-24 15:06:00.000000000;2026-04-27 15:06:00.000000000;3,0;;8,0;2026-04-27 15:06:00.000000000;;AHP_APRENDIZAGEM_ESPECIALIZACAO_WORKLOAD;;;;;PENDENTE;True;0,7520455293713957;0,924254110282232;0,0;0,9174623868083694;0,6087545964631885;0,0;0,14329093290820713
Contencioso;Monitoramento processual e de prazos;;Abraão;2026-03-17 09:07:00;2026-07-01 15:00:00.000000000;2026-07-01 17:00:00.000000000;1,0;;2,0;2026-07-01 17:00:00.000000000;;AHP_APRENDIZAGEM_ESPECIALIZACAO_WORKLOAD;;;;;PENDENTE;True;0,9237306033511662;1,0;1,0;0,51166273210951;0,6586441863669917;0,1851740071976712;0,07991240978650323
Contratos;Contrato de Representação Comercial;;Jacó;2026-03-17 09:08:00;2026-04-27 15:06:00.000000000;2026-04-28 15:06:00.000000000;3,0;;8,0;2026-04-28 15:06:00.000000000;;AHP_APRENDIZAGEM_ESPECIALIZACAO_WORKLOAD;;;;;PENDENTE;True;0,7507247995329657;0,924254110282232;0,0;0,9090060251579696;0,6087545964631885;0,0;0,14197020306977717
Contratos;Contrato de Licenciamento de Software;;Esaú;2026-03-17 09:09:00;2026-04-28 13:06:00.000000000;2026-04-30 13:05:59.999999999;4,0;;16,0;2026-04-30 13:05:59.999999999;;AHP_APRENDIZAGEM_ESPECIALIZACAO_WORKLOAD;;;;;PENDENTE;True;0,7497342521541432;0,924254110282232;0,0;0,9026637539201696;0,6087545964631885;0,0;0,1409796556909547
Contratos;Contrato de Licenciamento de Software;;Jacó;2026-03-17 09:10:00;2026-04-28 15:06:00.000000000;2026-04-30 15:06:00.000000000;4,0;;16,0;2026-04-30 15:06:00.000000000;;AHP_APRENDIZAGEM_ESPECIALIZACAO_WORKLOAD;;;;;PENDENTE;True;0,7494040696945357;0,924254110282232;0,0;0,9005496635075696;0,6087545964631885;0,0;0,1406494732313472
Societário;Análise jurídica preliminar e de estrutura da operação;;Davi;2026-03-17 09:11:00;2026-09-24 11:03:00.000000000;2026-09-29 11:03:00.000000000;5,0;;24,0;2026-09-29 11:03:00.000000000;;AHP_APRENDIZAGEM_ESPECIALIZACAO_WORKLOAD;;;;;PENDENTE;True;0,7636962261163781;1,0;0,5673152584382132;0,0;0,6586441863669917;0,10505203974938637;0,0
Regulatório;Tradução da norma para áreas de negócio, compliance e produto;;Davi;2026-03-17 09:12:00;2026-09-29 11:03:00.000000000;2026-09-30 11:02:59.999999999;3,0;;8,0;2026-09-30 11:02:59.999999999;;AHP_APRENDIZAGEM_ESPECIALIZACAO_WORKLOAD;;;;;PENDENTE;True;0,8438181935646629;1,0;1,0;0,0;0,6586441863669917;0,1851740071976712;0,0
Societário;Elaboração e negociação de LOI;;Davi;2026-03-17 09:13:00;2026-09-30 11:02:59.999999999;2026-10-01 11:02:59.999999999;3,0;;8,0;2026-10-01 11:02:59.999999999;;AHP_APRENDIZAGEM_ESPECIALIZACAO_WORKLOAD;;;;;PENDENTE;True;0,7636962261163781;1,0;0,5673152584382132;0,0;0,6586441863669917;0,10505203974938637;0,0
Concorrencial;Contencioso Administrativo Concorrencial;;Abraão;2026-03-17 09:14:00;2026-07-02 09:00:00.000000000;2026-07-03 17:00:00.000000000;4,0;;16,0;2026-07-03 17:00:00.000000000;;AHP_APRENDIZAGEM_ESPECIALIZACAO_WORKLOAD;;;;;PENDENTE;True;0,9265078038377109;1,0;1,0;0,5294445759102127;0,6586441863669917;0,1851740071976712;0,08268961027304797
Contratos;Contrato de Hosting;;Esaú;2026-03-18 09:00:00;2026-04-30 13:05:59.999999999;2026-05-01 13:05:59.999999999;3,0;;8,0;2026-05-01 13:05:59.999999999;;AHP_APRENDIZAGEM_ESPECIALIZACAO_WORKLOAD;;;;;PENDENTE;True;0,7491245930935859;0,9262399265932701;0,0;0,8903857205641571;0,6100625428316465;0,0;0,13906205026193935
Contratos;Contrato de Desenvolvimento de Software;;Jacó;2026-03-18 09:01:00;2026-04-30 15:06:00.000000000;2026-05-01 15:06:00.000000000;3,0;;8,0;2026-05-01 15:06:00.000000000;;AHP_APRENDIZAGEM_ESPECIALIZACAO_WORKLOAD;;;;;PENDENTE;True;0,7488078050070633;0,9262399265932701;0,0;0,8883573915689125;0,6100625428316465;0,0;0,13874526217541686
Trabalhista;Gestão de escritórios externos;;Abraão;2026-03-18 09:02:00;2026-07-06 09:00:00.000000000;2026-07-06 11:00:00.000000000;1,0;;2,0;2026-07-06 11:00:00.000000000;;AHP_APRENDIZAGEM_ESPECIALIZACAO_WORKLOAD;;;;;PENDENTE;True;0,923973499145883;1,0;1,0;0,5132179439505088;0,6586441863669917;0,1851740071976712;0,08015530558122005
Contratos;NDA;;Esaú;2026-03-18 09:03:00;2026-05-01 13:05:59.999999999;2026-05-01 15:05:59.999999999;1,0;;2,0;2026-05-01 15:05:59.999999999;;AHP_APRENDIZAGEM_ESPECIALIZACAO_WORKLOAD;;;;;PENDENTE;True;0,7478574407476719;0,9262399265932701;0,0;0,8822724045843052;0,6100625428316465;0,0;0,1377948979160254
Concorrencial;Monitoramento regulatório e jurisprudencial;;Abraão;2026-03-18 09:04:00;2026-07-06 11:00:00.000000000;2026-07-07 11:00:00.000000000;3,0;;8,0;2026-07-07 11:00:00.000000000;;AHP_APRENDIZAGEM_ESPECIALIZACAO_WORKLOAD;;;;;PENDENTE;True;0,9236567110594045;1,0;1,0;0,5111896149555457;0,6586441863669917;0,1851740071976712;0,07983851749474155
Direito digital;Apoio em planos de resposta a incidentes;;Eva;2026-03-18 09:05:00;2026-05-07 13:05:00.000000000;2026-05-07 15:05:00.000000000;1,0;;2,0;2026-05-07 15:05:00.000000000;;AHP_APRENDIZAGEM_ESPECIALIZACAO_WORKLOAD;;;;;PENDENTE;True;0,9765471219977531;1,0;1,0;0,8498360434065223;0,6586441863669917;0,1851740071976712;0,1327289284330902
Contencioso;Contencioso Trabalhista;;Abraão;2026-03-18 09:06:00;2026-07-07 11:00:00.000000000;2026-07-09 11:00:00.000000000;4,0;;16,0;2026-07-09 11:00:00.000000000;;AHP_APRENDIZAGEM_ESPECIALIZACAO_WORKLOAD;;;;;PENDENTE;True;0,9223895587134905;1,0;1,0;0,5030762989756938;0,6586441863669917;0,1851740071976712;0,0785713651488276
Concorrencial;Análise de exclusividade, não concorrência e cláusulas MFN;;Abraão;2026-03-18 09:07:00;2026-07-09 11:00:00.000000000;2026-07-09 13:00:00.000000000;1,0;;2,0;2026-07-09 13:00:00.000000000;;AHP_APRENDIZAGEM_ESPECIALIZACAO_WORKLOAD;;;;;PENDENTE;True;0,9198552540216626;1,0;1,0;0,48684966701599003;0,6586441863669917;0,1851740071976712;0,07603706045699968
Trabalhista;Gestão de riscos relacionados a acidentes de trabalho;;Abraão;2026-03-18 09:08:00;2026-07-09 13:00:00.000000000;2026-07-09 15:00:00.000000000;1,0;;2,0;2026-07-09 15:00:00.000000000;;AHP_APRENDIZAGEM_ESPECIALIZACAO_WORKLOAD;;;;;PENDENTE;True;0,9195384659351841;1,0;1,0;0,48482133802102706;0,6586441863669917;0,1851740071976712;0,07572027237052119
Concorrencial;M&A Concorrencial;;Abraão;2026-03-18 09:09:00;2026-07-09 15:00:00.000000000;2026-07-14 15:00:00.000000000;5,0;;24,0;2026-07-14 15:00:00.000000000;;AHP_APRENDIZAGEM_ESPECIALIZACAO_WORKLOAD;;;;;PENDENTE;True;0,9192216778487057;1,0;1,0;0,48279300902606404;0,6586441863669917;0,1851740071976712;0,0754034842840427
Societário;Elaboração e negociação de LOI;;Davi;2026-03-18 09:10:00;2026-10-01 11:02:59.999999999;2026-10-02 11:02:59.999999999;3,0;;8,0;2026-10-02 11:02:59.999999999;;AHP_APRENDIZAGEM_ESPECIALIZACAO_WORKLOAD;;;;;PENDENTE;True;0,7844546670177778;1,0;0,6794176059304303;0,0;0,6586441863669917;0,12581048065078604;0,0
Direito financeiro;Interface com escritórios externos;;Eva;2026-03-18 09:11:00;2026-05-07 15:05:00.000000000;2026-05-08 09:04:59.999999999;1,0;;2,0;2026-05-08 09:04:59.999999999;;AHP_APRENDIZAGEM_ESPECIALIZACAO_WORKLOAD;;;;;PENDENTE;True;0,7940161535235196;1,0;0,014950954009482282;0,8490325609472631;0,6586441863669917;0,002768528065363923;0,132603439091164
Contratos;Letter of Intent;;Esaú;2026-03-18 09:12:00;2026-05-01 15:05:59.999999999;2026-05-04 09:06:00.000000000;1,0;;2,0;2026-05-04 09:06:00.000000000;;AHP_APRENDIZAGEM_ESPECIALIZACAO_WORKLOAD;;;;;PENDENTE;True;0,7476911803827785;0,9262399265932701;0,0;0,8812078736463677;0,6100625428316465;0,0;0,137628637551132
Contratos;Contrato de Licença de Uso de Marca;;Jacó;2026-03-18 09:13:00;2026-05-01 15:06:00.000000000;2026-05-04 15:06:00.000000000;3,0;;8,0;2026-05-04 15:06:00.000000000;;AHP_APRENDIZAGEM_ESPECIALIZACAO_WORKLOAD;;;;;PENDENTE;True;0,7476911803827349;0,9262399265932701;0,0;0,8812078736460883;0,6100625428316465;0,0;0,13762863755108837
Governança;Trasnparência e divulgação de informações;;Eva;2026-03-18 09:14:00;2026-05-08 09:04:59.999999999;2026-05-08 11:04:59.999999999;1,0;;2,0;2026-05-08 11:04:59.999999999;;AHP_APRENDIZAGEM_ESPECIALIZACAO_WORKLOAD;;;;;PENDENTE;True;0,9761073940861572;1,0;1,0;0,8470205559843175;0,6586441863669917;0,1851740071976712;0,1322892005214943
Contratos;Contratos de Seguros ou Previdência;;Esaú;2026-03-19 09:00:00;2026-05-04 09:06:00.000000000;2026-05-05 09:05:59.999999999;3,0;;8,0;2026-05-05 09:05:59.999999999;;AHP_APRENDIZAGEM_ESPECIALIZACAO_WORKLOAD;;;;;PENDENTE;True;0,7485331712605914;0,9279953955876299;0,0;0,8791958686834221;0,6112187722791291;0,0;0,1373143989814623
Contratos;Contrato de Locação;;Jacó;2026-03-19 09:01:00;2026-05-04 15:06:00.000000000;2026-05-05 15:06:00.000000000;3,0;;8,0;2026-05-05 15:06:00.000000000;;AHP_APRENDIZAGEM_ESPECIALIZACAO_WORKLOAD;;;;;PENDENTE;True;0,7475904555515387;0,9279953955876299;0,0;0,8731598537943059;0,6112187722791291;0,0;0,13637168327240953
Direito digital;Análise de risco jurídico digital;;Eva;2026-03-19 09:02:00;2026-05-08 11:04:59.999999999;2026-05-08 13:04:59.999999999;1,0;;2,0;2026-05-08 13:04:59.999999999;;AHP_APRENDIZAGEM_ESPECIALIZACAO_WORKLOAD;;;;;PENDENTE;True;0,9757931555164875;1,0;1,0;0,845008551021372;0,6586441863669917;0,1851740071976712;0,1319749619518246
Governança;Suporte jurídico às decisões do Conselho de Administração;;Eva;2026-03-19 09:03:00;2026-05-08 13:04:59.999999999;2026-05-08 15:04:59.999999999;1,0;;2,0;2026-05-08 15:04:59.999999999;;AHP_APRENDIZAGEM_ESPECIALIZACAO_WORKLOAD;;;;;PENDENTE;True;0,9754789169468179;1,0;1,0;0,8429965460584264;0,6586441863669917;0,1851740071976712;0,1316607233821549
Societário;Elaboração e negociação de LOI;;Davi;2026-03-19 09:04:00;2026-10-02 11:02:59.999999999;2026-10-05 11:02:59.999999999;3,0;;8,0;2026-10-05 11:02:59.999999999;;AHP_APRENDIZAGEM_ESPECIALIZACAO_WORKLOAD;;;;;PENDENTE;True;0,7847690384034979;1,0;0,6811153138888941;0,0;0,6586441863669917;0,12612485203650614;0,0
Direito digital;Treinamentos e conscientização sobre LGPD e segurança da informação;;Eva;2026-03-19 09:05:00;2026-05-08 15:04:59.999999999;2026-05-11 09:04:59.999999999;1,0;;2,0;2026-05-11 09:04:59.999999999;;AHP_APRENDIZAGEM_ESPECIALIZACAO_WORKLOAD;;;;;PENDENTE;True;0,9753629577820078;1,0;1,0;0,8422540833641042;0,6586441863669917;0,1851740071976712;0,13154476421734482
Regulatório;Tradução da norma para áreas de negócio, compliance e produto;;Davi;2026-03-19 09:06:00;2026-10-05 11:02:59.999999999;2026-10-06 11:02:59.999999999;3,0;;8,0;2026-10-06 11:02:59.999999999;;AHP_APRENDIZAGEM_ESPECIALIZACAO_WORKLOAD;;;;;PENDENTE;True;0,8438181935646629;1,0;1,0;0,0;0,6586441863669917;0,1851740071976712;0,0
Societário;Análise jurídica preliminar e de estrutura da operação;;Davi;2026-03-19 09:07:00;2026-10-06 11:02:59.999999999;2026-10-09 11:03:00.000000000;5,0;;24,0;2026-10-09 11:03:00.000000000;;AHP_APRENDIZAGEM_ESPECIALIZACAO_WORKLOAD;;;;;PENDENTE;True;0,7847690384034979;1,0;0,6811153138888941;0,0;0,6586441863669917;0,12612485203650614;0,0
Contratos;Contrato de Licenciamento de Software;;Esaú;2026-03-19 09:08:00;2026-05-05 09:05:59.999999999;2026-05-07 09:05:59.999999999;4,0;;16,0;2026-05-07 09:05:59.999999999;;AHP_APRENDIZAGEM_ESPECIALIZACAO_WORKLOAD;;;;;PENDENTE;True;0,7480546971752998;0,9279953955876299;0,0;0,8761322974761722;0,6112187722791291;0,0;0,13683592489617072
Contratos;Contrato de Joint Venture;;Jacó;2026-03-19 09:09:00;2026-05-05 15:06:00.000000000;2026-05-08 15:06:00.000000000;5,0;;24,0;2026-05-08 15:06:00.000000000;;AHP_APRENDIZAGEM_ESPECIALIZACAO_WORKLOAD;;;;;PENDENTE;True;0,7471484489834407;0,9279953955876299;0,0;0,8703297766029464;0,6112187722791291;0,0;0,13592967670431155
Concorrencial;Monitoramento regulatório e jurisprudencial;;Abraão;2026-03-19 09:10:00;2026-07-14 15:00:00.000000000;2026-07-15 15:00:00.000000000;3,0;;8,0;2026-07-15 15:00:00.000000000;;AHP_APRENDIZAGEM_ESPECIALIZACAO_WORKLOAD;;;;;PENDENTE;True;0,9193464282843595;1,0;1,0;0,4835917604203603;0,6586441863669917;0,1851740071976712;0,07552823471969662
Direito financeiro;Estruturação de Produtos Financeiros;;Eva;2026-03-19 09:11:00;2026-05-11 09:04:59.999999999;2026-05-14 09:04:59.999999999;5,0;;24,0;2026-05-14 09:04:59.999999999;;AHP_APRENDIZAGEM_ESPECIALIZACAO_WORKLOAD;;;;;PENDENTE;True;0,7934159595849658;1,0;0,01494083698503765;0,8452016376006039;0,6586441863669917;0,0027666546554065935;0,13200511856256744
Contratos;Contratos Financeiros ou Bancários;;Esaú;2026-03-19 09:12:00;2026-05-07 09:05:59.999999999;2026-05-08 09:05:59.999999999;3,0;;8,0;2026-05-08 09:05:59.999999999;;AHP_APRENDIZAGEM_ESPECIALIZACAO_WORKLOAD;;;;;PENDENTE;True;0,745638035330454;0,9279953955876299;0,0;0,8606589084816199;0,6112187722791291;0,0;0,13441926305132487
Societário;Estruturação societária internacional;;Davi;2026-03-19 09:13:00;2026-10-09 11:03:00.000000000;2026-10-14 11:03:00.000000000;5,0;;24,0;2026-10-14 11:03:00.000000000;;AHP_APRENDIZAGEM_ESPECIALIZACAO_WORKLOAD;;;;;PENDENTE;True;0,7847690384034979;1,0;0,6811153138888941;0,0;0,6586441863669917;0,12612485203650614;0,0
Contencioso;Estratégia processual;;Abraão;2026-03-19 09:14:00;2026-07-15 15:00:00.000000000;2026-07-15 17:00:00.000000000;1,0;;2,0;2026-07-15 17:00:00.000000000;;AHP_APRENDIZAGEM_ESPECIALIZACAO_WORKLOAD;;;;;PENDENTE;True;0,9199950196359483;1,0;1,0;0,4877445575123657;0,6586441863669917;0,1851740071976712;0,07617682607128544
Contratos;Contrato de Cessão de Crédito;;Esaú;2026-03-20 09:00:00;2026-05-08 09:05:59.999999999;2026-05-11 09:05:59.999999999;3,0;;8,0;2026-05-11 09:05:59.999999999;;AHP_APRENDIZAGEM_ESPECIALIZACAO_WORKLOAD;;;;;PENDENTE;True;0,7459766970101029;0,9295530356697084;0,0;0,8562584669670142;0,6122447028636423;0,0;0,1337319941464607
Direito financeiro;Apoio jurídico em renegociação de dívidas;;Eva;2026-03-20 09:01:00;2026-05-14 09:04:59.999999999;2026-05-15 09:04:59.999999999;3,0;;8,0;2026-05-15 09:04:59.999999999;;AHP_APRENDIZAGEM_ESPECIALIZACAO_WORKLOAD;;;;;PENDENTE;True;0,7904001604523267;1,0;0,014825008422818578;0,8260294256639678;0,6586441863669917;0,0027452062163925432;0,1290107678689425
Societário;Organização de livros societários;;Davi;2026-03-20 09:02:00;2026-10-14 11:03:00.000000000;2026-10-14 13:03:00.000000000;1,0;;2,0;2026-10-14 13:03:00.000000000;;AHP_APRENDIZAGEM_ESPECIALIZACAO_WORKLOAD;;;;;PENDENTE;True;0,7847690384034979;1,0;0,6811153138888941;0,0;0,6586441863669917;0,12612485203650614;0,0
Societário;Estruturação societária internacional;;Davi;2026-03-20 09:03:00;2026-10-14 13:03:00.000000000;2026-10-19 13:03:00.000000000;5,0;;24,0;2026-10-19 13:03:00.000000000;;AHP_APRENDIZAGEM_ESPECIALIZACAO_WORKLOAD;;;;;PENDENTE;True;0,7847690384034979;1,0;0,6811153138888941;0,0;0,6586441863669917;0,12612485203650614;0,0
Regulatório;Atuação em processos administrativos na CVM e no BCB;;Davi;2026-03-20 09:04:00;2026-10-19 13:03:00.000000000;2026-10-19 15:03:00.000000000;1,0;;2,0;2026-10-19 15:03:00.000000000;;AHP_APRENDIZAGEM_ESPECIALIZACAO_WORKLOAD;;;;;PENDENTE;True;0,8438181935646629;1,0;1,0;0,0;0,6586441863669917;0,1851740071976712;0,0
Governança;Outras atividades de governança;;Eva;2026-03-20 09:05:00;2026-05-15 09:04:59.999999999;2026-05-18 09:04:59.999999999;3,0;;8,0;2026-05-18 09:04:59.999999999;;AHP_APRENDIZAGEM_ESPECIALIZACAO_WORKLOAD;;;;;PENDENTE;True;0,9723790071305236;1,0;1,0;0,8231484607593383;0,6586441863669917;0,1851740071976712;0,12856081356586066
Propriedade intelectual;Criação de políticas internas de PI;;Abraão;2026-03-20 09:06:00;2026-07-16 09:00:00.000000000;2026-07-16 17:00:00.000000000;3,0;;8,0;2026-07-16 17:00:00.000000000;;AHP_APRENDIZAGEM_ESPECIALIZACAO_WORKLOAD;;;;;PENDENTE;True;0,9217700810250918;1,0;1,0;0,4991099106841411;0,6586441863669917;0,1851740071976712;0,07795188746042891
Societário;Elaboração e negociação de  SPA;;Davi;2026-03-20 09:07:00;2026-10-19 15:03:00.000000000;2026-10-20 15:03:00.000000000;3,0;;8,0;2026-10-20 15:03:00.000000000;;AHP_APRENDIZAGEM_ESPECIALIZACAO_WORKLOAD;;;;;PENDENTE;True;0,7847690384034979;1,0;0,6811153138888941;0,0;0,6586441863669917;0,12612485203650614;0,0
Concorrencial;M&A Concorrencial;;Abraão;2026-03-20 09:08:00;2026-07-17 09:00:00.000000000;2026-07-21 17:00:00.000000000;5,0;;24,0;2026-07-21 17:00:00.000000000;;AHP_APRENDIZAGEM_ESPECIALIZACAO_WORKLOAD;;;;;PENDENTE;True;0,9212000663091934;1,0;1,0;0,49546022363730546;0,6586441863669917;0,1851740071976712;0,07738187274453047
Direito financeiro;Avaliação de endividamento e garantias;;Eva;2026-03-20 09:09:00;2026-05-18 09:04:59.999999999;2026-05-18 11:04:59.999999999;1,0;;2,0;2026-05-18 11:04:59.999999999;;AHP_APRENDIZAGEM_ESPECIALIZACAO_WORKLOAD;;;;;PENDENTE;True;0,7890101191544608;1,0;0,014825008422818578;0,8171292769872948;0,6586441863669917;0,0027452062163925432;0,12762072657107662
Contratos;Contrato de Agência, Franquia ou Parceria Empresarial;;Jacó;2026-03-20 09:10:00;2026-05-08 15:06:00.000000000;2026-05-11 15:06:00.000000000;3,0;;8,0;2026-05-11 15:06:00.000000000;;AHP_APRENDIZAGEM_ESPECIALIZACAO_WORKLOAD;;;;;PENDENTE;True;0,7458588782999365;0,9295530356697084;0,0;0,8555040979860454;0,6122447028636423;0,0;0,13361417543629422
Contratos;NDA;;Esaú;2026-03-20 09:11:00;2026-05-11 09:05:59.999999999;2026-05-11 11:05:59.999999999;1,0;;2,0;2026-05-11 11:05:59.999999999;;AHP_APRENDIZAGEM_ESPECIALIZACAO_WORKLOAD;;;;;PENDENTE;True;0,7455733626731695;0,9295530356697084;0,0;0,8536760001218731;0,6122447028636423;0,0;0,13332865980952718
Societário;Gestão de earn-outs, ajustes de preço e garantias;;Davi;2026-03-20 09:12:00;2026-10-20 15:03:00.000000000;2026-10-21 09:03:00.000000000;1,0;;2,0;2026-10-21 09:03:00.000000000;;AHP_APRENDIZAGEM_ESPECIALIZACAO_WORKLOAD;;;;;PENDENTE;True;0,7847690384034979;1,0;0,6811153138888941;0,0;0,6586441863669917;0,12612485203650614;0,0
Contencioso;Avaliação de precedentes relevantes;;Abraão;2026-03-20 09:13:00;2026-07-22 09:00:00.000000000;2026-07-22 11:00:00.000000000;1,0;;2,0;2026-07-22 11:00:00.000000000;;AHP_APRENDIZAGEM_ESPECIALIZACAO_WORKLOAD;;;;;PENDENTE;True;0,9179239218910797;1,0;1,0;0,4744837444116663;0,6586441863669917;0,1851740071976712;0,07410572832641683
Contratos;Contratos imobiliários;;Esaú;2026-03-20 09:14:00;2026-05-11 11:05:59.999999999;2026-05-12 11:05:59.999999999;3,0;;8,0;2026-05-12 11:05:59.999999999;;AHP_APRENDIZAGEM_ESPECIALIZACAO_WORKLOAD;;;;;PENDENTE;True;0,7453300695984889;0,9295530356697084;0,0;0,8521182445789361;0,6122447028636423;0,0;0,13308536673484664
Trabalhista;Estruturação de planos de remuneração fixa e variável;;Abraão;2026-03-23 09:00:00;2026-07-22 11:00:00.000000000;2026-07-27 11:00:00.000000000;5,0;;24,0;2026-07-27 11:00:00.000000000;;AHP_APRENDIZAGEM_ESPECIALIZACAO_WORKLOAD;;;;;PENDENTE;True;0,9176389272623847;1,0;1,0;0,4726589823910465;0,6586441863669917;0,1851740071976712;0,07382073369772182
Regulatório;Preparação de informações e documentos para fiscalização;;Davi;2026-03-23 09:01:00;2026-10-21 09:03:00.000000000;2026-10-23 09:03:00.000000000;4,0;;16,0;2026-10-23 09:03:00.000000000;;AHP_APRENDIZAGEM_ESPECIALIZACAO_WORKLOAD;;;;;PENDENTE;True;0,8438181935646629;1,0;1,0;0,0;0,6586441863669917;0,1851740071976712;0,0
Contratos;Contrato de Licenciamento de Software;;Jacó;2026-03-23 09:02:00;2026-05-11 15:06:00.000000000;2026-05-13 15:06:00.000000000;4,0;;16,0;2026-05-13 15:06:00.000000000;;AHP_APRENDIZAGEM_ESPECIALIZACAO_WORKLOAD;;;;;PENDENTE;True;0,7460854444659226;0,9310483045793776;0,0;0,8506489613620696;0,6132295530380513;0,0;0,1328558914278713
Regulatório;Atuação em processos administrativos na CVM e no BCB;;Davi;2026-03-23 09:03:00;2026-10-23 09:03:00.000000000;2026-10-23 11:03:00.000000000;1,0;;2,0;2026-10-23 11:03:00.000000000;;AHP_APRENDIZAGEM_ESPECIALIZACAO_WORKLOAD;;;;;PENDENTE;True;0,8438181935646629;1,0;1,0;0,0;0,6586441863669917;0,1851740071976712;0,0
Direito digital;Comunicação de incidentes às autoridades competentes;;Eva;2026-03-23 09:04:00;2026-05-18 11:04:59.999999999;2026-05-18 13:04:59.999999999;1,0;;2,0;2026-05-18 13:04:59.999999999;;AHP_APRENDIZAGEM_ESPECIALIZACAO_WORKLOAD;;;;;PENDENTE;True;0,9716712812121208;1,0;1,0;0,818617037192434;0,6586441863669917;0,1851740071976712;0,12785308764745787
Societário;Due diligence;;Davi;2026-03-23 09:05:00;2026-10-23 11:03:00.000000000;2026-10-28 11:03:00.000000000;5,0;;24,0;2026-10-28 11:03:00.000000000;;AHP_APRENDIZAGEM_ESPECIALIZACAO_WORKLOAD;;;;;PENDENTE;True;0,7841892592942926;1,0;0,6779843177087104;0,0;0,6586441863669917;0,1255450729273009;0,0
Governança;Trasnparência e divulgação de informações;;Eva;2026-03-23 09:06:00;2026-05-18 13:04:59.999999999;2026-05-18 15:04:59.999999999;1,0;;2,0;2026-05-18 15:04:59.999999999;;AHP_APRENDIZAGEM_ESPECIALIZACAO_WORKLOAD;;;;;PENDENTE;True;0,9719942292552699;1,0;1,0;0,8206848071236442;0,6586441863669917;0,1851740071976712;0,12817603569060698
Concorrencial;Relacionamento CADE;;Abraão;2026-03-23 09:07:00;2026-07-27 11:00:00.000000000;2026-07-27 13:00:00.000000000;1,0;;2,0;2026-07-27 13:00:00.000000000;;AHP_APRENDIZAGEM_ESPECIALIZACAO_WORKLOAD;;;;;PENDENTE;True;0,9173848061474775;1,0;1,0;0,47103189713248006;0,6586441863669917;0,1851740071976712;0,07356661258281462
Contratos;Contrato de Distribuição;;Esaú;2026-03-23 09:08:00;2026-05-12 11:05:59.999999999;2026-05-13 11:05:59.999999999;3,0;;8,0;2026-05-13 11:05:59.999999999;;AHP_APRENDIZAGEM_ESPECIALIZACAO_WORKLOAD;;;;;PENDENTE;True;0,7460694050099483;0,9310483045793776;0,0;0,8505462640227294;0,6132295530380513;0,0;0,13283985197189704
Contencioso;Gestão de escritórios externos;;Abraão;2026-03-23 09:09:00;2026-07-27 13:00:00.000000000;2026-07-27 15:00:00.000000000;1,0;;2,0;2026-07-27 15:00:00.000000000;;AHP_APRENDIZAGEM_ESPECIALIZACAO_WORKLOAD;;;;;PENDENTE;True;0,9171103294658889;1,0;1,0;0,46927447936498645;0,6586441863669917;0,1851740071976712;0,07329213590122591
Governança;Treinamentos corporativos;;Eva;2026-03-23 09:10:00;2026-05-18 15:04:59.999999999;2026-05-19 09:04:59.999999999;1,0;;2,0;2026-05-19 09:04:59.999999999;;AHP_APRENDIZAGEM_ESPECIALIZACAO_WORKLOAD;;;;;PENDENTE;True;0,9717197525736812;1,0;1,0;0,8189273893561504;0,6586441863669917;0,1851740071976712;0,12790155900901823
Societário;Gestão de conflitos societários;;Davi;2026-03-23 09:11:00;2026-10-28 11:03:00.000000000;2026-10-28 13:03:00.000000000;1,0;;2,0;2026-10-28 13:03:00.000000000;;AHP_APRENDIZAGEM_ESPECIALIZACAO_WORKLOAD;;;;;PENDENTE;True;0,7841892592942926;1,0;0,6779843177087104;0,0;0,6586441863669917;0,1255450729273009;0,0
Direito financeiro;Interpretação de normas do Banco Central e do CMN;;Eva;2026-03-23 09:12:00;2026-05-19 09:04:59.999999999;2026-05-19 11:04:59.999999999;1,0;;2,0;2026-05-19 11:04:59.999999999;;AHP_APRENDIZAGEM_ESPECIALIZACAO_WORKLOAD;;;;;PENDENTE;True;0,7890665694532679;1,0;0,014825008422818578;0,8174907166459557;0,6586441863669917;0,0027452062163925432;0,12767717686988367
Governança;Outras atividades de governança;;Eva;2026-03-23 09:13:00;2026-05-19 11:04:59.999999999;2026-05-20 11:04:59.999999999;3,0;;8,0;2026-05-20 11:04:59.999999999;;AHP_APRENDIZAGEM_ESPECIALIZACAO_WORKLOAD;;;;;PENDENTE;True;0,9712213752769161;1,0;1,0;0,8157363819773787;0,6586441863669917;0,1851740071976712;0,12740318171225318
Direito financeiro;Revisão de documentos de disclosure;;Eva;2026-03-23 09:14:00;2026-05-20 11:04:59.999999999;2026-05-21 11:04:59.999999999;3,0;;8,0;2026-05-21 11:04:59.999999999;;AHP_APRENDIZAGEM_ESPECIALIZACAO_WORKLOAD;;;;;PENDENTE;True;0,7876965936651155;1,0;0,014825008422818578;0,808719043303071;0,6586441863669917;0,0027452062163925432;0,12630720108173124
Governança;Política de Conflito de Interesses e de Partes Relacionadas;;Eva;2026-03-24 09:00:00;2026-05-21 11:04:59.999999999;2026-05-22 11:04:59.999999999;3,0;;8,0;2026-05-22 11:04:59.999999999;;AHP_APRENDIZAGEM_ESPECIALIZACAO_WORKLOAD;;;;;PENDENTE;True;0,9690294140158722;1,0;1,0;0,8017017046287633;0,6586441863669917;0,1851740071976712;0,1252112204512093
Direito digital;Análise de risco jurídico digital;;Eva;2026-03-24 09:01:00;2026-05-22 11:04:59.999999999;2026-05-22 13:04:59.999999999;1,0;;2,0;2026-05-22 13:04:59.999999999;;AHP_APRENDIZAGEM_ESPECIALIZACAO_WORKLOAD;;;;;PENDENTE;True;0,9679334333853503;1,0;1,0;0,7946843659544556;0,6586441863669917;0,1851740071976712;0,12411523982068738
Direito digital;Uso de dados para publicidade, remarketing e analytics;;Eva;2026-03-24 09:02:00;2026-05-22 13:04:59.999999999;2026-05-22 15:04:59.999999999;1,0;;2,0;2026-05-22 15:04:59.999999999;;AHP_APRENDIZAGEM_ESPECIALIZACAO_WORKLOAD;;;;;PENDENTE;True;0,9676594382277198;1,0;1,0;0,7929300312858786;0,6586441863669917;0,1851740071976712;0,12384124466305689
Contratos;Outros tipos contratuais;;Esaú;2026-03-24 09:03:00;2026-05-13 11:05:59.999999999;2026-05-14 11:05:59.999999999;3,0;;8,0;2026-05-14 11:05:59.999999999;;AHP_APRENDIZAGEM_ESPECIALIZACAO_WORKLOAD;;;;;PENDENTE;True;0,7458223249874065;0,9322749927135113;0,0;0,8437911172187949;0,6140375040460838;0,0;0,13178482094132266
Contratos;MoU;;Jacó;2026-03-24 09:04:00;2026-05-13 15:06:00.000000000;2026-05-14 09:06:00.000000000;1,0;;2,0;2026-05-14 09:06:00.000000000;;AHP_APRENDIZAGEM_ESPECIALIZACAO_WORKLOAD;;;;;PENDENTE;True;0,7452743346721455;0,9322749927135113;0,0;0,840282447881641;0,6140375040460838;0,0;0,1312368306260617
Contratos;Contrato de SaaS;;Jacó;2026-03-24 09:05:00;2026-05-14 09:06:00.000000000;2026-05-15 09:05:59.999999999;3,0;;8,0;2026-05-15 09:05:59.999999999;;AHP_APRENDIZAGEM_ESPECIALIZACAO_WORKLOAD;;;;;PENDENTE;True;0,745000339514515;0,9322749927135113;0,0;0,838528113213064;0,6140375040460838;0,0;0,1309628354684312
Governança;Política de PLDFTP e Fraudes;;Eva;2026-03-24 09:06:00;2026-05-22 15:04:59.999999999;2026-05-25 15:05:00.000000000;3,0;;8,0;2026-05-25 15:05:00.000000000;;AHP_APRENDIZAGEM_ESPECIALIZACAO_WORKLOAD;;;;;PENDENTE;True;0,9673854430700893;1,0;1,0;0,7911756966173018;0,6586441863669917;0,1851740071976712;0,12356724950542643
Governança;Outras atividades de governança;;Eva;2026-03-24 09:07:00;2026-05-25 15:05:00.000000000;2026-05-26 15:05:00.000000000;3,0;;8,0;2026-05-26 15:05:00.000000000;;AHP_APRENDIZAGEM_ESPECIALIZACAO_WORKLOAD;;;;;PENDENTE;True;0,9662894624395674;1,0;1,0;0,7841583579429939;0,6586441863669917;0,1851740071976712;0,12247126887490446
Contratos;Contrato de trabalho;;Jacó;2026-03-24 09:08:00;2026-05-15 09:05:59.999999999;2026-05-15 11:05:59.999999999;1,0;;2,0;2026-05-15 11:05:59.999999999;;AHP_APRENDIZAGEM_ESPECIALIZACAO_WORKLOAD;;;;;PENDENTE;True;0,7477896840039789;0,9378557558694465;0,0011318430432531684;0,8315107745387562;0,6177132412542317;0,00020958791183799626;0,12986685483790925
Governança;Planejamento de Agenda do Conselho de Administração;;Eva;2026-03-24 09:09:00;2026-05-26 15:05:00.000000000;2026-05-27 09:04:59.999999999;1,0;;2,0;2026-05-27 09:04:59.999999999;;AHP_APRENDIZAGEM_ESPECIALIZACAO_WORKLOAD;;;;;PENDENTE;True;0,9651934818090454;1,0;1,0;0,7771410192686862;0,6586441863669917;0,1851740071976712;0,12137528824438253
Contratos;NDA;;Jacó;2026-03-24 09:10:00;2026-05-15 11:05:59.999999999;2026-05-15 13:05:59.999999999;1,0;;2,0;2026-05-15 13:05:59.999999999;;AHP_APRENDIZAGEM_ESPECIALIZACAO_WORKLOAD;;;;;PENDENTE;True;0,7475156888463484;0,9378557558694465;0,0011318430432531684;0,8297564398701791;0,6177132412542317;0,00020958791183799626;0,12959285968027875
Concorrencial;Relacionamento CADE;;Abraão;2026-03-24 09:11:00;2026-07-27 15:00:00.000000000;2026-07-27 17:00:00.000000000;1,0;;2,0;2026-07-27 17:00:00.000000000;;AHP_APRENDIZAGEM_ESPECIALIZACAO_WORKLOAD;;;;;PENDENTE;True;0,9169817505309432;1,0;1,0;0,46845121487675806;0,6586441863669917;0,1851740071976712;0,07316355696628034
Contencioso;Elaboração de recursos;;Abraão;2026-03-24 09:12:00;2026-07-28 09:00:00.000000000;2026-07-29 17:00:00.000000000;4,0;;16,0;2026-07-29 17:00:00.000000000;;AHP_APRENDIZAGEM_ESPECIALIZACAO_WORKLOAD;;;;;PENDENTE;True;0,9167077553733127;1,0;1,0;0,466696880208181;0,6586441863669917;0,1851740071976712;0,07288956180864983
Contratos;Contrato de trabalho;;Jacó;2026-03-24 09:13:00;2026-05-15 13:05:59.999999999;2026-05-15 15:05:59.999999999;1,0;;2,0;2026-05-15 15:05:59.999999999;;AHP_APRENDIZAGEM_ESPECIALIZACAO_WORKLOAD;;;;;PENDENTE;True;0,747241693688718;0,9378557558694465;0,0011318430432531684;0,8280021052016022;0,6177132412542317;0,00020958791183799626;0,12931886452264826
Contratos;Contratos Financeiros ou Bancários;;Jacó;2026-03-24 09:14:00;2026-05-15 15:05:59.999999999;2026-05-18 15:06:00.000000000;3,0;;8,0;2026-05-18 15:06:00.000000000;;AHP_APRENDIZAGEM_ESPECIALIZACAO_WORKLOAD;;;;;PENDENTE;True;0,7469676985310875;0,9378557558694465;0,0011318430432531684;0,8262477705330253;0,6177132412542317;0,00020958791183799626;0,1290448693650178
Societário;Due diligence societária;;Davi;2026-03-25 09:00:00;2026-10-28 13:03:00.000000000;2026-11-02 13:03:00.000000000;5,0;;24,0;2026-11-02 13:03:00.000000000;;AHP_APRENDIZAGEM_ESPECIALIZACAO_WORKLOAD;;;;;PENDENTE;True;0,784415301322025;1,0;0,6792050183413376;0,0;0,6586441863669917;0,12577111495503324;0,0
Contratos;NDA;;Jacó;2026-03-25 09:01:00;2026-05-18 15:06:00.000000000;2026-05-19 09:06:00.000000000;1,0;;2,0;2026-05-19 09:06:00.000000000;;AHP_APRENDIZAGEM_ESPECIALIZACAO_WORKLOAD;;;;;PENDENTE;True;0,7509511816302712;0,9443657415822835;0,002263719730382152;0,822957532716942;0,6220010054973238;0,00041918205364729487;0,12853099407930005
Societário;Gestão de passivos;;Davi;2026-03-25 09:02:00;2026-11-02 13:03:00.000000000;2026-11-02 15:03:00.000000000;1,0;;2,0;2026-11-02 15:03:00.000000000;;AHP_APRENDIZAGEM_ESPECIALIZACAO_WORKLOAD;;;;;PENDENTE;True;0,784415301322025;1,0;0,6792050183413376;0,0;0,6586441863669917;0,12577111495503324;0,0
Direito digital;Relacionamento ANPD;;Eva;2026-03-25 09:03:00;2026-05-27 09:04:59.999999999;2026-05-27 11:04:59.999999999;1,0;;2,0;2026-05-27 11:04:59.999999999;;AHP_APRENDIZAGEM_ESPECIALIZACAO_WORKLOAD;;;;;PENDENTE;True;0,9657017055820315;1,0;1,0;0,780395071610541;0,6586441863669917;0,1851740071976712;0,12188351201736855
Governança;Estruturação de framework de riscos;;Eva;2026-03-25 09:04:00;2026-05-27 11:04:59.999999999;2026-06-01 11:04:59.999999999;5,0;;24,0;2026-06-01 11:04:59.999999999;;AHP_APRENDIZAGEM_ESPECIALIZACAO_WORKLOAD;;;;;PENDENTE;True;0,9654338199187823;1,0;1,0;0,7786798547785465;0,6586441863669917;0,1851740071976712;0,12161562635411936
Regulatório;Tradução da norma para áreas de negócio, compliance e produto;;Davi;2026-03-25 09:05:00;2026-11-02 15:03:00.000000000;2026-11-03 15:03:00.000000000;3,0;;8,0;2026-11-03 15:03:00.000000000;;AHP_APRENDIZAGEM_ESPECIALIZACAO_WORKLOAD;;;;;PENDENTE;True;0,8438181935646629;1,0;1,0;0,0;0,6586441863669917;0,1851740071976712;0,0
Direito financeiro;Revisão de documentos de disclosure;;Eva;2026-03-25 09:06:00;2026-06-01 11:04:59.999999999;2026-06-02 11:04:59.999999999;3,0;;8,0;2026-06-02 11:04:59.999999999;;AHP_APRENDIZAGEM_ESPECIALIZACAO_WORKLOAD;;;;;PENDENTE;True;0,7799623953439998;1,0;0,0143636128619069;0,7597456063146514;0,6586441863669917;0,0026597677514753107;0,11865844122553271
Concorrencial;M&A Concorrencial;;Abraão;2026-03-25 09:07:00;2026-07-30 09:00:00.000000000;2026-08-03 17:00:00.000000000;5,0;;24,0;2026-08-03 17:00:00.000000000;;AHP_APRENDIZAGEM_ESPECIALIZACAO_WORKLOAD;;;;;PENDENTE;True;0,9169914163264447;1,0;1,0;0,46851310297833687;0,6586441863669917;0,1851740071976712;0,07317322276178177
Concorrencial;Gestão de canal de dúvidas;;Abraão;2026-03-25 09:08:00;2026-08-04 09:00:00.000000000;2026-08-04 11:00:00.000000000;1,0;;2,0;2026-08-04 11:00:00.000000000;;AHP_APRENDIZAGEM_ESPECIALIZACAO_WORKLOAD;;;;;PENDENTE;True;0,9137986932171224;1,0;1,0;0,44807075324380347;0,6586441863669917;0,1851740071976712;0,06998049965245941
Regulatório;Elaboração de defesas, manifestações e recursos;;Davi;2026-03-25 09:09:00;2026-11-03 15:03:00.000000000;2026-11-05 15:03:00.000000000;4,0;;16,0;2026-11-05 15:03:00.000000000;;AHP_APRENDIZAGEM_ESPECIALIZACAO_WORKLOAD;;;;;PENDENTE;True;0,8438181935646629;1,0;1,0;0,0;0,6586441863669917;0,1851740071976712;0,0
Societário;Gestão de passivos;;Davi;2026-03-25 09:10:00;2026-11-05 15:03:00.000000000;2026-11-06 09:03:00.000000000;1,0;;2,0;2026-11-06 09:03:00.000000000;;AHP_APRENDIZAGEM_ESPECIALIZACAO_WORKLOAD;;;;;PENDENTE;True;0,784415301322025;1,0;0,6792050183413376;0,0;0,6586441863669917;0,12577111495503324;0,0
Governança;Avaliação periódica da efetividade da governança;;Eva;2026-03-25 09:11:00;2026-06-02 11:04:59.999999999;2026-06-03 11:04:59.999999999;3,0;;8,0;2026-06-03 11:04:59.999999999;;AHP_APRENDIZAGEM_ESPECIALIZACAO_WORKLOAD;;;;;PENDENTE;True;0,9619950762115432;1,0;1,0;0,7566622857304978;0,6586441863669917;0,1851740071976712;0,11817688264688034
Contratos;Contrato de Manutenção de Sistemas;;Jacó;2026-03-25 09:12:00;2026-05-19 09:06:00.000000000;2026-05-20 09:05:59.999999999;3,0;;8,0;2026-05-20 09:05:59.999999999;;AHP_APRENDIZAGEM_ESPECIALIZACAO_WORKLOAD;;;;;PENDENTE;True;0,7513386365110897;0,9443657415822835;0,002263719730382152;0,8254383266689502;0,6220010054973238;0,00041918205364729487;0,12891844896011853
Direito digital;Avaliação de uso de IA, algoritmos e automação;;Eva;2026-03-25 09:13:00;2026-06-03 11:04:59.999999999;2026-06-03 13:04:59.999999999;1,0;;2,0;2026-06-03 13:04:59.999999999;;AHP_APRENDIZAGEM_ESPECIALIZACAO_WORKLOAD;;;;;PENDENTE;True;0,9609469054796151;1,0;1,0;0,7499510640085101;0,6586441863669917;0,1851740071976712;0,11712871191495224
Contencioso;Elaboração de petição inicial;;Abraão;2026-03-25 09:14:00;2026-08-04 11:00:00.000000000;2026-08-04 13:00:00.000000000;1,0;;2,0;2026-08-04 13:00:00.000000000;;AHP_APRENDIZAGEM_ESPECIALIZACAO_WORKLOAD;;;;;PENDENTE;True;0,9148383117198665;1,0;1,0;0,454727216800425;0,6586441863669917;0,1851740071976712;0,07102011815520355
Contratos;Contrato de Representação Comercial;;Jacó;2026-03-26 09:00:00;2026-05-20 09:05:59.999999999;2026-05-21 09:05:59.999999999;3,0;;8,0;2026-05-21 09:05:59.999999999;;AHP_APRENDIZAGEM_ESPECIALIZACAO_WORKLOAD;;;;;PENDENTE;True;0,7895282757348854;1,0;0,016275562565787383;0,8187271049469627;0,6586441863669917;0,0030138111397032606;0,12787027822819044
Contratos;Contrato de Escrow de Código-Fonte;;Jacó;2026-03-26 09:01:00;2026-05-21 09:05:59.999999999;2026-05-22 09:05:59.999999999;3,0;;8,0;2026-05-22 09:05:59.999999999;;AHP_APRENDIZAGEM_ESPECIALIZACAO_WORKLOAD;;;;;PENDENTE;True;0,7884801050029573;1,0;0,016275562565787383;0,8120158832249751;0,6586441863669917;0,0030138111397032606;0,12682210749626235
Contencioso;Elaboração de contestação;;Abraão;2026-03-26 09:02:00;2026-08-04 13:00:00.000000000;2026-08-04 15:00:00.000000000;1,0;;2,0;2026-08-04 15:00:00.000000000;;AHP_APRENDIZAGEM_ESPECIALIZACAO_WORKLOAD;;;;;PENDENTE;True;0,9145762690368845;1,0;1,0;0,4530494113699281;0,6586441863669917;0,1851740071976712;0,07075807547222153
Governança;Gestão de fluxo de informações com Conselho de Administração;;Eva;2026-03-26 09:03:00;2026-06-03 13:04:59.999999999;2026-06-03 15:04:59.999999999;1,0;;2,0;2026-06-03 15:04:59.999999999;;AHP_APRENDIZAGEM_ESPECIALIZACAO_WORKLOAD;;;;;PENDENTE;True;0,9606848627966331;1,0;1,0;0,7482732585780133;0,6586441863669917;0,1851740071976712;0,11686666923197023
Societário;Estruturação jurídica de carve-outs, spin-offs e alienação de ativos;;Davi;2026-03-26 09:04:00;2026-11-06 09:03:00.000000000;2026-11-11 09:03:00.000000000;5,0;;24,0;2026-11-11 09:03:00.000000000;;AHP_APRENDIZAGEM_ESPECIALIZACAO_WORKLOAD;;;;;PENDENTE;True;0,784415301322025;1,0;0,6792050183413376;0,0;0,6586441863669917;0,12577111495503324;0,0
Societário;Atos perante Junta Comercial;;Davi;2026-03-26 09:05:00;2026-11-11 09:03:00.000000000;2026-11-11 11:03:00.000000000;1,0;;2,0;2026-11-11 11:03:00.000000000;;AHP_APRENDIZAGEM_ESPECIALIZACAO_WORKLOAD;;;;;PENDENTE;True;0,784415301322025;1,0;0,6792050183413376;0,0;0,6586441863669917;0,12577111495503324;0,0
Contratos;Letter of Intent;;Jacó;2026-03-26 09:06:00;2026-05-22 09:05:59.999999999;2026-05-22 11:05:59.999999999;1,0;;2,0;2026-05-22 11:05:59.999999999;;AHP_APRENDIZAGEM_ESPECIALIZACAO_WORKLOAD;;;;;PENDENTE;True;0,7880810171736149;1,0;0,016275562565787383;0,8094606058949765;0,6586441863669917;0,0030138111397032606;0,1264230196669199
Contratos;Contrato de Licenciamento de Software;;Jacó;2026-03-26 09:07:00;2026-05-22 11:05:59.999999999;2026-05-26 11:05:59.999999999;4,0;;16,0;2026-05-26 11:05:59.999999999;;AHP_APRENDIZAGEM_ESPECIALIZACAO_WORKLOAD;;;;;PENDENTE;True;0,7878245680237251;1,0;0,016275562565787383;0,8078186147069959;0,6586441863669917;0,0030138111397032606;0,1261665705170302
Direito financeiro;Interpretação de normas do Banco Central e do CMN;;Eva;2026-03-26 09:08:00;2026-06-03 15:04:59.999999999;2026-06-04 09:04:59.999999999;1,0;;2,0;2026-06-04 09:04:59.999999999;;AHP_APRENDIZAGEM_ESPECIALIZACAO_WORKLOAD;;;;;PENDENTE;True;0,778753390615496;1,0;0,0143636128619069;0,7520045975755545;0,6586441863669917;0,0026597677514753107;0,11744943649702883
Regulatório;Análise regulatória de novos produtos financeiros e de investimento;;Davi;2026-03-26 09:09:00;2026-11-11 11:03:00.000000000;2026-11-12 11:02:59.999999999;3,0;;8,0;2026-11-12 11:02:59.999999999;;AHP_APRENDIZAGEM_ESPECIALIZACAO_WORKLOAD;;;;;PENDENTE;True;0,8438181935646629;1,0;1,0;0,0;0,6586441863669917;0,1851740071976712;0,0
Contratos;Contrato de SaaS;;Jacó;2026-03-26 09:10:00;2026-05-26 11:05:59.999999999;2026-05-27 11:05:59.999999999;3,0;;8,0;2026-05-27 11:05:59.999999999;;AHP_APRENDIZAGEM_ESPECIALIZACAO_WORKLOAD;;;;;PENDENTE;True;0,7859822143501283;1,0;0,016275562565787383;0,796022402871274;0,6586441863669917;0,0030138111397032606;0,12432421684343326
Trabalhista;Análise de regimes de jornada e banco de horas;;Abraão;2026-03-26 09:11:00;2026-08-04 15:00:00.000000000;2026-08-04 17:00:00.000000000;1,0;;2,0;2026-08-04 17:00:00.000000000;;AHP_APRENDIZAGEM_ESPECIALIZACAO_WORKLOAD;;;;;PENDENTE;True;0,916690439320353;1,0;1,0;0,46658600908077547;0,6586441863669917;0,1851740071976712;0,07287224575569011
Direito digital;Negociação de cláusulas de segurança da informação;;Eva;2026-03-26 09:12:00;2026-06-04 09:04:59.999999999;2026-06-05 09:04:59.999999999;3,0;;8,0;2026-06-05 09:04:59.999999999;;AHP_APRENDIZAGEM_ESPECIALIZACAO_WORKLOAD;;;;;PENDENTE;True;0,9612655871699561;1,0;1,0;0,7519915173597328;0,6586441863669917;0,1851740071976712;0,11744739360529323
Societário;Estruturação de veículos societários (SPVs);;Davi;2026-03-26 09:13:00;2026-11-12 11:02:59.999999999;2026-11-17 11:03:00.000000000;5,0;;24,0;2026-11-17 11:03:00.000000000;;AHP_APRENDIZAGEM_ESPECIALIZACAO_WORKLOAD;;;;;PENDENTE;True;0,784415301322025;1,0;0,6792050183413376;0,0;0,6586441863669917;0,12577111495503324;0,0
Direito digital;Uso de dados para publicidade, remarketing e analytics;;Eva;2026-03-26 09:14:00;2026-06-05 09:04:59.999999999;2026-06-05 11:04:59.999999999;1,0;;2,0;2026-06-05 11:04:59.999999999;;AHP_APRENDIZAGEM_ESPECIALIZACAO_WORKLOAD;;;;;PENDENTE;True;0,9610097311579338;1,0;1,0;0,7503533239115845;0,6586441863669917;0,1851740071976712;0,11719153759327089
Contratos;Contrato de SaaS;;Jacó;2026-03-27 09:00:00;2026-05-27 11:05:59.999999999;2026-05-28 11:05:59.999999999;3,0;;8,0;2026-05-28 11:05:59.999999999;;AHP_APRENDIZAGEM_ESPECIALIZACAO_WORKLOAD;;;;;PENDENTE;True;0,788327981849243;1,0;0,031038190635674277;0,7935388389645164;0,6586441863669917;0,005747466136173039;0,12393632934607823
Contratos;Outros tipos contratuais;;Jacó;2026-03-27 09:01:00;2026-05-28 11:05:59.999999999;2026-05-29 11:05:59.999999999;3,0;;8,0;2026-05-29 11:05:59.999999999;;AHP_APRENDIZAGEM_ESPECIALIZACAO_WORKLOAD;;;;;PENDENTE;True;0,7873284449423744;1,0;0,031038190635674277;0,7871390096266322;0,6586441863669917;0,005747466136173039;0,12293679243920962
Regulatório;Análise de risco sancionador e reputacional;;Esaú;2026-03-27 09:02:00;2026-05-14 11:05:59.999999999;2026-05-14 13:05:59.999999999;1,0;;2,0;2026-05-14 13:05:59.999999999;;AHP_APRENDIZAGEM_ESPECIALIZACAO_WORKLOAD;;;;;PENDENTE;True;0,7946765211226524;1,0;0,016741946100944635;0,8511373030052533;0,6586441863669917;0,0031001732477993448;0,13293216150786133
Regulatório;Interface com reguladores durante processos de autorização;;Esaú;2026-03-27 09:03:00;2026-05-14 13:05:59.999999999;2026-05-15 13:05:59.999999999;3,0;;8,0;2026-05-15 13:05:59.999999999;;AHP_APRENDIZAGEM_ESPECIALIZACAO_WORKLOAD;;;;;PENDENTE;True;0,7944266368959352;1,0;0,016741946100944635;0,8495373456707822;0,6586441863669917;0,0031001732477993448;0,13268227728114418
Contratos;Contrato de prestação de serviços;;Jacó;2026-03-27 09:04:00;2026-05-29 11:05:59.999999999;2026-06-01 11:05:59.999999999;3,0;;8,0;2026-06-01 11:05:59.999999999;;AHP_APRENDIZAGEM_ESPECIALIZACAO_WORKLOAD;;;;;PENDENTE;True;0,7863289080355058;1,0;0,031038190635674277;0,7807391802887479;0,6586441863669917;0,005747466136173039;0,12193725553234099
Concorrencial;Revisão concorrencial de documentos;;Abraão;2026-03-27 09:05:00;2026-08-05 09:00:00.000000000;2026-08-05 17:00:00.000000000;3,0;;8,0;2026-08-05 17:00:00.000000000;;AHP_APRENDIZAGEM_ESPECIALIZACAO_WORKLOAD;;;;;PENDENTE;True;0,9180400560053275;1,0;1,0;0,4752273272712728;0,6586441863669917;0,1851740071976712;0,07422186244066453
Societário;Aprovações regulatórias e concorrenciais;;Davi;2026-03-27 09:06:00;2026-11-17 11:03:00.000000000;2026-11-18 11:02:59.999999999;3,0;;8,0;2026-11-18 11:02:59.999999999;;AHP_APRENDIZAGEM_ESPECIALIZACAO_WORKLOAD;;;;;PENDENTE;True;0,784415301322025;1,0;0,6792050183413376;0,0;0,6586441863669917;0,12577111495503324;0,0
Contratos;Contratos imobiliários;;Jacó;2026-03-27 09:07:00;2026-06-01 11:05:59.999999999;2026-06-02 11:05:59.999999999;3,0;;8,0;2026-06-02 11:05:59.999999999;;AHP_APRENDIZAGEM_ESPECIALIZACAO_WORKLOAD;;;;;PENDENTE;True;0,7855534929344814;1,0;0,031038190635674277;0,7757743568005177;0,6586441863669917;0,005747466136173039;0,12116184043131659
Propriedade intelectual;Combate à pirataria, concorrência desleal e uso indevido;;Abraão;2026-03-27 09:08:00;2026-08-06 09:00:00.000000000;2026-08-06 13:00:00.000000000;2,0;;4,0;2026-08-06 13:00:00.000000000;;AHP_APRENDIZAGEM_ESPECIALIZACAO_WORKLOAD;;;;;PENDENTE;True;0,9175680693863784;1,0;1,0;0,47220529397737215;0,6586441863669917;0,1851740071976712;0,0737498758217154
Contencioso;Padronização de teses jurídicas;;Abraão;2026-03-27 09:09:00;2026-08-06 13:00:00.000000000;2026-08-06 15:00:00.000000000;1,0;;2,0;2026-08-06 15:00:00.000000000;;AHP_APRENDIZAGEM_ESPECIALIZACAO_WORKLOAD;;;;;PENDENTE;True;0,9170714790264981;1,0;1,0;0,4690257279881297;0,6586441863669917;0,1851740071976712;0,07325328546183514
Governança;Gestão de documentos de governança;;Eva;2026-03-27 09:10:00;2026-06-05 11:04:59.999999999;2026-06-08 11:04:59.999999999;3,0;;8,0;2026-06-08 11:04:59.999999999;;AHP_APRENDIZAGEM_ESPECIALIZACAO_WORKLOAD;;;;;PENDENTE;True;0,961009380243437;1,0;1,0;0,7503510770781996;0,6586441863669917;0,1851740071976712;0,11719118667877408
Propriedade intelectual;Atuação em oposições, nulidades e defesas administrativas;;Abraão;2026-03-27 09:11:00;2026-08-06 15:00:00.000000000;2026-08-06 17:00:00.000000000;1,0;;2,0;2026-08-06 17:00:00.000000000;;AHP_APRENDIZAGEM_ESPECIALIZACAO_WORKLOAD;;;;;PENDENTE;True;0,9168231838465579;1,0;1,0;0,46743594499350843;0,6586441863669917;0,1851740071976712;0,07300499028189501
Contratos;Contratos de Seguros ou Previdência;;Jacó;2026-03-27 09:12:00;2026-06-02 11:05:59.999999999;2026-06-03 11:05:59.999999999;3,0;;8,0;2026-06-03 11:05:59.999999999;;AHP_APRENDIZAGEM_ESPECIALIZACAO_WORKLOAD;;;;;PENDENTE;True;0,7845603122147209;1,0;0,031038190635674277;0,7694152248220325;0,6586441863669917;0,005747466136173039;0,12016865971155606
Concorrencial;M&A Concorrencial;;Abraão;2026-03-27 09:13:00;2026-08-07 09:00:00.000000000;2026-08-11 17:00:00.000000000;5,0;;24,0;2026-08-11 17:00:00.000000000;;AHP_APRENDIZAGEM_ESPECIALIZACAO_WORKLOAD;;;;;PENDENTE;True;0,9165748886666178;1,0;1,0;0,4658461619988871;0,6586441863669917;0,1851740071976712;0,07275669510195489
Concorrencial;M&A Concorrencial;;Abraão;2026-03-27 09:14:00;2026-08-12 09:00:00.000000000;2026-08-14 17:00:00.000000000;5,0;;24,0;2026-08-14 17:00:00.000000000;;AHP_APRENDIZAGEM_ESPECIALIZACAO_WORKLOAD;;;;;PENDENTE;True;0,9135953465073363;1,0;1,0;0,4467687660634323;0,6586441863669917;0,1851740071976712;0,06977715294267339
Regulatório;Análise de risco sancionador e reputacional;;Esaú;2026-03-30 09:00:00;2026-05-15 13:05:59.999999999;2026-05-15 15:05:59.999999999;1,0;;2,0;2026-05-15 15:05:59.999999999;;AHP_APRENDIZAGEM_ESPECIALIZACAO_WORKLOAD;;;;;PENDENTE;True;0,7935828927834985;1,0;0,016741946100944635;0,8441350255690097;0,6586441863669917;0,0031001732477993448;0,13183853316870742
Propriedade intelectual;Avaliação de riscos de infração a patentes de terceiros (FTO);;Abraão;2026-03-30 09:01:00;2026-08-17 09:00:00.000000000;2026-08-18 17:00:00.000000000;4,0;;16,0;2026-08-18 17:00:00.000000000;;AHP_APRENDIZAGEM_ESPECIALIZACAO_WORKLOAD;;;;;PENDENTE;True;0,9106158043480548;1,0;1,0;0,42769137012797753;0,6586441863669917;0,1851740071976712;0,0667976107833919
Societário;Estruturação de regras de governança;;Davi;2026-03-30 09:02:00;2026-11-18 11:02:59.999999999;2026-11-23 11:03:00.000000000;5,0;;24,0;2026-11-23 11:03:00.000000000;;AHP_APRENDIZAGEM_ESPECIALIZACAO_WORKLOAD;;;;;PENDENTE;True;0,784415301322025;1,0;0,6792050183413376;0,0;0,6586441863669917;0,12577111495503324;0,0
Societário;Atas de Reunião e Assembleia;;Davi;2026-03-30 09:03:00;2026-11-23 11:03:00.000000000;2026-11-23 15:03:00.000000000;2,0;;4,0;2026-11-23 15:03:00.000000000;;AHP_APRENDIZAGEM_ESPECIALIZACAO_WORKLOAD;;;;;PENDENTE;True;0,784415301322025;1,0;0,6792050183413376;0,0;0,6586441863669917;0,12577111495503324;0,0
Contencioso;Relatórios gerenciais;;Abraão;2026-03-30 09:04:00;2026-08-19 09:00:00.000000000;2026-08-19 11:00:00.000000000;1,0;;2,0;2026-08-19 11:00:00.000000000;;AHP_APRENDIZAGEM_ESPECIALIZACAO_WORKLOAD;;;;;PENDENTE;True;0,9106187969417842;1,0;1,0;0,4277105310904331;0,6586441863669917;0,1851740071976712;0,06680060337712125
Regulatório;Resposta a ofícios, exigências e questionamentos da CVM e do BCB;;Esaú;2026-03-30 09:05:00;2026-05-15 15:05:59.999999999;2026-05-18 09:06:00.000000000;1,0;;2,0;2026-05-18 09:06:00.000000000;;AHP_APRENDIZAGEM_ESPECIALIZACAO_WORKLOAD;;;;;PENDENTE;True;0,793870014453695;1,0;0,016741946100944635;0,8459734065991033;0,6586441863669917;0,0031001732477993448;0,13212565483890387
Regulatório;Interface com áreas de produto, tecnologia e negócios;;Esaú;2026-03-30 09:06:00;2026-05-18 09:06:00.000000000;2026-05-18 11:06:00.000000000;1,0;;2,0;2026-05-18 11:06:00.000000000;;AHP_APRENDIZAGEM_ESPECIALIZACAO_WORKLOAD;;;;;PENDENTE;True;0,7936271252495577;1,0;0,016741946100944635;0,8444182369562307;0,6586441863669917;0,0031001732477993448;0,13188276563476664
Direito financeiro;Negociação jurídica com bancos e instituições de crédito;;Eva;2026-03-30 09:07:00;2026-06-08 11:04:59.999999999;2026-06-09 11:04:59.999999999;3,0;;8,0;2026-06-09 11:04:59.999999999;;AHP_APRENDIZAGEM_ESPECIALIZACAO_WORKLOAD;;;;;PENDENTE;True;0,7783185259098495;1,0;0,014072122352664971;0,7495658484748539;0,6586441863669917;0,002605791285818893;0,11706854825703884
Contratos;Contrato de Hosting;;Jacó;2026-03-30 09:08:00;2026-06-03 11:05:59.999999999;2026-06-04 11:05:59.999999999;3,0;;8,0;2026-06-04 11:05:59.999999999;;AHP_APRENDIZAGEM_ESPECIALIZACAO_WORKLOAD;;;;;PENDENTE;True;0,7872486190623253;1,0;0,046568296465817324;0,7682149244448909;0,6586441863669917;0,008623238064944543;0,11998119463038907
Concorrencial;Análise de exclusividade, não concorrência e cláusulas MFN;;Abraão;2026-03-30 09:09:00;2026-08-19 11:00:00.000000000;2026-08-19 13:00:00.000000000;1,0;;2,0;2026-08-19 13:00:00.000000000;;AHP_APRENDIZAGEM_ESPECIALIZACAO_WORKLOAD;;;;;PENDENTE;True;0,9103759077376132;1,0;1,0;0,4261553614473446;0,6586441863669917;0,1851740071976712;0,0665577141729503
Direito digital;Avaliação de uso de IA, algoritmos e automação;;Eva;2026-03-30 09:10:00;2026-06-09 11:04:59.999999999;2026-06-09 13:04:59.999999999;1,0;;2,0;2026-06-09 13:04:59.999999999;;AHP_APRENDIZAGEM_ESPECIALIZACAO_WORKLOAD;;;;;PENDENTE;True;0,9599151850050178;1,0;1,0;0,7433451699024994;0,6586441863669917;0,1851740071976712;0,11609699144035494
Contratos;Contrato de Joint Venture;;Jacó;2026-03-30 09:11:00;2026-06-04 11:05:59.999999999;2026-06-09 11:06:00.000000000;5,0;;24,0;2026-06-09 11:06:00.000000000;;AHP_APRENDIZAGEM_ESPECIALIZACAO_WORKLOAD;;;;;PENDENTE;True;0,7862770622456414;1,0;0,046568296465817324;0,7619942458725365;0,6586441863669917;0,008623238064944543;0,11900963781370516
Governança;Trasnparência e divulgação de informações;;Eva;2026-03-30 09:12:00;2026-06-09 13:04:59.999999999;2026-06-09 15:04:59.999999999;1,0;;2,0;2026-06-09 15:04:59.999999999;;AHP_APRENDIZAGEM_ESPECIALIZACAO_WORKLOAD;;;;;PENDENTE;True;0,9596722958008469;1,0;1,0;0,7417900002594109;0,6586441863669917;0,1851740071976712;0,11585410223618398
Contratos;Contrato de Locação;;Jacó;2026-03-30 09:13:00;2026-06-09 11:06:00.000000000;2026-06-10 11:05:59.999999999;3,0;;8,0;2026-06-10 11:05:59.999999999;;AHP_APRENDIZAGEM_ESPECIALIZACAO_WORKLOAD;;;;;PENDENTE;True;0,7833623917955899;1,0;0,046568296465817324;0,7433322101554737;0,6586441863669917;0,008623238064944543;0,11609496736365352
Regulatório;Interface com áreas de risco, tesouraria e controles internos;;Esaú;2026-03-30 09:14:00;2026-05-18 11:06:00.000000000;2026-05-18 13:06:00.000000000;1,0;;2,0;2026-05-18 13:06:00.000000000;;AHP_APRENDIZAGEM_ESPECIALIZACAO_WORKLOAD;;;;;PENDENTE;True;0,7933842360453867;1,0;0,016741946100944635;0,842863067313142;0,6586441863669917;0,0031001732477993448;0,13163987643059566
Regulatório;Apoio jurídico à governança de instituições reguladas;;Esaú;2026-03-31 09:00:00;2026-05-18 13:06:00.000000000;2026-05-19 13:05:59.999999999;3,0;;8,0;2026-05-19 13:05:59.999999999;;AHP_APRENDIZAGEM_ESPECIALIZACAO_WORKLOAD;;;;;PENDENTE;True;0,7931413468412157;1,0;0,016741946100944635;0,8413078976700534;0,6586441863669917;0,0031001732477993448;0,13139698722642468
Contratos;Contrato de Mútuo, Doação ou Comodato;;Jacó;2026-03-31 09:01:00;2026-06-10 11:05:59.999999999;2026-06-11 11:05:59.999999999;3,0;;8,0;2026-06-11 11:05:59.999999999;;AHP_APRENDIZAGEM_ESPECIALIZACAO_WORKLOAD;;;;;PENDENTE;True;0,7854109455766877;1,0;0,06287787815866192;0,7371115315831195;0,6586441863669917;0,011643348662726353;0,11512341054696965
Governança;Suporte jurídico às decisões do Conselho de Administração;;Eva;2026-03-31 09:02:00;2026-06-09 15:04:59.999999999;2026-06-10 09:04:59.999999999;1,0;;2,0;2026-06-10 09:04:59.999999999;;AHP_APRENDIZAGEM_ESPECIALIZACAO_WORKLOAD;;;;;PENDENTE;True;0,959429406596676;1,0;1,0;0,7402348306163223;0,6586441863669917;0,1851740071976712;0,11561121303201301
Governança;Planejamento de Agenda do Conselho de Administração;;Eva;2026-03-31 09:03:00;2026-06-10 09:04:59.999999999;2026-06-10 11:04:59.999999999;1,0;;2,0;2026-06-10 11:04:59.999999999;;AHP_APRENDIZAGEM_ESPECIALIZACAO_WORKLOAD;;;;;PENDENTE;True;0,9591865173925049;1,0;1,0;0,7386796609732338;0,6586441863669917;0,1851740071976712;0,11536832382784204
Trabalhista;Análise de regimes de jornada e banco de horas;;Abraão;2026-03-31 09:04:00;2026-08-19 13:00:00.000000000;2026-08-19 15:00:00.000000000;1,0;;2,0;2026-08-19 15:00:00.000000000;;AHP_APRENDIZAGEM_ESPECIALIZACAO_WORKLOAD;;;;;PENDENTE;True;0,9101330185334422;1,0;1,0;0,42460019180425596;0,6586441863669917;0,1851740071976712;0,06631482496877932
Contratos;Contrato de Representação Comercial;;Jacó;2026-03-31 09:05:00;2026-06-11 11:05:59.999999999;2026-06-12 11:05:59.999999999;3,0;;8,0;2026-06-12 11:05:59.999999999;;AHP_APRENDIZAGEM_ESPECIALIZACAO_WORKLOAD;;;;;PENDENTE;True;0,7844393887600039;1,0;0,06287787815866192;0,7308908530107653;0,6586441863669917;0,011643348662726353;0,11415185373028577
Contratos;Contratos imobiliários;;Jacó;2026-03-31 09:06:00;2026-06-12 11:05:59.999999999;2026-06-15 11:05:59.999999999;3,0;;8,0;2026-06-15 11:05:59.999999999;;AHP_APRENDIZAGEM_ESPECIALIZACAO_WORKLOAD;;;;;PENDENTE;True;0,7834678319433199;1,0;0,06287787815866192;0,7246701744384111;0,6586441863669917;0,011643348662726353;0,1131802969136019
Contratos;Letter of Intent;;Jacó;2026-03-31 09:07:00;2026-06-15 11:05:59.999999999;2026-06-15 13:05:59.999999999;1,0;;2,0;2026-06-15 13:05:59.999999999;;AHP_APRENDIZAGEM_ESPECIALIZACAO_WORKLOAD;;;;;PENDENTE;True;0,782496275126636;1,0;0,06287787815866192;0,7184494958660568;0,6586441863669917;0,011643348662726353;0,112208740096918
Contratos;Contrato de Licenciamento de Software;;Jacó;2026-03-31 09:08:00;2026-06-15 13:05:59.999999999;2026-06-17 13:05:59.999999999;4,0;;16,0;2026-06-17 13:05:59.999999999;;AHP_APRENDIZAGEM_ESPECIALIZACAO_WORKLOAD;;;;;PENDENTE;True;0,7822533859224651;1,0;0,06287787815866192;0,7168943262229682;0,6586441863669917;0,011643348662726353;0,11196585089274703
Contratos;Contrato de compra e venda;;Jacó;2026-03-31 09:09:00;2026-06-17 13:05:59.999999999;2026-06-18 13:05:59.999999999;3,0;;8,0;2026-06-18 13:05:59.999999999;;AHP_APRENDIZAGEM_ESPECIALIZACAO_WORKLOAD;;;;;PENDENTE;True;0,7803102722890973;1,0;0,06287787815866192;0,7044529690782597;0,6586441863669917;0,011643348662726353;0,11002273725937928
Contratos;Contratos Administrativos;;Jacó;2026-03-31 09:10:00;2026-06-18 13:05:59.999999999;2026-06-19 13:05:59.999999999;3,0;;8,0;2026-06-19 13:05:59.999999999;;AHP_APRENDIZAGEM_ESPECIALIZACAO_WORKLOAD;;;;;PENDENTE;True;0,7793387154724134;1,0;0,06287787815866192;0,6982322905059053;0,6586441863669917;0,011643348662726353;0,10905118044269536
Contratos;Contrato de Mútuo, Doação ou Comodato;;Jacó;2026-03-31 09:11:00;2026-06-19 13:05:59.999999999;2026-06-22 13:05:59.999999999;3,0;;8,0;2026-06-22 13:05:59.999999999;;AHP_APRENDIZAGEM_ESPECIALIZACAO_WORKLOAD;;;;;PENDENTE;True;0,7783671586557296;1,0;0,06287787815866192;0,6920116119335511;0,6586441863669917;0,011643348662726353;0,10807962362601149
Contratos;Contrato de Distribuição;;Jacó;2026-03-31 09:12:00;2026-06-22 13:05:59.999999999;2026-06-23 13:05:59.999999999;3,0;;8,0;2026-06-23 13:05:59.999999999;;AHP_APRENDIZAGEM_ESPECIALIZACAO_WORKLOAD;;;;;PENDENTE;True;0,7773956018390457;1,0;0,06287787815866192;0,6857909333611967;0,6586441863669917;0,011643348662726353;0,10710806680932759
Contratos;Contrato de Mútuo, Doação ou Comodato;;Jacó;2026-03-31 09:13:00;2026-06-23 13:05:59.999999999;2026-06-24 13:05:59.999999999;3,0;;8,0;2026-06-24 13:05:59.999999999;;AHP_APRENDIZAGEM_ESPECIALIZACAO_WORKLOAD;;;;;PENDENTE;True;0,7764240450223617;1,0;0,06287787815866192;0,6795702547888425;0,6586441863669917;0,011643348662726353;0,10613650999264372
Contratos;Contrato de Locação;;Jacó;2026-03-31 09:14:00;2026-06-24 13:05:59.999999999;2026-06-25 13:05:59.999999999;3,0;;8,0;2026-06-25 13:05:59.999999999;;AHP_APRENDIZAGEM_ESPECIALIZACAO_WORKLOAD;;;;;PENDENTE;True;0,7754524882056779;1,0;0,06287787815866192;0,6733495762164882;0,6586441863669917;0,011643348662726353;0,10516495317595982
Societário;Análise jurídica preliminar e de estrutura da operação;;Davi;2026-04-01 09:00:00;2026-11-23 15:03:00.000000000;2026-11-26 15:03:00.000000000;5,0;;24,0;2026-11-26 15:03:00.000000000;;AHP_APRENDIZAGEM_ESPECIALIZACAO_WORKLOAD;;;;;PENDENTE;True;0,784415301322025;1,0;0,6792050183413376;0,0;0,6586441863669917;0,12577111495503324;0,0
Contratos;Outros tipos contratuais;;Jacó;2026-04-01 09:01:00;2026-06-25 13:05:59.999999999;2026-06-26 13:05:59.999999999;3,0;;8,0;2026-06-26 13:05:59.999999999;;AHP_APRENDIZAGEM_ESPECIALIZACAO_WORKLOAD;;;;;PENDENTE;True;0,7785990587628597;1,0;0,079973647891816;0,6732271443476842;0,6586441863669917;0,014809040850343158;0,10514583154552476
Contratos;NDA;;Jacó;2026-04-01 09:02:00;2026-06-26 13:05:59.999999999;2026-06-26 15:05:59.999999999;1,0;;2,0;2026-06-26 15:05:59.999999999;;AHP_APRENDIZAGEM_ESPECIALIZACAO_WORKLOAD;;;;;PENDENTE;True;0,7776453010074722;1,0;0,079973647891816;0,6671204295058226;0,6586441863669917;0,014809040850343158;0,10419207379013734
Contratos;Contrato de Transferência de Tecnologia;;Jacó;2026-04-01 09:03:00;2026-06-26 15:05:59.999999999;2026-06-29 15:06:00.000000000;3,0;;8,0;2026-06-29 15:06:00.000000000;;AHP_APRENDIZAGEM_ESPECIALIZACAO_WORKLOAD;;;;;PENDENTE;True;0,7774068615686254;1,0;0,079973647891816;0,6655937507953572;0,6586441863669917;0,014809040850343158;0,10395363435129049
Contencioso;Elaboração de petição inicial;;Abraão;2026-04-01 09:04:00;2026-08-19 15:00:00.000000000;2026-08-19 17:00:00.000000000;1,0;;2,0;2026-08-19 17:00:00.000000000;;AHP_APRENDIZAGEM_ESPECIALIZACAO_WORKLOAD;;;;;PENDENTE;True;0,9115409551831407;1,0;1,0;0,43361492073993024;0,6586441863669917;0,1851740071976712;0,06772276161847783
Concorrencial;Avaliação de riscos concorrenciais;;Abraão;2026-04-01 09:05:00;2026-08-20 09:00:00.000000000;2026-08-20 11:00:00.000000000;1,0;;2,0;2026-08-20 11:00:00.000000000;;AHP_APRENDIZAGEM_ESPECIALIZACAO_WORKLOAD;;;;;PENDENTE;True;0,9113025157442939;1,0;1,0;0,43208824202946494;0,6586441863669917;0,1851740071976712;0,06748432217963099
Contratos;Contrato de trabalho;;Jacó;2026-04-01 09:06:00;2026-06-29 15:06:00.000000000;2026-06-30 09:06:00.000000000;1,0;;2,0;2026-06-30 09:06:00.000000000;;AHP_APRENDIZAGEM_ESPECIALIZACAO_WORKLOAD;;;;;PENDENTE;True;0,776453103813238;1,0;0,079973647891816;0,6594870359534958;0,6586441863669917;0,014809040850343158;0,10299987659590308
Trabalhista;Gestão de escritórios externos;;Abraão;2026-04-01 09:07:00;2026-08-20 11:00:00.000000000;2026-08-20 13:00:00.000000000;1,0;;2,0;2026-08-20 13:00:00.000000000;;AHP_APRENDIZAGEM_ESPECIALIZACAO_WORKLOAD;;;;;PENDENTE;True;0,9110640763054471;1,0;1,0;0,4305615633189996;0,6586441863669917;0,1851740071976712;0,06724588274078414
Concorrencial;Relacionamento CADE;;Abraão;2026-04-01 09:08:00;2026-08-20 13:00:00.000000000;2026-08-20 15:00:00.000000000;1,0;;2,0;2026-08-20 15:00:00.000000000;;AHP_APRENDIZAGEM_ESPECIALIZACAO_WORKLOAD;;;;;PENDENTE;True;0,9108256368666002;1,0;1,0;0,4290348846085342;0,6586441863669917;0,1851740071976712;0,06700744330193728
Direito digital;Avaliação de fornecedores sob a ótica de privacidade (vendor assessment);;Eva;2026-04-01 09:09:00;2026-06-10 11:04:59.999999999;2026-06-10 13:04:59.999999999;1,0;;2,0;2026-06-10 13:04:59.999999999;;AHP_APRENDIZAGEM_ESPECIALIZACAO_WORKLOAD;;;;;PENDENTE;True;0,9596957868536198;1,0;1,0;0,7419404086412135;0,6586441863669917;0,1851740071976712;0,11587759328895691
Societário;Estruturação de holdings e grupos;;Davi;2026-04-01 09:10:00;2026-11-26 15:03:00.000000000;2026-12-01 15:03:00.000000000;5,0;;24,0;2026-12-01 15:03:00.000000000;;AHP_APRENDIZAGEM_ESPECIALIZACAO_WORKLOAD;;;;;PENDENTE;True;0,784415301322025;1,0;0,6792050183413376;0,0;0,6586441863669917;0,12577111495503324;0,0
Direito financeiro;Negociação jurídica com bancos e instituições de crédito;;Eva;2026-04-01 09:11:00;2026-06-10 13:04:59.999999999;2026-06-11 13:05:00.000000000;3,0;;8,0;2026-06-11 13:05:00.000000000;;AHP_APRENDIZAGEM_ESPECIALIZACAO_WORKLOAD;;;;;PENDENTE;True;0,77760295351893;1,0;0,01398807814079095;0,7450838309889392;0,6586441863669917;0,0025902284823244104;0,11636853866961393
Contratos;Contrato de prestação de serviços;;Jacó;2026-04-01 09:12:00;2026-06-30 09:06:00.000000000;2026-07-01 09:05:59.999999999;3,0;;8,0;2026-07-01 09:05:59.999999999;;AHP_APRENDIZAGEM_ESPECIALIZACAO_WORKLOAD;;;;;PENDENTE;True;0,7771757264638033;1,0;0,079973647891816;0,6641138402340854;0,6586441863669917;0,014809040850343158;0,10372249924646831
Contratos;Contrato de Representação Comercial;;Jacó;2026-04-01 09:13:00;2026-07-01 09:05:59.999999999;2026-07-02 09:05:59.999999999;3,0;;8,0;2026-07-02 09:05:59.999999999;;AHP_APRENDIZAGEM_ESPECIALIZACAO_WORKLOAD;;;;;PENDENTE;True;0,7762391273397313;1,0;0,079973647891816;0,6581169885812032;0,6586441863669917;0,014809040850343158;0,10278590012239643
Societário;Avaliação de impactos (societário, contratual, regulatório, concorrencial, trabalhista, tributário);;Davi;2026-04-01 09:14:00;2026-12-01 15:03:00.000000000;2026-12-02 15:03:00.000000000;3,0;;8,0;2026-12-02 15:03:00.000000000;;AHP_APRENDIZAGEM_ESPECIALIZACAO_WORKLOAD;;;;;PENDENTE;True;0,784415301322025;1,0;0,6792050183413376;0,0;0,6586441863669917;0,12577111495503324;0,0
Concorrencial;Contencioso Administrativo Concorrencial;;Abraão;2026-04-02 09:00:00;2026-08-20 15:00:00.000000000;2026-08-24 15:00:00.000000000;4,0;;16,0;2026-08-24 15:00:00.000000000;;AHP_APRENDIZAGEM_ESPECIALIZACAO_WORKLOAD;;;;;PENDENTE;True;0,9127191934156661;1,0;1,0;0,44115893793000666;0,6586441863669917;0,1851740071976712;0,0689009998510032
Governança;Avaliação periódica da efetividade da governança;;Eva;2026-04-02 09:01:00;2026-06-11 13:05:00.000000000;2026-06-12 13:05:00.000000000;3,0;;8,0;2026-06-12 13:05:00.000000000;;AHP_APRENDIZAGEM_ESPECIALIZACAO_WORKLOAD;;;;;PENDENTE;True;0,904024547585135;0,9157838164224884;1,0;0,7406423089344113;0,6031756866556484;0,1851740071976712;0,11567485373181537
Regulatório;Apoio regulatório a fundos de investimento;;Esaú;2026-04-02 09:02:00;2026-05-19 13:05:59.999999999;2026-05-22 13:06:00.000000000;5,0;;24,0;2026-05-22 13:06:00.000000000;;AHP_APRENDIZAGEM_ESPECIALIZACAO_WORKLOAD;;;;;PENDENTE;True;0,7930346538338168;1,0;0,015608465163294283;0,841968654529404;0,6586441863669917;0,0028902820404924554;0,1315001854263326
Concorrencial;Gestão de canal de dúvidas;;Abraão;2026-04-02 09:03:00;2026-08-24 15:00:00.000000000;2026-08-24 17:00:00.000000000;1,0;;2,0;2026-08-24 17:00:00.000000000;;AHP_APRENDIZAGEM_ESPECIALIZACAO_WORKLOAD;;;;;PENDENTE;True;0,9108571614967133;1,0;1,0;0,42923673033456694;0,6586441863669917;0,1851740071976712;0,06703896793205033
Governança;Preparação de reuniões, materiais, pautas e apreentações;;Eva;2026-04-02 09:04:00;2026-06-12 13:05:00.000000000;2026-06-12 15:05:00.000000000;1,0;;2,0;2026-06-12 15:05:00.000000000;;AHP_APRENDIZAGEM_ESPECIALIZACAO_WORKLOAD;;;;;PENDENTE;True;0,9030935316256585;0,9157838164224884;1,0;0,7346812051366914;0,6031756866556484;0,1851740071976712;0,11474383777233893
Contratos;Contrato de Joint Venture;;Jacó;2026-04-02 09:05:00;2026-07-02 09:05:59.999999999;2026-07-07 09:06:00.000000000;5,0;;24,0;2026-07-07 09:06:00.000000000;;AHP_APRENDIZAGEM_ESPECIALIZACAO_WORKLOAD;;;;;PENDENTE;True;0,778937841213597;1,0;0,09785645630294651;0,6541938849012279;0,6586441863669917;0,018120472143780413;0,10217318270282477
Contratos;Contrato de Hosting;;Jacó;2026-04-02 09:06:00;2026-07-07 09:06:00.000000000;2026-07-08 09:05:59.999999999;3,0;;8,0;2026-07-08 09:05:59.999999999;;AHP_APRENDIZAGEM_ESPECIALIZACAO_WORKLOAD;;;;;PENDENTE;True;0,7761447933351676;1,0;0,09785645630294651;0,6363105735080683;0,6586441863669917;0,018120472143780413;0,09938013482439546
Propriedade intelectual;Proteção de obras intelectuais (textos, imagens, vídeos, músicas);;Abraão;2026-04-02 09:07:00;2026-08-25 09:00:00.000000000;2026-08-25 11:00:00.000000000;1,0;;2,0;2026-08-25 11:00:00.000000000;;AHP_APRENDIZAGEM_ESPECIALIZACAO_WORKLOAD;;;;;PENDENTE;True;0,9106244075068441;1,0;1,0;0,42774645438513703;0,6586441863669917;0,1851740071976712;0,06680621394218123
Societário;Elaboração e negociação de  SHA;;Davi;2026-04-02 09:08:00;2026-12-02 15:03:00.000000000;2026-12-03 15:03:00.000000000;3,0;;8,0;2026-12-03 15:03:00.000000000;;AHP_APRENDIZAGEM_ESPECIALIZACAO_WORKLOAD;;;;;PENDENTE;True;0,784415301322025;1,0;0,6792050183413376;0,0;0,6586441863669917;0,12577111495503324;0,0
Contratos;Letter of Intent;;Jacó;2026-04-02 09:09:00;2026-07-08 09:05:59.999999999;2026-07-08 11:05:59.999999999;1,0;;2,0;2026-07-08 11:05:59.999999999;;AHP_APRENDIZAGEM_ESPECIALIZACAO_WORKLOAD;;;;;PENDENTE;True;0,7755558885585484;1,0;0,09785645630294651;0,6325399372857049;0,6586441863669917;0,018120472143780413;0,09879123004777624
Direito digital;Gestão de Processos com ANPD;;Eva;2026-04-02 09:10:00;2026-06-12 15:05:00.000000000;2026-06-15 09:04:59.999999999;1,0;;2,0;2026-06-15 09:04:59.999999999;;AHP_APRENDIZAGEM_ESPECIALIZACAO_WORKLOAD;;;;;PENDENTE;True;0,9585762088657789;1,0;1,0;0,7347719809389479;0,6586441863669917;0,1851740071976712;0,11475801530111597
Contratos;Contrato de Locação;;Jacó;2026-04-02 09:11:00;2026-07-08 11:05:59.999999999;2026-07-09 11:05:59.999999999;3,0;;8,0;2026-07-09 11:05:59.999999999;;AHP_APRENDIZAGEM_ESPECIALIZACAO_WORKLOAD;;;;;PENDENTE;True;0,7753245138175267;1,0;0,09785645630294651;0,6310584923831098;0,6586441863669917;0,018120472143780413;0,09855985530675451
Societário;Estruturação de regras de governança;;Davi;2026-04-02 09:12:00;2026-12-03 15:03:00.000000000;2026-12-08 15:03:00.000000000;5,0;;24,0;2026-12-08 15:03:00.000000000;;AHP_APRENDIZAGEM_ESPECIALIZACAO_WORKLOAD;;;;;PENDENTE;True;0,784415301322025;1,0;0,6792050183413376;0,0;0,6586441863669917;0,12577111495503324;0,0
Propriedade intelectual;Análise de tendências e riscos concorrenciais;;Abraão;2026-04-02 09:13:00;2026-08-25 11:00:00.000000000;2026-08-25 13:00:00.000000000;1,0;;2,0;2026-08-25 13:00:00.000000000;;AHP_APRENDIZAGEM_ESPECIALIZACAO_WORKLOAD;;;;;PENDENTE;True;0,9124785512784002;1,0;1,0;0,43961815579437663;0,6586441863669917;0,1851740071976712;0,0686603577137372
Societário;Due diligence societária;;Davi;2026-04-02 09:14:00;2026-12-08 15:03:00.000000000;2026-12-11 15:03:00.000000000;5,0;;24,0;2026-12-11 15:03:00.000000000;;AHP_APRENDIZAGEM_ESPECIALIZACAO_WORKLOAD;;;;;PENDENTE;True;0,784415301322025;1,0;0,6792050183413376;0,0;0,6586441863669917;0,12577111495503324;0,0
Regulatório;Estruturação de políticas exigidas por CVM e BCB;;Esaú;2026-04-03 09:00:00;2026-05-22 13:06:00.000000000;2026-05-27 13:06:00.000000000;5,0;;24,0;2026-05-27 13:06:00.000000000;;AHP_APRENDIZAGEM_ESPECIALIZACAO_WORKLOAD;;;;;PENDENTE;True;0,791263057757082;1,0;0,015181402307818358;0,8311318280443559;0,6586441863669917;0,0028112011002186985;0,12980767028987147
Governança;Outras atividades de governança;;Esaú;2026-04-03 09:01:00;2026-05-27 13:06:00.000000000;2026-05-28 13:05:59.999999999;3,0;;8,0;2026-05-28 13:05:59.999999999;;AHP_APRENDIZAGEM_ESPECIALIZACAO_WORKLOAD;;;;;PENDENTE;True;0,78883305176258;1,0;0,01653776332804821;0,813964855392297;0,6586441863669917;0,003062363905541382;0,1271265014900469
Regulatório;Interface com áreas de produto, tecnologia e negócios;;Esaú;2026-04-03 09:02:00;2026-05-28 13:05:59.999999999;2026-05-28 15:05:59.999999999;1,0;;2,0;2026-05-28 15:05:59.999999999;;AHP_APRENDIZAGEM_ESPECIALIZACAO_WORKLOAD;;;;;PENDENTE;True;0,7876881660239825;1,0;0,015181402307818358;0,8082425311749442;0,6586441863669917;0,0028112011002186985;0,12623277855677204
Contratos;Contrato de Joint Venture;;Jacó;2026-04-03 09:03:00;2026-07-09 11:05:59.999999999;2026-07-14 11:06:00.000000000;5,0;;24,0;2026-07-14 11:06:00.000000000;;AHP_APRENDIZAGEM_ESPECIALIZACAO_WORKLOAD;;;;;PENDENTE;True;0,7801621487169329;1,0;0,11812371179474762;0,638003385708694;0,6586441863669917;0,021873441058096233;0,09964452129184496
Contencioso;Prevenção de Litígios e Atuação Preventiva;;Abraão;2026-04-03 09:04:00;2026-08-25 13:00:00.000000000;2026-08-27 13:00:00.000000000;4,0;;16,0;2026-08-27 13:00:00.000000000;;AHP_APRENDIZAGEM_ESPECIALIZACAO_WORKLOAD;;;;;PENDENTE;True;0,9137575988617537;1,0;1,0;0,4478076345342266;0,6586441863669917;0,1851740071976712;0,06993940529709076
Direito financeiro;Estruturação de Produtos Financeiros;;Eva;2026-04-03 09:05:00;2026-06-15 09:04:59.999999999;2026-06-18 09:04:59.999999999;5,0;;24,0;2026-06-18 09:04:59.999999999;;AHP_APRENDIZAGEM_ESPECIALIZACAO_WORKLOAD;;;;;PENDENTE;True;0,7771906492172267;1,0;0,013984879101378246;0,7424477241839728;0,6586441863669917;0,002589636103377177;0,11595682674685778
Direito financeiro;Negociação jurídica com bancos e instituições de crédito;;Eva;2026-04-03 09:06:00;2026-06-18 09:04:59.999999999;2026-06-19 09:04:59.999999999;3,0;;8,0;2026-06-19 09:04:59.999999999;;AHP_APRENDIZAGEM_ESPECIALIZACAO_WORKLOAD;;;;;PENDENTE;True;0,7745094804174021;1,0;0,013984879101378246;0,725280751531914;0,6586441863669917;0,002589636103377177;0,11327565794703322
Societário;Gestão de passivos;;Davi;2026-04-03 09:07:00;2026-12-11 15:03:00.000000000;2026-12-14 09:03:00.000000000;1,0;;2,0;2026-12-14 09:03:00.000000000;;AHP_APRENDIZAGEM_ESPECIALIZACAO_WORKLOAD;;;;;PENDENTE;True;0,784415301322025;1,0;0,6792050183413376;0,0;0,6586441863669917;0,12577111495503324;0,0
Governança;Outras atividades de governança;;Esaú;2026-04-03 09:08:00;2026-05-28 15:05:59.999999999;2026-05-29 15:06:00.000000000;3,0;;8,0;2026-05-29 15:06:00.000000000;;AHP_APRENDIZAGEM_ESPECIALIZACAO_WORKLOAD;;;;;PENDENTE;True;0,7877590005820395;1,0;0,01653776332804821;0,8070879264781395;0,6586441863669917;0,003062363905541382;0,12605245030950638
Propriedade intelectual;Depósito, acompanhamento e manutenção de registros de marcas;;Abraão;2026-04-03 09:09:00;2026-08-27 13:00:00.000000000;2026-08-27 15:00:00.000000000;1,0;;2,0;2026-08-27 15:00:00.000000000;;AHP_APRENDIZAGEM_ESPECIALIZACAO_WORKLOAD;;;;;PENDENTE;True;0,9120959069253554;1,0;1,0;0,43716816266279374;0,6586441863669917;0,1851740071976712;0,06827771336069242
