area_wk;tarefa_WK;descritivo;analista;data_aloc;inicio_wk;fim_wk;comp_est;comp_real;tempo_est_h;prazo_est;prazo_real;crit_aloc;resum_exec;data_envio;data_aval;retorno;status;xp_creditada;score_ahp_escolhido;aprendizado_norm_escolhido;especializacao_norm_escolhido;workload_norm_escolhido;contrib_aprendizagem_escolhido;contrib_especializacao_escolhido;contrib_workload_escolhido
Societário;Integração societária;;Abel;2026-01-01 09:00:00;2026-01-01 09:00:00.000000000;2026-01-01 11:00:00.000000000;1,0;;2,0;2026-01-01 11:00:00.000000000;;AHP_APRENDIZAGEM_ESPECIALIZACAO_WORKLOAD;;;;;CONCLUIDA;True;1,0;1,0;1,0;1,0;0,6586441863669917;0,1851740071976712;0,1561818064353371
Contratos;Contrato de Manutenção de Sistemas;;Abraão;2026-01-01 09:01:00;2026-01-01 09:01:00.000000000;2026-01-02 09:00:59.999999999;3,0;;8,0;2026-01-02 09:00:59.999999999;;AHP_APRENDIZAGEM_ESPECIALIZACAO_WORKLOAD;;;;;CONCLUIDA;True;1,0;1,0;1,0;1,0;0,6586441863669917;0,1851740071976712;0,1561818064353371
Contratos;Contrato de trabalho;;Adão;2026-01-01 09:02:00;2026-01-01 09:02:00.000000000;2026-01-01 11:02:00.000000000;1,0;;2,0;2026-01-01 11:02:00.000000000;;AHP_APRENDIZAGEM_ESPECIALIZACAO_WORKLOAD;;;;;CONCLUIDA;True;1,0;1,0;1,0;1,0;0,6586441863669917;0,1851740071976712;0,1561818064353371
Societário;Consolidação das versões finais dos documentos;;Caim;2026-01-01 09:03:00;2026-01-01 09:03:00.000000000;2026-01-01 11:03:00.000000000;1,0;;2,0;2026-01-01 11:03:00.000000000;;AHP_APRENDIZAGEM_ESPECIALIZACAO_WORKLOAD;;;;;CONCLUIDA;True;1,0;1,0;1,0;1,0;0,6586441863669917;0,1851740071976712;0,1561818064353371
Societário;Gestão de conflitos societários;;Davi;2026-01-01 09:04:00;2026-01-01 09:04:00.000000000;2026-01-01 11:04:00.000000000;1,0;;2,0;2026-01-01 11:04:00.000000000;;AHP_APRENDIZAGEM_ESPECIALIZACAO_WORKLOAD;;;;;CONCLUIDA;True;1,0;1,0;1,0;1,0;0,6586441863669917;0,1851740071976712;0,1561818064353371
Societário;Organização de livros societários;;Abel;2026-01-02 09:00:00;2026-01-02 09:00:00.000000000;2026-01-02 11:00:00.000000000;1,0;;2,0;2026-01-02 11:00:00.000000000;;AHP_APRENDIZAGEM_ESPECIALIZACAO_WORKLOAD;;;;;CONCLUIDA;True;1,0;1,0;1,0;1,0;0,6586441863669917;0,1851740071976712;0,1561818064353371
Societário;Estruturação de regras de governança;;Caim;2026-01-02 09:01:00;2026-01-02 09:01:00.000000000;2026-01-07 09:00:59.999999999;5,0;;24,0;2026-01-07 09:00:59.999999999;;AHP_APRENDIZAGEM_ESPECIALIZACAO_WORKLOAD;;;;;CONCLUIDA;True;1,0;1,0;1,0;1,0;0,6586441863669917;0,1851740071976712;0,1561818064353371
Contratos;Contrato de Locação;;Abraão;2026-01-02 09:02:00;2026-01-02 09:02:00.000000000;2026-01-05 09:01:59.999999999;3,0;;8,0;2026-01-05 09:01:59.999999999;;AHP_APRENDIZAGEM_ESPECIALIZACAO_WORKLOAD;;;;;CONCLUIDA;True;1,0;1,0;1,0;1,0;0,6586441863669917;0,1851740071976712;0,1561818064353371
Societário;Atas de Reunião e Assembleia;;Davi;2026-01-02 09:03:00;2026-01-02 09:03:00.000000000;2026-01-02 13:03:00.000000000;2,0;;4,0;2026-01-02 13:03:00.000000000;;AHP_APRENDIZAGEM_ESPECIALIZACAO_WORKLOAD;;;;;CONCLUIDA;True;1,0;1,0;1,0;1,0;0,6586441863669917;0,1851740071976712;0,1561818064353371
Societário;Regularização societária;;Abel;2026-01-02 09:04:00;2026-01-02 11:00:00.000000000;2026-01-05 11:00:00.000000000;3,0;;8,0;2026-01-05 11:00:00.000000000;;AHP_APRENDIZAGEM_ESPECIALIZACAO_WORKLOAD;;;;;CONCLUIDA;True;0,9873924220273422;1,0;1,0;0,9192762700060226;0,6586441863669917;0,1851740071976712;0,1435742284626793
Societário;Gestão jurídica do encerramento de operações;;Davi;2026-01-05 09:00:00;2026-01-05 09:00:00.000000000;2026-01-05 11:00:00.000000000;1,0;;2,0;2026-01-05 11:00:00.000000000;;AHP_APRENDIZAGEM_ESPECIALIZACAO_WORKLOAD;;;;;CONCLUIDA;True;1,0;1,0;1,0;1,0;0,6586441863669917;0,1851740071976712;0,1561818064353371
Contratos;Contrato de Mútuo, Doação ou Comodato;;Abraão;2026-01-05 09:01:00;2026-01-05 09:01:59.999999999;2026-01-06 09:01:59.999999999;3,0;;8,0;2026-01-06 09:01:59.999999999;;AHP_APRENDIZAGEM_ESPECIALIZACAO_WORKLOAD;;;;;CONCLUIDA;True;0,9998373106210052;1,0;1,0;0,9989583333506763;0,6586441863669917;0,1851740071976712;0,15601911705634228
Societário;Gestão de earn-outs, ajustes de preço e garantias;;Davi;2026-01-05 09:02:00;2026-01-05 11:00:00.000000000;2026-01-05 13:00:00.000000000;1,0;;2,0;2026-01-05 13:00:00.000000000;;AHP_APRENDIZAGEM_ESPECIALIZACAO_WORKLOAD;;;;;CONCLUIDA;True;0,9807826348699791;1,0;1,0;0,876955161624556;0,6586441863669917;0,1851740071976712;0,13696444130531618
Contratos;Contrato de Agência, Franquia ou Parceria Empresarial;;Abraão;2026-01-05 09:03:00;2026-01-06 09:01:59.999999999;2026-01-07 09:01:59.999999999;3,0;;8,0;2026-01-07 09:01:59.999999999;;AHP_APRENDIZAGEM_ESPECIALIZACAO_WORKLOAD;;;;;CONCLUIDA;True;0,92190909678369;1,0;1,0;0,5000000000086987;0,6586441863669917;0,1851740071976712;0,07809090321902713
Contratos;Contrato de Mútuo, Doação ou Comodato;;Abraão;2026-01-05 09:04:00;2026-01-07 09:01:59.999999999;2026-01-08 09:01:59.999999999;3,0;;8,0;2026-01-08 09:01:59.999999999;;AHP_APRENDIZAGEM_ESPECIALIZACAO_WORKLOAD;;;;;CONCLUIDA;True;0,8438181935646629;1,0;1,0;0,0;0,6586441863669917;0,1851740071976712;0,0
Societário;Due diligence;;Abel;2026-01-06 09:00:00;2026-01-06 09:00:00.000000000;2026-01-08 17:00:00.000000000;5,0;;24,0;2026-01-08 17:00:00.000000000;;AHP_APRENDIZAGEM_ESPECIALIZACAO_WORKLOAD;;;;;CONCLUIDA;True;1,0;1,0;1,0;1,0;0,6586441863669917;0,1851740071976712;0,1561818064353371
Contratos;Contrato de Mandato;;Abraão;2026-01-06 09:01:00;2026-01-08 09:01:59.999999999;2026-01-09 09:01:59.999999999;3,0;;8,0;2026-01-09 09:01:59.999999999;;AHP_APRENDIZAGEM_ESPECIALIZACAO_WORKLOAD;;;;;CONCLUIDA;True;0,8956979041127479;1,0;1,0;0,33217512162381285;0,6586441863669917;0,1851740071976712;0,0518797105480849
Regulatório;Apoio jurídico em temas de capital mínimo e patrimônio de referência;;Adão;2026-01-06 09:02:00;2026-01-06 09:02:00.000000000;2026-01-06 11:02:00.000000000;1,0;;2,0;2026-01-06 11:02:00.000000000;;AHP_APRENDIZAGEM_ESPECIALIZACAO_WORKLOAD;;;;;CONCLUIDA;True;1,0;1,0;1,0;1,0;0,6586441863669917;0,1851740071976712;0,1561818064353371
Societário;Integração societária;;Abel;2026-01-06 09:03:00;2026-01-09 09:00:00.000000000;2026-01-09 11:00:00.000000000;1,0;;2,0;2026-01-09 11:00:00.000000000;;AHP_APRENDIZAGEM_ESPECIALIZACAO_WORKLOAD;;;;;CONCLUIDA;True;0,8440352634814602;1,0;1,0;0,0013898540537571156;0,6586441863669917;0,1851740071976712;0,00021706991679726245
Societário;Consolidação das versões finais dos documentos;;Abel;2026-01-06 09:04:00;2026-01-09 11:00:00.000000000;2026-01-09 13:00:00.000000000;1,0;;2,0;2026-01-09 13:00:00.000000000;;AHP_APRENDIZAGEM_ESPECIALIZACAO_WORKLOAD;;;;;CONCLUIDA;True;0,8438181935646629;1,0;1,0;0,0;0,6586441863669917;0,1851740071976712;0,0
Societário;Estruturação societária internacional;;Abel;2026-01-07 09:00:00;2026-01-09 13:00:00.000000000;2026-01-14 13:00:00.000000000;5,0;;24,0;2026-01-14 13:00:00.000000000;;AHP_APRENDIZAGEM_ESPECIALIZACAO_WORKLOAD;;;;;CONCLUIDA;True;0,8438181935646629;1,0;1,0;0,0;0,6586441863669917;0,1851740071976712;0,0
Contratos;Contrato de trabalho;;Abraão;2026-01-07 09:01:00;2026-01-09 09:01:59.999999999;2026-01-09 11:01:59.999999999;1,0;;2,0;2026-01-09 11:01:59.999999999;;AHP_APRENDIZAGEM_ESPECIALIZACAO_WORKLOAD;;;;;CONCLUIDA;True;0,9431259128526882;1,0;1,0;0,6358469117152962;0,6586441863669917;0,1851740071976712;0,09930771928802527
Societário;Gestão de passivos;;Caim;2026-01-07 09:02:00;2026-01-07 09:02:00.000000000;2026-01-07 11:02:00.000000000;1,0;;2,0;2026-01-07 11:02:00.000000000;;AHP_APRENDIZAGEM_ESPECIALIZACAO_WORKLOAD;;;;;CONCLUIDA;True;1,0;1,0;1,0;1,0;0,6586441863669917;0,1851740071976712;0,1561818064353371
Direito digital;Análise de responsabilidades em falhas de segurança;;Adão;2026-01-07 09:03:00;2026-01-07 09:03:00.000000000;2026-01-07 11:03:00.000000000;1,0;;2,0;2026-01-07 11:03:00.000000000;;AHP_APRENDIZAGEM_ESPECIALIZACAO_WORKLOAD;;;;;CONCLUIDA;True;1,0;1,0;1,0;1,0;0,6586441863669917;0,1851740071976712;0,1561818064353371
Societário;Integração societária;;Caim;2026-01-07 09:04:00;2026-01-07 11:02:00.000000000;2026-01-07 13:02:00.000000000;1,0;;2,0;2026-01-07 13:02:00.000000000;;AHP_APRENDIZAGEM_ESPECIALIZACAO_WORKLOAD;;;;;CONCLUIDA;True;0,9930085534296776;1,0;1,0;0,9552352048558421;0,6586441863669917;0,1851740071976712;0,14919035986501472
Direito digital;Avaliação de bases legais para tratamento de dados;;Adão;2026-01-08 09:00:00;2026-01-08 09:00:00.000000000;2026-01-08 13:00:00.000000000;2,0;;4,0;2026-01-08 13:00:00.000000000;;AHP_APRENDIZAGEM_ESPECIALIZACAO_WORKLOAD;;;;;CONCLUIDA;True;1,0;1,0;1,0;1,0;0,6586441863669917;0,1851740071976712;0,1561818064353371
Societário;Acordo de Sócios / Acionistas;;Caim;2026-01-08 09:01:00;2026-01-08 09:01:00.000000000;2026-01-09 09:00:59.999999999;3,0;;8,0;2026-01-09 09:00:59.999999999;;AHP_APRENDIZAGEM_ESPECIALIZACAO_WORKLOAD;;;;;CONCLUIDA;True;1,0;1,0;1,0;1,0;0,6586441863669917;0,1851740071976712;0,1561818064353371
Societário;SPA / SHA e documentos correlatos;;Caim;2026-01-08 09:02:00;2026-01-09 09:00:59.999999999;2026-01-09 11:00:59.999999999;1,0;;2,0;2026-01-09 11:00:59.999999999;;AHP_APRENDIZAGEM_ESPECIALIZACAO_WORKLOAD;;;;;CONCLUIDA;True;0,9653331393512866;1,0;1,0;0,7780352178019772;0,6586441863669917;0,1851740071976712;0,12151494578662374
Contratos;Contrato de Joint Venture;;Abraão;2026-01-08 09:03:00;2026-01-09 11:01:59.999999999;2026-01-14 11:01:59.999999999;5,0;;24,0;2026-01-14 11:01:59.999999999;;AHP_APRENDIZAGEM_ESPECIALIZACAO_WORKLOAD;;;;;CONCLUIDA;True;0,9566282327064609;1,0;1,0;0,7222994900401793;0,6586441863669917;0,1851740071976712;0,11281003914179799
Contratos;Contrato de Transferência de Tecnologia;;Abraão;2026-01-08 09:04:00;2026-01-14 11:01:59.999999999;2026-01-15 11:02:00.000000000;3,0;;8,0;2026-01-15 11:02:00.000000000;;AHP_APRENDIZAGEM_ESPECIALIZACAO_WORKLOAD;;;;;CONCLUIDA;True;0,8523661774060233;1,0;1,0;0,05473098331014233;0,6586441863669917;0,1851740071976712;0,008547983841360315
Direito financeiro;Revisão de contratos bancários padrão;;Adão;2026-01-09 09:00:00;2026-01-09 09:00:00.000000000;2026-01-09 17:00:00.000000000;3,0;;8,0;2026-01-09 17:00:00.000000000;;AHP_APRENDIZAGEM_ESPECIALIZACAO_WORKLOAD;;;;;CONCLUIDA;True;1,0;1,0;1,0;1,0;0,6586441863669917;0,1851740071976712;0,1561818064353371
Concorrencial;Revisão concorrencial de documentos;;Davi;2026-01-09 09:01:00;2026-01-09 09:01:00.000000000;2026-01-12 09:00:59.999999999;3,0;;8,0;2026-01-12 09:00:59.999999999;;AHP_APRENDIZAGEM_ESPECIALIZACAO_WORKLOAD;;;;;CONCLUIDA;True;1,0;1,0;1,0;1,0;0,6586441863669917;0,1851740071976712;0,1561818064353371
Societário;Integração societária;;Caim;2026-01-09 09:02:00;2026-01-09 11:00:59.999999999;2026-01-09 13:00:59.999999999;1,0;;2,0;2026-01-09 13:00:59.999999999;;AHP_APRENDIZAGEM_ESPECIALIZACAO_WORKLOAD;;;;;CONCLUIDA;True;0,9908893946258069;1,0;1,0;0,94166666667436;0,6586441863669917;0,1851740071976712;0,14707120106114402
Contratos;Contrato de Licenciamento de Software;;Abraão;2026-01-09 09:03:00;2026-01-15 11:02:00.000000000;2026-01-19 11:02:00.000000000;4,0;;16,0;2026-01-19 11:02:00.000000000;;AHP_APRENDIZAGEM_ESPECIALIZACAO_WORKLOAD;;;;;CONCLUIDA;True;0,8438181935646629;1,0;1,0;0,0;0,6586441863669917;0,1851740071976712;0,0
Contratos;Contrato de Agência, Franquia ou Parceria Empresarial;;Abraão;2026-01-09 09:04:00;2026-01-19 11:02:00.000000000;2026-01-20 11:02:00.000000000;3,0;;8,0;2026-01-20 11:02:00.000000000;;AHP_APRENDIZAGEM_ESPECIALIZACAO_WORKLOAD;;;;;CONCLUIDA;True;0,8438181935646629;1,0;1,0;0,0;0,6586441863669917;0,1851740071976712;0,0
Governança;Política de Governaça Corporativa;;Adão;2026-01-12 09:00:00;2026-01-12 09:00:00.000000000;2026-01-12 17:00:00.000000000;3,0;;8,0;2026-01-12 17:00:00.000000000;;AHP_APRENDIZAGEM_ESPECIALIZACAO_WORKLOAD;;;;;CONCLUIDA;True;1,0;1,0;1,0;1,0;0,6586441863669917;0,1851740071976712;0,1561818064353371
Societário;Gestão de passivos;;Caim;2026-01-12 09:01:00;2026-01-12 09:01:00.000000000;2026-01-12 11:01:00.000000000;1,0;;2,0;2026-01-12 11:01:00.000000000;;AHP_APRENDIZAGEM_ESPECIALIZACAO_WORKLOAD;;;;;CONCLUIDA;True;1,0;1,0;1,0;1,0;0,6586441863669917;0,1851740071976712;0,1561818064353371
Societário;Gestão de Advisors e Governança da Operação;;Caim;2026-01-12 09:02:00;2026-01-12 11:01:00.000000000;2026-01-13 11:01:00.000000000;3,0;;8,0;2026-01-13 11:01:00.000000000;;AHP_APRENDIZAGEM_ESPECIALIZACAO_WORKLOAD;;;;;CONCLUIDA;True;0,9938047883446972;1,0;1,0;0,960333333333113;0,6586441863669917;0,1851740071976712;0,14998659478003432
Societário;Regularização societária;;Caim;2026-01-12 09:03:00;2026-01-13 11:01:00.000000000;2026-01-14 11:01:00.000000000;3,0;;8,0;2026-01-14 11:01:00.000000000;;AHP_APRENDIZAGEM_ESPECIALIZACAO_WORKLOAD;;;;;CONCLUIDA;True;0,9688573790433976;1,0;1,0;0,8006002000655807;0,6586441863669917;0,1851740071976712;0,1250391854787347
Societário;Atualização de Contrato Social / Estatuto;;Caim;2026-01-12 09:04:00;2026-01-14 11:01:00.000000000;2026-01-15 11:01:00.000000000;3,0;;8,0;2026-01-15 11:01:00.000000000;;AHP_APRENDIZAGEM_ESPECIALIZACAO_WORKLOAD;;;;;CONCLUIDA;True;0,9438933270407628;1,0;1,0;0,6407605070026726;0,6586441863669917;0,1851740071976712;0,10007513347609988
Societário;Due diligence societária;;Caim;2026-01-13 09:00:00;2026-01-15 11:01:00.000000000;2026-01-20 11:00:59.999999999;5,0;;24,0;2026-01-20 11:00:59.999999999;;AHP_APRENDIZAGEM_ESPECIALIZACAO_WORKLOAD;;;;;CONCLUIDA;True;0,9330560932760844;1,0;1,0;0,5713719270391975;0,6586441863669917;0,1851740071976712;0,0892378997114215
Societário;Elaboração e negociação de LOI;;Abel;2026-01-13 09:01:00;2026-01-14 13:00:00.000000000;2026-01-15 13:00:00.000000000;3,0;;8,0;2026-01-15 13:00:00.000000000;;AHP_APRENDIZAGEM_ESPECIALIZACAO_WORKLOAD;;;;;CONCLUIDA;True;0,9330210127569649;0,9743221872830026;0,9701754853113529;0,7147957159838344;0,641731644302321;0,1796512823000486;0,11163808615459542
Regulatório;Análise de impactos regulatórios em operações, produtos e modelos de negócio;;Adão;2026-01-13 09:02:00;2026-01-13 09:02:00.000000000;2026-01-14 09:01:59.999999999;3,0;;8,0;2026-01-14 09:01:59.999999999;;AHP_APRENDIZAGEM_ESPECIALIZACAO_WORKLOAD;;;;;CONCLUIDA;True;1,0;1,0;1,0;1,0;0,6586441863669917;0,1851740071976712;0,1561818064353371
Concorrencial;Contencioso Administrativo Concorrencial;;Davi;2026-01-13 09:03:00;2026-01-13 09:03:00.000000000;2026-01-15 09:03:00.000000000;4,0;;16,0;2026-01-15 09:03:00.000000000;;AHP_APRENDIZAGEM_ESPECIALIZACAO_WORKLOAD;;;;;CONCLUIDA;True;1,0;1,0;1,0;1,0;0,6586441863669917;0,1851740071976712;0,1561818064353371
Regulatório;Análise de impactos regulatórios em operações, produtos e modelos de negócio;;Adão;2026-01-13 09:04:00;2026-01-14 09:01:59.999999999;2026-01-15 09:01:59.999999999;3,0;;8,0;2026-01-15 09:01:59.999999999;;AHP_APRENDIZAGEM_ESPECIALIZACAO_WORKLOAD;;;;;CONCLUIDA;True;0,9703515077545742;1,0;1,0;0,8101667990522251;0,6586441863669917;0,1851740071976712;0,1265333141899113
Societário;Acordo de Sócios / Acionistas;;Caim;2026-01-14 09:00:00;2026-01-20 11:00:59.999999999;2026-01-21 11:01:00.000000000;3,0;;8,0;2026-01-21 11:01:00.000000000;;AHP_APRENDIZAGEM_ESPECIALIZACAO_WORKLOAD;;;;;CONCLUIDA;True;0,8438946782874022;1,0;1,0;0,0004897159565824342;0,6586441863669917;0,1851740071976712;7,64847227392537e-05
Regulatório;Análise de requisitos prudenciais e de liquidez;;Adão;2026-01-14 09:01:00;2026-01-15 09:01:59.999999999;2026-01-15 11:01:59.999999999;1,0;;2,0;2026-01-15 11:01:59.999999999;;AHP_APRENDIZAGEM_ESPECIALIZACAO_WORKLOAD;;;;;CONCLUIDA;True;0,9701891075822247;1,0;1,0;0,809126984133598;0,6586441863669917;0,1851740071976712;0,12637091401756168
Societário;Atas de Reunião e Assembleia;;Caim;2026-01-14 09:02:00;2026-01-21 11:01:00.000000000;2026-01-21 15:01:00.000000000;2,0;;4,0;2026-01-21 15:01:00.000000000;;AHP_APRENDIZAGEM_ESPECIALIZACAO_WORKLOAD;;;;;CONCLUIDA;True;0,8438181935646629;1,0;1,0;0,0;0,6586441863669917;0,1851740071976712;0,0
Propriedade intelectual;Avaliação de riscos em parcerias e projetos conjuntos;;Esaú;2026-01-14 09:03:00;2026-01-14 09:03:00.000000000;2026-01-15 09:02:59.999999999;3,0;;8,0;2026-01-15 09:02:59.999999999;;AHP_APRENDIZAGEM_ESPECIALIZACAO_WORKLOAD;;;;;CONCLUIDA;True;1,0;1,0;1,0;1,0;0,6586441863669917;0,1851740071976712;0,1561818064353371
Contencioso;Acordos, Mediação e Soluções Alternativas;;Eva;2026-01-14 09:04:00;2026-01-14 09:04:00.000000000;2026-01-15 09:03:59.999999999;3,0;;8,0;2026-01-15 09:03:59.999999999;;AHP_APRENDIZAGEM_ESPECIALIZACAO_WORKLOAD;;;;;CONCLUIDA;True;1,0;1,0;1,0;1,0;0,6586441863669917;0,1851740071976712;0,1561818064353371
Societário;Gestão de conflitos societários;;Abel;2026-01-15 09:00:00;2026-01-15 13:00:00.000000000;2026-01-15 15:00:00.000000000;1,0;;2,0;2026-01-15 15:00:00.000000000;;AHP_APRENDIZAGEM_ESPECIALIZACAO_WORKLOAD;;;;;CONCLUIDA;True;0,9835670172974657;1,0;1,0;0,8947829899167032;0,6586441863669917;0,1851740071976712;0,13974882373280273
Societário;Atos perante Junta Comercial;;Abel;2026-01-15 09:01:00;2026-01-15 15:00:00.000000000;2026-01-15 17:00:00.000000000;1,0;;2,0;2026-01-15 17:00:00.000000000;;AHP_APRENDIZAGEM_ESPECIALIZACAO_WORKLOAD;;;;;CONCLUIDA;True;0,975408215565664;1,0;1,0;0,8425438596491228;0,6586441863669917;0,1851740071976712;0,13159002200100114
Regulatório;Gestão de prazos regulatórios críticos;;Adão;2026-01-15 09:02:00;2026-01-15 11:01:59.999999999;2026-01-16 11:02:00.000000000;3,0;;8,0;2026-01-16 11:02:00.000000000;;AHP_APRENDIZAGEM_ESPECIALIZACAO_WORKLOAD;;;;;CONCLUIDA;True;0,9917762980387725;1,0;1,0;0,9473453269050753;0,6586441863669917;0,1851740071976712;0,14795810447410962
Concorrencial;Gestão de canal de dúvidas;;Davi;2026-01-15 09:03:00;2026-01-15 09:03:00.000000000;2026-01-15 11:03:00.000000000;1,0;;2,0;2026-01-15 11:03:00.000000000;;AHP_APRENDIZAGEM_ESPECIALIZACAO_WORKLOAD;;;;;CONCLUIDA;True;1,0;1,0;1,0;1,0;0,6586441863669917;0,1851740071976712;0,1561818064353371
Societário;Organização de livros societários;;Abel;2026-01-15 09:04:00;2026-01-16 09:00:00.000000000;2026-01-16 11:00:00.000000000;1,0;;2,0;2026-01-16 11:00:00.000000000;;AHP_APRENDIZAGEM_ESPECIALIZACAO_WORKLOAD;;;;;CONCLUIDA;True;0,967350663213342;1,0;1,0;0,7909530083443127;0,6586441863669917;0,1851740071976712;0,12353246964867902
Societário;Consolidação das versões finais dos documentos;;Abel;2026-01-16 09:00:00;2026-01-16 11:00:00.000000000;2026-01-16 13:00:00.000000000;1,0;;2,0;2026-01-16 13:00:00.000000000;;AHP_APRENDIZAGEM_ESPECIALIZACAO_WORKLOAD;;;;;CONCLUIDA;True;0,9895936608703977;1,0;1,0;0,933370349805047;0,6586441863669917;0,1851740071976712;0,14577546730573473
Direito financeiro;Revisão de contratos bancários padrão;;Adão;2026-01-16 09:01:00;2026-01-16 11:02:00.000000000;2026-01-19 11:02:00.000000000;3,0;;8,0;2026-01-19 11:02:00.000000000;;AHP_APRENDIZAGEM_ESPECIALIZACAO_WORKLOAD;;;;;CONCLUIDA;True;0,9895011119006385;1,0;1,0;0,9327777777771554;0,6586441863669917;0,1851740071976712;0,14568291833597558
Societário;Estruturação de veículos societários (SPVs);;Abel;2026-01-16 09:02:00;2026-01-16 13:00:00.000000000;2026-01-21 13:00:00.000000000;5,0;;24,0;2026-01-21 13:00:00.000000000;;AHP_APRENDIZAGEM_ESPECIALIZACAO_WORKLOAD;;;;;CONCLUIDA;True;0,9793378154908535;1,0;1,0;0,8677042801544164;0,6586441863669917;0,1851740071976712;0,13551962192619058
Direito financeiro;Revisão de contratos bancários padrão;;Adão;2026-01-16 09:03:00;2026-01-19 11:02:00.000000000;2026-01-20 11:02:00.000000000;3,0;;8,0;2026-01-20 11:02:00.000000000;;AHP_APRENDIZAGEM_ESPECIALIZACAO_WORKLOAD;;;;;CONCLUIDA;True;0,9479683525830733;1,0;1,0;0,6668520578389585;0,6586441863669917;0,1851740071976712;0,10415015901841045
Direito financeiro;Implementação de políticas internas de compliance financeiro;;Adão;2026-01-16 09:04:00;2026-01-20 11:02:00.000000000;2026-01-21 11:02:00.000000000;3,0;;8,0;2026-01-21 11:02:00.000000000;;AHP_APRENDIZAGEM_ESPECIALIZACAO_WORKLOAD;;;;;CONCLUIDA;True;0,9063082986428187;1,0;1,0;0,4001112965998897;0,6586441863669917;0,1851740071976712;0,06249010507815573
Societário;Acordo de Sócios / Acionistas;;Abel;2026-01-19 09:00:00;2026-01-21 13:00:00.000000000;2026-01-22 13:00:00.000000000;3,0;;8,0;2026-01-22 13:00:00.000000000;;AHP_APRENDIZAGEM_ESPECIALIZACAO_WORKLOAD;;;;;CONCLUIDA;True;0,858124021404414;1,0;1,0;0,09159727478036336;0,6586441863669917;0,1851740071976712;0,014305827839751095
Societário;Estruturação de veículos societários (SPVs);;Abel;2026-01-19 09:01:00;2026-01-22 13:00:00.000000000;2026-01-27 13:00:00.000000000;5,0;;24,0;2026-01-27 13:00:00.000000000;;AHP_APRENDIZAGEM_ESPECIALIZACAO_WORKLOAD;;;;;CONCLUIDA;True;0,8438181935646629;1,0;1,0;0,0;0,6586441863669917;0,1851740071976712;0,0
Contratos;Contrato de Agência, Franquia ou Parceria Empresarial;;Abraão;2026-01-19 09:02:00;2026-01-20 11:02:00.000000000;2026-01-21 11:02:00.000000000;3,0;;8,0;2026-01-21 11:02:00.000000000;;AHP_APRENDIZAGEM_ESPECIALIZACAO_WORKLOAD;;;;;CONCLUIDA;True;0,9699457716930077;1,0;1,0;0,8075689544579859;0,6586441863669917;0,1851740071976712;0,12612757812834471
Regulatório;Gestão de prazos regulatórios críticos;;Adão;2026-01-19 09:03:00;2026-01-21 11:02:00.000000000;2026-01-22 11:02:00.000000000;3,0;;8,0;2026-01-22 11:02:00.000000000;;AHP_APRENDIZAGEM_ESPECIALIZACAO_WORKLOAD;;;;;CONCLUIDA;True;0,9459351398319766;1,0;1,0;0,6538338145652871;0,6586441863669917;0,1851740071976712;0,10211694626731377
Contratos;Contrato de Joint Venture;;Abraão;2026-01-19 09:04:00;2026-01-21 11:02:00.000000000;2026-01-26 11:01:59.999999999;5,0;;24,0;2026-01-26 11:01:59.999999999;;AHP_APRENDIZAGEM_ESPECIALIZACAO_WORKLOAD;;;;;CONCLUIDA;True;0,9459679116375824;1,0;1,0;0,6540436456996149;0,6586441863669917;0,1851740071976712;0,10214971807291946
Contratos;Contrato de Licença de Uso de Marca;;Abraão;2026-01-20 09:00:00;2026-01-26 11:01:59.999999999;2026-01-27 11:02:00.000000000;3,0;;8,0;2026-01-27 11:02:00.000000000;;AHP_APRENDIZAGEM_ESPECIALIZACAO_WORKLOAD;;;;;CONCLUIDA;True;0,8791957391132734;1,0;1,0;0,22651515151515156;0,6586441863669917;0,1851740071976712;0,03537754554861046
Concorrencial;Revisão concorrencial de documentos;;Davi;2026-01-20 09:01:00;2026-01-20 09:01:00.000000000;2026-01-21 09:00:59.999999999;3,0;;8,0;2026-01-21 09:00:59.999999999;;AHP_APRENDIZAGEM_ESPECIALIZACAO_WORKLOAD;;;;;CONCLUIDA;True;1,0;1,0;1,0;1,0;0,6586441863669917;0,1851740071976712;0,1561818064353371
Regulatório;Apoio jurídico à governança de instituições reguladas;;Adão;2026-01-20 09:02:00;2026-01-22 11:02:00.000000000;2026-01-23 11:02:00.000000000;3,0;;8,0;2026-01-23 11:02:00.000000000;;AHP_APRENDIZAGEM_ESPECIALIZACAO_WORKLOAD;;;;;CONCLUIDA;True;0,9360590026724169;1,0;1,0;0,5905989385898408;0,6586441863669917;0,1851740071976712;0,09224080910775406
Societário;Gestão jurídica do encerramento de operações;;Abel;2026-01-20 09:03:00;2026-01-27 13:00:00.000000000;2026-01-27 15:00:00.000000000;1,0;;2,0;2026-01-27 15:00:00.000000000;;AHP_APRENDIZAGEM_ESPECIALIZACAO_WORKLOAD;;;;;CONCLUIDA;True;0,8438181935646629;1,0;1,0;0,0;0,6586441863669917;0,1851740071976712;0,0
Governança;Avaliação periódica da efetividade da governança;;Adão;2026-01-20 09:04:00;2026-01-23 11:02:00.000000000;2026-01-26 11:02:00.000000000;3,0;;8,0;2026-01-26 11:02:00.000000000;;AHP_APRENDIZAGEM_ESPECIALIZACAO_WORKLOAD;;;;;CONCLUIDA;True;0,9117085433866998;1,0;1,0;0,4346879535558781;0,6586441863669917;0,1851740071976712;0,06789034982203696
Societário;Gestão de earn-outs, ajustes de preço e garantias;;Caim;2026-01-21 09:00:00;2026-01-21 15:01:00.000000000;2026-01-22 09:00:59.999999999;1,0;;2,0;2026-01-22 09:00:59.999999999;;AHP_APRENDIZAGEM_ESPECIALIZACAO_WORKLOAD;;;;;CONCLUIDA;True;0,9752712139810716;1,0;1,0;0,8416666666666667;0,6586441863669917;0,1851740071976712;0,13145302041640874
Direito digital;Análise de relatórios de impacto à proteção de dados (DPIA / RIPD);;Adão;2026-01-21 09:01:00;2026-01-26 11:02:00.000000000;2026-01-26 13:02:00.000000000;1,0;;2,0;2026-01-26 13:02:00.000000000;;AHP_APRENDIZAGEM_ESPECIALIZACAO_WORKLOAD;;;;;CONCLUIDA;True;0,8930233436395081;1,0;1,0;0,3150504607283897;0,6586441863669917;0,1851740071976712;0,04920515007484514
Societário;Consolidação das versões finais dos documentos;;Caim;2026-01-21 09:02:00;2026-01-22 09:00:59.999999999;2026-01-22 11:00:59.999999999;1,0;;2,0;2026-01-22 11:00:59.999999999;;AHP_APRENDIZAGEM_ESPECIALIZACAO_WORKLOAD;;;;;CONCLUIDA;True;0,9671593128698304;1,0;1,0;0,7897278314310798;0,6586441863669917;0,1851740071976712;0,12334111930516745
Societário;Gestão de Advisors e Governança da Operação;;Caim;2026-01-21 09:03:00;2026-01-22 11:00:59.999999999;2026-01-23 11:01:00.000000000;3,0;;8,0;2026-01-23 11:01:00.000000000;;AHP_APRENDIZAGEM_ESPECIALIZACAO_WORKLOAD;;;;;CONCLUIDA;True;0,958982555885669;1,0;1,0;0,7373737373737373;0,6586441863669917;0,1851740071976712;0,11516436232100614
Direito digital;Avaliação de fornecedores sob a ótica de privacidade (vendor assessment);;Adão;2026-01-21 09:04:00;2026-01-26 13:02:00.000000000;2026-01-26 15:02:00.000000000;1,0;;2,0;2026-01-26 15:02:00.000000000;;AHP_APRENDIZAGEM_ESPECIALIZACAO_WORKLOAD;;;;;CONCLUIDA;True;0,8848536594031214;1,0;1,0;0,2627416520210897;0,6586441863669917;0,1851740071976712;0,041035465838458525
Contratos;Contrato de Transferência de Tecnologia;;Abraão;2026-01-22 09:00:00;2026-01-27 11:02:00.000000000;2026-01-28 11:02:00.000000000;3,0;;8,0;2026-01-28 11:02:00.000000000;;AHP_APRENDIZAGEM_ESPECIALIZACAO_WORKLOAD;;;;;CONCLUIDA;True;0,8644688990836703;1,0;1,0;0,13222222223148147;0,6586441863669917;0,1851740071976712;0,020650705519007367
Governança;Gestão de documentos de governança;;Adão;2026-01-22 09:01:00;2026-01-26 15:02:00.000000000;2026-01-27 15:02:00.000000000;3,0;;8,0;2026-01-27 15:02:00.000000000;;AHP_APRENDIZAGEM_ESPECIALIZACAO_WORKLOAD;;;;;CONCLUIDA;True;0,898914176235784;1,0;1,0;0,35276825085213753;0,6586441863669917;0,1851740071976712;0,05509598267112099
Societário;Gestão de Advisors e Governança da Operação;;Caim;2026-01-22 09:02:00;2026-01-23 11:01:00.000000000;2026-01-26 11:01:00.000000000;3,0;;8,0;2026-01-26 11:01:00.000000000;;AHP_APRENDIZAGEM_ESPECIALIZACAO_WORKLOAD;;;;;CONCLUIDA;True;0,9036028489873302;0,9578708307985478;0,8769279054099934;0,7063725490253788;0,6308960539959839;0,16238425426822883;0,11032254072311738
Societário;Gestão de Advisors e Governança da Operação;;Caim;2026-01-22 09:03:00;2026-01-26 11:01:00.000000000;2026-01-27 11:01:00.000000000;3,0;;8,0;2026-01-27 11:01:00.000000000;;AHP_APRENDIZAGEM_ESPECIALIZACAO_WORKLOAD;;;;;CONCLUIDA;True;0,8668902719648434;0,9578708307985478;0,8769279054099934;0,47130946542808;0,6308960539959839;0,16238425426822883;0,0736099637006306
Direito digital;Apoio em planos de resposta a incidentes;;Adão;2026-01-22 09:04:00;2026-01-27 15:02:00.000000000;2026-01-28 09:02:00.000000000;1,0;;2,0;2026-01-28 09:02:00.000000000;;AHP_APRENDIZAGEM_ESPECIALIZACAO_WORKLOAD;;;;;CONCLUIDA;True;0,8622105554597486;1,0;1,0;0,11776251225971351;0,6586441863669917;0,1851740071976712;0,01839236189508559
Societário;Atos perante Junta Comercial;;Abel;2026-01-23 09:00:00;2026-01-27 15:00:00.000000000;2026-01-27 17:00:00.000000000;1,0;;2,0;2026-01-27 17:00:00.000000000;;AHP_APRENDIZAGEM_ESPECIALIZACAO_WORKLOAD;;;;;CONCLUIDA;True;0,8680153748419688;1,0;1,0;0,15492957745577177;0,6586441863669917;0,1851740071976712;0,024197181277305913
Societário;Gestão jurídica do encerramento de operações;;Abel;2026-01-23 09:01:00;2026-01-28 09:00:00.000000000;2026-01-28 11:00:00.000000000;1,0;;2,0;2026-01-28 11:00:00.000000000;;AHP_APRENDIZAGEM_ESPECIALIZACAO_WORKLOAD;;;;;CONCLUIDA;True;0,8560245871474378;1,0;1,0;0,0781550288178321;0,6586441863669917;0,1851740071976712;0,012206393582774845
Societário;Elaboração e negociação de  SPA;;Abel;2026-01-23 09:02:00;2026-01-28 11:00:00.000000000;2026-01-29 11:00:00.000000000;3,0;;8,0;2026-01-29 11:00:00.000000000;;AHP_APRENDIZAGEM_ESPECIALIZACAO_WORKLOAD;;;;;CONCLUIDA;True;0,84401842664817;1,0;1,0;0,0012820512713810764;0,6586441863669917;0,1851740071976712;0,00020023308350701713
Contratos;Contrato de SaaS;;Abraão;2026-01-23 09:03:00;2026-01-28 11:02:00.000000000;2026-01-29 11:02:00.000000000;3,0;;8,0;2026-01-29 11:02:00.000000000;;AHP_APRENDIZAGEM_ESPECIALIZACAO_WORKLOAD;;;;;CONCLUIDA;True;0,8804676307166974;1,0;1,0;0,23465881198658167;0,6586441863669917;0,1851740071976712;0,03664943715203446
Regulatório;Apoio jurídico em consultas públicas e audiências regulatórias;;Adão;2026-01-23 09:04:00;2026-01-28 09:02:00.000000000;2026-01-29 09:01:59.999999999;3,0;;8,0;2026-01-29 09:01:59.999999999;;AHP_APRENDIZAGEM_ESPECIALIZACAO_WORKLOAD;;;;;CONCLUIDA;True;0,8897990983042927;1,0;1,0;0,29440628066155056;0,6586441863669917;0,1851740071976712;0,04598090473962982
Direito digital;Interface entre jurídico, TI e segurança da informação;;Adão;2026-01-26 09:00:00;2026-01-29 09:01:59.999999999;2026-01-29 11:01:59.999999999;1,0;;2,0;2026-01-29 11:01:59.999999999;;AHP_APRENDIZAGEM_ESPECIALIZACAO_WORKLOAD;;;;;CONCLUIDA;True;0,8558167958500902;1,0;1,0;0,0768245838569871;0,6586441863669917;0,1851740071976712;0,011998602285427281
Contratos;Letter of Intent;;Abraão;2026-01-26 09:01:00;2026-01-29 11:02:00.000000000;2026-01-29 13:02:00.000000000;1,0;;2,0;2026-01-29 13:02:00.000000000;;AHP_APRENDIZAGEM_ESPECIALIZACAO_WORKLOAD;;;;;CONCLUIDA;True;0,8438181935663305;1,0;1,0;1,0676849112275776e-11;0,6586441863669917;0,1851740071976712;1,6675295813927561e-12
Societário;Gestão jurídica do encerramento de operações;;Caim;2026-01-26 09:02:00;2026-01-27 11:01:00.000000000;2026-01-27 13:01:00.000000000;1,0;;2,0;2026-01-27 13:01:00.000000000;;AHP_APRENDIZAGEM_ESPECIALIZACAO_WORKLOAD;;;;;CONCLUIDA;True;0,9060091634842762;0,9729156984648502;0,8894787240721536;0,6434523809488437;0,6408052686190547;0,16470833965351234;0,10049555521170911
Contratos;Contrato de Mútuo, Doação ou Comodato;;Abraão;2026-01-26 09:03:00;2026-01-29 13:02:00.000000000;2026-01-30 13:02:00.000000000;3,0;;8,0;2026-01-30 13:02:00.000000000;;AHP_APRENDIZAGEM_ESPECIALIZACAO_WORKLOAD;;;;;CONCLUIDA;True;0,8438181935646629;1,0;1,0;0,0;0,6586441863669917;0,1851740071976712;0,0
Societário;Regularização societária;;Caim;2026-01-26 09:04:00;2026-01-27 13:01:00.000000000;2026-01-28 13:01:00.000000000;3,0;;8,0;2026-01-28 13:01:00.000000000;;AHP_APRENDIZAGEM_ESPECIALIZACAO_WORKLOAD;;;;;CONCLUIDA;True;0,9098036838390434;0,9729156984648502;0,8894787240721536;0,6677479147333005;0,6408052686190547;0,16470833965351234;0,10429007556647633
Societário;Aprovações regulatórias e concorrenciais;;Caim;2026-01-27 09:00:00;2026-01-28 13:01:00.000000000;2026-01-29 13:01:00.000000000;3,0;;8,0;2026-01-29 13:01:00.000000000;;AHP_APRENDIZAGEM_ESPECIALIZACAO_WORKLOAD;;;;;CONCLUIDA;True;0,9193128221267586;0,9916166296082795;0,9556244693742263;0,5713436385255648;0,6531225281963239;0,1769568123701737;0,08923348156026098
Trabalhista;Revisão de políticas internas e regulamentos;;Davi;2026-01-27 09:01:00;2026-01-27 09:01:00.000000000;2026-01-28 09:00:59.999999999;3,0;;8,0;2026-01-28 09:00:59.999999999;;AHP_APRENDIZAGEM_ESPECIALIZACAO_WORKLOAD;;;;;CONCLUIDA;True;1,0;1,0;1,0;1,0;0,6586441863669917;0,1851740071976712;0,1561818064353371
Concorrencial;Monitoramento regulatório e jurisprudencial;;Davi;2026-01-27 09:02:00;2026-01-28 09:00:59.999999999;2026-01-29 09:00:59.999999999;3,0;;8,0;2026-01-29 09:00:59.999999999;;AHP_APRENDIZAGEM_ESPECIALIZACAO_WORKLOAD;;;;;CONCLUIDA;True;0,9554695920952837;1,0;1,0;0,714880952390873;0,6586441863669917;0,1851740071976712;0,11165139853062077
Societário;Closing da operação;;Abel;2026-01-27 09:03:00;2026-01-29 11:00:00.000000000;2026-01-29 13:00:00.000000000;1,0;;2,0;2026-01-29 13:00:00.000000000;;AHP_APRENDIZAGEM_ESPECIALIZACAO_WORKLOAD;;;;;CONCLUIDA;True;0,8998166732990721;1,0;1,0;0,3585467540202502;0,6586441863669917;0,1851740071976712;0,05599847973440915
Contratos;Contrato de Joint Venture;;Abraão;2026-01-27 09:04:00;2026-01-30 13:02:00.000000000;2026-02-04 13:01:59.999999999;5,0;;24,0;2026-02-04 13:01:59.999999999;;AHP_APRENDIZAGEM_ESPECIALIZACAO_WORKLOAD;;;;;CONCLUIDA;True;0,8438181935646629;1,0;1,0;0,0;0,6586441863669917;0,1851740071976712;0,0
Contratos;Contrato de compra e venda;;Abraão;2026-01-28 09:00:00;2026-02-04 13:01:59.999999999;2026-02-05 13:02:00.000000000;3,0;;8,0;2026-02-05 13:02:00.000000000;;AHP_APRENDIZAGEM_ESPECIALIZACAO_WORKLOAD;;;;;CONCLUIDA;True;0,8438181935646629;1,0;1,0;0,0;0,6586441863669917;0,1851740071976712;0,0
Contratos;Contratos Financeiros ou Bancários;;Abraão;2026-01-28 09:01:00;2026-02-05 13:02:00.000000000;2026-02-06 13:02:00.000000000;3,0;;8,0;2026-02-06 13:02:00.000000000;;AHP_APRENDIZAGEM_ESPECIALIZACAO_WORKLOAD;;;;;CONCLUIDA;True;0,8438181935646629;1,0;1,0;0,0;0,6586441863669917;0,1851740071976712;0,0
Societário;Aumento e redução de capital;;Abel;2026-01-28 09:02:00;2026-01-29 13:00:00.000000000;2026-01-29 15:00:00.000000000;1,0;;2,0;2026-01-29 15:00:00.000000000;;AHP_APRENDIZAGEM_ESPECIALIZACAO_WORKLOAD;;;;;CONCLUIDA;True;0,9349428454582565;0,948519152485125;1,0;0,8005555555555556;0,6247366254420738;0,1851740071976712;0,12503221281851154
Regulatório;Monitoramento contínuo de normas da CVM, BCB, CMN e circulares associadas;;Adão;2026-01-28 09:03:00;2026-01-29 11:01:59.999999999;2026-01-29 13:01:59.999999999;1,0;;2,0;2026-01-29 13:01:59.999999999;;AHP_APRENDIZAGEM_ESPECIALIZACAO_WORKLOAD;;;;;CONCLUIDA;True;0,9740058621694461;1,0;1,0;0,8335648791377235;0,6586441863669917;0,1851740071976712;0,1301876686047831
Direito financeiro;Estratégias de prevenção de litígios;;Adão;2026-01-28 09:04:00;2026-01-29 13:01:59.999999999;2026-02-02 13:02:00.000000000;4,0;;16,0;2026-02-02 13:02:00.000000000;;AHP_APRENDIZAGEM_ESPECIALIZACAO_WORKLOAD;;;;;CONCLUIDA;True;0,9688330914346945;1,0;1,0;0,8004446914999074;0,6586441863669917;0,1851740071976712;0,12501489787003167
Concorrencial;Relacionamento CADE;;Davi;2026-01-29 09:00:00;2026-01-29 09:00:59.999999999;2026-01-29 11:00:59.999999999;1,0;;2,0;2026-01-29 11:00:59.999999999;;AHP_APRENDIZAGEM_ESPECIALIZACAO_WORKLOAD;;;;;CONCLUIDA;True;0,9999499737976194;1,0;1,0;0,9996796925101431;0,6586441863669917;0,1851740071976712;0,15613178023295649
Societário;Gestão de conflitos societários;;Caim;2026-01-29 09:01:00;2026-01-29 13:01:00.000000000;2026-01-29 15:01:00.000000000;1,0;;2,0;2026-01-29 15:01:00.000000000;;AHP_APRENDIZAGEM_ESPECIALIZACAO_WORKLOAD;;;;;CONCLUIDA;True;0,9531075978371315;1,0;0,8116243905782525;0,9231015700096123;0,6586441863669917;0,15029174074274282;0,14417167072739706
Direito digital;Revisão jurídica de contratos com provedores de tecnologia e SaaS;;Adão;2026-01-29 09:02:00;2026-02-02 13:02:00.000000000;2026-02-03 13:02:00.000000000;3,0;;8,0;2026-02-03 13:02:00.000000000;;AHP_APRENDIZAGEM_ESPECIALIZACAO_WORKLOAD;;;;;CONCLUIDA;True;0,9399300744487816;1,0;1,0;0,6153846153899573;0,6586441863669917;0,1851740071976712;0,09611188088411868
Societário;Atos perante Junta Comercial;;Caim;2026-01-29 09:03:00;2026-01-29 15:01:00.000000000;2026-01-30 09:00:59.999999999;1,0;;2,0;2026-01-30 09:00:59.999999999;;AHP_APRENDIZAGEM_ESPECIALIZACAO_WORKLOAD;;;;;CONCLUIDA;True;0,9471911267147252;1,0;0,8116243905782525;0,8852196216736133;0,6586441863669917;0,15029174074274282;0,13825519960499064
Regulatório;Assessoria em relações com investidores (RI);;Adão;2026-01-29 09:04:00;2026-02-03 13:02:00.000000000;2026-02-03 15:02:00.000000000;1,0;;2,0;2026-02-03 15:02:00.000000000;;AHP_APRENDIZAGEM_ESPECIALIZACAO_WORKLOAD;;;;;CONCLUIDA;True;0,9159483415022796;1,0;1,0;0,4618345093061792;0,6586441863669917;0,1851740071976712;0,07213014793761657
Societário;Suporte jurídico às negociações comerciais;;Caim;2026-01-30 09:00:00;2026-01-30 09:00:59.999999999;2026-02-02 09:00:59.999999999;3,0;;8,0;2026-02-02 09:00:59.999999999;;AHP_APRENDIZAGEM_ESPECIALIZACAO_WORKLOAD;;;;;CONCLUIDA;True;0,9665309556100138;1,0;0,8195754906128591;0,999621498870805;0,6586441863669917;0,15176407779778045;0,1561226914452416
Societário;Due diligence;;Abel;2026-01-30 09:01:00;2026-01-30 09:01:00.000000000;2026-02-04 09:00:59.999999999;5,0;;24,0;2026-02-04 09:00:59.999999999;;AHP_APRENDIZAGEM_ESPECIALIZACAO_WORKLOAD;;;;;CONCLUIDA;True;0,9412457410056739;0,9107951452233899;1,0;1,0;0,5998899273726657;0,1851740071976712;0,1561818064353371
Societário;Atos perante Junta Comercial;;Caim;2026-01-30 09:02:00;2026-02-02 09:00:59.999999999;2026-02-02 11:00:59.999999999;1,0;;2,0;2026-02-02 11:00:59.999999999;;AHP_APRENDIZAGEM_ESPECIALIZACAO_WORKLOAD;;;;;CONCLUIDA;True;0,9389755929024006;1,0;0,8234802211753984;0,8185606060669192;0,6586441863669917;0,1524871324030731;0,1278442741323358
Direito digital;Comunicação de incidentes às autoridades competentes;;Adão;2026-01-30 09:03:00;2026-02-03 15:02:00.000000000;2026-02-04 09:02:00.000000000;1,0;;2,0;2026-02-04 09:02:00.000000000;;AHP_APRENDIZAGEM_ESPECIALIZACAO_WORKLOAD;;;;;CONCLUIDA;True;0,9219386878786625;1,0;1,0;0,5001894657067071;0,6586441863669917;0,1851740071976712;0,07812049431399962
Contratos;Contrato de Escrow de Código-Fonte;;Abraão;2026-01-30 09:04:00;2026-02-06 13:02:00.000000000;2026-02-09 13:02:00.000000000;3,0;;8,0;2026-02-09 13:02:00.000000000;;AHP_APRENDIZAGEM_ESPECIALIZACAO_WORKLOAD;;;;;CONCLUIDA;True;0,8438181935646629;1,0;1,0;0,0;0,6586441863669917;0,1851740071976712;0,0
Societário;Estruturação jurídica de carve-outs, spin-offs e alienação de ativos;;Caim;2026-02-02 09:00:00;2026-02-02 11:00:59.999999999;2026-02-05 11:00:59.999999999;5,0;;24,0;2026-02-05 11:00:59.999999999;;AHP_APRENDIZAGEM_ESPECIALIZACAO_WORKLOAD;;;;;CONCLUIDA;True;0,9601602112855715;1,0;0,8234802211753984;0,9542013626101074;0,6586441863669917;0,1524871324030731;0,1490288925155067
Societário;Aprovações regulatórias e concorrenciais;;Abel;2026-02-02 09:01:00;2026-02-04 09:00:59.999999999;2026-02-05 09:00:59.999999999;3,0;;8,0;2026-02-05 09:00:59.999999999;;AHP_APRENDIZAGEM_ESPECIALIZACAO_WORKLOAD;;;;;CONCLUIDA;True;0,8924858595935711;0,9229595253417309;1,0;0,6365013252596018;0,6079019256183692;0,1851740071976712;0,09940992677753067
Contratos;Contrato de Representação Comercial;;Abraão;2026-02-02 09:02:00;2026-02-09 13:02:00.000000000;2026-02-10 13:02:00.000000000;3,0;;8,0;2026-02-10 13:02:00.000000000;;AHP_APRENDIZAGEM_ESPECIALIZACAO_WORKLOAD;;;;;CONCLUIDA;True;0,8438181935646629;1,0;1,0;0,0;0,6586441863669917;0,1851740071976712;0,0
Contratos;Contratos Administrativos;;Abraão;2026-02-02 09:03:00;2026-02-10 13:02:00.000000000;2026-02-11 13:02:00.000000000;3,0;;8,0;2026-02-11 13:02:00.000000000;;AHP_APRENDIZAGEM_ESPECIALIZACAO_WORKLOAD;;;;;CONCLUIDA;True;0,8438181935646629;1,0;1,0;0,0;0,6586441863669917;0,1851740071976712;0,0
Societário;Due diligence societária;;Caim;2026-02-02 09:04:00;2026-02-05 11:00:59.999999999;2026-02-10 11:00:59.999999999;5,0;;24,0;2026-02-10 11:00:59.999999999;;AHP_APRENDIZAGEM_ESPECIALIZACAO_WORKLOAD;;;;;CONCLUIDA;True;0,9083774589658056;1,0;0,8701958107524691;0,5672595886629945;0,6586441863669917;0,16113764532366104;0,08859562727515276
Governança;Avaliação periódica da efetividade da governança;;Adão;2026-02-03 09:00:00;2026-02-04 09:02:00.000000000;2026-02-05 09:01:59.999999999;3,0;;8,0;2026-02-05 09:01:59.999999999;;AHP_APRENDIZAGEM_ESPECIALIZACAO_WORKLOAD;;;;;CONCLUIDA;True;0,9758873700505335;1,0;1,0;0,845611787314999;0,6586441863669917;0,1851740071976712;0,13206917648587063
Societário;SPA / SHA e documentos correlatos;;Abel;2026-02-03 09:01:00;2026-02-05 09:00:59.999999999;2026-02-05 11:00:59.999999999;1,0;;2,0;2026-02-05 11:00:59.999999999;;AHP_APRENDIZAGEM_ESPECIALIZACAO_WORKLOAD;;;;;CONCLUIDA;True;0,9021003836193116;0,9243004423609613;1,0;0,6924062800421468;0,6087851128174859;0,1851740071976712;0,10814126360415438
Societário;Suporte jurídico às negociações comerciais;;Abel;2026-02-03 09:02:00;2026-02-05 11:00:59.999999999;2026-02-06 11:01:00.000000000;3,0;;8,0;2026-02-06 11:01:00.000000000;;AHP_APRENDIZAGEM_ESPECIALIZACAO_WORKLOAD;;;;;CONCLUIDA;True;0,8961280517254859;0,9243004423609613;1,0;0,6541666666701611;0,6087851128174859;0,1851740071976712;0,10216893171032879
Societário;Consolidação das versões finais dos documentos;;Abel;2026-02-03 09:03:00;2026-02-06 11:01:00.000000000;2026-02-06 13:01:00.000000000;1,0;;2,0;2026-02-06 13:01:00.000000000;;AHP_APRENDIZAGEM_ESPECIALIZACAO_WORKLOAD;;;;;CONCLUIDA;True;0,8721251347143761;0,9243004423609613;1,0;0,5004809233755503;0,6087851128174859;0,1851740071976712;0,07816601469921898
Societário;Consolidação das versões finais dos documentos;;Abel;2026-02-03 09:04:00;2026-02-06 13:01:00.000000000;2026-02-06 15:01:00.000000000;1,0;;2,0;2026-02-06 15:01:00.000000000;;AHP_APRENDIZAGEM_ESPECIALIZACAO_WORKLOAD;;;;;CONCLUIDA;True;0,8661393583328363;0,9243004423609613;1,0;0,4621552277125409;0,6087851128174859;0,1851740071976712;0,07218023831767921
Societário;Acordo de Sócios / Acionistas;;Abel;2026-02-04 09:00:00;2026-02-06 15:01:00.000000000;2026-02-09 15:01:00.000000000;3,0;;8,0;2026-02-09 15:01:00.000000000;;AHP_APRENDIZAGEM_ESPECIALIZACAO_WORKLOAD;;;;;CONCLUIDA;True;0,8720500232333183;0,9243004423609613;1,0;0,5000000000031541;0,6087851128174859;0,1851740071976712;0,07809090321816117
Societário;Elaboração e negociação de  SHA;;Caim;2026-02-04 09:01:00;2026-02-10 11:00:59.999999999;2026-02-11 11:01:00.000000000;3,0;;8,0;2026-02-11 11:01:00.000000000;;AHP_APRENDIZAGEM_ESPECIALIZACAO_WORKLOAD;;;;;CONCLUIDA;True;0,8277662969533525;1,0;0,7213785047184043;0,22756531616955425;0,6586441863669917;0,13358054842497108;0,03554156216138961
Contratos;Contrato de Manutenção de Sistemas;;Abraão;2026-02-04 09:02:00;2026-02-11 13:02:00.000000000;2026-02-12 13:02:00.000000000;3,0;;8,0;2026-02-12 13:02:00.000000000;;AHP_APRENDIZAGEM_ESPECIALIZACAO_WORKLOAD;;;;;CONCLUIDA;True;0,8438181935646629;1,0;1,0;0,0;0,6586441863669917;0,1851740071976712;0,0
Societário;Elaboração e negociação de LOI;;Caim;2026-02-04 09:03:00;2026-02-11 11:01:00.000000000;2026-02-12 11:01:00.000000000;3,0;;8,0;2026-02-12 11:01:00.000000000;;AHP_APRENDIZAGEM_ESPECIALIZACAO_WORKLOAD;;;;;CONCLUIDA;True;0,8223194015659735;1,0;0,7213785047184043;0,19268996473331562;0,6586441863669917;0,13358054842497108;0,030094666774010632
Direito digital;Análise de cláusulas de tratamento, compartilhamento e transferência de dados;;Adão;2026-02-04 09:04:00;2026-02-05 09:01:59.999999999;2026-02-05 13:01:59.999999999;2,0;;4,0;2026-02-05 13:01:59.999999999;;AHP_APRENDIZAGEM_ESPECIALIZACAO_WORKLOAD;;;;;CONCLUIDA;True;0,9760567981161363;1,0;1,0;0,846696600389388;0,6586441863669917;0,1851740071976712;0,13223860455147338
Trabalhista;Análise jurídica de bônus, comissões e PLR;;Davi;2026-02-05 09:00:00;2026-02-05 09:00:00.000000000;2026-02-05 11:00:00.000000000;1,0;;2,0;2026-02-05 11:00:00.000000000;;AHP_APRENDIZAGEM_ESPECIALIZACAO_WORKLOAD;;;;;CONCLUIDA;True;1,0;1,0;1,0;1,0;0,6586441863669917;0,1851740071976712;0,1561818064353371
Propriedade intelectual;Elaboração e revisão de NDAs;;Esaú;2026-02-05 09:01:00;2026-02-05 09:01:00.000000000;2026-02-06 09:00:59.999999999;3,0;;8,0;2026-02-06 09:00:59.999999999;;AHP_APRENDIZAGEM_ESPECIALIZACAO_WORKLOAD;;;;;CONCLUIDA;True;1,0;1,0;1,0;1,0;0,6586441863669917;0,1851740071976712;0,1561818064353371
Societário;Estruturação societária internacional;;Caim;2026-02-05 09:02:00;2026-02-12 11:01:00.000000000;2026-02-17 11:00:59.999999999;5,0;;24,0;2026-02-17 11:00:59.999999999;;AHP_APRENDIZAGEM_ESPECIALIZACAO_WORKLOAD;;;;;CONCLUIDA;True;0,7952517852703581;1,0;0,6990682335304315;0,04583333333964648;0,6586441863669917;0,1294492661074274;0,007158332795938949
Societário;Regularização societária;;Caim;2026-02-05 09:03:00;2026-02-17 11:00:59.999999999;2026-02-18 11:01:00.000000000;3,0;;8,0;2026-02-18 11:01:00.000000000;;AHP_APRENDIZAGEM_ESPECIALIZACAO_WORKLOAD;;;;;CONCLUIDA;True;0,7880934524744192;1,0;0,6990682335304315;0,0;0,6586441863669917;0,1294492661074274;0,0
Regulatório;Elaboração de defesas, manifestações e recursos;;Adão;2026-02-05 09:04:00;2026-02-05 13:01:59.999999999;2026-02-09 13:02:00.000000000;4,0;;16,0;2026-02-09 13:02:00.000000000;;AHP_APRENDIZAGEM_ESPECIALIZACAO_WORKLOAD;;;;;CONCLUIDA;True;0,9916224318392728;1,0;1,0;0,9463601532602598;0,6586441863669917;0,1851740071976712;0,14780423827460987
Contratos;Contrato de Desenvolvimento de Software;;Abraão;2026-02-06 09:00:00;2026-02-12 13:02:00.000000000;2026-02-13 13:02:00.000000000;3,0;;8,0;2026-02-13 13:02:00.000000000;;AHP_APRENDIZAGEM_ESPECIALIZACAO_WORKLOAD;;;;;CONCLUIDA;True;0,9147525711904521;1,0;1,0;0,454178237816436;0,6586441863669917;0,1851740071976712;0,07093437762578911
Contratos;Contrato de prestação de serviços;;Abraão;2026-02-06 09:01:00;2026-02-13 13:02:00.000000000;2026-02-16 13:02:00.000000000;3,0;;8,0;2026-02-16 13:02:00.000000000;;AHP_APRENDIZAGEM_ESPECIALIZACAO_WORKLOAD;;;;;CONCLUIDA;True;0,895839355859227;1,0;1,0;0,33308080807800117;0,6586441863669917;0,1851740071976712;0,05202116229456405
Contratos;Contrato de Locação;;Abraão;2026-02-06 09:02:00;2026-02-16 13:02:00.000000000;2026-02-17 13:02:00.000000000;3,0;;8,0;2026-02-17 13:02:00.000000000;;AHP_APRENDIZAGEM_ESPECIALIZACAO_WORKLOAD;;;;;CONCLUIDA;True;0,8769165859862836;1,0;1,0;0,21192220257309052;0,6586441863669917;0,1851740071976712;0,03309839242162072
Societário;Aumento e redução de capital;;Caim;2026-02-06 09:03:00;2026-02-18 11:01:00.000000000;2026-02-18 13:01:00.000000000;1,0;;2,0;2026-02-18 13:01:00.000000000;;AHP_APRENDIZAGEM_ESPECIALIZACAO_WORKLOAD;;;;;CONCLUIDA;True;0,8209439078068215;1,0;0,8764714005814899;0,0;0,6586441863669917;0,16229972143982976;0,0
Contratos;Contrato de Cessão de Direitos Autorais;;Abraão;2026-02-06 09:04:00;2026-02-17 13:02:00.000000000;2026-02-18 13:02:00.000000000;3,0;;8,0;2026-02-18 13:02:00.000000000;;AHP_APRENDIZAGEM_ESPECIALIZACAO_WORKLOAD;;;;;CONCLUIDA;True;0,862167736189198;1,0;1,0;0,11748834927282105;0,6586441863669917;0,1851740071976712;0,018349542624535017
Regulatório;Monitoramento contínuo de normas da CVM, BCB, CMN e circulares associadas;;Adão;2026-02-09 09:00:00;2026-02-09 13:02:00.000000000;2026-02-09 15:02:00.000000000;1,0;;2,0;2026-02-09 15:02:00.000000000;;AHP_APRENDIZAGEM_ESPECIALIZACAO_WORKLOAD;;;;;CONCLUIDA;True;0,9895069413777481;1,0;1,0;0,9328151027207108;0,6586441863669917;0,1851740071976712;0,14568874781308516
Direito financeiro;Apoio a programas de prevenção à lavagem de dinheiro (PLD/FT);;Adão;2026-02-09 09:01:00;2026-02-09 15:02:00.000000000;2026-02-10 09:02:00.000000000;1,0;;2,0;2026-02-10 09:02:00.000000000;;AHP_APRENDIZAGEM_ESPECIALIZACAO_WORKLOAD;;;;;CONCLUIDA;True;0,9843427847478043;1,0;1,0;0,8997500694251597;0,6586441863669917;0,1851740071976712;0,14052459118314142
Direito digital;Apoio jurídico a squads de produto e tecnologia;;Adão;2026-02-09 09:02:00;2026-02-10 09:02:00.000000000;2026-02-10 11:02:00.000000000;1,0;;2,0;2026-02-10 11:02:00.000000000;;AHP_APRENDIZAGEM_ESPECIALIZACAO_WORKLOAD;;;;;CONCLUIDA;True;0,9791757591419551;1,0;1,0;0,8666666666666667;0,6586441863669917;0,1851740071976712;0,13535756557729217
Societário;Estruturação de regras de governança;;Caim;2026-02-09 09:03:00;2026-02-18 13:01:00.000000000;2026-02-23 13:00:59.999999999;5,0;;24,0;2026-02-23 13:00:59.999999999;;AHP_APRENDIZAGEM_ESPECIALIZACAO_WORKLOAD;;;;;CONCLUIDA;True;0,815581199876984;1,0;0,847276677726438;0,00027785496434196106;0,6586441863669917;0,15689361761973436;4,3395890257953654e-05
Governança;Avaliação periódica da efetividade da governança;;Adão;2026-02-09 09:04:00;2026-02-10 11:02:00.000000000;2026-02-11 11:02:00.000000000;3,0;;8,0;2026-02-11 11:02:00.000000000;;AHP_APRENDIZAGEM_ESPECIALIZACAO_WORKLOAD;;;;;CONCLUIDA;True;0,9814578677290767;1,0;1,0;0,8812785388123925;0,6586441863669917;0,1851740071976712;0,1376396741644138
Regulatório;Tradução da norma para áreas de negócio, compliance e produto;;Adão;2026-02-10 09:00:00;2026-02-11 11:02:00.000000000;2026-02-12 11:02:00.000000000;3,0;;8,0;2026-02-12 11:02:00.000000000;;AHP_APRENDIZAGEM_ESPECIALIZACAO_WORKLOAD;;;;;CONCLUIDA;True;0,9793857821805708;1,0;1,0;0,8680114010080685;0,6586441863669917;0,1851740071976712;0,13556758861590792
Governança;Acompanhamento de planos de mitigação;;Adão;2026-02-10 09:01:00;2026-02-12 11:02:00.000000000;2026-02-12 13:02:00.000000000;1,0;;2,0;2026-02-12 13:02:00.000000000;;AHP_APRENDIZAGEM_ESPECIALIZACAO_WORKLOAD;;;;;CONCLUIDA;True;0,9629753217637683;1,0;1,0;0,7629385964903617;0,6586441863669917;0,1851740071976712;0,11915712819910543
Societário;Estruturação jurídica de carve-outs, spin-offs e alienação de ativos;;Caim;2026-02-10 09:02:00;2026-02-23 13:00:59.999999999;2026-02-26 13:00:59.999999999;5,0;;24,0;2026-02-26 13:00:59.999999999;;AHP_APRENDIZAGEM_ESPECIALIZACAO_WORKLOAD;;;;;CONCLUIDA;True;0,8113645686911666;1,0;0,8247398467817761;0,0;0,6586441863669917;0,15272038232417484;0,0
Direito financeiro;Estruturação jurídica de debêntures, CRI, CRA, notas comerciais;;Adão;2026-02-10 09:03:00;2026-02-12 13:02:00.000000000;2026-02-17 13:01:59.999999999;5,0;;24,0;2026-02-17 13:01:59.999999999;;AHP_APRENDIZAGEM_ESPECIALIZACAO_WORKLOAD;;;;;CONCLUIDA;True;0,9687792621012855;1,0;1,0;0,8001000333438927;0,6586441863669917;0,1851740071976712;0,12496106853662262
Contratos;Contrato de Locação;;Abraão;2026-02-10 09:04:00;2026-02-18 13:02:00.000000000;2026-02-19 13:02:00.000000000;3,0;;8,0;2026-02-19 13:02:00.000000000;;AHP_APRENDIZAGEM_ESPECIALIZACAO_WORKLOAD;;;;;CONCLUIDA;True;0,918796919715402;1,0;1,0;0,48007337001689754;0,6586441863669917;0,1851740071976712;0,07497872615073906
Regulatório;Análise de risco sancionador e reputacional;;Adão;2026-02-11 09:00:00;2026-02-17 13:01:59.999999999;2026-02-17 15:01:59.999999999;1,0;;2,0;2026-02-17 15:01:59.999999999;;AHP_APRENDIZAGEM_ESPECIALIZACAO_WORKLOAD;;;;;CONCLUIDA;True;0,9388398722127878;1,0;1,0;0,608404274587937;0,6586441863669917;0,1851740071976712;0,09502167864812486
Societário;Estruturação de veículos societários (SPVs);;Abel;2026-02-11 09:01:00;2026-02-11 09:01:00.000000000;2026-02-16 09:00:59.999999999;5,0;;24,0;2026-02-16 09:00:59.999999999;;AHP_APRENDIZAGEM_ESPECIALIZACAO_WORKLOAD;;;;;CONCLUIDA;True;0,9150658051413199;0,871046922425342;1,0;1,0;0,5737099915083116;0,1851740071976712;0,1561818064353371
Concorrencial;Contencioso Administrativo Concorrencial;;Davi;2026-02-11 09:02:00;2026-02-11 09:02:00.000000000;2026-02-13 09:01:59.999999999;4,0;;16,0;2026-02-13 09:01:59.999999999;;AHP_APRENDIZAGEM_ESPECIALIZACAO_WORKLOAD;;;;;CONCLUIDA;True;1,0;1,0;1,0;1,0;0,6586441863669917;0,1851740071976712;0,1561818064353371
Societário;Atualização de Contrato Social / Estatuto;;Abel;2026-02-11 09:03:00;2026-02-16 09:00:59.999999999;2026-02-17 09:00:59.999999999;3,0;;8,0;2026-02-17 09:00:59.999999999;;AHP_APRENDIZAGEM_ESPECIALIZACAO_WORKLOAD;;;;;CONCLUIDA;True;0,8743645659873852;0,871046922425342;1,0;0,7393983327322702;0,5737099915083116;0,1851740071976712;0,11548056728140241
Regulatório;Resposta a ofícios, exigências e questionamentos da CVM e do BCB;;Adão;2026-02-11 09:04:00;2026-02-17 15:01:59.999999999;2026-02-18 09:02:00.000000000;1,0;;2,0;2026-02-18 09:02:00.000000000;;AHP_APRENDIZAGEM_ESPECIALIZACAO_WORKLOAD;;;;;CONCLUIDA;True;0,9355116630306873;1,0;1,0;0,5870944353815479;0,6586441863669917;0,1851740071976712;0,09169346946602444
Societário;Reorganizações societárias internas;;Abel;2026-02-12 09:00:00;2026-02-17 09:00:59.999999999;2026-02-20 09:00:59.999999999;5,0;;24,0;2026-02-20 09:00:59.999999999;;AHP_APRENDIZAGEM_ESPECIALIZACAO_WORKLOAD;;;;;CONCLUIDA;True;0,955354496514438;1,0;1,0;0,7141440190471467;0,6586441863669917;0,1851740071976712;0,11153630294977517
Contratos;Contrato de Licenciamento de Software;;Abraão;2026-02-12 09:01:00;2026-02-19 13:02:00.000000000;2026-02-23 13:02:00.000000000;4,0;;16,0;2026-02-23 13:02:00.000000000;;AHP_APRENDIZAGEM_ESPECIALIZACAO_WORKLOAD;;;;;CONCLUIDA;True;0,918159493889737;1,0;1,0;0,4759920634920635;0,6586441863669917;0,1851740071976712;0,07434130032507416
Direito financeiro;Due diligence financeira e bancária;;Adão;2026-02-12 09:02:00;2026-02-18 09:02:00.000000000;2026-02-23 09:01:59.999999999;5,0;;24,0;2026-02-23 09:01:59.999999999;;AHP_APRENDIZAGEM_ESPECIALIZACAO_WORKLOAD;;;;;CONCLUIDA;True;0,94049036150906;1,0;1,0;0,6189720182575909;0,6586441863669917;0,1851740071976712;0,096672167944397
Societário;Avaliação de impactos (societário, contratual, regulatório, concorrencial, trabalhista, tributário);;Abel;2026-02-12 09:03:00;2026-02-20 09:00:59.999999999;2026-02-23 09:00:59.999999999;3,0;;8,0;2026-02-23 09:00:59.999999999;;AHP_APRENDIZAGEM_ESPECIALIZACAO_WORKLOAD;;;;;CONCLUIDA;True;0,9107798255422197;1,0;1,0;0,42874156411605135;0,6586441863669917;0,1851740071976712;0,06696163197755681
Societário;Gestão de earn-outs, ajustes de preço e garantias;;Abel;2026-02-12 09:04:00;2026-02-23 09:00:59.999999999;2026-02-23 11:00:59.999999999;1,0;;2,0;2026-02-23 11:00:59.999999999;;AHP_APRENDIZAGEM_ESPECIALIZACAO_WORKLOAD;;;;;CONCLUIDA;True;0,8959098026204441;1,0;1,0;0,3335318642081927;0,6586441863669917;0,1851740071976712;0,05209160905578109
Societário;Atos perante Junta Comercial;;Abel;2026-02-13 09:00:00;2026-02-23 11:00:59.999999999;2026-02-23 13:00:59.999999999;1,0;;2,0;2026-02-23 13:00:59.999999999;;AHP_APRENDIZAGEM_ESPECIALIZACAO_WORKLOAD;;;;;CONCLUIDA;True;0,8926375889307242;1,0;0,9751611577510452;0,34203025652394226;0,6586441863669917;0,1805744992442814;0,053418903319451046
Societário;Reorganizações societárias internas;;Abel;2026-02-13 09:01:00;2026-02-23 13:00:59.999999999;2026-02-26 13:00:59.999999999;5,0;;24,0;2026-02-26 13:00:59.999999999;;AHP_APRENDIZAGEM_ESPECIALIZACAO_WORKLOAD;;;;;CONCLUIDA;True;0,8885392560647177;1,0;0,9751611577510452;0,31578947368536475;0,6586441863669917;0,1805744992442814;0,049320570453444616
Contratos;Contrato de compra e venda;;Abraão;2026-02-13 09:02:00;2026-02-23 13:02:00.000000000;2026-02-24 13:02:00.000000000;3,0;;8,0;2026-02-24 13:02:00.000000000;;AHP_APRENDIZAGEM_ESPECIALIZACAO_WORKLOAD;;;;;CONCLUIDA;True;0,8931153243956935;1,0;1,0;0,31563939460157797;0,6586441863669917;0,1851740071976712;0,04929713083103064
Societário;Análise jurídica preliminar e de estrutura da operação;;Abel;2026-02-13 09:03:00;2026-02-26 13:00:59.999999999;2026-03-03 13:00:59.999999999;5,0;;24,0;2026-03-03 13:00:59.999999999;;AHP_APRENDIZAGEM_ESPECIALIZACAO_WORKLOAD;;;;;CONCLUIDA;True;0,8392186856112731;1,0;0,9751611577510452;0,0;0,6586441863669917;0,1805744992442814;0,0
Societário;Estruturação societária internacional;;Abel;2026-02-13 09:04:00;2026-03-03 13:00:59.999999999;2026-03-06 13:00:59.999999999;5,0;;24,0;2026-03-06 13:00:59.999999999;;AHP_APRENDIZAGEM_ESPECIALIZACAO_WORKLOAD;;;;;CONCLUIDA;True;0,8392186856112731;1,0;0,9751611577510452;0,0;0,6586441863669917;0,1805744992442814;0,0
Societário;Integração societária;;Abel;2026-02-16 09:00:00;2026-03-06 13:00:59.999999999;2026-03-06 15:00:59.999999999;1,0;;2,0;2026-03-06 15:00:59.999999999;;AHP_APRENDIZAGEM_ESPECIALIZACAO_WORKLOAD;;;;;CONCLUIDA;True;0,8392186856112731;1,0;0,9751611577510452;0,0;0,6586441863669917;0,1805744992442814;0,0
Concorrencial;Monitoramento regulatório e jurisprudencial;;Davi;2026-02-16 09:01:00;2026-02-16 09:01:00.000000000;2026-02-17 09:00:59.999999999;3,0;;8,0;2026-02-17 09:00:59.999999999;;AHP_APRENDIZAGEM_ESPECIALIZACAO_WORKLOAD;;;;;CONCLUIDA;True;1,0;1,0;1,0;1,0;0,6586441863669917;0,1851740071976712;0,1561818064353371
Contratos;Contrato de Joint Venture;;Abraão;2026-02-16 09:02:00;2026-02-24 13:02:00.000000000;2026-02-27 13:01:59.999999999;5,0;;24,0;2026-02-27 13:01:59.999999999;;AHP_APRENDIZAGEM_ESPECIALIZACAO_WORKLOAD;;;;;CONCLUIDA;True;0,9311643966549796;1,0;1,0;0,5592597824541113;0,6586441863669917;0,1851740071976712;0,08734620309031675
Societário;Gestão de Advisors e Governança da Operação;;Caim;2026-02-16 09:03:00;2026-02-26 13:00:59.999999999;2026-02-27 13:01:00.000000000;3,0;;8,0;2026-02-27 13:01:00.000000000;;AHP_APRENDIZAGEM_ESPECIALIZACAO_WORKLOAD;;;;;CONCLUIDA;True;0,8950086185372496;1,0;0,9189572735696144;0,42384854478766093;0,6586441863669917;0,17016700079033206;0,06619743137992577
Regulatório;Apoio jurídico em temas de capital mínimo e patrimônio de referência;;Adão;2026-02-16 09:04:00;2026-02-23 09:01:59.999999999;2026-02-23 11:01:59.999999999;1,0;;2,0;2026-02-23 11:01:59.999999999;;AHP_APRENDIZAGEM_ESPECIALIZACAO_WORKLOAD;;;;;CONCLUIDA;True;0,9470787096467123;1,0;1,0;0,6611558570031114;0,6586441863669917;0,1851740071976712;0,10326051608204936
Direito digital;Análise de risco jurídico digital;;Adão;2026-02-17 09:00:00;2026-02-23 11:01:59.999999999;2026-02-23 13:01:59.999999999;1,0;;2,0;2026-02-23 13:01:59.999999999;;AHP_APRENDIZAGEM_ESPECIALIZACAO_WORKLOAD;;;;;CONCLUIDA;True;0,9516856160067928;1,0;1,0;0,6906529313757781;0,6586441863669917;0,1851740071976712;0,10786742244212993
Governança;Benchmarking de melhores práticas;;Adão;2026-02-17 09:01:00;2026-02-23 13:01:59.999999999;2026-02-23 15:01:59.999999999;1,0;;2,0;2026-02-23 15:01:59.999999999;;AHP_APRENDIZAGEM_ESPECIALIZACAO_WORKLOAD;;;;;CONCLUIDA;True;0,9488622903477254;1,0;1,0;0,672575757577456;0,6586441863669917;0,1851740071976712;0,10504409678306245
Societário;Gestão de conflitos societários;;Caim;2026-02-17 09:02:00;2026-02-27 13:01:00.000000000;2026-02-27 15:01:00.000000000;1,0;;2,0;2026-02-27 15:01:00.000000000;;AHP_APRENDIZAGEM_ESPECIALIZACAO_WORKLOAD;;;;;CONCLUIDA;True;0,8854902385845678;1,0;0,902955899163576;0,38187604182548335;0,6586441863669917;0,16720396217089567;0,059642090046680335
Societário;Estruturação de regras de governança;;Caim;2026-02-17 09:03:00;2026-02-27 15:01:00.000000000;2026-03-04 15:00:59.999999999;5,0;;24,0;2026-03-04 15:00:59.999999999;;AHP_APRENDIZAGEM_ESPECIALIZACAO_WORKLOAD;;;;;CONCLUIDA;True;0,8826587480295146;1,0;0,902955899163576;0,36374658987663877;0,6586441863669917;0,16720396217089567;0,056810599491627145
Societário;Regularização societária;;Caim;2026-02-17 09:04:00;2026-03-04 15:00:59.999999999;2026-03-05 15:01:00.000000000;3,0;;8,0;2026-03-05 15:01:00.000000000;;AHP_APRENDIZAGEM_ESPECIALIZACAO_WORKLOAD;;;;;CONCLUIDA;True;0,8485758329669162;1,0;0,902955899163576;0,14552069122365097;0,6586441863669917;0,16720396217089567;0,022727684429028713
Governança;Política de Governaça Corporativa;;Adão;2026-02-18 09:00:00;2026-02-23 15:01:59.999999999;2026-02-24 15:02:00.000000000;3,0;;8,0;2026-02-24 15:02:00.000000000;;AHP_APRENDIZAGEM_ESPECIALIZACAO_WORKLOAD;;;;;CONCLUIDA;True;0,9540206477377482;1,0;1,0;0,7056036595319545;0,6586441863669917;0,1851740071976712;0,11020245417308522
Contratos;Contrato de Representação Comercial;;Abraão;2026-02-18 09:01:00;2026-02-27 13:01:59.999999999;2026-03-02 13:02:00.000000000;3,0;;8,0;2026-03-02 13:02:00.000000000;;AHP_APRENDIZAGEM_ESPECIALIZACAO_WORKLOAD;;;;;CONCLUIDA;True;0,9081028292524215;1,0;1,0;0,4116013071879401;0,6586441863669917;0,1851740071976712;0,06428463568775858
Societário;Gestão jurídica do encerramento de operações;;Caim;2026-02-18 09:02:00;2026-03-05 15:01:00.000000000;2026-03-06 09:00:59.999999999;1,0;;2,0;2026-03-06 09:00:59.999999999;;AHP_APRENDIZAGEM_ESPECIALIZACAO_WORKLOAD;;;;;CONCLUIDA;True;0,8560697488983061;1,0;1,0;0,07844419022465118;0,6586441863669917;0,1851740071976712;0,012251555333643234
Societário;Análise jurídica preliminar e de estrutura da operação;;Caim;2026-02-18 09:03:00;2026-03-06 09:00:59.999999999;2026-03-11 09:00:59.999999999;5,0;;24,0;2026-03-11 09:00:59.999999999;;AHP_APRENDIZAGEM_ESPECIALIZACAO_WORKLOAD;;;;;CONCLUIDA;True;0,853008361971703;1,0;1,0;0,058842759069028104;0,6586441863669917;0,1851740071976712;0,009190168407040124
Contratos;Letter of Intent;;Abraão;2026-02-18 09:04:00;2026-03-02 13:02:00.000000000;2026-03-02 15:02:00.000000000;1,0;;2,0;2026-03-02 15:02:00.000000000;;AHP_APRENDIZAGEM_ESPECIALIZACAO_WORKLOAD;;;;;CONCLUIDA;True;0,9115034866411971;1,0;1,0;0,43337501736834794;0,6586441863669917;0,1851740071976712;0,06768529307653418
Regulatório;Apoio a ofertas públicas e privadas sob a ótica regulatória;;Adão;2026-02-19 09:00:00;2026-02-24 15:02:00.000000000;2026-02-25 15:02:00.000000000;3,0;;8,0;2026-02-25 15:02:00.000000000;;AHP_APRENDIZAGEM_ESPECIALIZACAO_WORKLOAD;;;;;CONCLUIDA;True;0,9581253362305353;1,0;1,0;0,7318851361422702;0,6586441863669917;0,1851740071976712;0,1143071426658724
Contratos;Contrato de Manutenção de Sistemas;;Adão;2026-02-19 09:01:00;2026-02-25 15:02:00.000000000;2026-02-26 15:02:00.000000000;3,0;;8,0;2026-02-26 15:02:00.000000000;;AHP_APRENDIZAGEM_ESPECIALIZACAO_WORKLOAD;;;;;CONCLUIDA;True;0,7620584368793174;1,0;0,0013281624972345035;0,6605654761921145;0,6586441863669917;0,0002459411718225789;0,1031683093405031
Governança;Código de Conduta;;Adão;2026-02-19 09:02:00;2026-02-26 15:02:00.000000000;2026-02-27 09:02:00.000000000;1,0;;2,0;2026-02-27 09:02:00.000000000;;AHP_APRENDIZAGEM_ESPECIALIZACAO_WORKLOAD;;;;;CONCLUIDA;True;0,9358443539574347;1,0;1,0;0,5892245869935735;0,6586441863669917;0,1851740071976712;0,09202616039277174
Societário;Regularização societária;;Abel;2026-02-19 09:03:00;2026-03-06 15:00:59.999999999;2026-03-09 15:01:00.000000000;3,0;;8,0;2026-03-09 15:01:00.000000000;;AHP_APRENDIZAGEM_ESPECIALIZACAO_WORKLOAD;;;;;CONCLUIDA;True;0,8656926372658045;1,0;0,9825370932698575;0,1607621315871806;0,6586441863669917;0,18194033078113153;0,025108120117681234
Contratos;Contrato de Hosting;;Davi;2026-02-19 09:04:00;2026-02-19 09:04:00.000000000;2026-02-20 09:03:59.999999999;3,0;;8,0;2026-02-20 09:03:59.999999999;;AHP_APRENDIZAGEM_ESPECIALIZACAO_WORKLOAD;;;;;CONCLUIDA;True;0,7542636977808612;0,9080500575651894;0,0;1,0;0,5980818913455241;0,0;0,1561818064353371
Societário;Closing da operação;;Abel;2026-02-20 09:00:00;2026-03-09 15:01:00.000000000;2026-03-10 09:00:59.999999999;1,0;;2,0;2026-03-10 09:00:59.999999999;;AHP_APRENDIZAGEM_ESPECIALIZACAO_WORKLOAD;;;;;CONCLUIDA;True;0,8555995922741371;1,0;0,9825370932698575;0,09613843935292458;0,6586441863669917;0,18194033078113153;0,015015075126013864
Contencioso;Contencioso Civil;;Eva;2026-02-20 09:01:00;2026-02-20 09:01:00.000000000;2026-02-24 09:00:59.999999999;4,0;;16,0;2026-02-24 09:00:59.999999999;;AHP_APRENDIZAGEM_ESPECIALIZACAO_WORKLOAD;;;;;CONCLUIDA;True;1,0;1,0;1,0;1,0;0,6586441863669917;0,1851740071976712;0,1561818064353371
Societário;Consolidação das versões finais dos documentos;;Davi;2026-02-20 09:02:00;2026-02-20 09:03:59.999999999;2026-02-20 11:03:59.999999999;1,0;;2,0;2026-02-20 11:03:59.999999999;;AHP_APRENDIZAGEM_ESPECIALIZACAO_WORKLOAD;;;;;CONCLUIDA;True;0,8164433332066271;1,0;0,009004539696758193;0,9996794358096909;0,6586441863669917;0,0016674066986192176;0,15613174014101613
Societário;Regularização societária;;Davi;2026-02-20 09:03:00;2026-02-20 11:03:59.999999999;2026-02-23 11:03:59.999999999;3,0;;8,0;2026-02-23 11:03:59.999999999;;AHP_APRENDIZAGEM_ESPECIALIZACAO_WORKLOAD;;;;;CONCLUIDA;True;0,8134639030956702;1,0;0,009004539696758193;0,9806027572966245;0,6586441863669917;0,0016674066986192176;0,15315231003005925
Direito digital;Relacionamento ANPD;;Adão;2026-02-20 09:04:00;2026-02-27 09:02:00.000000000;2026-02-27 11:02:00.000000000;1,0;;2,0;2026-02-27 11:02:00.000000000;;AHP_APRENDIZAGEM_ESPECIALIZACAO_WORKLOAD;;;;;CONCLUIDA;True;0,939951263134466;1,0;1,0;0,6155202821885937;0,6586441863669917;0,1851740071976712;0,09613306956980301
Societário;SPA / SHA e documentos correlatos;;Davi;2026-02-23 09:00:00;2026-02-23 11:03:59.999999999;2026-02-23 13:03:59.999999999;1,0;;2,0;2026-02-23 13:03:59.999999999;;AHP_APRENDIZAGEM_ESPECIALIZACAO_WORKLOAD;;;;;CONCLUIDA;True;0,8133745454909471;1,0;0,01031579062744017;0,9784759590377206;0,6586441863669917;0,0019102162878952748;0,1528201428360601
Regulatório;Interface com áreas de risco, tesouraria e controles internos;;Adão;2026-02-23 09:01:00;2026-02-27 11:02:00.000000000;2026-02-27 13:02:00.000000000;1,0;;2,0;2026-02-27 13:02:00.000000000;;AHP_APRENDIZAGEM_ESPECIALIZACAO_WORKLOAD;;;;;CONCLUIDA;True;0,9446584953241594;1,0;1,0;0,6456597222240905;0,6586441863669917;0,1851740071976712;0,10084030175949643
Societário;Acordo de Sócios / Acionistas;;Davi;2026-02-23 09:02:00;2026-02-23 13:03:59.999999999;2026-02-24 13:04:00.000000000;3,0;;8,0;2026-02-24 13:04:00.000000000;;AHP_APRENDIZAGEM_ESPECIALIZACAO_WORKLOAD;;;;;CONCLUIDA;True;0,8101520738957692;1,0;0,01020135376295686;0,9579788157693986;0,6586441863669917;0,0018890255551277638;0,14961886197364968
Concorrencial;M&A Concorrencial;;Davi;2026-02-23 09:03:00;2026-02-24 13:04:00.000000000;2026-02-27 13:04:00.000000000;5,0;;24,0;2026-02-27 13:04:00.000000000;;AHP_APRENDIZAGEM_ESPECIALIZACAO_WORKLOAD;;;;;CONCLUIDA;True;0,9804433688020839;1,0;1,0;0,8747829107354255;0,6586441863669917;0,1851740071976712;0,136625175237421
Contratos;Contratos de Seguros ou Previdência;;Davi;2026-02-23 09:04:00;2026-02-27 13:04:00.000000000;2026-03-02 13:04:00.000000000;3,0;;8,0;2026-03-02 13:04:00.000000000;;AHP_APRENDIZAGEM_ESPECIALIZACAO_WORKLOAD;;;;;CONCLUIDA;True;0,7592142767939911;1,0;0,016130674087676176;0,6248045857235389;0,6586441863669917;0,0029869815596146364;0,09758310886738475
Contratos;Contratos Financeiros ou Bancários;;Davi;2026-02-24 09:00:00;2026-03-02 13:04:00.000000000;2026-03-03 13:04:00.000000000;3,0;;8,0;2026-03-03 13:04:00.000000000;;AHP_APRENDIZAGEM_ESPECIALIZACAO_WORKLOAD;;;;;CONCLUIDA;True;0,7537147551164957;1,0;0,01559353880180656;0,5902291232708143;0,6586441863669917;0,002887518066322893;0,09218305068318104
Contencioso;Acordos, Mediação e Soluções Alternativas;;Eva;2026-02-24 09:01:00;2026-02-24 09:01:00.000000000;2026-02-25 09:00:59.999999999;3,0;;8,0;2026-02-25 09:00:59.999999999;;AHP_APRENDIZAGEM_ESPECIALIZACAO_WORKLOAD;;;;;CONCLUIDA;True;1,0;1,0;1,0;1,0;0,6586441863669917;0,1851740071976712;0,1561818064353371
Societário;Estruturação de holdings e grupos;;Davi;2026-02-24 09:02:00;2026-03-03 13:04:00.000000000;2026-03-06 13:04:00.000000000;5,0;;24,0;2026-03-06 13:04:00.000000000;;AHP_APRENDIZAGEM_ESPECIALIZACAO_WORKLOAD;;;;;CONCLUIDA;True;0,7417676318412681;1,0;0,02757679688079173;0,49952642545778725;0,6586441863669917;0,005106505984092444;0,07801693949018398
Regulatório;Apoio a ofertas públicas e privadas sob a ótica regulatória;;Adão;2026-02-24 09:03:00;2026-02-27 13:02:00.000000000;2026-03-02 13:02:00.000000000;3,0;;8,0;2026-03-02 13:02:00.000000000;;AHP_APRENDIZAGEM_ESPECIALIZACAO_WORKLOAD;;;;;CONCLUIDA;True;0,9503165492599926;1,0;1,0;0,681887078437798;0,6586441863669917;0,1851740071976712;0,1064983556953297
Societário;Gestão de conflitos societários;;Davi;2026-02-24 09:04:00;2026-03-06 13:04:00.000000000;2026-03-06 15:04:00.000000000;1,0;;2,0;2026-03-06 15:04:00.000000000;;AHP_APRENDIZAGEM_ESPECIALIZACAO_WORKLOAD;;;;;CONCLUIDA;True;0,6991779469088037;1,0;0,02757679688079173;0,2268334280816968;0,6586441863669917;0,005106505984092444;0,03542725455771953
Societário;Análise jurídica preliminar e de estrutura da operação;;Davi;2026-02-25 09:00:00;2026-03-06 15:04:00.000000000;2026-03-11 15:04:00.000000000;5,0;;24,0;2026-03-11 15:04:00.000000000;;AHP_APRENDIZAGEM_ESPECIALIZACAO_WORKLOAD;;;;;CONCLUIDA;True;0,7019349868206342;1,0;0,044578647540239505;0,22432826494211044;0,6586441863669917;0,008254806800478758;0,03503599365316371
Societário;Aprovações regulatórias e concorrenciais;;Davi;2026-02-25 09:01:00;2026-03-11 15:04:00.000000000;2026-03-12 15:04:00.000000000;3,0;;8,0;2026-03-12 15:04:00.000000000;;AHP_APRENDIZAGEM_ESPECIALIZACAO_WORKLOAD;;;;;CONCLUIDA;True;0,6668989931674705;1,0;0,044578647540239505;0,0;0,6586441863669917;0,008254806800478758;0,0
Direito digital;Análise de cláusulas de tratamento, compartilhamento e transferência de dados;;Adão;2026-02-25 09:02:00;2026-03-02 13:02:00.000000000;2026-03-03 09:01:59.999999999;2,0;;4,0;2026-03-03 09:01:59.999999999;;AHP_APRENDIZAGEM_ESPECIALIZACAO_WORKLOAD;;;;;CONCLUIDA;True;0,9534942511855076;1,0;1,0;0,7022332506203474;0,6586441863669917;0,1851740071976712;0,10967605762084466
Societário;Gestão de earn-outs, ajustes de preço e garantias;;Davi;2026-02-25 09:03:00;2026-03-12 15:04:00.000000000;2026-03-13 09:03:59.999999999;1,0;;2,0;2026-03-13 09:03:59.999999999;;AHP_APRENDIZAGEM_ESPECIALIZACAO_WORKLOAD;;;;;CONCLUIDA;True;0,6668989931674705;1,0;0,044578647540239505;0,0;0,6586441863669917;0,008254806800478758;0,0
Regulatório;Apoio jurídico em consultas públicas e audiências regulatórias;;Adão;2026-02-25 09:04:00;2026-03-03 09:01:59.999999999;2026-03-04 09:01:59.999999999;3,0;;8,0;2026-03-04 09:01:59.999999999;;AHP_APRENDIZAGEM_ESPECIALIZACAO_WORKLOAD;;;;;CONCLUIDA;True;0,9479936276487888;1,0;1,0;0,6670138888888889;0,6586441863669917;0,1851740071976712;0,1041754340841259
Direito digital;Avaliação de bases legais para tratamento de dados;;Adão;2026-02-26 09:00:00;2026-03-04 09:01:59.999999999;2026-03-04 13:01:59.999999999;2,0;;4,0;2026-03-04 13:01:59.999999999;;AHP_APRENDIZAGEM_ESPECIALIZACAO_WORKLOAD;;;;;CONCLUIDA;True;0,9431904935714008;1,0;1,0;0,6362604087812264;0,6586441863669917;0,1851740071976712;0,09937230000673795
Societário;Avaliação de impactos (societário, contratual, regulatório, concorrencial, trabalhista, tributário);;Davi;2026-02-26 09:01:00;2026-03-13 09:03:59.999999999;2026-03-16 09:03:59.999999999;3,0;;8,0;2026-03-16 09:03:59.999999999;;AHP_APRENDIZAGEM_ESPECIALIZACAO_WORKLOAD;;;;;CONCLUIDA;True;0,6668989931674705;1,0;0,044578647540239505;0,0;0,6586441863669917;0,008254806800478758;0,0
Regulatório;Interface com reguladores durante processos de autorização;;Adão;2026-02-26 09:02:00;2026-03-04 13:01:59.999999999;2026-03-05 13:02:00.000000000;3,0;;8,0;2026-03-05 13:02:00.000000000;;AHP_APRENDIZAGEM_ESPECIALIZACAO_WORKLOAD;;;;;CONCLUIDA;True;0,9414521517007414;1,0;1,0;0,6251301631377993;0,6586441863669917;0,1851740071976712;0,09763395813607849
Societário;Estruturação societária internacional;;Davi;2026-02-26 09:03:00;2026-03-16 09:03:59.999999999;2026-03-19 09:03:59.999999999;5,0;;24,0;2026-03-19 09:03:59.999999999;;AHP_APRENDIZAGEM_ESPECIALIZACAO_WORKLOAD;;;;;CONCLUIDA;True;0,6668989931674705;1,0;0,044578647540239505;0,0;0,6586441863669917;0,008254806800478758;0,0
Governança;Benchmarking de melhores práticas;;Adão;2026-02-26 09:04:00;2026-03-05 13:02:00.000000000;2026-03-05 15:02:00.000000000;1,0;;2,0;2026-03-05 15:02:00.000000000;;AHP_APRENDIZAGEM_ESPECIALIZACAO_WORKLOAD;;;;;CONCLUIDA;True;0,9427767214754974;1,0;1,0;0,6336111111111111;0,6586441863669917;0,1851740071976712;0,09895852791083443
Contratos;Contrato de Escrow de Código-Fonte;;Adão;2026-02-27 09:00:00;2026-03-05 15:02:00.000000000;2026-03-06 15:02:00.000000000;3,0;;8,0;2026-03-06 15:02:00.000000000;;AHP_APRENDIZAGEM_ESPECIALIZACAO_WORKLOAD;;;;;CONCLUIDA;True;0,7649221313332086;1,0;0,01674817273852702;0,6606186793575253;0,6586441863669917;0,0031013262592318428;0,10317661870698504
Societário;Estruturação de holdings e grupos;;Davi;2026-02-27 09:01:00;2026-03-19 09:03:59.999999999;2026-03-24 09:03:59.999999999;5,0;;24,0;2026-03-24 09:03:59.999999999;;AHP_APRENDIZAGEM_ESPECIALIZACAO_WORKLOAD;;;;;CONCLUIDA;True;0,6665453114389854;1,0;0,042668650916861;0,0;0,6586441863669917;0,007901125071993738;0,0
Societário;Gestão de earn-outs, ajustes de preço e garantias;;Davi;2026-02-27 09:02:00;2026-03-24 09:03:59.999999999;2026-03-24 11:03:59.999999999;1,0;;2,0;2026-03-24 11:03:59.999999999;;AHP_APRENDIZAGEM_ESPECIALIZACAO_WORKLOAD;;;;;CONCLUIDA;True;0,6665453114389854;1,0;0,042668650916861;0,0;0,6586441863669917;0,007901125071993738;0,0
Governança;Política de Conflito de Interesses e de Partes Relacionadas;;Adão;2026-02-27 09:03:00;2026-03-06 15:02:00.000000000;2026-03-09 15:02:00.000000000;3,0;;8,0;2026-03-09 15:02:00.000000000;;AHP_APRENDIZAGEM_ESPECIALIZACAO_WORKLOAD;;;;;CONCLUIDA;True;0,9479645448671543;1,0;1,0;0,6668276778166887;0,6586441863669917;0,1851740071976712;0,10414635130249142
Societário;Estruturação jurídica de carve-outs, spin-offs e alienação de ativos;;Davi;2026-02-27 09:04:00;2026-03-24 11:03:59.999999999;2026-03-27 11:03:59.999999999;5,0;;24,0;2026-03-27 11:03:59.999999999;;AHP_APRENDIZAGEM_ESPECIALIZACAO_WORKLOAD;;;;;CONCLUIDA;True;0,6665453114389854;1,0;0,042668650916861;0,0;0,6586441863669917;0,007901125071993738;0,0
Contencioso;Prevenção de Litígios e Atuação Preventiva;;Eva;2026-03-02 09:00:00;2026-03-02 09:00:00.000000000;2026-03-03 17:00:00.000000000;4,0;;16,0;2026-03-03 17:00:00.000000000;;AHP_APRENDIZAGEM_ESPECIALIZACAO_WORKLOAD;;;;;CONCLUIDA;True;1,0;1,0;1,0;1,0;0,6586441863669917;0,1851740071976712;0,1561818064353371
Societário;Atos perante Junta Comercial;;Davi;2026-03-02 09:01:00;2026-03-27 11:03:59.999999999;2026-03-27 13:03:59.999999999;1,0;;2,0;2026-03-27 13:03:59.999999999;;AHP_APRENDIZAGEM_ESPECIALIZACAO_WORKLOAD;;;;;CONCLUIDA;True;0,6664913079890027;1,0;0,042377014683460716;0,0;0,6586441863669917;0,007847121622010973;0,0
Societário;Gestão de conflitos societários;;Davi;2026-03-02 09:02:00;2026-03-27 13:03:59.999999999;2026-03-27 15:03:59.999999999;1,0;;2,0;2026-03-27 15:03:59.999999999;;AHP_APRENDIZAGEM_ESPECIALIZACAO_WORKLOAD;;;;;CONCLUIDA;True;0,6664913079890027;1,0;0,042377014683460716;0,0;0,6586441863669917;0,007847121622010973;0,0
Societário;Integração societária;;Davi;2026-03-02 09:03:00;2026-03-27 15:03:59.999999999;2026-03-30 09:03:59.999999999;1,0;;2,0;2026-03-30 09:03:59.999999999;;AHP_APRENDIZAGEM_ESPECIALIZACAO_WORKLOAD;;;;;CONCLUIDA;True;0,6664913079890027;1,0;0,042377014683460716;0,0;0,6586441863669917;0,007847121622010973;0,0
Contratos;Outros tipos contratuais;;Adão;2026-03-02 09:04:00;2026-03-09 15:02:00.000000000;2026-03-10 15:02:00.000000000;3,0;;8,0;2026-03-10 15:02:00.000000000;;AHP_APRENDIZAGEM_ESPECIALIZACAO_WORKLOAD;;;;;CONCLUIDA;True;0,7729247095618266;1,0;0,016030588084361114;0,7127083333333333;0,6586441863669917;0,002968448233316387;0,11131207496151838
Societário;Due diligence societária;;Davi;2026-03-03 09:00:00;2026-03-30 09:03:59.999999999;2026-04-02 09:03:59.999999999;5,0;;24,0;2026-04-02 09:03:59.999999999;;AHP_APRENDIZAGEM_ESPECIALIZACAO_WORKLOAD;;;;;CONCLUIDA;True;0,6664913079890027;1,0;0,042377014683460716;0,0;0,6586441863669917;0,007847121622010973;0,0
Societário;Atualização de Contrato Social / Estatuto;;Davi;2026-03-03 09:01:00;2026-04-02 09:03:59.999999999;2026-04-03 09:03:59.999999999;3,0;;8,0;2026-04-03 09:03:59.999999999;;AHP_APRENDIZAGEM_ESPECIALIZACAO_WORKLOAD;;;;;CONCLUIDA;True;0,6664913079890027;1,0;0,042377014683460716;0,0;0,6586441863669917;0,007847121622010973;0,0
Concorrencial;Revisão concorrencial de documentos;;Davi;2026-03-03 09:02:00;2026-04-03 09:03:59.999999999;2026-04-06 09:03:59.999999999;3,0;;8,0;2026-04-06 09:03:59.999999999;;AHP_APRENDIZAGEM_ESPECIALIZACAO_WORKLOAD;;;;;CONCLUIDA;True;0,8438181935646629;1,0;1,0;0,0;0,6586441863669917;0,1851740071976712;0,0
Societário;Gestão de passivos;;Davi;2026-03-03 09:03:00;2026-04-06 09:03:59.999999999;2026-04-06 11:03:59.999999999;1,0;;2,0;2026-04-06 11:03:59.999999999;;AHP_APRENDIZAGEM_ESPECIALIZACAO_WORKLOAD;;;;;CONCLUIDA;True;0,6664913079890027;1,0;0,042377014683460716;0,0;0,6586441863669917;0,007847121622010973;0,0
Direito financeiro;Implementação de políticas internas de compliance financeiro;;Adão;2026-03-03 09:04:00;2026-03-10 15:02:00.000000000;2026-03-11 15:02:00.000000000;3,0;;8,0;2026-03-11 15:02:00.000000000;;AHP_APRENDIZAGEM_ESPECIALIZACAO_WORKLOAD;;;;;CONCLUIDA;True;0,9629940358981051;1,0;1,0;0,7630584192454181;0,6586441863669917;0,1851740071976712;0,1191758423334422
Societário;Gestão jurídica do encerramento de operações;;Abraão;2026-03-04 09:00:00;2026-03-04 09:00:00.000000000;2026-03-04 11:00:00.000000000;1,0;;2,0;2026-03-04 11:00:00.000000000;;AHP_APRENDIZAGEM_ESPECIALIZACAO_WORKLOAD;;;;;CONCLUIDA;True;0,6824154190052483;0,7989649395868161;0,0;1,0;0,5262336125699112;0,0;0,1561818064353371
Contratos;Contrato de SaaS;;Adão;2026-03-04 09:01:00;2026-03-11 15:02:00.000000000;2026-03-12 15:02:00.000000000;3,0;;8,0;2026-03-12 15:02:00.000000000;;AHP_APRENDIZAGEM_ESPECIALIZACAO_WORKLOAD;;;;;CONCLUIDA;True;0,6724920892478552;0,8380745873912555;0,01591231274747897;0,7526650541983936;0,5519929547271658;0,0029465467152332654;0,11755258780545602
Societário;Estruturação de holdings e grupos;;Esaú;2026-03-04 09:02:00;2026-03-04 09:02:00.000000000;2026-03-09 09:01:59.999999999;5,0;;24,0;2026-03-09 09:01:59.999999999;;AHP_APRENDIZAGEM_ESPECIALIZACAO_WORKLOAD;;;;;CONCLUIDA;True;0,6824154190052483;0,7989649395868161;0,0;1,0;0,5262336125699112;0,0;0,1561818064353371
Societário;SPA / SHA e documentos correlatos;;Eva;2026-03-04 09:03:00;2026-03-04 09:03:00.000000000;2026-03-04 11:03:00.000000000;1,0;;2,0;2026-03-04 11:03:00.000000000;;AHP_APRENDIZAGEM_ESPECIALIZACAO_WORKLOAD;;;;;CONCLUIDA;True;0,6824154190052483;0,7989649395868161;0,0;1,0;0,5262336125699112;0,0;0,1561818064353371
Societário;Due diligence societária;;Isaque;2026-03-04 09:04:00;2026-03-04 09:04:00.000000000;2026-03-09 09:03:59.999999999;5,0;;24,0;2026-03-09 09:03:59.999999999;;AHP_APRENDIZAGEM_ESPECIALIZACAO_WORKLOAD;;;;;CONCLUIDA;True;0,6824154190052483;0,7989649395868161;0,0;1,0;0,5262336125699112;0,0;0,1561818064353371
Societário;Elaboração e negociação de  SPA;;Abraão;2026-03-05 09:00:00;2026-03-05 09:00:00.000000000;2026-03-05 17:00:00.000000000;3,0;;8,0;2026-03-05 17:00:00.000000000;;AHP_APRENDIZAGEM_ESPECIALIZACAO_WORKLOAD;;;;;CONCLUIDA;True;0,6903720819459854;0,8107197720711165;0,0011578885529326256;1,0;0,5339758646474135;0,00021441086323484708;0,1561818064353371
Societário;Due diligence societária;;Eva;2026-03-05 09:01:00;2026-03-05 09:01:00.000000000;2026-03-10 09:00:59.999999999;5,0;;24,0;2026-03-10 09:00:59.999999999;;AHP_APRENDIZAGEM_ESPECIALIZACAO_WORKLOAD;;;;;CONCLUIDA;True;0,6903720819459854;0,8107197720711165;0,0011578885529326256;1,0;0,5339758646474135;0,00021441086323484708;0,1561818064353371
Trabalhista;Apoio em programas de stock options e incentivos de longo prazo;;Davi;2026-03-05 09:02:00;2026-04-06 11:03:59.999999999;2026-04-06 13:03:59.999999999;1,0;;2,0;2026-04-06 13:03:59.999999999;;AHP_APRENDIZAGEM_ESPECIALIZACAO_WORKLOAD;;;;;CONCLUIDA;True;0,8438181935646629;1,0;1,0;0,0;0,6586441863669917;0,1851740071976712;0,0
Societário;Acordo de Sócios / Acionistas;;Jacó;2026-03-05 09:03:00;2026-03-05 09:03:00.000000000;2026-03-06 09:02:59.999999999;3,0;;8,0;2026-03-06 09:02:59.999999999;;AHP_APRENDIZAGEM_ESPECIALIZACAO_WORKLOAD;;;;;CONCLUIDA;True;0,6863751112424248;0,8049768232702017;0,0;1,0;0,5301933048070877;0,0;0,1561818064353371
Contratos;Contratos Administrativos;;Adão;2026-03-05 09:04:00;2026-03-12 15:02:00.000000000;2026-03-13 15:02:00.000000000;3,0;;8,0;2026-03-13 15:02:00.000000000;;AHP_APRENDIZAGEM_ESPECIALIZACAO_WORKLOAD;;;;;CONCLUIDA;True;0,6712371021232307;0,8380745873912555;0,01591231274747897;0,7446296296296296;0,5519929547271658;0,0029465467152332654;0,11629760068083157
Contratos;Contrato de Locação;;Adão;2026-03-06 09:00:00;2026-03-13 15:02:00.000000000;2026-03-16 15:02:00.000000000;3,0;;8,0;2026-03-16 15:02:00.000000000;;AHP_APRENDIZAGEM_ESPECIALIZACAO_WORKLOAD;;;;;CONCLUIDA;True;0,6693376824055935;0,8380745873912555;0,01591231274747897;0,7324680356450988;0,5519929547271658;0,0029465467152332654;0,11439818096319442
Contratos;Contrato de Cessão de Direitos Autorais;;Davi;2026-03-06 09:01:00;2026-04-06 13:03:59.999999999;2026-04-07 13:04:00.000000000;3,0;;8,0;2026-04-07 13:04:00.000000000;;AHP_APRENDIZAGEM_ESPECIALIZACAO_WORKLOAD;;;;;CONCLUIDA;True;0,6672600834410092;1,0;0,0465286527218699;0,0;0,6586441863669917;0,00861589707401748;0,0
Contencioso;Estratégia processual;;Eva;2026-03-06 09:02:00;2026-03-10 09:00:59.999999999;2026-03-10 11:00:59.999999999;1,0;;2,0;2026-03-10 11:00:59.999999999;;AHP_APRENDIZAGEM_ESPECIALIZACAO_WORKLOAD;;;;;CONCLUIDA;True;0,9861342017803292;1,0;1,0;0,9112201444192434;0,6586441863669917;0,1851740071976712;0,1423160082156662
Direito digital;Avaliação de riscos legais em plataformas e marketplaces;;Adão;2026-03-06 09:03:00;2026-03-16 15:02:00.000000000;2026-03-17 11:02:00.000000000;2,0;;4,0;2026-03-17 11:02:00.000000000;;AHP_APRENDIZAGEM_ESPECIALIZACAO_WORKLOAD;;;;;CONCLUIDA;True;0,9531642559907364;1,0;1,0;0,7001203592259976;0,6586441863669917;0,1851740071976712;0,10934606242607343
Regulatório;Análise de requisitos prudenciais e de liquidez;;Adão;2026-03-06 09:04:00;2026-03-17 11:02:00.000000000;2026-03-17 13:02:00.000000000;1,0;;2,0;2026-03-17 13:02:00.000000000;;AHP_APRENDIZAGEM_ESPECIALIZACAO_WORKLOAD;;;;;CONCLUIDA;True;0,949703673816472;1,0;1,0;0,677962962962963;0,6586441863669917;0,1851740071976712;0,1058854802518091
Direito financeiro;Estruturação jurídica de debêntures, CRI, CRA, notas comerciais;;Adão;2026-03-09 09:00:00;2026-03-17 13:02:00.000000000;2026-03-20 13:01:59.999999999;5,0;;24,0;2026-03-20 13:01:59.999999999;;AHP_APRENDIZAGEM_ESPECIALIZACAO_WORKLOAD;;;;;CONCLUIDA;True;0,9527702828660285;1,0;1,0;0,697597830298334;0,6586441863669917;0,1851740071976712;0,10895208930136555
Concorrencial;Relacionamento CADE;;Davi;2026-03-09 09:01:00;2026-04-07 13:04:00.000000000;2026-04-07 15:04:00.000000000;1,0;;2,0;2026-04-07 15:04:00.000000000;;AHP_APRENDIZAGEM_ESPECIALIZACAO_WORKLOAD;;;;;CONCLUIDA;True;0,8438181935646629;1,0;1,0;0,0;0,6586441863669917;0,1851740071976712;0,0
Societário;Regularização societária;;Esaú;2026-03-09 09:02:00;2026-03-09 09:02:00.000000000;2026-03-10 09:01:59.999999999;3,0;;8,0;2026-03-10 09:01:59.999999999;;AHP_APRENDIZAGEM_ESPECIALIZACAO_WORKLOAD;;;;;CONCLUIDA;True;0,7380332630243522;0,86132132447258;0,07855947954781826;1,0;0,5673042829577821;0,014547173631233002;0,1561818064353371
Contratos;Contrato de Manutenção de Sistemas;;Adão;2026-03-09 09:03:00;2026-03-20 13:01:59.999999999;2026-03-23 13:02:00.000000000;3,0;;8,0;2026-03-23 13:02:00.000000000;;AHP_APRENDIZAGEM_ESPECIALIZACAO_WORKLOAD;;;;;CONCLUIDA;True;0,7010619607805738;0,921962422446635;0,031488292927770715;0,5633560003831051;0,6072451895933046;0,005830813381249393;0,08798595780601981
Societário;Gestão de passivos;;Isaque;2026-03-09 09:04:00;2026-03-09 09:04:00.000000000;2026-03-09 11:04:00.000000000;1,0;;2,0;2026-03-09 11:04:00.000000000;;AHP_APRENDIZAGEM_ESPECIALIZACAO_WORKLOAD;;;;;CONCLUIDA;True;0,7380332630243522;0,86132132447258;0,07855947954781826;1,0;0,5673042829577821;0,014547173631233002;0,1561818064353371
Regulatório;Apoio a ofertas públicas e privadas sob a ótica regulatória;;Adão;2026-03-10 09:00:00;2026-03-23 13:02:00.000000000;2026-03-24 13:02:00.000000000;3,0;;8,0;2026-03-24 13:02:00.000000000;;AHP_APRENDIZAGEM_ESPECIALIZACAO_WORKLOAD;;;;;CONCLUIDA;True;0,9284924326617816;1,0;1,0;0,5421517462866319;0,6586441863669917;0,1851740071976712;0,08467423909711873
Contencioso;Gestão de escritórios externos;;Eva;2026-03-10 09:01:00;2026-03-10 11:00:59.999999999;2026-03-10 13:00:59.999999999;1,0;;2,0;2026-03-10 13:00:59.999999999;;AHP_APRENDIZAGEM_ESPECIALIZACAO_WORKLOAD;;;;;CONCLUIDA;True;0,9981188580979989;1,0;1,0;0,9879554351115795;0,6586441863669917;0,1851740071976712;0,15430066453333596
Direito digital;Apoio a litígios envolvendo dados, tecnologia e plataformas;;Adão;2026-03-10 09:02:00;2026-03-24 13:02:00.000000000;2026-03-26 13:02:00.000000000;4,0;;16,0;2026-03-26 13:02:00.000000000;;AHP_APRENDIZAGEM_ESPECIALIZACAO_WORKLOAD;;;;;CONCLUIDA;True;0,9209841091714416;1,0;1,0;0,4940774944790203;0,6586441863669917;0,1851740071976712;0,07716591560677868
Contencioso;Elaboração de recursos;;Eva;2026-03-10 09:03:00;2026-03-10 13:00:59.999999999;2026-03-12 13:00:59.999999999;4,0;;16,0;2026-03-12 13:00:59.999999999;;AHP_APRENDIZAGEM_ESPECIALIZACAO_WORKLOAD;;;;;CONCLUIDA;True;0,9962683194529658;1,0;1,0;0,9761068165863533;0,6586441863669917;0,1851740071976712;0,15245012588830292
Governança;Monitoramento de aderência a políticas;;Adão;2026-03-10 09:04:00;2026-03-26 13:02:00.000000000;2026-03-27 13:02:00.000000000;3,0;;8,0;2026-03-27 13:02:00.000000000;;AHP_APRENDIZAGEM_ESPECIALIZACAO_WORKLOAD;;;;;CONCLUIDA;True;0,905945936245065;1,0;1,0;0,3977911646586345;0,6586441863669917;0,1851740071976712;0,062127742680402165
Societário;Gestão jurídica do encerramento de operações;;Esaú;2026-03-11 09:00:00;2026-03-11 09:00:00.000000000;2026-03-11 11:00:00.000000000;1,0;;2,0;2026-03-11 11:00:00.000000000;;AHP_APRENDIZAGEM_ESPECIALIZACAO_WORKLOAD;;;;;CONCLUIDA;True;0,7749000567761346;0,912255791111506;0,09648371991275893;1,0;0,6008519732952142;0,017866277045583315;0,1561818064353371
Societário;Organização de livros societários;;Esaú;2026-03-11 09:01:00;2026-03-11 11:00:00.000000000;2026-03-11 13:00:00.000000000;1,0;;2,0;2026-03-11 13:00:00.000000000;;AHP_APRENDIZAGEM_ESPECIALIZACAO_WORKLOAD;;;;;CONCLUIDA;True;0,773567954492152;0,9132775916797679;0,09623954153491855;0,9874512285141833;0,6015249762991264;0,017821061556887584;0,15422191663613802
Direito financeiro;Apoio em auditorias internas e externas;;Adão;2026-03-11 09:02:00;2026-03-27 13:02:00.000000000;2026-03-30 13:02:00.000000000;3,0;;8,0;2026-03-30 13:02:00.000000000;;AHP_APRENDIZAGEM_ESPECIALIZACAO_WORKLOAD;;;;;CONCLUIDA;True;0,9011716052929738;1,0;1,0;0,36722210504113056;0,6586441863669917;0,1851740071976712;0,057353411728310884
Contratos;Contrato de Mandato;;Adão;2026-03-11 09:03:00;2026-03-30 13:02:00.000000000;2026-03-31 13:02:00.000000000;3,0;;8,0;2026-03-31 13:02:00.000000000;;AHP_APRENDIZAGEM_ESPECIALIZACAO_WORKLOAD;;;;;CONCLUIDA;True;0,716972386502591;1,0;0,04793245404830753;0,31663326653306606;0,6586441863669917;0,008875844590943342;0,049452355544655824
Direito digital;Relacionamento ANPD;;Adão;2026-03-11 09:04:00;2026-03-31 13:02:00.000000000;2026-03-31 15:02:00.000000000;1,0;;2,0;2026-03-31 15:02:00.000000000;;AHP_APRENDIZAGEM_ESPECIALIZACAO_WORKLOAD;;;;;CONCLUIDA;True;0,8853678260361735;1,0;1,0;0,2660337552742616;0,6586441863669917;0,1851740071976712;0,04154963247151057
Societário;Estruturação jurídica de carve-outs, spin-offs e alienação de ativos;;Davi;2026-03-12 09:00:00;2026-04-07 15:04:00.000000000;2026-04-10 15:04:00.000000000;5,0;;24,0;2026-04-10 15:04:00.000000000;;AHP_APRENDIZAGEM_ESPECIALIZACAO_WORKLOAD;;;;;CONCLUIDA;True;0,703333169944093;1,0;0,24133507857501973;0,0;0,6586441863669917;0,04468898357710124;0,0
Concorrencial;Avaliação de riscos concorrenciais;;Davi;2026-03-12 09:01:00;2026-04-10 15:04:00.000000000;2026-04-13 09:03:59.999999999;1,0;;2,0;2026-04-13 09:03:59.999999999;;AHP_APRENDIZAGEM_ESPECIALIZACAO_WORKLOAD;;;;;CONCLUIDA;True;0,8438181935646629;1,0;1,0;0,0;0,6586441863669917;0,1851740071976712;0,0
Societário;Avaliação de impactos (societário, contratual, regulatório, concorrencial, trabalhista, tributário);;Davi;2026-03-12 09:02:00;2026-04-13 09:03:59.999999999;2026-04-14 09:03:59.999999999;3,0;;8,0;2026-04-14 09:03:59.999999999;;AHP_APRENDIZAGEM_ESPECIALIZACAO_WORKLOAD;;;;;CONCLUIDA;True;0,703333169944093;1,0;0,24133507857501973;0,0;0,6586441863669917;0,04468898357710124;0,0
Societário;Gestão de earn-outs, ajustes de preço e garantias;;Davi;2026-03-12 09:03:00;2026-04-14 09:03:59.999999999;2026-04-14 11:03:59.999999999;1,0;;2,0;2026-04-14 11:03:59.999999999;;AHP_APRENDIZAGEM_ESPECIALIZACAO_WORKLOAD;;;;;CONCLUIDA;True;0,703333169944093;1,0;0,24133507857501973;0,0;0,6586441863669917;0,04468898357710124;0,0
Propriedade intelectual;Estratégia de Ativos Intangíveis;;Esaú;2026-03-12 09:04:00;2026-03-12 09:04:00.000000000;2026-03-12 11:04:00.000000000;1,0;;2,0;2026-03-12 11:04:00.000000000;;AHP_APRENDIZAGEM_ESPECIALIZACAO_WORKLOAD;;;;;CONCLUIDA;True;1,0;1,0;1,0;1,0;0,6586441863669917;0,1851740071976712;0,1561818064353371
Societário;Consolidação das versões finais dos documentos;;Davi;2026-03-13 09:00:00;2026-04-14 11:03:59.999999999;2026-04-14 13:03:59.999999999;1,0;;2,0;2026-04-14 13:03:59.999999999;;AHP_APRENDIZAGEM_ESPECIALIZACAO_WORKLOAD;;;;;CONCLUIDA;True;0,7077621603600591;1,0;0,2652530705383205;0,0;0,6586441863669917;0,04911797399306734;0,0
Contratos;Contrato de Joint Venture;;Adão;2026-03-13 09:01:00;2026-03-31 15:02:00.000000000;2026-04-03 15:02:00.000000000;5,0;;24,0;2026-04-03 15:02:00.000000000;;AHP_APRENDIZAGEM_ESPECIALIZACAO_WORKLOAD;;;;;CONCLUIDA;True;0,7384167070953518;1,0;0,0652554753174632;0,43339813014815853;0,6586441863669917;0,012083617856123385;0,06768890287223674
Direito financeiro;Revisão de contratos bancários padrão;;Adão;2026-03-13 09:02:00;2026-04-03 15:02:00.000000000;2026-04-06 15:02:00.000000000;3,0;;8,0;2026-04-06 15:02:00.000000000;;AHP_APRENDIZAGEM_ESPECIALIZACAO_WORKLOAD;;;;;CONCLUIDA;True;0,8906929775362924;1,0;1,0;0,3001296056275075;0,6586441863669917;0,1851740071976712;0,04687478397162944
Contratos;Contrato de Distribuição;;Adão;2026-03-13 09:03:00;2026-04-06 15:02:00.000000000;2026-04-07 15:02:00.000000000;3,0;;8,0;2026-04-07 15:02:00.000000000;;AHP_APRENDIZAGEM_ESPECIALIZACAO_WORKLOAD;;;;;CONCLUIDA;True;0,7106661570952995;1,0;0,0652554753174632;0,2557170632337371;0,6586441863669917;0,012083617856123385;0,03993835287218439
Societário;Estruturação de veículos societários (SPVs);;Davi;2026-03-13 09:04:00;2026-04-14 13:03:59.999999999;2026-04-17 13:04:00.000000000;5,0;;24,0;2026-04-17 13:04:00.000000000;;AHP_APRENDIZAGEM_ESPECIALIZACAO_WORKLOAD;;;;;CONCLUIDA;True;0,7081357925504137;1,0;0,2672708061590429;0,0;0,6586441863669917;0,04949160618342199;0,0
Contratos;Contrato de Cessão de Direitos Autorais;;Adão;2026-03-16 09:00:00;2026-04-07 15:02:00.000000000;2026-04-08 15:02:00.000000000;3,0;;8,0;2026-04-08 15:02:00.000000000;;AHP_APRENDIZAGEM_ESPECIALIZACAO_WORKLOAD;;;;;CONCLUIDA;True;0,7235134883554263;1,0;0,0834625726815041;0,3163889833380319;0,6586441863669917;0,015455099034460995;0,04941420295397359
Regulatório;Assessoria em relações com investidores (RI);;Adão;2026-03-16 09:01:00;2026-04-08 15:02:00.000000000;2026-04-09 09:02:00.000000000;1,0;;2,0;2026-04-09 09:02:00.000000000;;AHP_APRENDIZAGEM_ESPECIALIZACAO_WORKLOAD;;;;;CONCLUIDA;True;0,8868634555268731;1,0;1,0;0,27560996344367317;0,6586441863669917;0,1851740071976712;0,0430452619622101
Societário;Integração societária;;Davi;2026-03-16 09:02:00;2026-04-17 13:04:00.000000000;2026-04-17 15:04:00.000000000;1,0;;2,0;2026-04-17 15:04:00.000000000;;AHP_APRENDIZAGEM_ESPECIALIZACAO_WORKLOAD;;;;;CONCLUIDA;True;0,7081357925504137;1,0;0,2672708061590429;0,0;0,6586441863669917;0,04949160618342199;0,0
Societário;Estruturação societária internacional;;Davi;2026-03-16 09:03:00;2026-04-17 15:04:00.000000000;2026-04-22 15:04:00.000000000;5,0;;24,0;2026-04-22 15:04:00.000000000;;AHP_APRENDIZAGEM_ESPECIALIZACAO_WORKLOAD;;;;;CONCLUIDA;True;0,7081357925504137;1,0;0,2672708061590429;0,0;0,6586441863669917;0,04949160618342199;0,0
Societário;Consolidação das versões finais dos documentos;;Davi;2026-03-16 09:04:00;2026-04-22 15:04:00.000000000;2026-04-23 09:03:59.999999999;1,0;;2,0;2026-04-23 09:03:59.999999999;;AHP_APRENDIZAGEM_ESPECIALIZACAO_WORKLOAD;;;;;CONCLUIDA;True;0,7126690942336279;1,0;0,29175211296780534;0,0;0,6586441863669917;0,05402490786663616;0,0
Societário;Estruturação de regras de governança;;Davi;2026-03-17 09:00:00;2026-04-23 09:03:59.999999999;2026-04-28 09:03:59.999999999;5,0;;24,0;2026-04-28 09:03:59.999999999;;AHP_APRENDIZAGEM_ESPECIALIZACAO_WORKLOAD;;;;;CONCLUIDA;True;0,7126690942336279;1,0;0,29175211296780534;0,0;0,6586441863669917;0,05402490786663616;0,0
Societário;Gestão de passivos;;Davi;2026-03-17 09:01:00;2026-04-28 09:03:59.999999999;2026-04-28 11:03:59.999999999;1,0;;2,0;2026-04-28 11:03:59.999999999;;AHP_APRENDIZAGEM_ESPECIALIZACAO_WORKLOAD;;;;;CONCLUIDA;True;0,7126690942336279;1,0;0,29175211296780534;0,0;0,6586441863669917;0,05402490786663616;0,0
Contratos;Contrato de Mútuo, Doação ou Comodato;;Adão;2026-03-17 09:02:00;2026-04-09 09:02:00.000000000;2026-04-10 09:01:59.999999999;3,0;;8,0;2026-04-10 09:01:59.999999999;;AHP_APRENDIZAGEM_ESPECIALIZACAO_WORKLOAD;;;;;CONCLUIDA;True;0,7460566094046541;1,0;0,10255285016962139;0,4380939264557661;0,6586441863669917;0,018990122215451165;0,06842230082221128
Propriedade intelectual;Elaboração e revisão de NDAs;;Esaú;2026-03-17 09:03:00;2026-03-17 09:03:00.000000000;2026-03-18 09:02:59.999999999;3,0;;8,0;2026-03-18 09:02:59.999999999;;AHP_APRENDIZAGEM_ESPECIALIZACAO_WORKLOAD;;;;;CONCLUIDA;True;1,0;1,0;1,0;1,0;0,6586441863669917;0,1851740071976712;0,1561818064353371
Societário;Gestão de passivos;;Davi;2026-03-17 09:04:00;2026-04-28 11:03:59.999999999;2026-04-28 13:03:59.999999999;1,0;;2,0;2026-04-28 13:03:59.999999999;;AHP_APRENDIZAGEM_ESPECIALIZACAO_WORKLOAD;;;;;CONCLUIDA;True;0,7126690942336279;1,0;0,29175211296780534;0,0;0,6586441863669917;0,05402490786663616;0,0
Societário;Suporte jurídico às negociações comerciais;;Davi;2026-03-18 09:00:00;2026-04-28 13:03:59.999999999;2026-04-29 13:04:00.000000000;3,0;;8,0;2026-04-29 13:04:00.000000000;;AHP_APRENDIZAGEM_ESPECIALIZACAO_WORKLOAD;;;;;CONCLUIDA;True;0,7126690942336279;1,0;0,29175211296780534;0,0;0,6586441863669917;0,05402490786663616;0,0
Societário;Reorganizações societárias internas;;Davi;2026-03-18 09:01:00;2026-04-29 13:04:00.000000000;2026-05-04 13:04:00.000000000;5,0;;24,0;2026-05-04 13:04:00.000000000;;AHP_APRENDIZAGEM_ESPECIALIZACAO_WORKLOAD;;;;;CONCLUIDA;True;0,7126690942336279;1,0;0,29175211296780534;0,0;0,6586441863669917;0,05402490786663616;0,0
Societário;SPA / SHA e documentos correlatos;;Davi;2026-03-18 09:02:00;2026-05-04 13:04:00.000000000;2026-05-04 15:04:00.000000000;1,0;;2,0;2026-05-04 15:04:00.000000000;;AHP_APRENDIZAGEM_ESPECIALIZACAO_WORKLOAD;;;;;CONCLUIDA;True;0,7126690942336279;1,0;0,29175211296780534;0,0;0,6586441863669917;0,05402490786663616;0,0
Societário;Elaboração e negociação de  SHA;;Davi;2026-03-18 09:03:00;2026-05-04 15:04:00.000000000;2026-05-05 15:04:00.000000000;3,0;;8,0;2026-05-05 15:04:00.000000000;;AHP_APRENDIZAGEM_ESPECIALIZACAO_WORKLOAD;;;;;CONCLUIDA;True;0,7126690942336279;1,0;0,29175211296780534;0,0;0,6586441863669917;0,05402490786663616;0,0
Societário;Aprovações regulatórias e concorrenciais;;Davi;2026-03-18 09:04:00;2026-05-05 15:04:00.000000000;2026-05-06 15:04:00.000000000;3,0;;8,0;2026-05-06 15:04:00.000000000;;AHP_APRENDIZAGEM_ESPECIALIZACAO_WORKLOAD;;;;;CONCLUIDA;True;0,7126690942336279;1,0;0,29175211296780534;0,0;0,6586441863669917;0,05402490786663616;0,0
Societário;Aumento e redução de capital;;Davi;2026-03-19 09:00:00;2026-05-06 15:04:00.000000000;2026-05-07 09:03:59.999999999;1,0;;2,0;2026-05-07 09:03:59.999999999;;AHP_APRENDIZAGEM_ESPECIALIZACAO_WORKLOAD;;;;;CONCLUIDA;True;0,7126690942336279;1,0;0,29175211296780534;0,0;0,6586441863669917;0,05402490786663616;0,0
Societário;Elaboração e negociação de LOI;;Davi;2026-03-19 09:01:00;2026-05-07 09:03:59.999999999;2026-05-08 09:03:59.999999999;3,0;;8,0;2026-05-08 09:03:59.999999999;;AHP_APRENDIZAGEM_ESPECIALIZACAO_WORKLOAD;;;;;CONCLUIDA;True;0,7126690942336279;1,0;0,29175211296780534;0,0;0,6586441863669917;0,05402490786663616;0,0
Societário;Consolidação das versões finais dos documentos;;Davi;2026-03-19 09:02:00;2026-05-08 09:03:59.999999999;2026-05-08 11:03:59.999999999;1,0;;2,0;2026-05-08 11:03:59.999999999;;AHP_APRENDIZAGEM_ESPECIALIZACAO_WORKLOAD;;;;;CONCLUIDA;True;0,7126690942336279;1,0;0,29175211296780534;0,0;0,6586441863669917;0,05402490786663616;0,0
Direito financeiro;Estruturação de garantias (alienação fiduciária, penhor, hipoteca, fiança, aval);;Adão;2026-03-19 09:03:00;2026-04-10 09:01:59.999999999;2026-04-15 09:01:59.999999999;5,0;;24,0;2026-04-15 09:01:59.999999999;;AHP_APRENDIZAGEM_ESPECIALIZACAO_WORKLOAD;;;;;CONCLUIDA;True;0,9310775190152578;1,0;1,0;0,558703522786582;0,6586441863669917;0,1851740071976712;0,0872593254505949
Societário;Regularização societária;;Davi;2026-03-19 09:04:00;2026-05-08 11:03:59.999999999;2026-05-11 11:03:59.999999999;3,0;;8,0;2026-05-11 11:03:59.999999999;;AHP_APRENDIZAGEM_ESPECIALIZACAO_WORKLOAD;;;;;CONCLUIDA;True;0,7362606664814613;1,0;0,41915429324599945;0,0;0,6586441863669917;0,07761648011446948;0,0
Direito financeiro;Monitoramento de mudanças regulatórias;;Adão;2026-03-20 09:00:00;2026-04-15 09:01:59.999999999;2026-04-16 09:01:59.999999999;3,0;;8,0;2026-04-16 09:01:59.999999999;;AHP_APRENDIZAGEM_ESPECIALIZACAO_WORKLOAD;;;;;CONCLUIDA;True;0,9224475309576607;1,0;1,0;0,5034474833376459;0,6586441863669917;0,1851740071976712;0,07862933739299781
Regulatório;Atuação em processos administrativos na CVM e no BCB;;Adão;2026-03-20 09:01:00;2026-04-16 09:01:59.999999999;2026-04-16 11:01:59.999999999;1,0;;2,0;2026-04-16 11:01:59.999999999;;AHP_APRENDIZAGEM_ESPECIALIZACAO_WORKLOAD;;;;;CONCLUIDA;True;0,9181443281908022;1,0;1,0;0,47589496063942605;0,6586441863669917;0,1851740071976712;0,07432613462613921
Societário;Atos perante Junta Comercial;;Davi;2026-03-20 09:02:00;2026-05-11 11:03:59.999999999;2026-05-11 13:03:59.999999999;1,0;;2,0;2026-05-11 13:03:59.999999999;;AHP_APRENDIZAGEM_ESPECIALIZACAO_WORKLOAD;;;;;CONCLUIDA;True;0,7362606664814613;1,0;0,41915429324599945;0,0;0,6586441863669917;0,07761648011446948;0,0
Contratos;Contrato de Licenciamento de Software;;Adão;2026-03-20 09:03:00;2026-04-16 11:01:59.999999999;2026-04-20 11:02:00.000000000;4,0;;16,0;2026-04-20 11:02:00.000000000;;AHP_APRENDIZAGEM_ESPECIALIZACAO_WORKLOAD;;;;;CONCLUIDA;True;0,7514598733846056;1,0;0,10255285016962139;0,4726899149596415;0,6586441863669917;0,018990122215451165;0,0738255648021627
Regulatório;Monitoramento contínuo de normas da CVM, BCB, CMN e circulares associadas;;Adão;2026-03-20 09:04:00;2026-04-20 11:02:00.000000000;2026-04-20 13:02:00.000000000;1,0;;2,0;2026-04-20 13:02:00.000000000;;AHP_APRENDIZAGEM_ESPECIALIZACAO_WORKLOAD;;;;;CONCLUIDA;True;0,9090900649528265;1,0;1,0;0,4179223744296212;0,6586441863669917;0,1851740071976712;0,06527187138816358
Societário;Gestão de passivos;;Davi;2026-03-23 09:00:00;2026-05-11 13:03:59.999999999;2026-05-11 15:03:59.999999999;1,0;;2,0;2026-05-11 15:03:59.999999999;;AHP_APRENDIZAGEM_ESPECIALIZACAO_WORKLOAD;;;;;CONCLUIDA;True;0,7362606664814613;1,0;0,41915429324599945;0,0;0,6586441863669917;0,07761648011446948;0,0
Direito financeiro;Avaliação de impactos regulatórios em operações;;Adão;2026-03-23 09:01:00;2026-04-20 13:02:00.000000000;2026-04-21 13:02:00.000000000;3,0;;8,0;2026-04-21 13:02:00.000000000;;AHP_APRENDIZAGEM_ESPECIALIZACAO_WORKLOAD;;;;;CONCLUIDA;True;0,9104477563868995;1,0;1,0;0,42661539357865436;0,6586441863669917;0,1851740071976712;0,06662956282223655
Propriedade intelectual;Apoio na prevenção de vazamento de informações estratégicas;;Esaú;2026-03-23 09:02:00;2026-03-23 09:02:00.000000000;2026-03-23 11:02:00.000000000;1,0;;2,0;2026-03-23 11:02:00.000000000;;AHP_APRENDIZAGEM_ESPECIALIZACAO_WORKLOAD;;;;;CONCLUIDA;True;1,0;1,0;1,0;1,0;0,6586441863669917;0,1851740071976712;0,1561818064353371
Societário;Elaboração e negociação de LOI;;Davi;2026-03-23 09:03:00;2026-05-11 15:03:59.999999999;2026-05-12 15:04:00.000000000;3,0;;8,0;2026-05-12 15:04:00.000000000;;AHP_APRENDIZAGEM_ESPECIALIZACAO_WORKLOAD;;;;;CONCLUIDA;True;0,7362606664814613;1,0;0,41915429324599945;0,0;0,6586441863669917;0,07761648011446948;0,0
Societário;Análise jurídica preliminar e de estrutura da operação;;Davi;2026-03-23 09:04:00;2026-05-12 15:04:00.000000000;2026-05-15 15:04:00.000000000;5,0;;24,0;2026-05-15 15:04:00.000000000;;AHP_APRENDIZAGEM_ESPECIALIZACAO_WORKLOAD;;;;;CONCLUIDA;True;0,7362606664814613;1,0;0,41915429324599945;0,0;0,6586441863669917;0,07761648011446948;0,0
Societário;Atualização de Contrato Social / Estatuto;;Davi;2026-03-24 09:00:00;2026-05-15 15:04:00.000000000;2026-05-18 15:04:00.000000000;3,0;;8,0;2026-05-18 15:04:00.000000000;;AHP_APRENDIZAGEM_ESPECIALIZACAO_WORKLOAD;;;;;CONCLUIDA;True;0,7362606664814613;1,0;0,41915429324599945;0,0;0,6586441863669917;0,07761648011446948;0,0
Contratos;Contrato de Cessão de Crédito;;Adão;2026-03-24 09:01:00;2026-04-21 13:02:00.000000000;2026-04-22 13:02:00.000000000;3,0;;8,0;2026-04-22 13:02:00.000000000;;AHP_APRENDIZAGEM_ESPECIALIZACAO_WORKLOAD;;;;;CONCLUIDA;True;0,756971155662931;1,0;0,12251868918867075;0,4843054027140075;0,6586441863669917;0,022687276633672156;0,07563969266226711
Societário;Estruturação societária internacional;;Davi;2026-03-24 09:02:00;2026-05-18 15:04:00.000000000;2026-05-21 15:04:00.000000000;5,0;;24,0;2026-05-21 15:04:00.000000000;;AHP_APRENDIZAGEM_ESPECIALIZACAO_WORKLOAD;;;;;CONCLUIDA;True;0,7362606664814613;1,0;0,41915429324599945;0,0;0,6586441863669917;0,07761648011446948;0,0
Societário;Aprovações regulatórias e concorrenciais;;Davi;2026-03-24 09:03:00;2026-05-21 15:04:00.000000000;2026-05-22 15:04:00.000000000;3,0;;8,0;2026-05-22 15:04:00.000000000;;AHP_APRENDIZAGEM_ESPECIALIZACAO_WORKLOAD;;;;;CONCLUIDA;True;0,7362606664814613;1,0;0,41915429324599945;0,0;0,6586441863669917;0,07761648011446948;0,0
Societário;Aumento e redução de capital;;Davi;2026-03-24 09:04:00;2026-05-22 15:04:00.000000000;2026-05-25 09:03:59.999999999;1,0;;2,0;2026-05-25 09:03:59.999999999;;AHP_APRENDIZAGEM_ESPECIALIZACAO_WORKLOAD;;;;;CONCLUIDA;True;0,7598870226774588;1,0;0,5467443181827966;0,0;0,6586441863669917;0,101242836310467;0,0
Societário;Análise jurídica preliminar e de estrutura da operação;;Davi;2026-03-25 09:00:00;2026-05-25 09:03:59.999999999;2026-05-28 09:03:59.999999999;5,0;;24,0;2026-05-28 09:03:59.999999999;;AHP_APRENDIZAGEM_ESPECIALIZACAO_WORKLOAD;;;;;CONCLUIDA;True;0,7602692641766472;1,0;0,5488085468775962;0,0;0,6586441863669917;0,10162507780965546;0,0
Societário;Organização de livros societários;;Davi;2026-03-25 09:01:00;2026-05-28 09:03:59.999999999;2026-05-28 11:03:59.999999999;1,0;;2,0;2026-05-28 11:03:59.999999999;;AHP_APRENDIZAGEM_ESPECIALIZACAO_WORKLOAD;;;;;CONCLUIDA;True;0,7602692641766472;1,0;0,5488085468775962;0,0;0,6586441863669917;0,10162507780965546;0,0
Societário;Aprovações regulatórias e concorrenciais;;Davi;2026-03-25 09:02:00;2026-05-28 11:03:59.999999999;2026-05-29 11:03:59.999999999;3,0;;8,0;2026-05-29 11:03:59.999999999;;AHP_APRENDIZAGEM_ESPECIALIZACAO_WORKLOAD;;;;;CONCLUIDA;True;0,7602692641766472;1,0;0,5488085468775962;0,0;0,6586441863669917;0,10162507780965546;0,0
Societário;Estruturação jurídica de carve-outs, spin-offs e alienação de ativos;;Davi;2026-03-25 09:03:00;2026-05-29 11:03:59.999999999;2026-06-03 11:03:59.999999999;5,0;;24,0;2026-06-03 11:03:59.999999999;;AHP_APRENDIZAGEM_ESPECIALIZACAO_WORKLOAD;;;;;CONCLUIDA;True;0,7602692641766472;1,0;0,5488085468775962;0,0;0,6586441863669917;0,10162507780965546;0,0
Societário;Gestão de passivos;;Davi;2026-03-25 09:04:00;2026-06-03 11:03:59.999999999;2026-06-03 13:03:59.999999999;1,0;;2,0;2026-06-03 13:03:59.999999999;;AHP_APRENDIZAGEM_ESPECIALIZACAO_WORKLOAD;;;;;CONCLUIDA;True;0,7602692641766472;1,0;0,5488085468775962;0,0;0,6586441863669917;0,10162507780965546;0,0
Societário;Due diligence;;Davi;2026-03-26 09:00:00;2026-06-03 13:03:59.999999999;2026-06-08 13:04:00.000000000;5,0;;24,0;2026-06-08 13:04:00.000000000;;AHP_APRENDIZAGEM_ESPECIALIZACAO_WORKLOAD;;;;;CONCLUIDA;True;0,7602692641766472;1,0;0,5488085468775962;0,0;0,6586441863669917;0,10162507780965546;0,0
Contratos;Contrato de trabalho;;Adão;2026-03-26 09:01:00;2026-04-22 13:02:00.000000000;2026-04-22 15:02:00.000000000;1,0;;2,0;2026-04-22 15:02:00.000000000;;AHP_APRENDIZAGEM_ESPECIALIZACAO_WORKLOAD;;;;;CONCLUIDA;True;0,7795035924117517;1,0;0,12251868918867075;0,6285759631787411;0,6586441863669917;0,022687276633672156;0,09817212941108773
Societário;Estruturação de holdings e grupos;;Davi;2026-03-26 09:02:00;2026-06-08 13:04:00.000000000;2026-06-11 13:04:00.000000000;5,0;;24,0;2026-06-11 13:04:00.000000000;;AHP_APRENDIZAGEM_ESPECIALIZACAO_WORKLOAD;;;;;CONCLUIDA;True;0,7602692641766472;1,0;0,5488085468775962;0,0;0,6586441863669917;0,10162507780965546;0,0
Societário;Estruturação jurídica de carve-outs, spin-offs e alienação de ativos;;Davi;2026-03-26 09:03:00;2026-06-11 13:04:00.000000000;2026-06-16 13:04:00.000000000;5,0;;24,0;2026-06-16 13:04:00.000000000;;AHP_APRENDIZAGEM_ESPECIALIZACAO_WORKLOAD;;;;;CONCLUIDA;True;0,7602692641766472;1,0;0,5488085468775962;0,0;0,6586441863669917;0,10162507780965546;0,0
Societário;Estruturação de holdings e grupos;;Davi;2026-03-26 09:04:00;2026-06-16 13:04:00.000000000;2026-06-19 13:04:00.000000000;5,0;;24,0;2026-06-19 13:04:00.000000000;;AHP_APRENDIZAGEM_ESPECIALIZACAO_WORKLOAD;;;;;CONCLUIDA;True;0,7602692641766472;1,0;0,5488085468775962;0,0;0,6586441863669917;0,10162507780965546;0,0
Societário;Due diligence societária;;Davi;2026-03-27 09:00:00;2026-06-19 13:04:00.000000000;2026-06-24 13:04:00.000000000;5,0;;24,0;2026-06-24 13:04:00.000000000;;AHP_APRENDIZAGEM_ESPECIALIZACAO_WORKLOAD;;;;;CONCLUIDA;True;0,7602692641766472;1,0;0,5488085468775962;0,0;0,6586441863669917;0,10162507780965546;0,0
Contratos;Letter of Intent;;Adão;2026-03-27 09:01:00;2026-04-22 15:02:00.000000000;2026-04-23 09:02:00.000000000;1,0;;2,0;2026-04-23 09:02:00.000000000;;AHP_APRENDIZAGEM_ESPECIALIZACAO_WORKLOAD;;;;;CONCLUIDA;True;0,791396009332821;1,0;0,12251868918867075;0,7047206639764813;0,6586441863669917;0,022687276633672156;0,11006454633215704
Societário;Elaboração e negociação de LOI;;Davi;2026-03-27 09:02:00;2026-06-24 13:04:00.000000000;2026-06-25 13:04:00.000000000;3,0;;8,0;2026-06-25 13:04:00.000000000;;AHP_APRENDIZAGEM_ESPECIALIZACAO_WORKLOAD;;;;;CONCLUIDA;True;0,7602692641766472;1,0;0,5488085468775962;0,0;0,6586441863669917;0,10162507780965546;0,0
Contratos;Contrato de trabalho;;Adão;2026-03-27 09:03:00;2026-04-23 09:02:00.000000000;2026-04-23 11:02:00.000000000;1,0;;2,0;2026-04-23 11:02:00.000000000;;AHP_APRENDIZAGEM_ESPECIALIZACAO_WORKLOAD;;;;;CONCLUIDA;True;0,7915127561165151;1,0;0,12251868918867075;0,7054681696326053;0,6586441863669917;0,022687276633672156;0,11018129311585112
Contratos;Contrato de Cessão de Crédito;;Adão;2026-03-27 09:04:00;2026-04-23 11:02:00.000000000;2026-04-24 11:02:00.000000000;3,0;;8,0;2026-04-24 11:02:00.000000000;;AHP_APRENDIZAGEM_ESPECIALIZACAO_WORKLOAD;;;;;CONCLUIDA;True;0,790910959104915;1,0;0,12251868918867075;0,7016149870799426;0,6586441863669917;0,022687276633672156;0,10957949610425115
Governança;Integração com outras áreas;;Adão;2026-03-30 09:00:00;2026-04-24 11:02:00.000000000;2026-04-24 13:02:00.000000000;1,0;;2,0;2026-04-24 13:02:00.000000000;;AHP_APRENDIZAGEM_ESPECIALIZACAO_WORKLOAD;;;;;CONCLUIDA;True;0,9526495126926855;1,0;1,0;0,6968245637053847;0,6586441863669917;0,1851740071976712;0,10883131912802263
Regulatório;Apoio jurídico em pedidos de autorização ao BCB (instituições financeiras, fintechs, SCD, SEP, IPs);;Adão;2026-03-30 09:01:00;2026-04-24 13:02:00.000000000;2026-04-24 15:02:00.000000000;1,0;;2,0;2026-04-24 15:02:00.000000000;;AHP_APRENDIZAGEM_ESPECIALIZACAO_WORKLOAD;;;;;CONCLUIDA;True;0,9520382544355218;1,0;1,0;0,6929108027423444;0,6586441863669917;0,1851740071976712;0,10822006087085888
Societário;Estruturação de regras de governança;;Davi;2026-03-30 09:02:00;2026-06-25 13:04:00.000000000;2026-06-30 13:04:00.000000000;5,0;;24,0;2026-06-30 13:04:00.000000000;;AHP_APRENDIZAGEM_ESPECIALIZACAO_WORKLOAD;;;;;CONCLUIDA;True;0,7825769589536892;1,0;0,6692773703082454;0,0;0,6586441863669917;0,12393277258669748;0,0
Societário;Integração societária;;Davi;2026-03-30 09:03:00;2026-06-30 13:04:00.000000000;2026-06-30 15:04:00.000000000;1,0;;2,0;2026-06-30 15:04:00.000000000;;AHP_APRENDIZAGEM_ESPECIALIZACAO_WORKLOAD;;;;;CONCLUIDA;True;0,7825769589536892;1,0;0,6692773703082454;0,0;0,6586441863669917;0,12393277258669748;0,0
Contratos;Contrato de Licenciamento de Software;;Adão;2026-03-30 09:04:00;2026-04-24 15:02:00.000000000;2026-04-28 15:02:00.000000000;4,0;;16,0;2026-04-28 15:02:00.000000000;;AHP_APRENDIZAGEM_ESPECIALIZACAO_WORKLOAD;;;;;CONCLUIDA;True;0,7913119223262977;1,0;0,12251868918867075;0,7041822721596462;0,6586441863669917;0,022687276633672156;0,10998045932563374
Direito financeiro;Gestão de litígios bancários e financeiros;;Adão;2026-03-31 09:00:00;2026-04-28 15:02:00.000000000;2026-04-30 15:02:00.000000000;4,0;;16,0;2026-04-30 15:02:00.000000000;;AHP_APRENDIZAGEM_ESPECIALIZACAO_WORKLOAD;;;;;CONCLUIDA;True;0,9507070347323011;1,0;1,0;0,6843872766441117;0,6586441863669917;0,1851740071976712;0,10688884116763817
Societário;Closing da operação;;Davi;2026-03-31 09:01:00;2026-06-30 15:04:00.000000000;2026-07-01 09:03:59.999999999;1,0;;2,0;2026-07-01 09:03:59.999999999;;AHP_APRENDIZAGEM_ESPECIALIZACAO_WORKLOAD;;;;;CONCLUIDA;True;0,7829100474858539;1,0;0,6710761569587341;0,0;0,6586441863669917;0,12426586111886215;0,0
Direito financeiro;Implementação de políticas internas de compliance financeiro;;Adão;2026-03-31 09:02:00;2026-04-30 15:02:00.000000000;2026-05-01 15:02:00.000000000;3,0;;8,0;2026-05-01 15:02:00.000000000;;AHP_APRENDIZAGEM_ESPECIALIZACAO_WORKLOAD;;;;;CONCLUIDA;True;0,9461680030845661;1,0;1,0;0,6553247901014537;0,6586441863669917;0,1851740071976712;0,10234980951990316
Societário;Gestão de earn-outs, ajustes de preço e garantias;;Davi;2026-03-31 09:03:00;2026-07-01 09:03:59.999999999;2026-07-01 11:03:59.999999999;1,0;;2,0;2026-07-01 11:03:59.999999999;;AHP_APRENDIZAGEM_ESPECIALIZACAO_WORKLOAD;;;;;CONCLUIDA;True;0,7829100474858539;1,0;0,6710761569587341;0,0;0,6586441863669917;0,12426586111886215;0,0
Societário;Gestão de passivos;;Davi;2026-03-31 09:04:00;2026-07-01 11:03:59.999999999;2026-07-01 13:03:59.999999999;1,0;;2,0;2026-07-01 13:03:59.999999999;;AHP_APRENDIZAGEM_ESPECIALIZACAO_WORKLOAD;;;;;CONCLUIDA;True;0,7829100474858539;1,0;0,6710761569587341;0,0;0,6586441863669917;0,12426586111886215;0,0
Contratos;Contrato de Mútuo, Doação ou Comodato;;Adão;2026-04-01 09:00:00;2026-05-01 15:02:00.000000000;2026-05-04 15:02:00.000000000;3,0;;8,0;2026-05-04 15:02:00.000000000;;AHP_APRENDIZAGEM_ESPECIALIZACAO_WORKLOAD;;;;;CONCLUIDA;True;0,7871204116574563;1,0;0,14334519809575347;0,6526523343084281;0,6586441863669917;0,026543804743934654;0,10193242054652983
Societário;Reorganizações societárias internas;;Davi;2026-04-01 09:01:00;2026-07-01 13:03:59.999999999;2026-07-06 13:04:00.000000000;5,0;;24,0;2026-07-06 13:04:00.000000000;;AHP_APRENDIZAGEM_ESPECIALIZACAO_WORKLOAD;;;;;CONCLUIDA;True;0,7829100474858539;1,0;0,6710761569587341;0,0;0,6586441863669917;0,12426586111886215;0,0
Governança;Gestão de fluxo de informações com Conselho de Administração;;Adão;2026-04-01 09:02:00;2026-05-04 15:02:00.000000000;2026-05-05 09:02:00.000000000;1,0;;2,0;2026-05-05 09:02:00.000000000;;AHP_APRENDIZAGEM_ESPECIALIZACAO_WORKLOAD;;;;;CONCLUIDA;True;0,9458526673145263;1,0;1,0;0,6533057599900925;0,6586441863669917;0,1851740071976712;0,10203447374986344
Direito digital;Avaliação de fornecedores sob a ótica de privacidade (vendor assessment);;Adão;2026-04-01 09:03:00;2026-05-05 09:02:00.000000000;2026-05-05 11:02:00.000000000;1,0;;2,0;2026-05-05 11:02:00.000000000;;AHP_APRENDIZAGEM_ESPECIALIZACAO_WORKLOAD;;;;;CONCLUIDA;True;0,9452857812010109;1,0;1,0;0,6496761047411624;0,6586441863669917;0,1851740071976712;0,10146758763634803
Trabalhista;Gestão de riscos relacionados a acidentes de trabalho;;Davi;2026-04-01 09:04:00;2026-07-06 13:04:00.000000000;2026-07-06 15:04:00.000000000;1,0;;2,0;2026-07-06 15:04:00.000000000;;AHP_APRENDIZAGEM_ESPECIALIZACAO_WORKLOAD;;;;;CONCLUIDA;True;0,8438181935646629;1,0;1,0;0,0;0,6586441863669917;0,1851740071976712;0,0
Societário;Suporte jurídico às negociações comerciais;;Davi;2026-04-02 09:00:00;2026-07-06 15:04:00.000000000;2026-07-07 15:04:00.000000000;3,0;;8,0;2026-07-07 15:04:00.000000000;;AHP_APRENDIZAGEM_ESPECIALIZACAO_WORKLOAD;;;;;CONCLUIDA;True;0,7829100474858539;1,0;0,6710761569587341;0,0;0,6586441863669917;0,12426586111886215;0,0
Societário;Aprovações regulatórias e concorrenciais;;Davi;2026-04-02 09:01:00;2026-07-07 15:04:00.000000000;2026-07-08 15:04:00.000000000;3,0;;8,0;2026-07-08 15:04:00.000000000;;AHP_APRENDIZAGEM_ESPECIALIZACAO_WORKLOAD;;;;;CONCLUIDA;True;0,7829100474858539;1,0;0,6710761569587341;0,0;0,6586441863669917;0,12426586111886215;0,0
Trabalhista;Análise de regimes de jornada e banco de horas;;Davi;2026-04-02 09:02:00;2026-07-08 15:04:00.000000000;2026-07-09 09:03:59.999999999;1,0;;2,0;2026-07-09 09:03:59.999999999;;AHP_APRENDIZAGEM_ESPECIALIZACAO_WORKLOAD;;;;;CONCLUIDA;True;0,8438181935646629;1,0;1,0;0,0;0,6586441863669917;0,1851740071976712;0,0
Contratos;Letter of Intent;;Adão;2026-04-02 09:03:00;2026-05-05 11:02:00.000000000;2026-05-05 13:02:00.000000000;1,0;;2,0;2026-05-05 13:02:00.000000000;;AHP_APRENDIZAGEM_ESPECIALIZACAO_WORKLOAD;;;;;CONCLUIDA;True;0,7895013180958665;1,0;0,14334519809575347;0,6678967887858833;0,6586441863669917;0,026543804743934654;0,10431332698494006
Societário;Integração societária;;Esaú;2026-04-02 09:04:00;2026-04-02 09:04:00.000000000;2026-04-02 11:04:00.000000000;1,0;;2,0;2026-04-02 11:04:00.000000000;;AHP_APRENDIZAGEM_ESPECIALIZACAO_WORKLOAD;;;;;CONCLUIDA;True;0,8332217912055488;1,0;0,09934330785196387;1,0;0,6586441863669917;0,01839579840322002;0,1561818064353371
Societário;Elaboração e negociação de  SPA;;Esaú;2026-04-03 09:00:00;2026-04-03 09:00:00.000000000;2026-04-03 17:00:00.000000000;3,0;;8,0;2026-04-03 17:00:00.000000000;;AHP_APRENDIZAGEM_ESPECIALIZACAO_WORKLOAD;;;;;CONCLUIDA;True;0,8335107699762665;1,0;0,1009038874121889;1,0;0,6586441863669917;0,018684777173937673;0,1561818064353371
Contratos;Contrato de Cessão de Direitos Autorais;;Adão;2026-04-03 09:01:00;2026-05-05 13:02:00.000000000;2026-05-06 13:02:00.000000000;3,0;;8,0;2026-05-06 13:02:00.000000000;;AHP_APRENDIZAGEM_ESPECIALIZACAO_WORKLOAD;;;;;CONCLUIDA;True;0,7904408451171682;1,0;0,14334519809575347;0,6739123871628344;0,6586441863669917;0,026543804743934654;0,10525285400624176
Trabalhista;Apoio em programas de stock options e incentivos de longo prazo;;Davi;2026-04-03 09:02:00;2026-07-09 09:03:59.999999999;2026-07-09 11:03:59.999999999;1,0;;2,0;2026-07-09 11:03:59.999999999;;AHP_APRENDIZAGEM_ESPECIALIZACAO_WORKLOAD;;;;;CONCLUIDA;True;0,8438181935646629;1,0;1,0;0,0;0,6586441863669917;0,1851740071976712;0,0
Societário;Closing da operação;;Esaú;2026-04-03 09:03:00;2026-04-06 09:00:00.000000000;2026-04-06 11:00:00.000000000;1,0;;2,0;2026-04-06 11:00:00.000000000;;AHP_APRENDIZAGEM_ESPECIALIZACAO_WORKLOAD;;;;;CONCLUIDA;True;0,8312696002861341;1,0;0,1009038874121889;0,9856502511958051;0,6586441863669917;0,018684777173937673;0,1539406367452046
Contencioso;Gestão de provas e documentos;;Eva;2026-04-03 09:04:00;2026-04-03 09:04:00.000000000;2026-04-03 11:04:00.000000000;1,0;;2,0;2026-04-03 11:04:00.000000000;;AHP_APRENDIZAGEM_ESPECIALIZACAO_WORKLOAD;;;;;CONCLUIDA;True;1,0;1,0;1,0;1,0;0,6586441863669917;0,1851740071976712;0,1561818064353371
Societário;Organização de livros societários;;Esaú;2026-04-06 09:00:00;2026-04-06 11:00:00.000000000;2026-04-06 13:00:00.000000000;1,0;;2,0;2026-04-06 13:00:00.000000000;;AHP_APRENDIZAGEM_ESPECIALIZACAO_WORKLOAD;;;;;CONCLUIDA;True;0,8364896868237476;1,0;0,12008012918609001;0,996337443535586;0,6586441863669917;0,022235718706202317;0,1556097817505535
Contratos;Contratos de Seguros ou Previdência;;Adão;2026-04-06 09:01:00;2026-05-06 13:02:00.000000000;2026-05-07 13:02:00.000000000;3,0;;8,0;2026-05-07 13:02:00.000000000;;AHP_APRENDIZAGEM_ESPECIALIZACAO_WORKLOAD;;;;;CONCLUIDA;True;0,8113546407882736;1,0;0,25930857528816137;0,6703293349203219;0,6586441863669917;0,048017207986827855;0,10469324643445396
Governança;Governança e Regimentos de Comitês;;Adão;2026-04-06 09:02:00;2026-05-07 13:02:00.000000000;2026-05-08 13:02:00.000000000;3,0;;8,0;2026-05-08 13:02:00.000000000;;AHP_APRENDIZAGEM_ESPECIALIZACAO_WORKLOAD;;;;;CONCLUIDA;True;0,9462263971493957;1,0;1,0;0,6556986752943734;0,6586441863669917;0,1851740071976712;0,1024082035847328
Contratos;Contrato de Mandato;;Adão;2026-04-06 09:03:00;2026-05-08 13:02:00.000000000;2026-05-11 13:02:00.000000000;3,0;;8,0;2026-05-11 13:02:00.000000000;;AHP_APRENDIZAGEM_ESPECIALIZACAO_WORKLOAD;;;;;CONCLUIDA;True;0,8067844155910839;1,0;0,25930857528816137;0,6410671224930258;0,6586441863669917;0,048017207986827855;0,1001230212372643
Societário;Regularização societária;;Esaú;2026-04-06 09:04:00;2026-04-06 13:00:00.000000000;2026-04-07 13:00:00.000000000;3,0;;8,0;2026-04-07 13:00:00.000000000;;AHP_APRENDIZAGEM_ESPECIALIZACAO_WORKLOAD;;;;;CONCLUIDA;True;0,8359365922680319;1,0;0,12008012918609001;0,9927960927960893;0,6586441863669917;0,022235718706202317;0,15505668719483778
Contratos;Contrato de Agência, Franquia ou Parceria Empresarial;;Adão;2026-04-07 09:00:00;2026-05-11 13:02:00.000000000;2026-05-12 13:02:00.000000000;3,0;;8,0;2026-05-12 13:02:00.000000000;;AHP_APRENDIZAGEM_ESPECIALIZACAO_WORKLOAD;;;;;CONCLUIDA;True;0,8059416270283949;1,0;0,25930857528816137;0,6356709205798539;0,6586441863669917;0,048017207986827855;0,09928023267457528
Contratos;Contrato de Licença de Uso de Marca;;Adão;2026-04-07 09:01:00;2026-05-12 13:02:00.000000000;2026-05-13 13:02:00.000000000;3,0;;8,0;2026-05-13 13:02:00.000000000;;AHP_APRENDIZAGEM_ESPECIALIZACAO_WORKLOAD;;;;;CONCLUIDA;True;0,8036225121116806;1,0;0,25930857528816137;0,6208221045132113;0,6586441863669917;0,048017207986827855;0,096961117757861
Societário;Estruturação de regras de governança;;Esaú;2026-04-07 09:02:00;2026-04-07 13:00:00.000000000;2026-04-10 13:00:00.000000000;5,0;;24,0;2026-04-10 13:00:00.000000000;;AHP_APRENDIZAGEM_ESPECIALIZACAO_WORKLOAD;;;;;CONCLUIDA;True;0,8365168964121845;1,0;0,12335618234880225;0,9926274704169505;0,6586441863669917;0,022842358598134348;0,15503035144705848
Societário;Atualização de Contrato Social / Estatuto;;Esaú;2026-04-07 09:03:00;2026-04-10 13:00:00.000000000;2026-04-13 13:00:00.000000000;3,0;;8,0;2026-04-13 13:00:00.000000000;;AHP_APRENDIZAGEM_ESPECIALIZACAO_WORKLOAD;;;;;CONCLUIDA;True;0,8295546966378455;1,0;0,12335618234880225;0,948049936495152;0,6586441863669917;0,022842358598134348;0,14806815167271947
Societário;Gestão jurídica do encerramento de operações;;Esaú;2026-04-07 09:04:00;2026-04-13 13:00:00.000000000;2026-04-13 15:00:00.000000000;1,0;;2,0;2026-04-13 15:00:00.000000000;;AHP_APRENDIZAGEM_ESPECIALIZACAO_WORKLOAD;;;;;CONCLUIDA;True;0,8272368775877437;1,0;0,12335618234880225;0,9332094175960347;0,6586441863669917;0,022842358598134348;0,14575033262261758
Societário;Análise jurídica preliminar e de estrutura da operação;;Esaú;2026-04-08 09:00:00;2026-04-13 15:00:00.000000000;2026-04-16 15:00:00.000000000;5,0;;24,0;2026-04-16 15:00:00.000000000;;AHP_APRENDIZAGEM_ESPECIALIZACAO_WORKLOAD;;;;;CONCLUIDA;True;0,8325561860201323;1,0;0,1434842900431063;0,9434033454911331;0,6586441863669917;0,02656956095719491;0,1473424386959456
Governança;Política de Governaça Corporativa;;Adão;2026-04-08 09:01:00;2026-05-13 13:02:00.000000000;2026-05-14 13:02:00.000000000;3,0;;8,0;2026-05-14 13:02:00.000000000;;AHP_APRENDIZAGEM_ESPECIALIZACAO_WORKLOAD;;;;;CONCLUIDA;True;0,9398854984569078;1,0;1,0;0,615099204477565;0,6586441863669917;0,1851740071976712;0,09606730489224491
Direito financeiro;Registro de garantias em cartórios e sistemas competentes;;Adão;2026-04-08 09:02:00;2026-05-14 13:02:00.000000000;2026-05-14 15:02:00.000000000;1,0;;2,0;2026-05-14 15:02:00.000000000;;AHP_APRENDIZAGEM_ESPECIALIZACAO_WORKLOAD;;;;;CONCLUIDA;True;0,9375312062808161;1,0;1,0;0,600025155650588;0,6586441863669917;0,1851740071976712;0,09371301271615315
Societário;Análise jurídica preliminar e de estrutura da operação;;Esaú;2026-04-08 09:03:00;2026-04-16 15:00:00.000000000;2026-04-21 15:00:00.000000000;5,0;;24,0;2026-04-21 15:00:00.000000000;;AHP_APRENDIZAGEM_ESPECIALIZACAO_WORKLOAD;;;;;CONCLUIDA;True;0,8254979245204688;1,0;0,1434842900431063;0,8982107480896827;0,6586441863669917;0,02656956095719491;0,14028417719628217
Societário;Estruturação societária internacional;;Esaú;2026-04-08 09:04:00;2026-04-21 15:00:00.000000000;2026-04-24 15:00:00.000000000;5,0;;24,0;2026-04-24 15:00:00.000000000;;AHP_APRENDIZAGEM_ESPECIALIZACAO_WORKLOAD;;;;;CONCLUIDA;True;0,818429952284944;1,0;0,1434842900431063;0,8529559748427673;0,6586441863669917;0,02656956095719491;0,13321620496075734
Regulatório;Atuação em processos administrativos na CVM e no BCB;;Adão;2026-04-09 09:00:00;2026-05-14 15:02:00.000000000;2026-05-15 09:02:00.000000000;1,0;;2,0;2026-05-15 09:02:00.000000000;;AHP_APRENDIZAGEM_ESPECIALIZACAO_WORKLOAD;;;;;CONCLUIDA;True;0,9383629328580757;1,0;1,0;0,6053505299450901;0,6586441863669917;0,1851740071976712;0,0945447392934128
Societário;Consolidação das versões finais dos documentos;;Esaú;2026-04-09 09:01:00;2026-04-24 15:00:00.000000000;2026-04-24 17:00:00.000000000;1,0;;2,0;2026-04-24 17:00:00.000000000;;AHP_APRENDIZAGEM_ESPECIALIZACAO_WORKLOAD;;;;;CONCLUIDA;True;0,8132785404948663;1,0;0,1434842900431063;0,8199725441368961;0,6586441863669917;0,02656956095719491;0,12806479317067962
Governança;Política de PLDFTP e Fraudes;;Adão;2026-04-09 09:02:00;2026-05-15 09:02:00.000000000;2026-05-18 09:01:59.999999999;3,0;;8,0;2026-05-18 09:01:59.999999999;;AHP_APRENDIZAGEM_ESPECIALIZACAO_WORKLOAD;;;;;CONCLUIDA;True;0,9377706102959452;1,0;1,0;0,6015580103446991;0,6586441863669917;0,1851740071976712;0,09395241673128232
Societário;Estruturação jurídica de carve-outs, spin-offs e alienação de ativos;;Esaú;2026-04-09 09:03:00;2026-04-27 09:00:00.000000000;2026-04-29 17:00:00.000000000;5,0;;24,0;2026-04-29 17:00:00.000000000;;AHP_APRENDIZAGEM_ESPECIALIZACAO_WORKLOAD;;;;;CONCLUIDA;True;0,8126883394417103;1,0;0,1434842900431063;0,8161936081223461;0,6586441863669917;0,02656956095719491;0,12747459211752366
Societário;Estruturação societária internacional;;Esaú;2026-04-09 09:04:00;2026-04-30 09:00:00.000000000;2026-05-04 17:00:00.000000000;5,0;;24,0;2026-05-04 17:00:00.000000000;;AHP_APRENDIZAGEM_ESPECIALIZACAO_WORKLOAD;;;;;CONCLUIDA;True;0,8055116368020305;1,0;0,1434842900431063;0,770242656449553;0,6586441863669917;0,02656956095719491;0,12029788947784395
Contratos;Contrato de Hosting;;Adão;2026-04-10 09:00:00;2026-05-18 09:01:59.999999999;2026-05-19 09:01:59.999999999;3,0;;8,0;2026-05-19 09:01:59.999999999;;AHP_APRENDIZAGEM_ESPECIALIZACAO_WORKLOAD;;;;;CONCLUIDA;True;0,8090802645431313;1,0;0,31029289490360373;0,5953183763460208;0,6586441863669917;0,05745817875426615;0,09297789942187339
Societário;Estruturação de regras de governança;;Esaú;2026-04-10 09:01:00;2026-05-05 09:00:00.000000000;2026-05-07 17:00:00.000000000;5,0;;24,0;2026-05-07 17:00:00.000000000;;AHP_APRENDIZAGEM_ESPECIALIZACAO_WORKLOAD;;;;;CONCLUIDA;True;0,8000802679991919;1,0;0,1434842900431063;0,7354667185422948;0,6586441863669917;0,02656956095719491;0,11486652067500525
Societário;Estruturação de veículos societários (SPVs);;Esaú;2026-04-10 09:02:00;2026-05-08 09:00:00.000000000;2026-05-12 17:00:00.000000000;5,0;;24,0;2026-05-12 17:00:00.000000000;;AHP_APRENDIZAGEM_ESPECIALIZACAO_WORKLOAD;;;;;CONCLUIDA;True;0,7927919295403951;1,0;0,1434842900431063;0,688800985668893;0,6586441863669917;0,02656956095719491;0,10757818221620846
Societário;Estruturação societária internacional;;Esaú;2026-04-10 09:03:00;2026-05-13 09:00:00.000000000;2026-05-15 17:00:00.000000000;5,0;;24,0;2026-05-15 17:00:00.000000000;;AHP_APRENDIZAGEM_ESPECIALIZACAO_WORKLOAD;;;;;CONCLUIDA;True;0,7855031184420302;1,0;0,1434842900431063;0,6421322265814987;0,6586441863669917;0,02656956095719491;0,10028937111784365
Governança;Gestão de documentos de governança;;Adão;2026-04-10 09:04:00;2026-05-19 09:01:59.999999999;2026-05-20 09:01:59.999999999;3,0;;8,0;2026-05-20 09:01:59.999999999;;AHP_APRENDIZAGEM_ESPECIALIZACAO_WORKLOAD;;;;;CONCLUIDA;True;0,9343773071405157;1,0;1,0;0,5798313878085819;0,6586441863669917;0,1851740071976712;0,09055911357585282
Propriedade intelectual;Gestão de portfólio de marcas (renovações, extensões e classes);;Esaú;2026-04-13 09:00:00;2026-05-18 09:00:00.000000000;2026-05-18 13:00:00.000000000;2,0;;4,0;2026-05-18 13:00:00.000000000;;AHP_APRENDIZAGEM_ESPECIALIZACAO_WORKLOAD;;;;;CONCLUIDA;True;0,9382761929513544;1,0;1,0;0,6047951521536494;0,6586441863669917;0,1851740071976712;0,09445799938669153
Societário;Estruturação jurídica de carve-outs, spin-offs e alienação de ativos;;Esaú;2026-04-13 09:01:00;2026-05-18 13:00:00.000000000;2026-05-21 13:00:00.000000000;5,0;;24,0;2026-05-21 13:00:00.000000000;;AHP_APRENDIZAGEM_ESPECIALIZACAO_WORKLOAD;;;;;CONCLUIDA;True;0,799130838937692;1,0;0,25521972408572985;0,5969107136973711;0,6586441863669917;0,0472600590248386;0,09322659354586174
Societário;Due diligence societária;;Esaú;2026-04-13 09:02:00;2026-05-21 13:00:00.000000000;2026-05-26 13:00:00.000000000;5,0;;24,0;2026-05-26 13:00:00.000000000;;AHP_APRENDIZAGEM_ESPECIALIZACAO_WORKLOAD;;;;;CONCLUIDA;True;0,7917265646911515;1,0;0,25521972408572985;0,5495026678081975;0,6586441863669917;0,0472600590248386;0,08582231929932124
Societário;Acordo de Sócios / Acionistas;;Esaú;2026-04-13 09:03:00;2026-05-26 13:00:00.000000000;2026-05-27 13:00:00.000000000;3,0;;8,0;2026-05-27 13:00:00.000000000;;AHP_APRENDIZAGEM_ESPECIALIZACAO_WORKLOAD;;;;;CONCLUIDA;True;0,7843218026955746;1,0;0,25521972408572985;0,5020914989622115;0,6586441863669917;0,0472600590248386;0,07841755730374438
Societário;Aumento e redução de capital;;Esaú;2026-04-13 09:04:00;2026-05-27 13:00:00.000000000;2026-05-27 15:00:00.000000000;1,0;;2,0;2026-05-27 15:00:00.000000000;;AHP_APRENDIZAGEM_ESPECIALIZACAO_WORKLOAD;;;;;CONCLUIDA;True;0,781855108046968;1,0;0,25521972408572985;0,4862977602105217;0,6586441863669917;0,0472600590248386;0,07595086265513767
Societário;Gestão de Advisors e Governança da Operação;;Esaú;2026-04-14 09:00:00;2026-05-27 15:00:00.000000000;2026-05-28 15:00:00.000000000;3,0;;8,0;2026-05-28 15:00:00.000000000;;AHP_APRENDIZAGEM_ESPECIALIZACAO_WORKLOAD;;;;;CONCLUIDA;True;0,7873029039187218;1,0;0,2814932998523714;0,4900281086866383;0,6586441863669917;0,05212524233295924;0,07653347521877088
Societário;Gestão de passivos;;Esaú;2026-04-14 09:01:00;2026-05-28 15:00:00.000000000;2026-05-28 17:00:00.000000000;1,0;;2,0;2026-05-28 17:00:00.000000000;;AHP_APRENDIZAGEM_ESPECIALIZACAO_WORKLOAD;;;;;CONCLUIDA;True;0,7847967722179627;1,0;0,2814932998523714;0,47398186259717;0,6586441863669917;0,05212524233295924;0,07402734351801175
Contratos;Contrato de prestação de serviços;;Adão;2026-04-14 09:02:00;2026-05-20 09:01:59.999999999;2026-05-21 09:01:59.999999999;3,0;;8,0;2026-05-21 09:01:59.999999999;;AHP_APRENDIZAGEM_ESPECIALIZACAO_WORKLOAD;;;;;CONCLUIDA;True;0,8119091624140033;1,0;0,3365016843788486;0,5823572719366076;0,6586441863669917;0,06231136532519738;0,09095361072181422
Societário;Organização de livros societários;;Esaú;2026-04-14 09:03:00;2026-05-29 09:00:00.000000000;2026-05-29 11:00:00.000000000;1,0;;2,0;2026-05-29 11:00:00.000000000;;AHP_APRENDIZAGEM_ESPECIALIZACAO_WORKLOAD;;;;;CONCLUIDA;True;0,784174511848992;1,0;0,2814932998523714;0,4699976573739556;0,6586441863669917;0,05212524233295924;0,07340508314904103
Societário;Gestão de Advisors e Governança da Operação;;Esaú;2026-04-14 09:04:00;2026-05-29 11:00:00.000000000;2026-06-01 11:00:00.000000000;3,0;;8,0;2026-06-01 11:00:00.000000000;;AHP_APRENDIZAGEM_ESPECIALIZACAO_WORKLOAD;;;;;CONCLUIDA;True;0,7835497323413246;1,0;0,2814932998523714;0,4659973226235308;0,6586441863669917;0,05212524233295924;0,07278030364137363
Societário;Gestão jurídica do encerramento de operações;;Esaú;2026-04-15 09:00:00;2026-06-01 11:00:00.000000000;2026-06-01 13:00:00.000000000;1,0;;2,0;2026-06-01 13:00:00.000000000;;AHP_APRENDIZAGEM_ESPECIALIZACAO_WORKLOAD;;;;;CONCLUIDA;True;0,7821783596520892;1,0;0,2814932998523714;0,4572167052101755;0,6586441863669917;0,05212524233295924;0,07140893095213821
Contratos;Contrato de Escrow de Código-Fonte;;Adão;2026-04-15 09:01:00;2026-05-21 09:01:59.999999999;2026-05-22 09:01:59.999999999;3,0;;8,0;2026-05-22 09:01:59.999999999;;AHP_APRENDIZAGEM_ESPECIALIZACAO_WORKLOAD;;;;;CONCLUIDA;True;0,8108412275926543;1,0;0,3365016843788486;0,575519504813001;0,6586441863669917;0,06231136532519738;0,08988567590046517
Contratos;Contrato de Mandato;;Adão;2026-04-15 09:02:00;2026-05-22 09:01:59.999999999;2026-05-25 09:01:59.999999999;3,0;;8,0;2026-05-25 09:01:59.999999999;;AHP_APRENDIZAGEM_ESPECIALIZACAO_WORKLOAD;;;;;CONCLUIDA;True;0,808294551128024;1,0;0,3365016843788486;0,5592136589353333;0,6586441863669917;0,06231136532519738;0,08733899943583484
Societário;Atos perante Junta Comercial;;Esaú;2026-04-15 09:03:00;2026-06-01 13:00:00.000000000;2026-06-01 15:00:00.000000000;1,0;;2,0;2026-06-01 15:00:00.000000000;;AHP_APRENDIZAGEM_ESPECIALIZACAO_WORKLOAD;;;;;CONCLUIDA;True;0,7815481909510456;1,0;0,2814932998523714;0,45318186456242987;0,6586441863669917;0,05212524233295924;0,07077876225109458
Direito digital;Elaboração e atualização de políticas de privacidade e cookies;;Adão;2026-04-15 09:04:00;2026-05-25 09:01:59.999999999;2026-05-26 09:01:59.999999999;3,0;;8,0;2026-05-26 09:01:59.999999999;;AHP_APRENDIZAGEM_ESPECIALIZACAO_WORKLOAD;;;;;CONCLUIDA;True;0,9286132273851886;1,0;1,0;0,5429251700685941;0,6586441863669917;0,1851740071976712;0,08479503382052564
Societário;Estruturação de regras de governança;;Esaú;2026-04-16 09:00:00;2026-06-01 15:00:00.000000000;2026-06-04 15:00:00.000000000;5,0;;24,0;2026-06-04 15:00:00.000000000;;AHP_APRENDIZAGEM_ESPECIALIZACAO_WORKLOAD;;;;;CONCLUIDA;True;0,7820674708854091;1,0;0,2814932998523714;0,4565067072327479;0,6586441863669917;0,05212524233295924;0,07129804218545814
Societário;Acordo de Sócios / Acionistas;;Esaú;2026-04-16 09:01:00;2026-06-04 15:00:00.000000000;2026-06-05 15:00:00.000000000;3,0;;8,0;2026-06-05 15:00:00.000000000;;AHP_APRENDIZAGEM_ESPECIALIZACAO_WORKLOAD;;;;;CONCLUIDA;True;0,7742940551531303;1,0;0,2814932998523714;0,4067351242955433;0,6586441863669917;0,05212524233295924;0,06352462645317933
Societário;Atos perante Junta Comercial;;Esaú;2026-04-16 09:02:00;2026-06-05 15:00:00.000000000;2026-06-05 17:00:00.000000000;1,0;;2,0;2026-06-05 17:00:00.000000000;;AHP_APRENDIZAGEM_ESPECIALIZACAO_WORKLOAD;;;;;CONCLUIDA;True;0,7717042016691904;1,0;0,2814932998523714;0,39015282483922265;0,6586441863669917;0,05212524233295924;0,06093477296923945
Societário;Gestão de Advisors e Governança da Operação;;Esaú;2026-04-16 09:03:00;2026-06-08 09:00:00.000000000;2026-06-08 17:00:00.000000000;3,0;;8,0;2026-06-08 17:00:00.000000000;;AHP_APRENDIZAGEM_ESPECIALIZACAO_WORKLOAD;;;;;CONCLUIDA;True;0,7710582737275815;1,0;0,2814932998523714;0,3860170810137962;0,6586441863669917;0,05212524233295924;0,060288845027630565
Societário;Análise jurídica preliminar e de estrutura da operação;;Esaú;2026-04-16 09:04:00;2026-06-09 09:00:00.000000000;2026-06-11 17:00:00.000000000;5,0;;24,0;2026-06-11 17:00:00.000000000;;AHP_APRENDIZAGEM_ESPECIALIZACAO_WORKLOAD;;;;;CONCLUIDA;True;0,7684681292516502;1,0;0,2814932998523714;0,369432918395574;0,6586441863669917;0,05212524233295924;0,05769870055169923
Societário;Gestão de passivos;;Esaú;2026-04-17 09:00:00;2026-06-12 09:00:00.000000000;2026-06-12 11:00:00.000000000;1,0;;2,0;2026-06-12 11:00:00.000000000;;AHP_APRENDIZAGEM_ESPECIALIZACAO_WORKLOAD;;;;;CONCLUIDA;True;0,7850216941175869;1,0;0,4083730165979244;0,3249894529602025;0,6586441863669917;0,07562006791483875;0,05075743983575644
Societário;Estruturação de holdings e grupos;;Esaú;2026-04-17 09:01:00;2026-06-12 11:00:00.000000000;2026-06-17 11:00:00.000000000;5,0;;24,0;2026-06-17 11:00:00.000000000;;AHP_APRENDIZAGEM_ESPECIALIZACAO_WORKLOAD;;;;;CONCLUIDA;True;0,7843645531924945;1,0;0,4083730165979244;0,32078191470660616;0,6586441863669917;0,07562006791483875;0,05010029891066398
Societário;Integração societária;;Esaú;2026-04-17 09:02:00;2026-06-17 11:00:00.000000000;2026-06-17 13:00:00.000000000;1,0;;2,0;2026-06-17 13:00:00.000000000;;AHP_APRENDIZAGEM_ESPECIALIZACAO_WORKLOAD;;;;;CONCLUIDA;True;0,7764589311909483;1,0;0,4083730165979244;0,2701638422051894;0,6586441863669917;0,07562006791483875;0,04219467690911785
Propriedade intelectual;Análise de riscos de colisão marcária;;Esaú;2026-04-17 09:03:00;2026-06-17 13:00:00.000000000;2026-06-17 15:00:00.000000000;1,0;;2,0;2026-06-17 15:00:00.000000000;;AHP_APRENDIZAGEM_ESPECIALIZACAO_WORKLOAD;;;;;CONCLUIDA;True;0,8853553822667792;1,0;1,0;0,26595408037692064;0,6586441863669917;0,1851740071976712;0,041537188702116305
Concorrencial;Gestão de canal de dúvidas;;Davi;2026-04-17 09:04:00;2026-07-09 11:03:59.999999999;2026-07-09 13:03:59.999999999;1,0;;2,0;2026-07-09 13:03:59.999999999;;AHP_APRENDIZAGEM_ESPECIALIZACAO_WORKLOAD;;;;;CONCLUIDA;True;0,8438181935646629;1,0;1,0;0,0;0,6586441863669917;0,1851740071976712;0,0
Regulatório;Atuação em processos administrativos na CVM e no BCB;;Adão;2026-04-20 09:00:00;2026-05-26 09:01:59.999999999;2026-05-26 11:01:59.999999999;1,0;;2,0;2026-05-26 11:01:59.999999999;;AHP_APRENDIZAGEM_ESPECIALIZACAO_WORKLOAD;;;;;CONCLUIDA;True;0,9305846279758625;1,0;1,0;0,5555476427859278;0,6586441863669917;0,1851740071976712;0,08676643441119958
Societário;Gestão de passivos;;Esaú;2026-04-20 09:01:00;2026-06-17 15:00:00.000000000;2026-06-17 17:00:00.000000000;1,0;;2,0;2026-06-17 17:00:00.000000000;;AHP_APRENDIZAGEM_ESPECIALIZACAO_WORKLOAD;;;;;CONCLUIDA;True;0,776330955983105;1,0;0,4083730165979244;0,26934444325748674;0,6586441863669917;0,07562006791483875;0,04206670170127443
Governança;Trasnparência e divulgação de informações;;Adão;2026-04-20 09:02:00;2026-05-26 11:01:59.999999999;2026-05-26 13:01:59.999999999;1,0;;2,0;2026-05-26 13:01:59.999999999;;AHP_APRENDIZAGEM_ESPECIALIZACAO_WORKLOAD;;;;;CONCLUIDA;True;0,9299234113992861;1,0;1,0;0,5513140089737197;0,6586441863669917;0,1851740071976712;0,0861052178346232
Societário;Estruturação de veículos societários (SPVs);;Esaú;2026-04-20 09:03:00;2026-06-18 09:00:00.000000000;2026-06-22 17:00:00.000000000;5,0;;24,0;2026-06-22 17:00:00.000000000;;AHP_APRENDIZAGEM_ESPECIALIZACAO_WORKLOAD;;;;;CONCLUIDA;True;0,7756665322314993;1,0;0,4083730165979244;0,2650902745628717;0,6586441863669917;0,07562006791483875;0,041402277949668796
Societário;Suporte jurídico às negociações comerciais;;Esaú;2026-04-20 09:04:00;2026-06-23 09:00:00.000000000;2026-06-23 17:00:00.000000000;3,0;;8,0;2026-06-23 17:00:00.000000000;;AHP_APRENDIZAGEM_ESPECIALIZACAO_WORKLOAD;;;;;CONCLUIDA;True;0,7676586832646568;1,0;0,4083730165979244;0,21381766381766382;0,6586441863669917;0,07562006791483875;0,03339442898282635
Societário;Closing da operação;;Esaú;2026-04-21 09:00:00;2026-06-24 09:00:00.000000000;2026-06-24 11:00:00.000000000;1,0;;2,0;2026-06-24 11:00:00.000000000;;AHP_APRENDIZAGEM_ESPECIALIZACAO_WORKLOAD;;;;;CONCLUIDA;True;0,7655187209804539;1,0;0,4083730165979244;0,2001159252282278;0,6586441863669917;0,07562006791483875;0,031254466698623466
Trabalhista;Gestão de escritórios externos;;Davi;2026-04-21 09:01:00;2026-07-09 13:03:59.999999999;2026-07-09 15:03:59.999999999;1,0;;2,0;2026-07-09 15:03:59.999999999;;AHP_APRENDIZAGEM_ESPECIALIZACAO_WORKLOAD;;;;;CONCLUIDA;True;0,8438181935646629;1,0;1,0;0,0;0,6586441863669917;0,1851740071976712;0,0
Societário;Atualização de Contrato Social / Estatuto;;Esaú;2026-04-21 09:02:00;2026-06-24 11:00:00.000000000;2026-06-25 11:00:00.000000000;3,0;;8,0;2026-06-25 11:00:00.000000000;;AHP_APRENDIZAGEM_ESPECIALIZACAO_WORKLOAD;;;;;CONCLUIDA;True;0,7653856848694072;1,0;0,4083730165979244;0,19926412235769414;0,6586441863669917;0,07562006791483875;0,031121430587576715
Contencioso;Contencioso Civil;;Eva;2026-04-21 09:03:00;2026-04-21 09:03:00.000000000;2026-04-23 09:03:00.000000000;4,0;;16,0;2026-04-23 09:03:00.000000000;;AHP_APRENDIZAGEM_ESPECIALIZACAO_WORKLOAD;;;;;CONCLUIDA;True;1,0;1,0;1,0;1,0;0,6586441863669917;0,1851740071976712;0,1561818064353371
Societário;Estruturação de holdings e grupos;;Esaú;2026-04-21 09:04:00;2026-06-25 11:00:00.000000000;2026-06-30 11:00:00.000000000;5,0;;24,0;2026-06-30 11:00:00.000000000;;AHP_APRENDIZAGEM_ESPECIALIZACAO_WORKLOAD;;;;;CONCLUIDA;True;0,7626834834181884;1,0;0,4083730165979244;0,18196248196248196;0,6586441863669917;0,07562006791483875;0,028419229136357877
Contratos;Contrato de Manutenção de Sistemas;;Adão;2026-04-22 09:00:00;2026-05-26 13:01:59.999999999;2026-05-27 13:02:00.000000000;3,0;;8,0;2026-05-27 13:02:00.000000000;;AHP_APRENDIZAGEM_ESPECIALIZACAO_WORKLOAD;;;;;CONCLUIDA;True;0,8229384455321644;1,0;0,4079434601906999;0,5682719130817794;0,6586441863669917;0,07554052523359554;0,08875373393157718
Direito financeiro;Estratégias de prevenção de litígios;;Adão;2026-04-22 09:01:00;2026-05-27 13:02:00.000000000;2026-05-29 13:02:00.000000000;4,0;;16,0;2026-05-29 13:02:00.000000000;;AHP_APRENDIZAGEM_ESPECIALIZACAO_WORKLOAD;;;;;CONCLUIDA;True;0,9298233860964299;1,0;1,0;0,5506735675219323;0,6586441863669917;0,1851740071976712;0,08600519253176697
Societário;Elaboração e negociação de  SPA;;Esaú;2026-04-22 09:02:00;2026-06-30 11:00:00.000000000;2026-07-01 11:00:00.000000000;3,0;;8,0;2026-07-01 11:00:00.000000000;;AHP_APRENDIZAGEM_ESPECIALIZACAO_WORKLOAD;;;;;CONCLUIDA;True;0,7786298507048429;1,0;0,536379167530081;0,13229571984435784;0,6586441863669917;0,0993234798288961;0,020662184508955083
Governança;Acompanhamento de planos de mitigação;;Adão;2026-04-22 09:03:00;2026-05-29 13:02:00.000000000;2026-05-29 15:02:00.000000000;1,0;;2,0;2026-05-29 15:02:00.000000000;;AHP_APRENDIZAGEM_ESPECIALIZACAO_WORKLOAD;;;;;CONCLUIDA;True;0,9243256979134388;1,0;1,0;0,5154730002569655;0,6586441863669917;0,1851740071976712;0,08050750434877586
Contratos;Contrato de Representação Comercial;;Adão;2026-04-22 09:04:00;2026-05-29 15:02:00.000000000;2026-06-01 15:02:00.000000000;3,0;;8,0;2026-06-01 15:02:00.000000000;;AHP_APRENDIZAGEM_ESPECIALIZACAO_WORKLOAD;;;;;CONCLUIDA;True;0,8140071458587651;1,0;0,4079434601906999;0,511086637298091;0,6586441863669917;0,07554052523359554;0,0798224342581778
Concorrencial;Monitoramento regulatório e jurisprudencial;;Davi;2026-04-23 09:00:00;2026-07-09 15:03:59.999999999;2026-07-10 15:04:00.000000000;3,0;;8,0;2026-07-10 15:04:00.000000000;;AHP_APRENDIZAGEM_ESPECIALIZACAO_WORKLOAD;;;;;CONCLUIDA;True;0,8438181935646629;1,0;1,0;0,0;0,6586441863669917;0,1851740071976712;0,0
Societário;Regularização societária;;Esaú;2026-04-23 09:01:00;2026-07-01 11:00:00.000000000;2026-07-02 11:00:00.000000000;3,0;;8,0;2026-07-02 11:00:00.000000000;;AHP_APRENDIZAGEM_ESPECIALIZACAO_WORKLOAD;;;;;CONCLUIDA;True;0,7786290922646283;1,0;0,536379167530081;0,13229086370757762;0,6586441863669917;0,0993234798288961;0,02066142606874045
Contratos;Contrato de Mútuo, Doação ou Comodato;;Adão;2026-04-23 09:02:00;2026-06-01 15:02:00.000000000;2026-06-02 15:02:00.000000000;3,0;;8,0;2026-06-02 15:02:00.000000000;;AHP_APRENDIZAGEM_ESPECIALIZACAO_WORKLOAD;;;;;CONCLUIDA;True;0,8198587705666784;1,0;0,4395757883145489;0,5110491153363135;0,6586441863669917;0,08139801018928026;0,07981657401040639
Contencioso;Gestão de escritórios externos;;Eva;2026-04-23 09:03:00;2026-04-23 09:03:00.000000000;2026-04-23 11:03:00.000000000;1,0;;2,0;2026-04-23 11:03:00.000000000;;AHP_APRENDIZAGEM_ESPECIALIZACAO_WORKLOAD;;;;;CONCLUIDA;True;1,0;1,0;1,0;1,0;0,6586441863669917;0,1851740071976712;0,1561818064353371
Governança;Suporte jurídico às decisões do Conselho de Administração;;Adão;2026-04-23 09:04:00;2026-06-02 15:02:00.000000000;2026-06-03 09:02:00.000000000;1,0;;2,0;2026-06-03 09:02:00.000000000;;AHP_APRENDIZAGEM_ESPECIALIZACAO_WORKLOAD;;;;;CONCLUIDA;True;0,9208885255067512;1,0;1,0;0,4934654919233318;0,6586441863669917;0,1851740071976712;0,0770703319420882
Contratos;Contratos Administrativos;;Adão;2026-04-24 09:00:00;2026-06-03 09:02:00.000000000;2026-06-04 09:01:59.999999999;3,0;;8,0;2026-06-04 09:01:59.999999999;;AHP_APRENDIZAGEM_ESPECIALIZACAO_WORKLOAD;;;;;CONCLUIDA;True;0,8182017775011717;1,0;0,4418374924253669;0,49775818263307536;0,6586441863669917;0,08181681900257588;0,07774077213160416
Direito financeiro;Negociação jurídica com bancos e instituições de crédito;;Adão;2026-04-24 09:01:00;2026-06-04 09:01:59.999999999;2026-06-05 09:01:59.999999999;3,0;;8,0;2026-06-05 09:01:59.999999999;;AHP_APRENDIZAGEM_ESPECIALIZACAO_WORKLOAD;;;;;CONCLUIDA;True;0,9187607171323214;1,0;1,0;0,4798415723196701;0,6586441863669917;0,1851740071976712;0,07494252356765853
Contratos;NDA;;Adão;2026-04-24 09:02:00;2026-06-05 09:01:59.999999999;2026-06-05 11:01:59.999999999;1,0;;2,0;2026-06-05 11:01:59.999999999;;AHP_APRENDIZAGEM_ESPECIALIZACAO_WORKLOAD;;;;;CONCLUIDA;True;0,8126050712522459;1,0;0,4418374924253669;0,46192362304726975;0,6586441863669917;0,08181681900257588;0,07214406588267831
Concorrencial;Gestão de canal de dúvidas;;Davi;2026-04-24 09:03:00;2026-07-10 15:04:00.000000000;2026-07-13 09:03:59.999999999;1,0;;2,0;2026-07-13 09:03:59.999999999;;AHP_APRENDIZAGEM_ESPECIALIZACAO_WORKLOAD;;;;;CONCLUIDA;True;0,8438181935646629;1,0;1,0;0,0;0,6586441863669917;0,1851740071976712;0,0
Regulatório;Elaboração de defesas, manifestações e recursos;;Adão;2026-04-24 09:04:00;2026-06-05 11:01:59.999999999;2026-06-09 11:02:00.000000000;4,0;;16,0;2026-06-09 11:02:00.000000000;;AHP_APRENDIZAGEM_ESPECIALIZACAO_WORKLOAD;;;;;CONCLUIDA;True;0,9156455555866954;1,0;1,0;0,45989583333299844;0,6586441863669917;0,1851740071976712;0,07182736202203242
Regulatório;Enquadramento jurídico-regulatório de tokens, valores mobiliários e instrumentos financeiros;;Adão;2026-04-27 09:00:00;2026-06-09 11:02:00.000000000;2026-06-10 11:02:00.000000000;3,0;;8,0;2026-06-10 11:02:00.000000000;;AHP_APRENDIZAGEM_ESPECIALIZACAO_WORKLOAD;;;;;CONCLUIDA;True;0,9112619504565821;1,0;1,0;0,4318285108313335;0,6586441863669917;0,1851740071976712;0,0674437568919192
Societário;Acordo de Sócios / Acionistas;;Esaú;2026-04-27 09:01:00;2026-07-02 11:00:00.000000000;2026-07-03 11:00:00.000000000;3,0;;8,0;2026-07-03 11:00:00.000000000;;AHP_APRENDIZAGEM_ESPECIALIZACAO_WORKLOAD;;;;;CONCLUIDA;True;0,7994080692964072;1,0;0,6565426449559558;0,12286482596619247;0,6586441863669917;0,12157463246265224;0,01918925046676325
Concorrencial;Avaliação de riscos concorrenciais;;Davi;2026-04-27 09:02:00;2026-07-13 09:03:59.999999999;2026-07-13 11:03:59.999999999;1,0;;2,0;2026-07-13 11:03:59.999999999;;AHP_APRENDIZAGEM_ESPECIALIZACAO_WORKLOAD;;;;;CONCLUIDA;True;0,8438181935646629;1,0;1,0;0,0;0,6586441863669917;0,1851740071976712;0,0
Societário;Gestão jurídica do encerramento de operações;;Esaú;2026-04-27 09:03:00;2026-07-03 11:00:00.000000000;2026-07-03 13:00:00.000000000;1,0;;2,0;2026-07-03 13:00:00.000000000;;AHP_APRENDIZAGEM_ESPECIALIZACAO_WORKLOAD;;;;;CONCLUIDA;True;0,7972026554028196;1,0;0,6565426449559558;0,10874401417688427;0,6586441863669917;0,12157463246265224;0,016983836573175693
Societário;Análise jurídica preliminar e de estrutura da operação;;Esaú;2026-04-27 09:04:00;2026-07-03 13:00:00.000000000;2026-07-08 13:00:00.000000000;5,0;;24,0;2026-07-08 13:00:00.000000000;;AHP_APRENDIZAGEM_ESPECIALIZACAO_WORKLOAD;;;;;CONCLUIDA;True;0,7964965908124848;1,0;0,6565426449559558;0,10422322775207651;0,6586441863669917;0,12157463246265224;0,016277771982840868
Regulatório;Apoio a ofertas públicas e privadas sob a ótica regulatória;;Adão;2026-04-28 09:00:00;2026-06-10 11:02:00.000000000;2026-06-11 11:02:00.000000000;3,0;;8,0;2026-06-11 11:02:00.000000000;;AHP_APRENDIZAGEM_ESPECIALIZACAO_WORKLOAD;;;;;CONCLUIDA;True;0,9100353455634915;1,0;1,0;0,423974811856489;0,6586441863669917;0,1851740071976712;0,06621715199882863
Societário;Regularização societária;;Esaú;2026-04-28 09:01:00;2026-07-08 13:00:00.000000000;2026-07-09 13:00:00.000000000;3,0;;8,0;2026-07-09 13:00:00.000000000;;AHP_APRENDIZAGEM_ESPECIALIZACAO_WORKLOAD;;;;;CONCLUIDA;True;0,7881589452251404;1,0;0,6565426449559558;0,0508389970427439;0,6586441863669917;0,12157463246265224;0,007940126395496504
Contratos;Contrato de compra e venda;;Adão;2026-04-28 09:02:00;2026-06-11 11:02:00.000000000;2026-06-12 11:02:00.000000000;3,0;;8,0;2026-06-12 11:02:00.000000000;;AHP_APRENDIZAGEM_ESPECIALIZACAO_WORKLOAD;;;;;CONCLUIDA;True;0,8088272593585569;1,0;0,4689618327297662;0,4055756086318291;0,6586441863669917;0,0868395417893348;0,06334353120223038
Societário;Atualização de Contrato Social / Estatuto;;Esaú;2026-04-28 09:03:00;2026-07-09 13:00:00.000000000;2026-07-10 13:00:00.000000000;3,0;;8,0;2026-07-10 13:00:00.000000000;;AHP_APRENDIZAGEM_ESPECIALIZACAO_WORKLOAD;;;;;CONCLUIDA;True;0,7852807382885321;1,0;0,6565426449559558;0,03241042970638131;0,6586441863669917;0,12157463246265224;0,005061919458888146
Societário;Gestão de conflitos societários;;Esaú;2026-04-28 09:04:00;2026-07-10 13:00:00.000000000;2026-07-10 15:00:00.000000000;1,0;;2,0;2026-07-10 15:00:00.000000000;;AHP_APRENDIZAGEM_ESPECIALIZACAO_WORKLOAD;;;;;CONCLUIDA;True;0,7824020053711146;1,0;0,6565426449559558;0,013978494623024775;0,6586441863669917;0,12157463246265224;0,002183186541470656
Societário;Reorganizações societárias internas;;Esaú;2026-04-29 09:00:00;2026-07-10 15:00:00.000000000;2026-07-15 15:00:00.000000000;5,0;;24,0;2026-07-15 15:00:00.000000000;;AHP_APRENDIZAGEM_ESPECIALIZACAO_WORKLOAD;;;;;CONCLUIDA;True;0,781709522974935;1,0;0,6565426449559558;0,009544672195274596;0,6586441863669917;0,12157463246265224;0,001490704145291121
Contencioso;Suporte técnico às áreas internas envolvidas;;Eva;2026-04-29 09:01:00;2026-04-29 09:01:00.000000000;2026-04-29 11:01:00.000000000;1,0;;2,0;2026-04-29 11:01:00.000000000;;AHP_APRENDIZAGEM_ESPECIALIZACAO_WORKLOAD;;;;;CONCLUIDA;True;1,0;1,0;1,0;1,0;0,6586441863669917;0,1851740071976712;0,1561818064353371
Regulatório;Alterações cadastrais e societárias perante CVM e BCB;;Adão;2026-04-29 09:02:00;2026-06-12 11:02:00.000000000;2026-06-12 13:02:00.000000000;1,0;;2,0;2026-06-12 13:02:00.000000000;;AHP_APRENDIZAGEM_ESPECIALIZACAO_WORKLOAD;;;;;CONCLUIDA;True;0,9096459240743322;1,0;1,0;0,4214814261155543;0,6586441863669917;0,1851740071976712;0,06582773050966934
Societário;Estruturação de regras de governança;;Esaú;2026-04-29 09:03:00;2026-07-15 15:00:00.000000000;2026-07-20 15:00:00.000000000;5,0;;24,0;2026-07-20 15:00:00.000000000;;AHP_APRENDIZAGEM_ESPECIALIZACAO_WORKLOAD;;;;;CONCLUIDA;True;0,780218818829644;1,0;0,6565426449559558;0,0;0,6586441863669917;0,12157463246265224;0,0
Societário;SPA / SHA e documentos correlatos;;Esaú;2026-04-29 09:04:00;2026-07-20 15:00:00.000000000;2026-07-20 17:00:00.000000000;1,0;;2,0;2026-07-20 17:00:00.000000000;;AHP_APRENDIZAGEM_ESPECIALIZACAO_WORKLOAD;;;;;CONCLUIDA;True;0,780218818829644;1,0;0,6565426449559558;0,0;0,6586441863669917;0,12157463246265224;0,0
Contratos;Contrato de Mandato;;Adão;2026-04-30 09:00:00;2026-06-12 13:02:00.000000000;2026-06-15 13:02:00.000000000;3,0;;8,0;2026-06-15 13:02:00.000000000;;AHP_APRENDIZAGEM_ESPECIALIZACAO_WORKLOAD;;;;;CONCLUIDA;True;0,8300896098068412;1,0;0,5405602876434104;0,4568247126436782;0,6586441863669917;0,10009771459485607;0,07134770884499345
Societário;Gestão de earn-outs, ajustes de preço e garantias;;Eva;2026-04-30 09:01:00;2026-04-30 09:01:00.000000000;2026-04-30 11:01:00.000000000;1,0;;2,0;2026-04-30 11:01:00.000000000;;AHP_APRENDIZAGEM_ESPECIALIZACAO_WORKLOAD;;;;;CONCLUIDA;True;0,8175627681499278;0,9817802660580485;0,07958512865084211;1,0;0,646643864528972;0,014737097185618624;0,1561818064353371
Governança;Política de PLDFTP e Fraudes;;Adão;2026-04-30 09:02:00;2026-06-15 13:02:00.000000000;2026-06-16 13:02:00.000000000;3,0;;8,0;2026-06-16 13:02:00.000000000;;AHP_APRENDIZAGEM_ESPECIALIZACAO_WORKLOAD;;;;;CONCLUIDA;True;0,912478045104129;1,0;1,0;0,43961491486457366;0,6586441863669917;0,1851740071976712;0,06865985153946605
Contratos;Contratos Financeiros ou Bancários;;Adão;2026-04-30 09:03:00;2026-06-16 13:02:00.000000000;2026-06-17 13:02:00.000000000;3,0;;8,0;2026-06-17 13:02:00.000000000;;AHP_APRENDIZAGEM_ESPECIALIZACAO_WORKLOAD;;;;;CONCLUIDA;True;0,8247111390286903;1,0;0,5405602876434104;0,422387469914143;0,6586441863669917;0,10009771459485607;0,06596923806684246
Governança;Avaliação periódica da efetividade da governança;;Adão;2026-04-30 09:04:00;2026-06-17 13:02:00.000000000;2026-06-18 13:02:00.000000000;3,0;;8,0;2026-06-18 13:02:00.000000000;;AHP_APRENDIZAGEM_ESPECIALIZACAO_WORKLOAD;;;;;CONCLUIDA;True;0,9070966248399084;1,0;1,0;0,4051587871820663;0,6586441863669917;0,1851740071976712;0,06327843127524542
Direito digital;Adequação de contratos a regras internacionais de privacidade;;Adão;2026-05-01 09:00:00;2026-06-18 13:02:00.000000000;2026-06-19 13:02:00.000000000;3,0;;8,0;2026-06-19 13:02:00.000000000;;AHP_APRENDIZAGEM_ESPECIALIZACAO_WORKLOAD;;;;;CONCLUIDA;True;0,9054574898325274;1,0;1,0;0,39466374269005855;0,6586441863669917;0,1851740071976712;0,061639296267864414
Societário;Consolidação das versões finais dos documentos;;Eva;2026-05-01 09:01:00;2026-05-01 09:01:00.000000000;2026-05-01 11:01:00.000000000;1,0;;2,0;2026-05-01 11:01:00.000000000;;AHP_APRENDIZAGEM_ESPECIALIZACAO_WORKLOAD;;;;;CONCLUIDA;True;0,8208399486318134;0,9863384580066468;0,08106996909231426;1,0;0,6496460911562612;0,015012051040215182;0,1561818064353371
Societário;Suporte jurídico às negociações comerciais;;Eva;2026-05-01 09:02:00;2026-05-01 11:01:00.000000000;2026-05-04 11:01:00.000000000;3,0;;8,0;2026-05-04 11:01:00.000000000;;AHP_APRENDIZAGEM_ESPECIALIZACAO_WORKLOAD;;;;;CONCLUIDA;True;0,8201605994481814;0,9863384580066468;0,08106996909231426;0,9956502668323708;0,6496460911562612;0,015012051040215182;0,15550245725170508
Societário;Due diligence;;Isaque;2026-05-01 09:03:00;2026-05-01 09:03:00.000000000;2026-05-06 09:03:00.000000000;5,0;;24,0;2026-05-06 09:03:00.000000000;;AHP_APRENDIZAGEM_ESPECIALIZACAO_WORKLOAD;;;;;CONCLUIDA;True;0,8175627681499278;0,9817802660580485;0,07958512865084211;1,0;0,646643864528972;0,014737097185618624;0,1561818064353371
Societário;Estruturação de holdings e grupos;;Eva;2026-05-01 09:04:00;2026-05-04 11:01:00.000000000;2026-05-07 11:00:59.999999999;5,0;;24,0;2026-05-07 11:00:59.999999999;;AHP_APRENDIZAGEM_ESPECIALIZACAO_WORKLOAD;;;;;CONCLUIDA;True;0,8174315359091239;0,9863384580066468;0,08106996909231426;0,9781766340108203;0,6496460911562612;0,015012051040215182;0,15277339371264753
Contencioso;Avaliação de riscos, êxito e impacto financeiro;;Eva;2026-05-04 09:00:00;2026-05-07 11:00:59.999999999;2026-05-07 13:00:59.999999999;1,0;;2,0;2026-05-07 13:00:59.999999999;;AHP_APRENDIZAGEM_ESPECIALIZACAO_WORKLOAD;;;;;CONCLUIDA;True;0,9909300669700313;1,0;1,0;0,9419270833333334;0,6586441863669917;0,1851740071976712;0,14711187340536833
Contratos;Contratos imobiliários;;Adão;2026-05-04 09:01:00;2026-06-19 13:02:00.000000000;2026-06-22 13:02:00.000000000;3,0;;8,0;2026-06-22 13:02:00.000000000;;AHP_APRENDIZAGEM_ESPECIALIZACAO_WORKLOAD;;;;;CONCLUIDA;True;0,8186951685238779;1,0;0,5405602876434104;0,3838684474868857;0,6586441863669917;0,10009771459485607;0,05995326756203015
Contencioso;Padronização de teses jurídicas;;Eva;2026-05-04 09:02:00;2026-05-07 13:00:59.999999999;2026-05-07 15:00:59.999999999;1,0;;2,0;2026-05-07 15:00:59.999999999;;AHP_APRENDIZAGEM_ESPECIALIZACAO_WORKLOAD;;;;;CONCLUIDA;True;0,9902437215192749;1,0;1,0;0,9375325545055435;0,6586441863669917;0,1851740071976712;0,14642552795461194
Contratos;Contratos de Seguros ou Previdência;;Adão;2026-05-04 09:03:00;2026-06-22 13:02:00.000000000;2026-06-23 13:02:00.000000000;3,0;;8,0;2026-06-23 13:02:00.000000000;;AHP_APRENDIZAGEM_ESPECIALIZACAO_WORKLOAD;;;;;CONCLUIDA;True;0,8159103576984942;1,0;0,5405602876434104;0,36603787625106965;0,6586441863669917;0,10009771459485607;0,05716845673664644
Societário;Regularização societária;;Eva;2026-05-04 09:04:00;2026-05-07 15:00:59.999999999;2026-05-08 15:01:00.000000000;3,0;;8,0;2026-05-08 15:01:00.000000000;;AHP_APRENDIZAGEM_ESPECIALIZACAO_WORKLOAD;;;;;CONCLUIDA;True;0,8136741626823327;0,9908946404779596;0,08256065906204273;0,9331373716326835;0,6526469942530185;0,015288088075399177;0,145739080353915
Concorrencial;Análise de exclusividade, não concorrência e cláusulas MFN;;Davi;2026-05-05 09:00:00;2026-07-13 11:03:59.999999999;2026-07-13 13:03:59.999999999;1,0;;2,0;2026-07-13 13:03:59.999999999;;AHP_APRENDIZAGEM_ESPECIALIZACAO_WORKLOAD;;;;;CONCLUIDA;True;0,8601226276001095;1,0;1,0;0,1043939393939394;0,6586441863669917;0,1851740071976712;0,016304434035446555
Regulatório;Análise regulatória de novos produtos financeiros e de investimento;;Adão;2026-05-05 09:01:00;2026-06-23 13:02:00.000000000;2026-06-24 13:02:00.000000000;3,0;;8,0;2026-06-24 13:02:00.000000000;;AHP_APRENDIZAGEM_ESPECIALIZACAO_WORKLOAD;;;;;CONCLUIDA;True;0,8991820082781704;1,0;1,0;0,3544831243607713;0,6586441863669917;0,1851740071976712;0,055363814713507514
Concorrencial;M&A Concorrencial;;Davi;2026-05-05 09:02:00;2026-07-13 13:03:59.999999999;2026-07-16 13:04:00.000000000;5,0;;24,0;2026-07-16 13:04:00.000000000;;AHP_APRENDIZAGEM_ESPECIALIZACAO_WORKLOAD;;;;;CONCLUIDA;True;0,8594138917904205;1,0;1,0;0,09985604970073504;0,6586441863669917;0,1851740071976712;0,015595698225757602
Societário;Avaliação de impactos (societário, contratual, regulatório, concorrencial, trabalhista, tributário);;Eva;2026-05-05 09:03:00;2026-05-08 15:01:00.000000000;2026-05-11 15:01:00.000000000;3,0;;8,0;2026-05-11 15:01:00.000000000;;AHP_APRENDIZAGEM_ESPECIALIZACAO_WORKLOAD;;;;;CONCLUIDA;True;0,8228099879716763;1,0;0,10056558101678649;0,9318861991899332;0,6586441863669917;0,018622131623040408;0,14554366998164414
Societário;Reorganizações societárias internas;;Eva;2026-05-05 09:04:00;2026-05-11 15:01:00.000000000;2026-05-14 15:00:59.999999999;5,0;;24,0;2026-05-14 15:00:59.999999999;;AHP_APRENDIZAGEM_ESPECIALIZACAO_WORKLOAD;;;;;CONCLUIDA;True;0,8199754022988857;1,0;0,10056558101678649;0,9137369298384855;0,6586441863669917;0,018622131623040408;0,14270908430885354
Societário;Estruturação de veículos societários (SPVs);;Eva;2026-05-06 09:00:00;2026-05-14 15:00:59.999999999;2026-05-19 15:00:59.999999999;5,0;;24,0;2026-05-19 15:00:59.999999999;;AHP_APRENDIZAGEM_ESPECIALIZACAO_WORKLOAD;;;;;CONCLUIDA;True;0,8138768587893054;1,0;0,10033598994331525;0,8749614197537293;0,6586441863669917;0,01857961732394892;0,1366530550983647
Governança;Estruturação de framework de riscos;;Adão;2026-05-06 09:01:00;2026-06-24 13:02:00.000000000;2026-06-29 13:01:59.999999999;5,0;;24,0;2026-06-29 13:01:59.999999999;;AHP_APRENDIZAGEM_ESPECIALIZACAO_WORKLOAD;;;;;CONCLUIDA;True;0,8973149363993758;1,0;1,0;0,34252864693853935;0,6586441863669917;0,1851740071976712;0,053496742834712875
Societário;Gestão de earn-outs, ajustes de preço e garantias;;Eva;2026-05-06 09:02:00;2026-05-19 15:00:59.999999999;2026-05-20 09:00:59.999999999;1,0;;2,0;2026-05-20 09:00:59.999999999;;AHP_APRENDIZAGEM_ESPECIALIZACAO_WORKLOAD;;;;;CONCLUIDA;True;0,8052099672407026;1,0;0,10033598994331525;0,8194690948382077;0,6586441863669917;0,01857961732394892;0,12798616354976186
Contratos;Contrato de Licença de Uso de Marca;;Adão;2026-05-06 09:03:00;2026-06-29 13:01:59.999999999;2026-06-30 13:02:00.000000000;3,0;;8,0;2026-06-30 13:02:00.000000000;;AHP_APRENDIZAGEM_ESPECIALIZACAO_WORKLOAD;;;;;CONCLUIDA;True;0,8088392805734875;1,0;0,5690431181427372;0,28699309333642004;0,6586441863669917;0,10537199445474847;0,04482309975174739
Contratos;Contratos imobiliários;;Adão;2026-05-06 09:04:00;2026-06-30 13:02:00.000000000;2026-07-01 13:02:00.000000000;3,0;;8,0;2026-07-01 13:02:00.000000000;;AHP_APRENDIZAGEM_ESPECIALIZACAO_WORKLOAD;;;;;CONCLUIDA;True;0,8059483080472795;1,0;0,5690431181427372;0,2684827905540978;0,6586441863669917;0,10537199445474847;0,041932127225539254
Societário;Avaliação de impactos (societário, contratual, regulatório, concorrencial, trabalhista, tributário);;Isaque;2026-05-07 09:00:00;2026-05-07 09:00:00.000000000;2026-05-07 17:00:00.000000000;3,0;;8,0;2026-05-07 17:00:00.000000000;;AHP_APRENDIZAGEM_ESPECIALIZACAO_WORKLOAD;;;;;CONCLUIDA;True;0,8476744000483478;1,0;0,17739210671697417;1,0;0,6586441863669917;0,03284840724601903;0,1561818064353371
Direito financeiro;Apoio jurídico à governança financeira corporativa;;Adão;2026-05-07 09:01:00;2026-07-01 13:02:00.000000000;2026-07-02 13:02:00.000000000;3,0;;8,0;2026-07-02 13:02:00.000000000;;AHP_APRENDIZAGEM_ESPECIALIZACAO_WORKLOAD;;;;;CONCLUIDA;True;0,8835896367066148;1,0;1,0;0,2546483745430245;0,6586441863669917;0,1851740071976712;0,039771443141951884
Societário;Reorganizações societárias internas;;Isaque;2026-05-07 09:02:00;2026-05-08 09:00:00.000000000;2026-05-12 17:00:00.000000000;5,0;;24,0;2026-05-12 17:00:00.000000000;;AHP_APRENDIZAGEM_ESPECIALIZACAO_WORKLOAD;;;;;CONCLUIDA;True;0,8447396212341294;1,0;0,17739210671697417;0,9812092145608932;0,6586441863669917;0,03284840724601903;0,15324702762111858
Contratos;Contratos imobiliários;;Adão;2026-05-07 09:03:00;2026-07-02 13:02:00.000000000;2026-07-03 13:02:00.000000000;3,0;;8,0;2026-07-03 13:02:00.000000000;;AHP_APRENDIZAGEM_ESPECIALIZACAO_WORKLOAD;;;;;CONCLUIDA;True;0,8056281034252566;1,0;0,5948811207871805;0,2357982466485827;0,6586441863669917;0,11015652094240407;0,03682739611586082
Societário;Avaliação de impactos (societário, contratual, regulatório, concorrencial, trabalhista, tributário);;Isaque;2026-05-07 09:04:00;2026-05-13 09:00:00.000000000;2026-05-13 17:00:00.000000000;3,0;;8,0;2026-05-13 17:00:00.000000000;;AHP_APRENDIZAGEM_ESPECIALIZACAO_WORKLOAD;;;;;CONCLUIDA;True;0,8359043001096;1,0;0,17736240005970985;0,9246736908318918;0,6586441863669917;0,03284290634525295;0,14441720739735528
Regulatório;Interface direta com equipes técnicas dos reguladores;;Adão;2026-05-08 09:00:00;2026-07-03 13:02:00.000000000;2026-07-06 13:02:00.000000000;3,0;;8,0;2026-07-06 13:02:00.000000000;;AHP_APRENDIZAGEM_ESPECIALIZACAO_WORKLOAD;;;;;CONCLUIDA;True;0,8783458861892699;1,0;1,0;0,22107371794871802;0,6586441863669917;0,1851740071976712;0,03452769262460699
Contratos;Contratos imobiliários;;Adão;2026-05-08 09:01:00;2026-07-06 13:02:00.000000000;2026-07-07 13:02:00.000000000;3,0;;8,0;2026-07-07 13:02:00.000000000;;AHP_APRENDIZAGEM_ESPECIALIZACAO_WORKLOAD;;;;;CONCLUIDA;True;0,8050148970503007;1,0;0,6202017930868144;0,20185103569854568;0,6586441863669917;0,11484525129706635;0,03152545938624258
Contratos;Contrato de Distribuição;;Adão;2026-05-08 09:02:00;2026-07-07 13:02:00.000000000;2026-07-08 13:02:00.000000000;3,0;;8,0;2026-07-08 13:02:00.000000000;;AHP_APRENDIZAGEM_ESPECIALIZACAO_WORKLOAD;;;;;CONCLUIDA;True;0,802012423229098;1,0;0,6202017930868144;0,1826268130459172;0,6586441863669917;0,11484525129706635;0,02852298556503994
Societário;Estruturação jurídica de carve-outs, spin-offs e alienação de ativos;;Isaque;2026-05-08 09:03:00;2026-05-14 09:00:00.000000000;2026-05-18 17:00:00.000000000;5,0;;24,0;2026-05-18 17:00:00.000000000;;AHP_APRENDIZAGEM_ESPECIALIZACAO_WORKLOAD;;;;;CONCLUIDA;True;0,8361007391494122;0,9944694075142654;0,1993481410159056;0,9231878831590336;0,6550014937790977;0,03691409409932167;0,1441851512709928
Societário;Integração societária;;Eva;2026-05-08 09:04:00;2026-05-20 09:00:59.999999999;2026-05-20 11:00:59.999999999;1,0;;2,0;2026-05-20 11:00:59.999999999;;AHP_APRENDIZAGEM_ESPECIALIZACAO_WORKLOAD;;;;;CONCLUIDA;True;0,8283459038213971;1,0;0,20269020582752692;0,8462493989421382;0,6586441863669917;0,037532957632803926;0,1321687598216014
Contratos;Letter of Intent;;Adão;2026-05-11 09:00:00;2026-07-08 13:02:00.000000000;2026-07-08 15:02:00.000000000;1,0;;2,0;2026-07-08 15:02:00.000000000;;AHP_APRENDIZAGEM_ESPECIALIZACAO_WORKLOAD;;;;;CONCLUIDA;True;0,7995069787851081;1,0;0,6202017930868144;0,1665849673202615;0,6586441863669917;0,11484525129706635;0,02601754112105004
Regulatório;Apoio a ofertas públicas e privadas sob a ótica regulatória;;Adão;2026-05-11 09:01:00;2026-07-08 15:02:00.000000000;2026-07-09 15:02:00.000000000;3,0;;8,0;2026-07-09 15:02:00.000000000;;AHP_APRENDIZAGEM_ESPECIALIZACAO_WORKLOAD;;;;;CONCLUIDA;True;0,8690711691711446;1,0;1,0;0,16168961150373798;0,6586441863669917;0,1851740071976712;0,02525297560648166
Regulatório;Registro de companhias abertas, emissores e participantes de mercado na CVM;;Adão;2026-05-11 09:02:00;2026-07-09 15:02:00.000000000;2026-07-10 09:02:00.000000000;1,0;;2,0;2026-07-10 09:02:00.000000000;;AHP_APRENDIZAGEM_ESPECIALIZACAO_WORKLOAD;;;;;CONCLUIDA;True;0,8660095622541842;1,0;1,0;0,14208677179508136;0,6586441863669917;0,1851740071976712;0,022191368689521315
Regulatório;Análise de impactos regulatórios em operações, produtos e modelos de negócio;;Adão;2026-05-11 09:03:00;2026-07-10 09:02:00.000000000;2026-07-13 09:01:59.999999999;3,0;;8,0;2026-07-13 09:01:59.999999999;;AHP_APRENDIZAGEM_ESPECIALIZACAO_WORKLOAD;;;;;CONCLUIDA;True;0,8652447779504071;1,0;1,0;0,1371900151162315;0,6586441863669917;0,1851740071976712;0,02142658438574424
Societário;Regularização societária;;Eva;2026-05-11 09:04:00;2026-05-20 11:00:59.999999999;2026-05-21 11:01:00.000000000;3,0;;8,0;2026-05-21 11:01:00.000000000;;AHP_APRENDIZAGEM_ESPECIALIZACAO_WORKLOAD;;;;;CONCLUIDA;True;0,8343752574499488;1,0;0,2253883591275128;0,8579424742605001;0,6586441863669917;0,04173606563534935;0,13399500544760762
Contratos;Letter of Intent;;Adão;2026-05-12 09:00:00;2026-07-13 09:01:59.999999999;2026-07-13 11:01:59.999999999;1,0;;2,0;2026-07-13 11:01:59.999999999;;AHP_APRENDIZAGEM_ESPECIALIZACAO_WORKLOAD;;;;;CONCLUIDA;True;0,7967977405725349;1,0;0,6449325928144679;0,11991666666666674;0,6586441863669917;0,11942475258383903;0,018728801621704188
Societário;SPA / SHA e documentos correlatos;;Eva;2026-05-12 09:01:00;2026-05-21 11:01:00.000000000;2026-05-21 13:01:00.000000000;1,0;;2,0;2026-05-21 13:01:00.000000000;;AHP_APRENDIZAGEM_ESPECIALIZACAO_WORKLOAD;;;;;CONCLUIDA;True;0,8381445113746206;1,0;0,2482304338425389;0,8549939580822813;0,6586441863669917;0,04596582414303934;0,1335345008645896
Contratos;Contrato de compra e venda;;Adão;2026-05-12 09:02:00;2026-07-13 11:01:59.999999999;2026-07-14 11:02:00.000000000;3,0;;8,0;2026-07-14 11:02:00.000000000;;AHP_APRENDIZAGEM_ESPECIALIZACAO_WORKLOAD;;;;;CONCLUIDA;True;0,7960183273227226;1,0;0,6449325928144679;0,11492624385365453;0,6586441863669917;0,11942475258383903;0,017949388371891823
Regulatório;Apoio a ofertas públicas e privadas sob a ótica regulatória;;Adão;2026-05-12 09:03:00;2026-07-14 11:02:00.000000000;2026-07-15 11:02:00.000000000;3,0;;8,0;2026-07-15 11:02:00.000000000;;AHP_APRENDIZAGEM_ESPECIALIZACAO_WORKLOAD;;;;;CONCLUIDA;True;0,8586443032891993;1,0;1,0;0,09492853273325826;0,6586441863669917;0,1851740071976712;0,014826109724536303
Contratos;Contrato de Cessão de Crédito;;Adão;2026-05-12 09:04:00;2026-07-15 11:02:00.000000000;2026-07-16 11:02:00.000000000;3,0;;8,0;2026-07-16 11:02:00.000000000;;AHP_APRENDIZAGEM_ESPECIALIZACAO_WORKLOAD;;;;;CONCLUIDA;True;0,7897715097114049;1,0;0,6449325928144679;0,07492915485914313;0,6586441863669917;0,11942475258383903;0,01170257076057409
Contratos;Contrato de prestação de serviços;;Adão;2026-05-13 09:00:00;2026-07-16 11:02:00.000000000;2026-07-17 11:02:00.000000000;3,0;;8,0;2026-07-17 11:02:00.000000000;;AHP_APRENDIZAGEM_ESPECIALIZACAO_WORKLOAD;;;;;CONCLUIDA;True;0,7912791841974135;1,0;0,6690084370255251;0,05603741496598647;0,6586441863669917;0,12388297313306734;0,008752024697354362
Contratos;Contrato de Escrow de Código-Fonte;;Adão;2026-05-13 09:01:00;2026-07-17 11:02:00.000000000;2026-07-20 11:02:00.000000000;3,0;;8,0;2026-07-20 11:02:00.000000000;;AHP_APRENDIZAGEM_ESPECIALIZACAO_WORKLOAD;;;;;CONCLUIDA;True;0,788092036994545;1,0;0,6690084370255251;0,03563076661422687;0,6586441863669917;0,12388297313306734;0,005564877494485853
Direito financeiro;Estruturação jurídica de debêntures, CRI, CRA, notas comerciais;;Adão;2026-05-13 09:02:00;2026-07-20 11:02:00.000000000;2026-07-23 11:01:59.999999999;5,0;;24,0;2026-07-23 11:01:59.999999999;;AHP_APRENDIZAGEM_ESPECIALIZACAO_WORKLOAD;;;;;CONCLUIDA;True;0,8461956528173141;1,0;1,0;0,015222382855685083;0,6586441863669917;0,1851740071976712;0,0023774592526512018
Societário;Integração societária;;Isaque;2026-05-13 09:03:00;2026-05-19 09:00:00.000000000;2026-05-19 11:00:00.000000000;1,0;;2,0;2026-05-19 11:00:00.000000000;;AHP_APRENDIZAGEM_ESPECIALIZACAO_WORKLOAD;;;;;CONCLUIDA;True;0,8612677951175554;1,0;0,3165295763337115;0,9220700028456441;0,6586441863669917;0,0586130500462945;0,14401055870426913
Direito digital;Mapeamento de dados pessoais (data mapping / data inventory);;Adão;2026-05-13 09:04:00;2026-07-23 11:01:59.999999999;2026-07-23 15:01:59.999999999;2,0;;4,0;2026-07-23 15:01:59.999999999;;AHP_APRENDIZAGEM_ESPECIALIZACAO_WORKLOAD;;;;;CONCLUIDA;True;0,8438181935646629;1,0;1,0;0,0;0,6586441863669917;0,1851740071976712;0,0
Contratos;Contrato de Hosting;;Adão;2026-05-14 09:00:00;2026-07-23 15:01:59.999999999;2026-07-24 15:02:00.000000000;3,0;;8,0;2026-07-24 15:02:00.000000000;;AHP_APRENDIZAGEM_ESPECIALIZACAO_WORKLOAD;;;;;CONCLUIDA;True;0,7868535217897101;1,0;0,6923722036530559;0,0;0,6586441863669917;0,12820933542271842;0,0
Societário;Análise jurídica preliminar e de estrutura da operação;;Isaque;2026-05-14 09:01:00;2026-05-19 11:00:00.000000000;2026-05-22 11:00:00.000000000;5,0;;24,0;2026-05-22 11:00:00.000000000;;AHP_APRENDIZAGEM_ESPECIALIZACAO_WORKLOAD;;;;;CONCLUIDA;True;0,8682663372458942;1,0;0,34152839555678843;0,9372408518175597;0,6586441863669917;0,06324218157704184;0,14637996930186056
Contratos;Contrato de Transferência de Tecnologia;;Adão;2026-05-14 09:02:00;2026-07-24 15:02:00.000000000;2026-07-27 15:02:00.000000000;3,0;;8,0;2026-07-27 15:02:00.000000000;;AHP_APRENDIZAGEM_ESPECIALIZACAO_WORKLOAD;;;;;CONCLUIDA;True;0,7868535217897101;1,0;0,6923722036530559;0,0;0,6586441863669917;0,12820933542271842;0,0
Regulatório;Análise regulatória de modelos inovadores (open finance, cripto, tokenização);;Adão;2026-05-14 09:03:00;2026-07-27 15:02:00.000000000;2026-07-28 15:02:00.000000000;3,0;;8,0;2026-07-28 15:02:00.000000000;;AHP_APRENDIZAGEM_ESPECIALIZACAO_WORKLOAD;;;;;CONCLUIDA;True;0,8438181935646629;1,0;1,0;0,0;0,6586441863669917;0,1851740071976712;0,0
Societário;Due diligence societária;;Isaque;2026-05-14 09:04:00;2026-05-22 11:00:00.000000000;2026-05-27 11:00:00.000000000;5,0;;24,0;2026-05-27 11:00:00.000000000;;AHP_APRENDIZAGEM_ESPECIALIZACAO_WORKLOAD;;;;;CONCLUIDA;True;0,8599303074098277;1,0;0,34152839555678843;0,8838669664315063;0,6586441863669917;0,06324218157704184;0,13804393946579413
Societário;Análise jurídica preliminar e de estrutura da operação;;Eva;2026-05-15 09:00:00;2026-05-21 13:01:00.000000000;2026-05-26 13:00:59.999999999;5,0;;24,0;2026-05-26 13:00:59.999999999;;AHP_APRENDIZAGEM_ESPECIALIZACAO_WORKLOAD;;;;;CONCLUIDA;True;0,8702002263977997;1,0;0,37101813888546487;0,9146591896381275;0,6586441863669917;0,06870291552044364;0,14285312451036433
Societário;Aprovações regulatórias e concorrenciais;;Eva;2026-05-15 09:01:00;2026-05-26 13:00:59.999999999;2026-05-27 13:01:00.000000000;3,0;;8,0;2026-05-27 13:01:00.000000000;;AHP_APRENDIZAGEM_ESPECIALIZACAO_WORKLOAD;;;;;CONCLUIDA;True;0,8613238412573085;1,0;0,37101813888546487;0,857825520319761;0,6586441863669917;0,06870291552044364;0,13397673936987325
Societário;Suporte jurídico às negociações comerciais;;Eva;2026-05-15 09:02:00;2026-05-27 13:01:00.000000000;2026-05-28 13:01:00.000000000;3,0;;8,0;2026-05-28 13:01:00.000000000;;AHP_APRENDIZAGEM_ESPECIALIZACAO_WORKLOAD;;;;;CONCLUIDA;True;0,8583683400586509;1,0;0,37101813888546487;0,8389020537130325;0,6586441863669917;0,06870291552044364;0,1310212381712156
Concorrencial;Revisão concorrencial de documentos;;Davi;2026-05-15 09:03:00;2026-07-16 13:04:00.000000000;2026-07-17 13:04:00.000000000;3,0;;8,0;2026-07-17 13:04:00.000000000;;AHP_APRENDIZAGEM_ESPECIALIZACAO_WORKLOAD;;;;;CONCLUIDA;True;0,8682333596402926;1,0;1,0;0,15632528930786918;0,6586441863669917;0,1851740071976712;0,0244151660756297
Direito financeiro;Apoio jurídico a emissões de valores mobiliários;;Adão;2026-05-15 09:04:00;2026-07-28 15:02:00.000000000;2026-07-29 09:02:00.000000000;1,0;;2,0;2026-07-29 09:02:00.000000000;;AHP_APRENDIZAGEM_ESPECIALIZACAO_WORKLOAD;;;;;CONCLUIDA;True;0,8438181935646629;1,0;1,0;0,0;0,6586441863669917;0,1851740071976712;0,0
Societário;Integração societária;;Eva;2026-05-18 09:00:00;2026-05-28 13:01:00.000000000;2026-05-28 15:01:00.000000000;1,0;;2,0;2026-05-28 15:01:00.000000000;;AHP_APRENDIZAGEM_ESPECIALIZACAO_WORKLOAD;;;;;CONCLUIDA;True;0,8575678870055967;1,0;0,36871170469340114;0,8365114974767223;0,6586441863669917;0,06827582385876148;0,1306478767798434
Societário;Atos perante Junta Comercial;;Eva;2026-05-18 09:01:00;2026-05-28 15:01:00.000000000;2026-05-29 09:00:59.999999999;1,0;;2,0;2026-05-29 09:00:59.999999999;;AHP_APRENDIZAGEM_ESPECIALIZACAO_WORKLOAD;;;;;CONCLUIDA;True;0,8568222770983225;1,0;0,36871170469340114;0,831737510516961;0,6586441863669917;0,06827582385876148;0,12990226687256917
Societário;Regularização societária;;Eva;2026-05-18 09:02:00;2026-05-29 09:00:59.999999999;2026-06-01 09:00:59.999999999;3,0;;8,0;2026-06-01 09:00:59.999999999;;AHP_APRENDIZAGEM_ESPECIALIZACAO_WORKLOAD;;;;;CONCLUIDA;True;0,8560766074466646;1,0;0,36871170469340114;0,8269631410261932;0,6586441863669917;0,06827582385876148;0,12915659722091127
Societário;Análise jurídica preliminar e de estrutura da operação;;Eva;2026-05-18 09:03:00;2026-06-01 09:00:59.999999999;2026-06-04 09:00:59.999999999;5,0;;24,0;2026-06-04 09:00:59.999999999;;AHP_APRENDIZAGEM_ESPECIALIZACAO_WORKLOAD;;;;;CONCLUIDA;True;0,8530781655823354;1,0;0,36871170469340114;0,8077647341645684;0,6586441863669917;0,06827582385876148;0,12615815535658215
Societário;Suporte jurídico às negociações comerciais;;Isaque;2026-05-18 09:04:00;2026-05-27 11:00:00.000000000;2026-05-28 11:00:00.000000000;3,0;;8,0;2026-05-28 11:00:00.000000000;;AHP_APRENDIZAGEM_ESPECIALIZACAO_WORKLOAD;;;;;CONCLUIDA;True;0,8492773511562269;0,9899101570773555;0,33940528434869727;0,860726019713025;0,6519985699846358;0,0628490365669133;0,13442974460467783
Regulatório;Interface com escritórios externos especializados;;Adão;2026-05-19 09:00:00;2026-07-29 09:02:00.000000000;2026-07-29 11:02:00.000000000;1,0;;2,0;2026-07-29 11:02:00.000000000;;AHP_APRENDIZAGEM_ESPECIALIZACAO_WORKLOAD;;;;;CONCLUIDA;True;0,8438181935646629;1,0;1,0;0,0;0,6586441863669917;0,1851740071976712;0,0
Societário;Estruturação de veículos societários (SPVs);;Isaque;2026-05-19 09:01:00;2026-05-28 11:00:00.000000000;2026-06-02 11:00:00.000000000;5,0;;24,0;2026-06-02 11:00:00.000000000;;AHP_APRENDIZAGEM_ESPECIALIZACAO_WORKLOAD;;;;;CONCLUIDA;True;0,8773386174840283;0,9976280358194528;0,4653011043807255;0,8585829844314313;0,6570819059492036;0,08616167005168082;0,13409504148314386
Societário;Due diligence societária;;Isaque;2026-05-19 09:02:00;2026-06-02 11:00:00.000000000;2026-06-05 11:00:00.000000000;5,0;;24,0;2026-06-05 11:00:00.000000000;;AHP_APRENDIZAGEM_ESPECIALIZACAO_WORKLOAD;;;;;CONCLUIDA;True;0,8682017188569733;0,9976280358194528;0,4653011043807255;0,8000813008128728;0,6570819059492036;0,08616167005168082;0,12495814285608882
Concorrencial;Gestão de canal de dúvidas;;Davi;2026-05-19 09:03:00;2026-07-17 13:04:00.000000000;2026-07-17 15:04:00.000000000;1,0;;2,0;2026-07-17 15:04:00.000000000;;AHP_APRENDIZAGEM_ESPECIALIZACAO_WORKLOAD;;;;;CONCLUIDA;True;0,8674241920330712;1,0;1,0;0,15114435546102903;0,6586441863669917;0,1851740071976712;0,02360599846840822
Concorrencial;Gestão de canal de dúvidas;;Davi;2026-05-19 09:04:00;2026-07-17 15:04:00.000000000;2026-07-20 09:03:59.999999999;1,0;;2,0;2026-07-20 09:03:59.999999999;;AHP_APRENDIZAGEM_ESPECIALIZACAO_WORKLOAD;;;;;CONCLUIDA;True;0,8666632272890357;1,0;1,0;0,14627205463801007;0,6586441863669917;0,1851740071976712;0,022845033724372743
Contratos;Contrato de Representação Comercial;;Adão;2026-05-20 09:00:00;2026-07-29 11:02:00.000000000;2026-07-30 11:02:00.000000000;3,0;;8,0;2026-07-30 11:02:00.000000000;;AHP_APRENDIZAGEM_ESPECIALIZACAO_WORKLOAD;;;;;CONCLUIDA;True;0,7910389799337129;1,0;0,7149750419635901;0,0;0,6586441863669917;0,1323947935667211;0,0
Societário;Gestão de Advisors e Governança da Operação;;Eva;2026-05-20 09:01:00;2026-06-04 09:00:59.999999999;2026-06-05 09:00:59.999999999;3,0;;8,0;2026-06-05 09:00:59.999999999;;AHP_APRENDIZAGEM_ESPECIALIZACAO_WORKLOAD;;;;;CONCLUIDA;True;0,8654652621313232;0,9881713361671198;0,4965639479283781;0,7853745782697081;0,6508533057009757;0,09195073606779351;0,12266122036255407
Contratos;MoU;;Adão;2026-05-20 09:02:00;2026-07-30 11:02:00.000000000;2026-07-30 13:02:00.000000000;1,0;;2,0;2026-07-30 13:02:00.000000000;;AHP_APRENDIZAGEM_ESPECIALIZACAO_WORKLOAD;;;;;CONCLUIDA;True;0,7910389799337129;1,0;0,7149750419635901;0,0;0,6586441863669917;0,1323947935667211;0,0
Regulatório;Elaboração de defesas, manifestações e recursos;;Adão;2026-05-20 09:03:00;2026-07-30 13:02:00.000000000;2026-08-03 13:02:00.000000000;4,0;;16,0;2026-08-03 13:02:00.000000000;;AHP_APRENDIZAGEM_ESPECIALIZACAO_WORKLOAD;;;;;CONCLUIDA;True;0,8438181935646629;1,0;1,0;0,0;0,6586441863669917;0,1851740071976712;0,0
Societário;Atos perante Junta Comercial;;Isaque;2026-05-20 09:04:00;2026-06-05 11:00:00.000000000;2026-06-05 13:00:00.000000000;1,0;;2,0;2026-06-05 13:00:00.000000000;;AHP_APRENDIZAGEM_ESPECIALIZACAO_WORKLOAD;;;;;CONCLUIDA;True;0,8656359269744116;1,0;0,46739629556458434;0,7711659786586256;0,6586441863669917;0,08654964499904119;0,12044209560837876
Societário;Atas de Reunião e Assembleia;;Isaque;2026-05-21 09:00:00;2026-06-05 13:00:00.000000000;2026-06-05 17:00:00.000000000;2,0;;4,0;2026-06-05 17:00:00.000000000;;AHP_APRENDIZAGEM_ESPECIALIZACAO_WORKLOAD;;;;;CONCLUIDA;True;0,8671670999264541;1,0;0,46739629556458434;0,7809697643042754;0,6586441863669917;0,08654964499904119;0,12197326856042119
Contratos;Contrato de Mútuo, Doação ou Comodato;;Adão;2026-05-21 09:01:00;2026-08-03 13:02:00.000000000;2026-08-04 13:02:00.000000000;3,0;;8,0;2026-08-04 13:02:00.000000000;;AHP_APRENDIZAGEM_ESPECIALIZACAO_WORKLOAD;;;;;CONCLUIDA;True;0,7910389799337129;1,0;0,7149750419635901;0,0;0,6586441863669917;0,1323947935667211;0,0
Regulatório;Análise de requisitos prudenciais e de liquidez;;Adão;2026-05-21 09:02:00;2026-08-04 13:02:00.000000000;2026-08-04 15:02:00.000000000;1,0;;2,0;2026-08-04 15:02:00.000000000;;AHP_APRENDIZAGEM_ESPECIALIZACAO_WORKLOAD;;;;;CONCLUIDA;True;0,8438181935646629;1,0;1,0;0,0;0,6586441863669917;0,1851740071976712;0,0
Societário;Gestão de passivos;;Eva;2026-05-21 09:03:00;2026-06-05 09:00:59.999999999;2026-06-05 11:00:59.999999999;1,0;;2,0;2026-06-05 11:00:59.999999999;;AHP_APRENDIZAGEM_ESPECIALIZACAO_WORKLOAD;;;;;CONCLUIDA;True;0,8667398532199037;0,987142987448536;0,4986335717926201;0,7954184270706846;0,6501759897959225;0,09233397661212712;0,12422988681185396
Governança;Treinamentos corporativos;;Adão;2026-05-21 09:04:00;2026-08-04 15:02:00.000000000;2026-08-05 09:02:00.000000000;1,0;;2,0;2026-08-05 09:02:00.000000000;;AHP_APRENDIZAGEM_ESPECIALIZACAO_WORKLOAD;;;;;CONCLUIDA;True;0,8438181935646629;1,0;1,0;0,0;0,6586441863669917;0,1851740071976712;0,0
Societário;Closing da operação;;Isaque;2026-05-22 09:00:00;2026-06-08 09:00:00.000000000;2026-06-08 11:00:00.000000000;1,0;;2,0;2026-06-08 11:00:00.000000000;;AHP_APRENDIZAGEM_ESPECIALIZACAO_WORKLOAD;;;;;CONCLUIDA;True;0,8686377338257647;1,0;0,4656392442657058;0,7924691455072927;0,6586441863669917;0,08622428476917597;0,123769262689597
Societário;Atualização de Contrato Social / Estatuto;;Isaque;2026-05-22 09:01:00;2026-06-08 11:00:00.000000000;2026-06-09 11:00:00.000000000;3,0;;8,0;2026-06-09 11:00:00.000000000;;AHP_APRENDIZAGEM_ESPECIALIZACAO_WORKLOAD;;;;;CONCLUIDA;True;0,8679059211018323;1,0;0,4656392442657058;0,7877834990761551;0,6586441863669917;0,08622428476917597;0,12303744996566462
Regulatório;Interface com áreas de risco, tesouraria e controles internos;;Adão;2026-05-22 09:02:00;2026-08-05 09:02:00.000000000;2026-08-05 11:02:00.000000000;1,0;;2,0;2026-08-05 11:02:00.000000000;;AHP_APRENDIZAGEM_ESPECIALIZACAO_WORKLOAD;;;;;CONCLUIDA;True;0,8438181935646629;1,0;1,0;0,0;0,6586441863669917;0,1851740071976712;0,0
Societário;Atualização de Contrato Social / Estatuto;;Isaque;2026-05-22 09:03:00;2026-06-09 11:00:00.000000000;2026-06-10 11:00:00.000000000;3,0;;8,0;2026-06-10 11:00:00.000000000;;AHP_APRENDIZAGEM_ESPECIALIZACAO_WORKLOAD;;;;;CONCLUIDA;True;0,8651380557936155;1,0;0,4656392442657058;0,7700614265032344;0,6586441863669917;0,08622428476917597;0,12026958465744772
Societário;Gestão de conflitos societários;;Eva;2026-05-22 09:04:00;2026-06-05 11:00:59.999999999;2026-06-05 13:00:59.999999999;1,0;;2,0;2026-06-05 13:00:59.999999999;;AHP_APRENDIZAGEM_ESPECIALIZACAO_WORKLOAD;;;;;CONCLUIDA;True;0,8632463612456747;0,971996596104265;0,523355483932444;0,8076140543083754;0,6401999071925791;0,09691183214864707;0,12613462190444852
Societário;Estruturação de veículos societários (SPVs);;Eva;2026-05-25 09:00:00;2026-06-05 13:00:59.999999999;2026-06-10 13:00:59.999999999;5,0;;24,0;2026-06-10 13:00:59.999999999;;AHP_APRENDIZAGEM_ESPECIALIZACAO_WORKLOAD;;;;;CONCLUIDA;True;0,8832808903579753;1,0;0,5230515537263398;0,8181564468548614;0,6586441863669917;0,09685555217447435;0,12778115181650915
Societário;Regularização societária;;Eva;2026-05-25 09:01:00;2026-06-10 13:00:59.999999999;2026-06-11 13:01:00.000000000;3,0;;8,0;2026-06-11 13:01:00.000000000;;AHP_APRENDIZAGEM_ESPECIALIZACAO_WORKLOAD;;;;;CONCLUIDA;True;0,8743189661876783;1,0;0,5230515537263398;0,7607750887130769;0,6586441863669917;0,09685555217447435;0,11881922764621218
Contratos;Contrato de Licença de Uso de Marca;;Adão;2026-05-25 09:02:00;2026-08-05 11:02:00.000000000;2026-08-06 11:02:00.000000000;3,0;;8,0;2026-08-06 11:02:00.000000000;;AHP_APRENDIZAGEM_ESPECIALIZACAO_WORKLOAD;;;;;CONCLUIDA;True;0,802682711574635;1,0;0,777854988329349;0,0;0,6586441863669917;0,1440385252076433;0,0
Contratos;Contratos imobiliários;;Adão;2026-05-25 09:03:00;2026-08-06 11:02:00.000000000;2026-08-07 11:02:00.000000000;3,0;;8,0;2026-08-07 11:02:00.000000000;;AHP_APRENDIZAGEM_ESPECIALIZACAO_WORKLOAD;;;;;CONCLUIDA;True;0,802682711574635;1,0;0,777854988329349;0,0;0,6586441863669917;0,1440385252076433;0,0
Societário;Due diligence societária;;Eva;2026-05-25 09:04:00;2026-06-11 13:01:00.000000000;2026-06-16 13:00:59.999999999;5,0;;24,0;2026-06-16 13:00:59.999999999;;AHP_APRENDIZAGEM_ESPECIALIZACAO_WORKLOAD;;;;;CONCLUIDA;True;0,8728265578413668;1,0;0,523027371774142;0,7512481757436255;0,6586441863669917;0,09685107430548402;0,11733129716889103
Contratos;Contrato de Desenvolvimento de Software;;Adão;2026-05-26 09:00:00;2026-08-07 11:02:00.000000000;2026-08-10 11:02:00.000000000;3,0;;8,0;2026-08-10 11:02:00.000000000;;AHP_APRENDIZAGEM_ESPECIALIZACAO_WORKLOAD;;;;;CONCLUIDA;True;0,802682711574635;1,0;0,777854988329349;0,0;0,6586441863669917;0,1440385252076433;0,0
Tributário;Interface com escritórios externos;;Abel;2026-05-26 09:01:00;2026-05-26 09:01:00.000000000;2026-05-26 11:01:00.000000000;1,0;;2,0;2026-05-26 11:01:00.000000000;;AHP_APRENDIZAGEM_ESPECIALIZACAO_WORKLOAD;;;;;CONCLUIDA;True;1,0;1,0;1,0;1,0;0,6586441863669917;0,1851740071976712;0,1561818064353371
Societário;Suporte jurídico às negociações comerciais;;Eva;2026-05-26 09:02:00;2026-06-16 13:00:59.999999999;2026-06-17 13:01:00.000000000;3,0;;8,0;2026-06-17 13:01:00.000000000;;AHP_APRENDIZAGEM_ESPECIALIZACAO_WORKLOAD;;;;;CONCLUIDA;True;0,8670596916058692;1,0;0,523027371774142;0,7143241167439288;0,6586441863669917;0,09685107430548402;0,11156443093339344
Tributário;Análise tributária de aquisições, cisões e incorporações;;Abraão;2026-05-26 09:03:00;2026-05-26 09:03:00.000000000;2026-05-29 09:03:00.000000000;5,0;;24,0;2026-05-29 09:03:00.000000000;;AHP_APRENDIZAGEM_ESPECIALIZACAO_WORKLOAD;;;;;CONCLUIDA;True;1,0;1,0;1,0;1,0;0,6586441863669917;0,1851740071976712;0,1561818064353371
Governança;Política de Governaça Corporativa;;Adão;2026-05-26 09:04:00;2026-08-10 11:02:00.000000000;2026-08-11 11:02:00.000000000;3,0;;8,0;2026-08-11 11:02:00.000000000;;AHP_APRENDIZAGEM_ESPECIALIZACAO_WORKLOAD;;;;;CONCLUIDA;True;0,8438181935646629;1,0;1,0;0,0;0,6586441863669917;0,1851740071976712;0,0
Concorrencial;Análise de exclusividade, não concorrência e cláusulas MFN;;Davi;2026-05-27 09:00:00;2026-07-20 09:03:59.999999999;2026-07-20 11:03:59.999999999;1,0;;2,0;2026-07-20 11:03:59.999999999;;AHP_APRENDIZAGEM_ESPECIALIZACAO_WORKLOAD;;;;;CONCLUIDA;True;0,8905851748481803;1,0;1,0;0,29943936717674013;0,6586441863669917;0,1851740071976712;0,046766981283517466
Societário;Closing da operação;;Isaque;2026-05-27 09:01:00;2026-06-10 11:00:00.000000000;2026-06-10 13:00:00.000000000;1,0;;2,0;2026-06-10 13:00:00.000000000;;AHP_APRENDIZAGEM_ESPECIALIZACAO_WORKLOAD;;;;;CONCLUIDA;True;0,8938952064754855;1,0;0,5863192653712237;0,8111055643024461;0,6586441863669917;0,10857108786598425;0,1266799322425095
Concorrencial;Monitoramento regulatório e jurisprudencial;;Davi;2026-05-27 09:02:00;2026-07-20 11:03:59.999999999;2026-07-21 11:03:59.999999999;3,0;;8,0;2026-07-21 11:03:59.999999999;;AHP_APRENDIZAGEM_ESPECIALIZACAO_WORKLOAD;;;;;CONCLUIDA;True;0,8898690349553358;1,0;1,0;0,2948540706611623;0,6586441863669917;0,1851740071976712;0,046050841390672864
Contratos;Contratos Financeiros ou Bancários;;Adão;2026-05-27 09:03:00;2026-08-11 11:02:00.000000000;2026-08-12 11:02:00.000000000;3,0;;8,0;2026-08-12 11:02:00.000000000;;AHP_APRENDIZAGEM_ESPECIALIZACAO_WORKLOAD;;;;;CONCLUIDA;True;0,802682711574635;1,0;0,777854988329349;0,0;0,6586441863669917;0,1440385252076433;0,0
Societário;Estruturação de holdings e grupos;;Isaque;2026-05-27 09:04:00;2026-06-10 13:00:00.000000000;2026-06-15 13:00:00.000000000;5,0;;24,0;2026-06-15 13:00:00.000000000;;AHP_APRENDIZAGEM_ESPECIALIZACAO_WORKLOAD;;;;;CONCLUIDA;True;0,8937367904047805;1,0;0,5863192653712237;0,8100912587676296;0,6586441863669917;0,10857108786598425;0,12652151617180452
Regulatório;Atuação em processos administrativos na CVM e no BCB;;Adão;2026-05-28 09:00:00;2026-08-12 11:02:00.000000000;2026-08-12 13:02:00.000000000;1,0;;2,0;2026-08-12 13:02:00.000000000;;AHP_APRENDIZAGEM_ESPECIALIZACAO_WORKLOAD;;;;;CONCLUIDA;True;0,8438181935646629;1,0;1,0;0,0;0,6586441863669917;0,1851740071976712;0,0
Regulatório;Resposta a ofícios, exigências e questionamentos da CVM e do BCB;;Adão;2026-05-28 09:01:00;2026-08-12 13:02:00.000000000;2026-08-12 15:02:00.000000000;1,0;;2,0;2026-08-12 15:02:00.000000000;;AHP_APRENDIZAGEM_ESPECIALIZACAO_WORKLOAD;;;;;CONCLUIDA;True;0,8438181935646629;1,0;1,0;0,0;0,6586441863669917;0,1851740071976712;0,0
Societário;Gestão de earn-outs, ajustes de preço e garantias;;Eva;2026-05-28 09:02:00;2026-06-17 13:01:00.000000000;2026-06-17 15:01:00.000000000;1,0;;2,0;2026-06-17 15:01:00.000000000;;AHP_APRENDIZAGEM_ESPECIALIZACAO_WORKLOAD;;;;;CONCLUIDA;True;0,8956100550412142;1,0;0,6596030362948315;0,7351978691019787;0,6586441863669917;0,1221413373904649;0,11482453128375754
Governança;Integração com outras áreas;;Adão;2026-05-28 09:03:00;2026-08-12 15:02:00.000000000;2026-08-13 09:02:00.000000000;1,0;;2,0;2026-08-13 09:02:00.000000000;;AHP_APRENDIZAGEM_ESPECIALIZACAO_WORKLOAD;;;;;CONCLUIDA;True;0,8438181935646629;1,0;1,0;0,0;0,6586441863669917;0,1851740071976712;0,0
Contratos;NDA;;Adão;2026-05-28 09:04:00;2026-08-13 09:02:00.000000000;2026-08-13 11:02:00.000000000;1,0;;2,0;2026-08-13 11:02:00.000000000;;AHP_APRENDIZAGEM_ESPECIALIZACAO_WORKLOAD;;;;;CONCLUIDA;True;0,8062448897801513;1,0;0,7970919118016251;0,0;0,6586441863669917;0,14760070341315962;0,0
Societário;Integração societária;;Eva;2026-05-29 09:00:00;2026-06-17 15:01:00.000000000;2026-06-18 09:00:59.999999999;1,0;;2,0;2026-06-18 09:00:59.999999999;;AHP_APRENDIZAGEM_ESPECIALIZACAO_WORKLOAD;;;;;CONCLUIDA;True;0,9011890981342832;1,0;0,6801781465618093;0,7465248444826306;0,6586441863669917;0,12595131300713514;0,11659359876015635
Societário;Estruturação jurídica de carve-outs, spin-offs e alienação de ativos;;Eva;2026-05-29 09:01:00;2026-06-18 09:00:59.999999999;2026-06-23 09:00:59.999999999;5,0;;24,0;2026-06-23 09:00:59.999999999;;AHP_APRENDIZAGEM_ESPECIALIZACAO_WORKLOAD;;;;;CONCLUIDA;True;0,9007815549119162;1,0;0,6818397386068222;0,7419453938027214;0,6586441863669917;0,12625899666443793;0,1158783718804866
Contratos;Contrato de Transferência de Tecnologia;;Adão;2026-05-29 09:02:00;2026-08-13 11:02:00.000000000;2026-08-14 11:02:00.000000000;3,0;;8,0;2026-08-14 11:02:00.000000000;;AHP_APRENDIZAGEM_ESPECIALIZACAO_WORKLOAD;;;;;CONCLUIDA;True;0,8062448897801513;1,0;0,7970919118016251;0,0;0,6586441863669917;0,14760070341315962;0,0
Contratos;Contrato de Mútuo, Doação ou Comodato;;Adão;2026-05-29 09:03:00;2026-08-14 11:02:00.000000000;2026-08-17 11:02:00.000000000;3,0;;8,0;2026-08-17 11:02:00.000000000;;AHP_APRENDIZAGEM_ESPECIALIZACAO_WORKLOAD;;;;;CONCLUIDA;True;0,8062448897801513;1,0;0,7970919118016251;0,0;0,6586441863669917;0,14760070341315962;0,0
Societário;Regularização societária;;Eva;2026-05-29 09:04:00;2026-06-23 09:00:59.999999999;2026-06-24 09:00:59.999999999;3,0;;8,0;2026-06-24 09:00:59.999999999;;AHP_APRENDIZAGEM_ESPECIALIZACAO_WORKLOAD;;;;;CONCLUIDA;True;0,8938972350001233;1,0;0,6818397386068222;0,6978665086308863;0,6586441863669917;0,12625899666443793;0,10899405196869359
Societário;Atos perante Junta Comercial;;Eva;2026-06-01 09:00:00;2026-06-24 09:00:59.999999999;2026-06-24 11:00:59.999999999;1,0;;2,0;2026-06-24 11:00:59.999999999;;AHP_APRENDIZAGEM_ESPECIALIZACAO_WORKLOAD;;;;;CONCLUIDA;True;0,8929832095585117;1,0;0,6816044217930367;0,6922931905594097;0,6586441863669917;0,1262154221070683;0,10812360108445168
Societário;Estruturação jurídica de carve-outs, spin-offs e alienação de ativos;;Isaque;2026-06-01 09:01:00;2026-06-15 13:00:00.000000000;2026-06-18 13:00:00.000000000;5,0;;24,0;2026-06-18 13:00:00.000000000;;AHP_APRENDIZAGEM_ESPECIALIZACAO_WORKLOAD;;;;;CONCLUIDA;True;0,9027300512043785;0,9787425937561484;0,7105734198100567;0,8099996229403114;0,6446431193272375;0,13157972755438127;0,12650720432275975
Societário;SPA / SHA e documentos correlatos;;Eva;2026-06-01 09:02:00;2026-06-24 11:00:59.999999999;2026-06-24 13:00:59.999999999;1,0;;2,0;2026-06-24 13:00:59.999999999;;AHP_APRENDIZAGEM_ESPECIALIZACAO_WORKLOAD;;;;;CONCLUIDA;True;0,8958974599937052;1,0;0,7011147266065129;0,6878205128211413;0,6586441863669917;0,12982822343102768;0,1074250501956858
Societário;Due diligence societária;;Eva;2026-06-01 09:03:00;2026-06-24 13:00:59.999999999;2026-06-29 13:00:59.999999999;5,0;;24,0;2026-06-29 13:00:59.999999999;;AHP_APRENDIZAGEM_ESPECIALIZACAO_WORKLOAD;;;;;CONCLUIDA;True;0,8951947792092847;1,0;0,7011147266065129;0,6833213922099878;0,6586441863669917;0,12982822343102768;0,10672236941126538
Societário;Elaboração e negociação de  SPA;;Isaque;2026-06-01 09:04:00;2026-06-18 13:00:00.000000000;2026-06-19 13:00:00.000000000;3,0;;8,0;2026-06-19 13:00:00.000000000;;AHP_APRENDIZAGEM_ESPECIALIZACAO_WORKLOAD;;;;;CONCLUIDA;True;0,894263263375209;0,9787425937561484;0,7105734198100567;0,7557885210046007;0,6446431193272375;0,13157972755438127;0,11804041649359026
Societário;Acordo de Sócios / Acionistas;;Isaque;2026-06-02 09:00:00;2026-06-19 13:00:00.000000000;2026-06-22 13:00:00.000000000;3,0;;8,0;2026-06-22 13:00:00.000000000;;AHP_APRENDIZAGEM_ESPECIALIZACAO_WORKLOAD;;;;;CONCLUIDA;True;0,893542119498471;0,9787425937561484;0,7105734198100567;0,7511711850088318;0,6446431193272375;0,13157972755438127;0,11731927261685217
Societário;Gestão de conflitos societários;;Isaque;2026-06-02 09:01:00;2026-06-22 13:00:00.000000000;2026-06-22 15:00:00.000000000;1,0;;2,0;2026-06-22 15:00:00.000000000;;AHP_APRENDIZAGEM_ESPECIALIZACAO_WORKLOAD;;;;;CONCLUIDA;True;0,8906678079199469;0,9787425937561484;0,7105734198100567;0,7327675588495065;0,6446431193272375;0,13157972755438127;0,11444496103832812
Societário;Gestão jurídica do encerramento de operações;;Isaque;2026-06-02 09:02:00;2026-06-22 15:00:00.000000000;2026-06-22 17:00:00.000000000;1,0;;2,0;2026-06-22 17:00:00.000000000;;AHP_APRENDIZAGEM_ESPECIALIZACAO_WORKLOAD;;;;;CONCLUIDA;True;0,8899524710608377;0,9787425937561484;0,7105734198100567;0,7281874039938555;0,6446431193272375;0,13157972755438127;0,11372962417921896
Societário;Regularização societária;;Isaque;2026-06-02 09:03:00;2026-06-23 09:00:00.000000000;2026-06-23 17:00:00.000000000;3,0;;8,0;2026-06-23 17:00:00.000000000;;AHP_APRENDIZAGEM_ESPECIALIZACAO_WORKLOAD;;;;;CONCLUIDA;True;0,8892370792582316;0,9787425937561484;0,7105734198100567;0,7236068973462882;0,6446431193272375;0,13157972755438127;0,11301423237661284
Societário;Aumento e redução de capital;;Eva;2026-06-02 09:04:00;2026-06-29 13:00:59.999999999;2026-06-29 15:00:59.999999999;1,0;;2,0;2026-06-29 15:00:59.999999999;;AHP_APRENDIZAGEM_ESPECIALIZACAO_WORKLOAD;;;;;CONCLUIDA;True;0,8885288163250361;1,0;0,7011147266065129;0,6406406021974295;0,6586441863669917;0,12982822343102768;0,10005640652701672
Societário;Avaliação de impactos (societário, contratual, regulatório, concorrencial, trabalhista, tributário);;Eva;2026-06-03 09:00:00;2026-06-29 15:00:59.999999999;2026-06-30 15:01:00.000000000;3,0;;8,0;2026-06-30 15:01:00.000000000;;AHP_APRENDIZAGEM_ESPECIALIZACAO_WORKLOAD;;;;;CONCLUIDA;True;0,8896588152583988;1,0;0,7011147266065129;0,6478757530716166;0,6586441863669917;0,12982822343102768;0,10118640546037948
Contratos;Contrato de Distribuição;;Adão;2026-06-03 09:01:00;2026-08-17 11:02:00.000000000;2026-08-18 11:02:00.000000000;3,0;;8,0;2026-08-18 11:02:00.000000000;;AHP_APRENDIZAGEM_ESPECIALIZACAO_WORKLOAD;;;;;CONCLUIDA;True;0,7737623005346786;0,9406107394962523;0,8329166045776152;0,0;0,6195277952035635;0,15423450533111516;0,0
Societário;Elaboração e negociação de  SPA;;Eva;2026-06-03 09:02:00;2026-06-30 15:01:00.000000000;2026-07-01 15:01:00.000000000;3,0;;8,0;2026-07-01 15:01:00.000000000;;AHP_APRENDIZAGEM_ESPECIALIZACAO_WORKLOAD;;;;;CONCLUIDA;True;0,8878013996742588;1,0;0,7011147266065129;0,6359831029189938;0,6586441863669917;0,12982822343102768;0,09932898987623938
Contratos;Contrato de trabalho;;Adão;2026-06-03 09:03:00;2026-08-18 11:02:00.000000000;2026-08-18 13:02:00.000000000;1,0;;2,0;2026-08-18 13:02:00.000000000;;AHP_APRENDIZAGEM_ESPECIALIZACAO_WORKLOAD;;;;;CONCLUIDA;True;0,7737623005346786;0,9406107394962523;0,8329166045776152;0,0;0,6195277952035635;0,15423450533111516;0,0
Contratos;Contratos imobiliários;;Adão;2026-06-03 09:04:00;2026-08-18 13:02:00.000000000;2026-08-19 13:02:00.000000000;3,0;;8,0;2026-08-19 13:02:00.000000000;;AHP_APRENDIZAGEM_ESPECIALIZACAO_WORKLOAD;;;;;CONCLUIDA;True;0,7737623005346786;0,9406107394962523;0,8329166045776152;0,0;0,6195277952035635;0,15423450533111516;0,0
Regulatório;Preparação de informações e documentos para fiscalização;;Adão;2026-06-04 09:00:00;2026-08-19 13:02:00.000000000;2026-08-21 13:02:00.000000000;4,0;;16,0;2026-08-21 13:02:00.000000000;;AHP_APRENDIZAGEM_ESPECIALIZACAO_WORKLOAD;;;;;CONCLUIDA;True;0,8438181935646629;1,0;1,0;0,0;0,6586441863669917;0,1851740071976712;0,0
Societário;Organização de livros societários;;Eva;2026-06-04 09:01:00;2026-07-01 15:01:00.000000000;2026-07-02 09:00:59.999999999;1,0;;2,0;2026-07-02 09:00:59.999999999;;AHP_APRENDIZAGEM_ESPECIALIZACAO_WORKLOAD;;;;;CONCLUIDA;True;0,9056832963816879;1,0;0,7854764177790939;0,6504553666904186;0,6586441863669917;0,14544981583942693;0,10158929417526917
Societário;Estruturação jurídica de carve-outs, spin-offs e alienação de ativos;;Isaque;2026-06-04 09:02:00;2026-06-24 09:00:00.000000000;2026-06-26 17:00:00.000000000;5,0;;24,0;2026-06-26 17:00:00.000000000;;AHP_APRENDIZAGEM_ESPECIALIZACAO_WORKLOAD;;;;;CONCLUIDA;True;0,9050755230230296;0,9728465127310552;0,7928889036774229;0,7522861356930631;0,6407596998377111;0,14682241555651673;0,11749340762880173
Societário;Elaboração e negociação de LOI;;Eva;2026-06-04 09:03:00;2026-07-02 09:00:59.999999999;2026-07-03 09:00:59.999999999;3,0;;8,0;2026-07-03 09:00:59.999999999;;AHP_APRENDIZAGEM_ESPECIALIZACAO_WORKLOAD;;;;;CONCLUIDA;True;0,90499969307095;1,0;0,7854764177790939;0,6460783952214597;0,6586441863669917;0,14544981583942693;0,10090569086453124
Direito digital;Elaboração e atualização de políticas de privacidade e cookies;;Adão;2026-06-04 09:04:00;2026-08-21 13:02:00.000000000;2026-08-24 13:02:00.000000000;3,0;;8,0;2026-08-24 13:02:00.000000000;;AHP_APRENDIZAGEM_ESPECIALIZACAO_WORKLOAD;;;;;CONCLUIDA;True;0,8438181935646629;1,0;1,0;0,0;0,6586441863669917;0,1851740071976712;0,0
Contratos;Contrato de Distribuição;;Davi;2026-06-05 09:00:00;2026-07-21 11:03:59.999999999;2026-07-22 11:03:59.999999999;3,0;;8,0;2026-07-22 11:03:59.999999999;;AHP_APRENDIZAGEM_ESPECIALIZACAO_WORKLOAD;;;;;CONCLUIDA;True;0,737471567282138;1,0;0,06377815671215725;0,4290981491036976;0,6586441863669917;0,011810056850071207;0,06701732406507512
Societário;Elaboração e negociação de  SHA;;Isaque;2026-06-05 09:01:00;2026-06-29 09:00:00.000000000;2026-06-29 17:00:00.000000000;3,0;;8,0;2026-06-29 17:00:00.000000000;;AHP_APRENDIZAGEM_ESPECIALIZACAO_WORKLOAD;;;;;CONCLUIDA;True;0,9174273216873479;1,0;0,7928889036774229;0,7168614726593887;0,6586441863669917;0,14682241555651673;0,11196071976383935
Societário;Due diligence;;Isaque;2026-06-05 09:02:00;2026-06-30 09:00:00.000000000;2026-07-02 17:00:00.000000000;5,0;;24,0;2026-07-02 17:00:00.000000000;;AHP_APRENDIZAGEM_ESPECIALIZACAO_WORKLOAD;;;;;CONCLUIDA;True;0,9146671702725527;1,0;0,7928889036774229;0,6991887905602872;0,6586441863669917;0,14682241555651673;0,10920056834904422
Contratos;Contrato de Cessão de Crédito;;Davi;2026-06-05 09:03:00;2026-07-22 11:03:59.999999999;2026-07-23 11:03:59.999999999;3,0;;8,0;2026-07-23 11:03:59.999999999;;AHP_APRENDIZAGEM_ESPECIALIZACAO_WORKLOAD;;;;;CONCLUIDA;True;0,7347145992849106;1,0;0,06377815671215725;0,41144584977286003;0,6586441863669917;0,011810056850071207;0,06426035606784762
Contratos;Contratos imobiliários;;Davi;2026-06-05 09:04:00;2026-07-23 11:03:59.999999999;2026-07-24 11:03:59.999999999;3,0;;8,0;2026-07-24 11:03:59.999999999;;AHP_APRENDIZAGEM_ESPECIALIZACAO_WORKLOAD;;;;;CONCLUIDA;True;0,7319524853114265;1,0;0,06377815671215725;0,39376060181392053;0,6586441863669917;0,011810056850071207;0,06149824209436359
Societário;Estruturação jurídica de carve-outs, spin-offs e alienação de ativos;;Eva;2026-06-08 09:00:00;2026-07-03 09:00:59.999999999;2026-07-08 09:00:59.999999999;5,0;;24,0;2026-07-08 09:00:59.999999999;;AHP_APRENDIZAGEM_ESPECIALIZACAO_WORKLOAD;;;;;CONCLUIDA;True;0,9099514149284711;1,0;0,8024609839970986;0,6576458223863323;0,6586441863669917;0,14859491602652905;0,10271231253495024
Contratos;Contratos imobiliários;;Davi;2026-06-08 09:01:00;2026-07-24 11:03:59.999999999;2026-07-27 11:03:59.999999999;3,0;;8,0;2026-07-27 11:03:59.999999999;;AHP_APRENDIZAGEM_ESPECIALIZACAO_WORKLOAD;;;;;CONCLUIDA;True;0,7302396139624392;1,0;0,06377815671215725;0,38279343868473403;0,6586441863669917;0,011810056850071207;0,059785370745376216
Societário;Gestão de conflitos societários;;Eva;2026-06-08 09:02:00;2026-07-08 09:00:59.999999999;2026-07-08 11:00:59.999999999;1,0;;2,0;2026-07-08 11:00:59.999999999;;AHP_APRENDIZAGEM_ESPECIALIZACAO_WORKLOAD;;;;;CONCLUIDA;True;0,9015168662557302;1,0;0,8024609839970986;0,6036411411417668;0,6586441863669917;0,14859491602652905;0,09427776386220943
Societário;Regularização societária;;Eva;2026-06-08 09:03:00;2026-07-08 11:00:59.999999999;2026-07-09 11:01:00.000000000;3,0;;8,0;2026-07-09 11:01:00.000000000;;AHP_APRENDIZAGEM_ESPECIALIZACAO_WORKLOAD;;;;;CONCLUIDA;True;0,9008168572836075;1,0;0,8024609839970986;0,5991591275955053;0,6586441863669917;0,14859491602652905;0,09357775489008666
Societário;Aumento e redução de capital;;Eva;2026-06-08 09:04:00;2026-07-09 11:01:00.000000000;2026-07-09 13:01:00.000000000;1,0;;2,0;2026-07-09 13:01:00.000000000;;AHP_APRENDIZAGEM_ESPECIALIZACAO_WORKLOAD;;;;;CONCLUIDA;True;0,8980060723397651;1,0;0,8024609839970986;0,5811622494187503;0,6586441863669917;0,14859491602652905;0,09076696994624436
Direito digital;Análise de cláusulas de tratamento, compartilhamento e transferência de dados;;Adão;2026-06-09 09:00:00;2026-08-24 13:02:00.000000000;2026-08-25 09:01:59.999999999;2,0;;4,0;2026-08-25 09:01:59.999999999;;AHP_APRENDIZAGEM_ESPECIALIZACAO_WORKLOAD;;;;;CONCLUIDA;True;0,8438181935646629;1,0;1,0;0,0;0,6586441863669917;0,1851740071976712;0,0
Societário;Gestão jurídica do encerramento de operações;;Eva;2026-06-09 09:01:00;2026-07-09 13:01:00.000000000;2026-07-09 15:01:00.000000000;1,0;;2,0;2026-07-09 15:01:00.000000000;;AHP_APRENDIZAGEM_ESPECIALIZACAO_WORKLOAD;;;;;CONCLUIDA;True;0,8994004191728825;1,0;0,8017570376878681;0,5909245861905483;0,6586441863669917;0,14846456346759682;0,0922916693382939
Concorrencial;Relacionamento CADE;;Davi;2026-06-09 09:02:00;2026-07-27 11:03:59.999999999;2026-07-27 13:03:59.999999999;1,0;;2,0;2026-07-27 13:03:59.999999999;;AHP_APRENDIZAGEM_ESPECIALIZACAO_WORKLOAD;;;;;CONCLUIDA;True;0,9027294976738708;1,0;1,0;0,37719696969696975;0,6586441863669917;0,1851740071976712;0,05891130410920785
Contratos;Contrato de Licenciamento de Software;;Davi;2026-06-09 09:03:00;2026-07-27 13:03:59.999999999;2026-07-29 13:04:00.000000000;4,0;;16,0;2026-07-29 13:04:00.000000000;;AHP_APRENDIZAGEM_ESPECIALIZACAO_WORKLOAD;;;;;CONCLUIDA;True;0,7286578347057877;1,0;0,06377815671215725;0,37266563127391195;0,6586441863669917;0,011810056850071207;0,05820359148872482
Concorrencial;M&A Concorrencial;;Davi;2026-06-09 09:04:00;2026-07-29 13:04:00.000000000;2026-08-03 13:04:00.000000000;5,0;;24,0;2026-08-03 13:04:00.000000000;;AHP_APRENDIZAGEM_ESPECIALIZACAO_WORKLOAD;;;;;CONCLUIDA;True;0,8963442212005794;1,0;1,0;0,33631335707250554;0,6586441863669917;0,1851740071976712;0,05252602763591647
Societário;Estruturação jurídica de carve-outs, spin-offs e alienação de ativos;;Eva;2026-06-10 09:00:00;2026-07-09 15:01:00.000000000;2026-07-14 15:00:59.999999999;5,0;;24,0;2026-07-14 15:00:59.999999999;;AHP_APRENDIZAGEM_ESPECIALIZACAO_WORKLOAD;;;;;CONCLUIDA;True;0,9003828238037289;1,0;0,8017570376878681;0,5972147210869788;0,6586441863669917;0,14846456346759682;0,09327407396914036
Societário;Gestão jurídica do encerramento de operações;;Eva;2026-06-10 09:01:00;2026-07-14 15:00:59.999999999;2026-07-15 09:00:59.999999999;1,0;;2,0;2026-07-15 09:00:59.999999999;;AHP_APRENDIZAGEM_ESPECIALIZACAO_WORKLOAD;;;;;CONCLUIDA;True;0,8917099899164207;1,0;0,8017570376878681;0,5416843485983052;0,6586441863669917;0,14846456346759682;0,08460124008183216
Contratos;Contrato de Joint Venture;;Adão;2026-06-10 09:02:00;2026-08-25 09:01:59.999999999;2026-08-28 09:01:59.999999999;5,0;;24,0;2026-08-28 09:01:59.999999999;;AHP_APRENDIZAGEM_ESPECIALIZACAO_WORKLOAD;;;;;CONCLUIDA;True;0,7210369670570383;0,8555176419955991;0,8508496856907742;0,0;0,5634817212347987;0,1575552458222397;0,0
Societário;Atualização de Contrato Social / Estatuto;;Eva;2026-06-10 09:03:00;2026-07-15 09:00:59.999999999;2026-07-16 09:00:59.999999999;3,0;;8,0;2026-07-16 09:00:59.999999999;;AHP_APRENDIZAGEM_ESPECIALIZACAO_WORKLOAD;;;;;CONCLUIDA;True;0,894798677414391;1,0;0,8017570376878681;0,5614605797001596;0,6586441863669917;0,14846456346759682;0,08768992757980248
Societário;Closing da operação;;Eva;2026-06-10 09:04:00;2026-07-16 09:00:59.999999999;2026-07-16 11:00:59.999999999;1,0;;2,0;2026-07-16 11:00:59.999999999;;AHP_APRENDIZAGEM_ESPECIALIZACAO_WORKLOAD;;;;;CONCLUIDA;True;0,8920616506887027;1,0;0,8017570376878681;0,5439359602316203;0,6586441863669917;0,14846456346759682;0,08495290085411414
Societário;Elaboração e negociação de  SHA;;Abraão;2026-06-11 09:00:00;2026-06-11 09:00:00.000000000;2026-06-11 17:00:00.000000000;3,0;;8,0;2026-06-11 17:00:00.000000000;;AHP_APRENDIZAGEM_ESPECIALIZACAO_WORKLOAD;;;;;CONCLUIDA;True;0,8175523879817024;1,0;0,014723422691086046;1,0;0,6586441863669917;0,002726395179373523;0,1561818064353371
Governança;Política de PLDFTP e Fraudes;;Adão;2026-06-11 09:01:00;2026-08-28 09:01:59.999999999;2026-08-31 09:01:59.999999999;3,0;;8,0;2026-08-31 09:01:59.999999999;;AHP_APRENDIZAGEM_ESPECIALIZACAO_WORKLOAD;;;;;CONCLUIDA;True;0,8438181935646629;1,0;1,0;0,0;0,6586441863669917;0,1851740071976712;0,0
Societário;Elaboração e negociação de  SPA;;Abraão;2026-06-11 09:02:00;2026-06-12 09:00:00.000000000;2026-06-12 17:00:00.000000000;3,0;;8,0;2026-06-12 17:00:00.000000000;;AHP_APRENDIZAGEM_ESPECIALIZACAO_WORKLOAD;;;;;CONCLUIDA;True;0,8148237730885705;1,0;0,014723422691086046;0,982529239766082;0,6586441863669917;0,002726395179373523;0,15345319154220513
Contencioso;Acordos, Mediação e Soluções Alternativas;;Eva;2026-06-11 09:03:00;2026-07-16 11:00:59.999999999;2026-07-17 11:01:00.000000000;3,0;;8,0;2026-07-17 11:01:00.000000000;;AHP_APRENDIZAGEM_ESPECIALIZACAO_WORKLOAD;;;;;CONCLUIDA;True;0,9308230881836539;1,0;1,0;0,5570744544756753;0,6586441863669917;0,1851740071976712;0,08700489461899093
Direito digital;Treinamentos e conscientização sobre LGPD e segurança da informação;;Adão;2026-06-11 09:04:00;2026-08-31 09:01:59.999999999;2026-08-31 11:01:59.999999999;1,0;;2,0;2026-08-31 11:01:59.999999999;;AHP_APRENDIZAGEM_ESPECIALIZACAO_WORKLOAD;;;;;CONCLUIDA;True;0,8438181935646629;1,0;1,0;0,0;0,6586441863669917;0,1851740071976712;0,0
Trabalhista;Gestão de riscos relacionados a acidentes de trabalho;;Davi;2026-06-12 09:00:00;2026-08-03 13:04:00.000000000;2026-08-03 15:04:00.000000000;1,0;;2,0;2026-08-03 15:04:00.000000000;;AHP_APRENDIZAGEM_ESPECIALIZACAO_WORKLOAD;;;;;CONCLUIDA;True;0,8986397312801702;1,0;1,0;0,3510110362195393;0,6586441863669917;0,1851740071976712;0,054821537715507185
Contratos;Contrato de Locação;;Davi;2026-06-12 09:01:00;2026-08-03 15:04:00.000000000;2026-08-04 15:04:00.000000000;3,0;;8,0;2026-08-04 15:04:00.000000000;;AHP_APRENDIZAGEM_ESPECIALIZACAO_WORKLOAD;;;;;CONCLUIDA;True;0,724583695630747;1,0;0,06377815671215725;0,34657975630532195;0,6586441863669917;0,011810056850071207;0,054129452413684095
Societário;Reorganizações societárias internas;;Abraão;2026-06-12 09:02:00;2026-06-15 09:00:00.000000000;2026-06-17 17:00:00.000000000;5,0;;24,0;2026-06-17 17:00:00.000000000;;AHP_APRENDIZAGEM_ESPECIALIZACAO_WORKLOAD;;;;;CONCLUIDA;True;0,8174530594152684;1,0;0,029118898054757442;0,9822962962962963;0,6586441863669917;0,005392063037979908;0,1534168100102967
Governança;Benchmarking de melhores práticas;;Adão;2026-06-12 09:03:00;2026-08-31 11:01:59.999999999;2026-08-31 13:01:59.999999999;1,0;;2,0;2026-08-31 13:01:59.999999999;;AHP_APRENDIZAGEM_ESPECIALIZACAO_WORKLOAD;;;;;CONCLUIDA;True;0,8438181935646629;1,0;1,0;0,0;0,6586441863669917;0,1851740071976712;0,0
Direito financeiro;Gestão de litígios bancários e financeiros;;Adão;2026-06-12 09:04:00;2026-08-31 13:01:59.999999999;2026-09-02 13:02:00.000000000;4,0;;16,0;2026-09-02 13:02:00.000000000;;AHP_APRENDIZAGEM_ESPECIALIZACAO_WORKLOAD;;;;;CONCLUIDA;True;0,8438181935646629;1,0;1,0;0,0;0,6586441863669917;0,1851740071976712;0,0
Regulatório;Atuação em processos administrativos na CVM e no BCB;;Adão;2026-06-15 09:00:00;2026-09-02 13:02:00.000000000;2026-09-02 15:02:00.000000000;1,0;;2,0;2026-09-02 15:02:00.000000000;;AHP_APRENDIZAGEM_ESPECIALIZACAO_WORKLOAD;;;;;CONCLUIDA;True;0,8438181935646629;1,0;1,0;0,0;0,6586441863669917;0,1851740071976712;0,0
Societário;Estruturação societária internacional;;Abraão;2026-06-15 09:01:00;2026-06-18 09:00:00.000000000;2026-06-22 17:00:00.000000000;5,0;;24,0;2026-06-22 17:00:00.000000000;;AHP_APRENDIZAGEM_ESPECIALIZACAO_WORKLOAD;;;;;CONCLUIDA;True;0,814926544187055;1,0;0,04432568784051347;0,9480898957469066;0,6586441863669917;0,008207965239220967;0,14807439258084232
Governança;Governança e Regimentos de Comitês;;Adão;2026-06-15 09:02:00;2026-09-02 15:02:00.000000000;2026-09-03 15:02:00.000000000;3,0;;8,0;2026-09-03 15:02:00.000000000;;AHP_APRENDIZAGEM_ESPECIALIZACAO_WORKLOAD;;;;;CONCLUIDA;True;0,8438181935646629;1,0;1,0;0,0;0,6586441863669917;0,1851740071976712;0,0
Contratos;Contratos de Seguros ou Previdência;;Davi;2026-06-15 09:03:00;2026-08-04 15:04:00.000000000;2026-08-05 15:04:00.000000000;3,0;;8,0;2026-08-05 15:04:00.000000000;;AHP_APRENDIZAGEM_ESPECIALIZACAO_WORKLOAD;;;;;CONCLUIDA;True;0,7289303420980264;1,0;0,06377815671215725;0,37441044008652796;0,6586441863669917;0,011810056850071207;0,058476098880963494
Societário;Estruturação de veículos societários (SPVs);;Abraão;2026-06-15 09:04:00;2026-06-23 09:00:00.000000000;2026-06-25 17:00:00.000000000;5,0;;24,0;2026-06-25 17:00:00.000000000;;AHP_APRENDIZAGEM_ESPECIALIZACAO_WORKLOAD;;;;;CONCLUIDA;True;0,8071044993810764;1,0;0,04432568784051347;0,8980069508475779;0,6586441863669917;0,008207965239220967;0,1402523477748637
Societário;Reorganizações societárias internas;;Abraão;2026-06-16 09:00:00;2026-06-26 09:00:00.000000000;2026-06-30 17:00:00.000000000;5,0;;24,0;2026-06-30 17:00:00.000000000;;AHP_APRENDIZAGEM_ESPECIALIZACAO_WORKLOAD;;;;;CONCLUIDA;True;0,8013999440197731;1,0;0,04432568784051347;0,8614818555659765;0,6586441863669917;0,008207965239220967;0,13454779241356038
Societário;SPA / SHA e documentos correlatos;;Abraão;2026-06-16 09:01:00;2026-07-01 09:00:00.000000000;2026-07-01 11:00:00.000000000;1,0;;2,0;2026-07-01 11:00:00.000000000;;AHP_APRENDIZAGEM_ESPECIALIZACAO_WORKLOAD;;;;;CONCLUIDA;True;0,7932917497455957;1,0;0,04432568784051347;0,8095667544460877;0,6586441863669917;0,008207965239220967;0,12643959813938296
Contratos;Letter of Intent;;Davi;2026-06-16 09:02:00;2026-08-05 15:04:00.000000000;2026-08-06 09:03:59.999999999;1,0;;2,0;2026-08-06 09:03:59.999999999;;AHP_APRENDIZAGEM_ESPECIALIZACAO_WORKLOAD;;;;;CONCLUIDA;True;0,7272363588467645;1,0;0,06377815671215725;0,36356421356421365;0,6586441863669917;0,011810056850071207;0,05678211562970158
Contratos;Contrato de Licenciamento de Software;;Davi;2026-06-16 09:03:00;2026-08-06 09:03:59.999999999;2026-08-10 09:03:59.999999999;4,0;;16,0;2026-08-10 09:03:59.999999999;;AHP_APRENDIZAGEM_ESPECIALIZACAO_WORKLOAD;;;;;CONCLUIDA;True;0,7265622712297288;1,0;0,06377815671215725;0,3592481691258704;0,6586441863669917;0,011810056850071207;0,056108028012665935
Societário;Elaboração e negociação de  SPA;;Abraão;2026-06-16 09:04:00;2026-07-01 11:00:00.000000000;2026-07-02 11:00:00.000000000;3,0;;8,0;2026-07-02 11:00:00.000000000;;AHP_APRENDIZAGEM_ESPECIALIZACAO_WORKLOAD;;;;;CONCLUIDA;True;0,7926292741709574;1,0;0,04432568784051347;0,8053250595281045;0,6586441863669917;0,008207965239220967;0,12577712256474474
Societário;Atualização de Contrato Social / Estatuto;;Abraão;2026-06-17 09:00:00;2026-07-02 11:00:00.000000000;2026-07-03 11:00:00.000000000;3,0;;8,0;2026-07-03 11:00:00.000000000;;AHP_APRENDIZAGEM_ESPECIALIZACAO_WORKLOAD;;;;;CONCLUIDA;True;0,7920719905513801;1,0;0,04430900364099619;0,8017766683797077;0,6586441863669917;0,008204875759139469;0,12522292842524899
Contencioso;Contencioso Trabalhista;;Eva;2026-06-17 09:01:00;2026-07-17 11:01:00.000000000;2026-07-21 11:00:59.999999999;4,0;;16,0;2026-07-21 11:00:59.999999999;;AHP_APRENDIZAGEM_ESPECIALIZACAO_WORKLOAD;;;;;CONCLUIDA;True;0,9387679713399141;1,0;1,0;0,6079439080797328;0,6586441863669917;0,1851740071976712;0,0949497777752512
Societário;Acordo de Sócios / Acionistas;;Abraão;2026-06-17 09:02:00;2026-07-03 11:00:00.000000000;2026-07-06 11:00:00.000000000;3,0;;8,0;2026-07-06 11:00:00.000000000;;AHP_APRENDIZAGEM_ESPECIALIZACAO_WORKLOAD;;;;;CONCLUIDA;True;0,7893290822829473;1,0;0,04430900364099619;0,7842143906020558;0,6586441863669917;0,008204875759139469;0,12248002015681612
Governança;Gestão de fluxo de informações com Conselho de Administração;;Adão;2026-06-17 09:03:00;2026-09-03 15:02:00.000000000;2026-09-04 09:02:00.000000000;1,0;;2,0;2026-09-04 09:02:00.000000000;;AHP_APRENDIZAGEM_ESPECIALIZACAO_WORKLOAD;;;;;CONCLUIDA;True;0,8438181935646629;1,0;1,0;0,0;0,6586441863669917;0,1851740071976712;0,0
Societário;Estruturação de regras de governança;;Abraão;2026-06-17 09:04:00;2026-07-06 11:00:00.000000000;2026-07-09 11:00:00.000000000;5,0;;24,0;2026-07-09 11:00:00.000000000;;AHP_APRENDIZAGEM_ESPECIALIZACAO_WORKLOAD;;;;;CONCLUIDA;True;0,7867456298121809;1,0;0,04430900364099619;0,7676730755172162;0,6586441863669917;0,008204875759139469;0,11989656768604978
Societário;Suporte jurídico às negociações comerciais;;Abraão;2026-06-18 09:00:00;2026-07-09 11:00:00.000000000;2026-07-10 11:00:00.000000000;3,0;;8,0;2026-07-10 11:00:00.000000000;;AHP_APRENDIZAGEM_ESPECIALIZACAO_WORKLOAD;;;;;CONCLUIDA;True;0,7968347322174639;1,0;0,13250902818251026;0,7276988319321479;0,6586441863669917;0,02453722773842457;0,11365331811204764
Societário;Elaboração e negociação de  SHA;;Abraão;2026-06-18 09:01:00;2026-07-10 11:00:00.000000000;2026-07-13 11:00:00.000000000;3,0;;8,0;2026-07-13 11:00:00.000000000;;AHP_APRENDIZAGEM_ESPECIALIZACAO_WORKLOAD;;;;;CONCLUIDA;True;0,7940501031571295;1,0;0,13250902818251026;0,7098694245005766;0,6586441863669917;0,02453722773842457;0,1108686890517132
Direito financeiro;Interface com reguladores e autorreguladores;;Adão;2026-06-18 09:02:00;2026-09-04 09:02:00.000000000;2026-09-07 09:01:59.999999999;3,0;;8,0;2026-09-07 09:01:59.999999999;;AHP_APRENDIZAGEM_ESPECIALIZACAO_WORKLOAD;;;;;CONCLUIDA;True;0,8438181935646629;1,0;1,0;0,0;0,6586441863669917;0,1851740071976712;0,0
Societário;Estruturação jurídica de carve-outs, spin-offs e alienação de ativos;;Abraão;2026-06-18 09:03:00;2026-07-13 11:00:00.000000000;2026-07-16 11:00:00.000000000;5,0;;24,0;2026-07-16 11:00:00.000000000;;AHP_APRENDIZAGEM_ESPECIALIZACAO_WORKLOAD;;;;;CONCLUIDA;True;0,7921130720753385;1,0;0,13250902818251026;0,6974670126832121;0,6586441863669917;0,02453722773842457;0,10893165796992224
Regulatório;Interface com áreas de risco, tesouraria e controles internos;;Adão;2026-06-18 09:04:00;2026-09-07 09:01:59.999999999;2026-09-07 11:01:59.999999999;1,0;;2,0;2026-09-07 11:01:59.999999999;;AHP_APRENDIZAGEM_ESPECIALIZACAO_WORKLOAD;;;;;CONCLUIDA;True;0,8438181935646629;1,0;1,0;0,0;0,6586441863669917;0,1851740071976712;0,0
Societário;Due diligence societária;;Abraão;2026-06-19 09:00:00;2026-07-16 11:00:00.000000000;2026-07-21 11:00:00.000000000;5,0;;24,0;2026-07-21 11:00:00.000000000;;AHP_APRENDIZAGEM_ESPECIALIZACAO_WORKLOAD;;;;;CONCLUIDA;True;0,7859182945551777;1,0;0,13250902818251026;0,657803125694393;0,6586441863669917;0,02453722773842457;0,10273688044976141
Societário;Aprovações regulatórias e concorrenciais;;Abraão;2026-06-19 09:01:00;2026-07-21 11:00:00.000000000;2026-07-22 11:00:00.000000000;3,0;;8,0;2026-07-22 11:00:00.000000000;;AHP_APRENDIZAGEM_ESPECIALIZACAO_WORKLOAD;;;;;CONCLUIDA;True;0,777592711636529;1,0;0,13250902818251026;0,6044961297729713;0,6586441863669917;0,02453722773842457;0,09441129753111262
Societário;Reorganizações societárias internas;;Abraão;2026-06-19 09:02:00;2026-07-22 11:00:00.000000000;2026-07-27 11:00:00.000000000;5,0;;24,0;2026-07-27 11:00:00.000000000;;AHP_APRENDIZAGEM_ESPECIALIZACAO_WORKLOAD;;;;;CONCLUIDA;True;0,774819642903513;1,0;0,13250902818251026;0,5867407407407407;0,6586441863669917;0,02453722773842457;0,09163822879809667
Governança;Monitoramento de aderência a políticas;;Adão;2026-06-19 09:03:00;2026-09-07 11:01:59.999999999;2026-09-08 11:02:00.000000000;3,0;;8,0;2026-09-08 11:02:00.000000000;;AHP_APRENDIZAGEM_ESPECIALIZACAO_WORKLOAD;;;;;CONCLUIDA;True;0,8438181935646629;1,0;1,0;0,0;0,6586441863669917;0,1851740071976712;0,0
Societário;Elaboração e negociação de  SHA;;Abraão;2026-06-19 09:04:00;2026-07-27 11:00:00.000000000;2026-07-28 11:00:00.000000000;3,0;;8,0;2026-07-28 11:00:00.000000000;;AHP_APRENDIZAGEM_ESPECIALIZACAO_WORKLOAD;;;;;CONCLUIDA;True;0,7677689984773024;1,0;0,13250902818251026;0,5415969138947522;0,6586441863669917;0,02453722773842457;0,08458758437188613
Contratos;Contratos Financeiros ou Bancários;;Davi;2026-06-22 09:00:00;2026-08-10 09:03:59.999999999;2026-08-11 09:03:59.999999999;3,0;;8,0;2026-08-11 09:03:59.999999999;;AHP_APRENDIZAGEM_ESPECIALIZACAO_WORKLOAD;;;;;CONCLUIDA;True;0,7294403206197578;1,0;0,06377815671215725;0,37767572772387226;0,6586441863669917;0,011810056850071207;0,058986077402694896
Societário;Estruturação de holdings e grupos;;Abraão;2026-06-22 09:01:00;2026-07-28 11:00:00.000000000;2026-07-31 11:00:00.000000000;5,0;;24,0;2026-07-31 11:00:00.000000000;;AHP_APRENDIZAGEM_ESPECIALIZACAO_WORKLOAD;;;;;CONCLUIDA;True;0,7664808129235199;1,0;0,13247636566179152;0,5333876523091737;0,6586441863669917;0,024531179488577904;0,08330544706795026
Societário;Atas de Reunião e Assembleia;;Abraão;2026-06-22 09:02:00;2026-07-31 11:00:00.000000000;2026-07-31 15:00:00.000000000;2,0;;4,0;2026-07-31 15:00:00.000000000;;AHP_APRENDIZAGEM_ESPECIALIZACAO_WORKLOAD;;;;;CONCLUIDA;True;0,7581542019672303;1,0;0,13247636566179152;0,4800740740740741;0,6586441863669917;0,024531179488577904;0,07497883611166073
Governança;Avaliação periódica da efetividade da governança;;Adão;2026-06-22 09:03:00;2026-09-08 11:02:00.000000000;2026-09-09 11:02:00.000000000;3,0;;8,0;2026-09-09 11:02:00.000000000;;AHP_APRENDIZAGEM_ESPECIALIZACAO_WORKLOAD;;;;;CONCLUIDA;True;0,8438181935646629;1,0;1,0;0,0;0,6586441863669917;0,1851740071976712;0,0
Societário;Estruturação de holdings e grupos;;Abraão;2026-06-22 09:04:00;2026-07-31 15:00:00.000000000;2026-08-05 15:00:00.000000000;5,0;;24,0;2026-08-05 15:00:00.000000000;;AHP_APRENDIZAGEM_ESPECIALIZACAO_WORKLOAD;;;;;CONCLUIDA;True;0,758214022546716;1,0;0,13247636566179152;0,48045709294708494;0,6586441863669917;0,024531179488577904;0,07503865669114639
Societário;Elaboração e negociação de  SHA;;Abraão;2026-06-23 09:00:00;2026-08-05 15:00:00.000000000;2026-08-06 15:00:00.000000000;3,0;;8,0;2026-08-06 15:00:00.000000000;;AHP_APRENDIZAGEM_ESPECIALIZACAO_WORKLOAD;;;;;CONCLUIDA;True;0,7710529788730534;1,0;0,23964707639641775;0,4355973631582845;0,6586441863669917;0,04437640944953112;0,06803238305653043
Societário;Aprovações regulatórias e concorrenciais;;Abraão;2026-06-23 09:01:00;2026-08-06 15:00:00.000000000;2026-08-07 15:00:00.000000000;3,0;;8,0;2026-08-07 15:00:00.000000000;;AHP_APRENDIZAGEM_ESPECIALIZACAO_WORKLOAD;;;;;CONCLUIDA;True;0,7682790358818343;1,0;0,23964707639641775;0,41783637643050253;0,6586441863669917;0,04437640944953112;0,0652584400653114
Societário;Estruturação de veículos societários (SPVs);;Abraão;2026-06-23 09:02:00;2026-08-07 15:00:00.000000000;2026-08-12 15:00:00.000000000;5,0;;24,0;2026-08-12 15:00:00.000000000;;AHP_APRENDIZAGEM_ESPECIALIZACAO_WORKLOAD;;;;;CONCLUIDA;True;0,7655048874133566;1,0;0,23964707639641775;0,400074074074074;0,6586441863669917;0,04437640944953112;0,062484291596833746
Governança;Gestão de documentos de governança;;Adão;2026-06-23 09:03:00;2026-09-09 11:02:00.000000000;2026-09-10 11:02:00.000000000;3,0;;8,0;2026-09-10 11:02:00.000000000;;AHP_APRENDIZAGEM_ESPECIALIZACAO_WORKLOAD;;;;;CONCLUIDA;True;0,8438181935646629;1,0;1,0;0,0;0,6586441863669917;0,1851740071976712;0,0
Trabalhista;Gestão de escritórios externos;;Davi;2026-06-23 09:04:00;2026-08-11 09:03:59.999999999;2026-08-11 11:03:59.999999999;1,0;;2,0;2026-08-11 11:03:59.999999999;;AHP_APRENDIZAGEM_ESPECIALIZACAO_WORKLOAD;;;;;CONCLUIDA;True;0,9045107231926027;1,0;1,0;0,3886017905233278;0,6586441863669917;0,1851740071976712;0,06069252962793979
Propriedade intelectual;Gestão de depósitos, acompanhamentos e prazos;;Esaú;2026-06-24 09:00:00;2026-07-21 09:00:00.000000000;2026-07-21 11:00:00.000000000;1,0;;2,0;2026-07-21 11:00:00.000000000;;AHP_APRENDIZAGEM_ESPECIALIZACAO_WORKLOAD;;;;;CONCLUIDA;True;0,947249163962289;1,0;1,0;0,6622472409451151;0,6586441863669917;0,1851740071976712;0,10343097039762603
Trabalhista;Apoio em programas de stock options e incentivos de longo prazo;;Davi;2026-06-24 09:01:00;2026-08-11 11:03:59.999999999;2026-08-11 13:03:59.999999999;1,0;;2,0;2026-08-11 13:03:59.999999999;;AHP_APRENDIZAGEM_ESPECIALIZACAO_WORKLOAD;;;;;CONCLUIDA;True;0,9048888025178236;1,0;1,0;0,3910225547201955;0,6586441863669917;0,1851740071976712;0,061070608953160584
Societário;Estruturação jurídica de carve-outs, spin-offs e alienação de ativos;;Abraão;2026-06-24 09:02:00;2026-08-12 15:00:00.000000000;2026-08-17 15:00:00.000000000;5,0;;24,0;2026-08-17 15:00:00.000000000;;AHP_APRENDIZAGEM_ESPECIALIZACAO_WORKLOAD;;;;;CONCLUIDA;True;0,7599517565178779;1,0;0,23964707639641775;0,36451851851851846;0,6586441863669917;0,04437640944953112;0,056931160701355094
Societário;Atas de Reunião e Assembleia;;Abraão;2026-06-24 09:03:00;2026-08-17 15:00:00.000000000;2026-08-18 11:00:00.000000000;2,0;;4,0;2026-08-18 11:00:00.000000000;;AHP_APRENDIZAGEM_ESPECIALIZACAO_WORKLOAD;;;;;CONCLUIDA;True;0,7516238602955666;1,0;0,23964707639641775;0,31119671098929597;0,6586441863669917;0,04437640944953112;0,04860326447904376
Societário;Due diligence;;Abraão;2026-06-24 09:04:00;2026-08-18 11:00:00.000000000;2026-08-21 11:00:00.000000000;5,0;;24,0;2026-08-21 11:00:00.000000000;;AHP_APRENDIZAGEM_ESPECIALIZACAO_WORKLOAD;;;;;CONCLUIDA;True;0,7502372749825804;1,0;0,23964707639641775;0,3023186902733536;0,6586441863669917;0,04437640944953112;0,04721667916605755
Societário;Avaliação de impactos (societário, contratual, regulatório, concorrencial, trabalhista, tributário);;Abraão;2026-06-25 09:00:00;2026-08-21 11:00:00.000000000;2026-08-24 11:00:00.000000000;3,0;;8,0;2026-08-24 11:00:00.000000000;;AHP_APRENDIZAGEM_ESPECIALIZACAO_WORKLOAD;;;;;CONCLUIDA;True;0,7425977067888623;1,0;0,23960839619046403;0,2534499660654384;0,6586441863669917;0,04436924688079544;0,039584273541075056
Contratos;Contrato de compra e venda;;Davi;2026-06-25 09:01:00;2026-08-11 13:03:59.999999999;2026-08-12 13:04:00.000000000;3,0;;8,0;2026-08-12 13:04:00.000000000;;AHP_APRENDIZAGEM_ESPECIALIZACAO_WORKLOAD;;;;;CONCLUIDA;True;0,7319234825206514;1,0;0,06377815671215725;0,3935749029067491;0,6586441863669917;0,011810056850071207;0,06146923930358849
Contratos;Contrato de trabalho;;Davi;2026-06-25 09:02:00;2026-08-12 13:04:00.000000000;2026-08-12 15:04:00.000000000;1,0;;2,0;2026-08-12 15:04:00.000000000;;AHP_APRENDIZAGEM_ESPECIALIZACAO_WORKLOAD;;;;;CONCLUIDA;True;0,72909898033929;1,0;0,06377815671215725;0,37549019607803896;0,6586441863669917;0,011810056850071207;0,05864473712222706
Societário;Estruturação de veículos societários (SPVs);;Abraão;2026-06-25 09:03:00;2026-08-24 11:00:00.000000000;2026-08-27 11:00:00.000000000;5,0;;24,0;2026-08-27 11:00:00.000000000;;AHP_APRENDIZAGEM_ESPECIALIZACAO_WORKLOAD;;;;;CONCLUIDA;True;0,7397752581947077;1,0;0,23960839619046403;0,23537840793345363;0,6586441863669917;0,04436924688079544;0,03676182494692047
Societário;Acordo de Sócios / Acionistas;;Abraão;2026-06-25 09:04:00;2026-08-27 11:00:00.000000000;2026-08-28 11:00:00.000000000;3,0;;8,0;2026-08-28 11:00:00.000000000;;AHP_APRENDIZAGEM_ESPECIALIZACAO_WORKLOAD;;;;;CONCLUIDA;True;0,7312955448135297;1,0;0,23960839619046403;0,18108454634536358;0,6586441863669917;0,04436924688079544;0,028282111565742406
Societário;Estruturação de veículos societários (SPVs);;Abraão;2026-06-26 09:00:00;2026-08-28 11:00:00.000000000;2026-09-02 11:00:00.000000000;5,0;;24,0;2026-09-02 11:00:00.000000000;;AHP_APRENDIZAGEM_ESPECIALIZACAO_WORKLOAD;;;;;CONCLUIDA;True;0,7512825876634598;1,0;0,3602992224342669;0,16596267567721756;0,6586441863669917;0,06671805080835827;0,02592035048810982
Governança;Suporte jurídico às decisões do Conselho de Administração;;Adão;2026-06-26 09:01:00;2026-09-10 11:02:00.000000000;2026-09-10 13:02:00.000000000;1,0;;2,0;2026-09-10 13:02:00.000000000;;AHP_APRENDIZAGEM_ESPECIALIZACAO_WORKLOAD;;;;;CONCLUIDA;True;0,8438181935646629;1,0;1,0;0,0;0,6586441863669917;0,1851740071976712;0,0
Societário;Consolidação das versões finais dos documentos;;Abraão;2026-06-26 09:02:00;2026-09-02 11:00:00.000000000;2026-09-02 13:00:00.000000000;1,0;;2,0;2026-09-02 13:00:00.000000000;;AHP_APRENDIZAGEM_ESPECIALIZACAO_WORKLOAD;;;;;CONCLUIDA;True;0,7432849352990724;1,0;0,3602992224342669;0,11475535168139309;0,6586441863669917;0,06671805080835827;0,01792269812372237
Trabalhista;Resposta a autos de infração;;Davi;2026-06-26 09:03:00;2026-08-12 15:04:00.000000000;2026-08-14 15:04:00.000000000;4,0;;16,0;2026-08-14 15:04:00.000000000;;AHP_APRENDIZAGEM_ESPECIALIZACAO_WORKLOAD;;;;;CONCLUIDA;True;0,9032722410619478;1,0;1,0;0,3806720440379861;0,6586441863669917;0,1851740071976712;0,05945404749728487
Direito financeiro;Análise de políticas de endividamento;;Adão;2026-06-26 09:04:00;2026-09-10 13:02:00.000000000;2026-09-11 13:02:00.000000000;3,0;;8,0;2026-09-11 13:02:00.000000000;;AHP_APRENDIZAGEM_ESPECIALIZACAO_WORKLOAD;;;;;CONCLUIDA;True;0,8438181935646629;1,0;1,0;0,0;0,6586441863669917;0,1851740071976712;0,0
Contratos;NDA;;Davi;2026-06-29 09:00:00;2026-08-14 15:04:00.000000000;2026-08-17 09:03:59.999999999;1,0;;2,0;2026-08-17 09:03:59.999999999;;AHP_APRENDIZAGEM_ESPECIALIZACAO_WORKLOAD;;;;;CONCLUIDA;True;0,7270359709669469;1,0;0,06377815671215725;0,3622811711638778;0,6586441863669917;0,011810056850071207;0,056581727749883994
Societário;Closing da operação;;Abraão;2026-06-29 09:01:00;2026-09-02 13:00:00.000000000;2026-09-02 15:00:00.000000000;1,0;;2,0;2026-09-02 15:00:00.000000000;;AHP_APRENDIZAGEM_ESPECIALIZACAO_WORKLOAD;;;;;CONCLUIDA;True;0,7454334589647822;1,0;0,3602992224342669;0,12851190703663756;0,6586441863669917;0,06671805080835827;0,020071221789432166
Societário;Atas de Reunião e Assembleia;;Abraão;2026-06-29 09:02:00;2026-09-02 15:00:00.000000000;2026-09-03 11:00:00.000000000;2,0;;4,0;2026-09-03 11:00:00.000000000;;AHP_APRENDIZAGEM_ESPECIALIZACAO_WORKLOAD;;;;;CONCLUIDA;True;0,7447177959085718;1,0;0,3602992224342669;0,12392966360800443;0,6586441863669917;0,06671805080835827;0,01935555873322179
Concorrencial;Relacionamento CADE;;Davi;2026-06-29 09:03:00;2026-08-17 09:03:59.999999999;2026-08-17 11:03:59.999999999;1,0;;2,0;2026-08-17 11:03:59.999999999;;AHP_APRENDIZAGEM_ESPECIALIZACAO_WORKLOAD;;;;;CONCLUIDA;True;0,899689952600567;1,0;1,0;0,3577353874379486;0,6586441863669917;0,1851740071976712;0,05587175903590401
Societário;Estruturação societária internacional;;Abraão;2026-06-29 09:04:00;2026-09-03 11:00:00.000000000;2026-09-08 11:00:00.000000000;5,0;;24,0;2026-09-08 11:00:00.000000000;;AHP_APRENDIZAGEM_ESPECIALIZACAO_WORKLOAD;;;;;CONCLUIDA;True;0,7432863056406982;1,0;0,3602992224342669;0,1147641256971193;0,6586441863669917;0,06671805080835827;0,017924068465348185
Societário;Análise jurídica preliminar e de estrutura da operação;;Abraão;2026-06-30 09:00:00;2026-09-08 11:00:00.000000000;2026-09-11 11:00:00.000000000;5,0;;24,0;2026-09-11 11:00:00.000000000;;AHP_APRENDIZAGEM_ESPECIALIZACAO_WORKLOAD;;;;;CONCLUIDA;True;0,7348613408920386;1,0;0,3602992224342669;0,06082080834825941;0,6586441863669917;0,06671805080835827;0,009499103716688587
Societário;Gestão de passivos;;Abraão;2026-06-30 09:01:00;2026-09-11 11:00:00.000000000;2026-09-11 13:00:00.000000000;1,0;;2,0;2026-09-11 13:00:00.000000000;;AHP_APRENDIZAGEM_ESPECIALIZACAO_WORKLOAD;;;;;CONCLUIDA;True;0,7261041935004584;1,0;0,3602992224342669;0,004750593824227958;0,6586441863669917;0,06671805080835827;0,0007419563251084788
Societário;Suporte jurídico às negociações comerciais;;Abraão;2026-06-30 09:02:00;2026-09-11 13:00:00.000000000;2026-09-14 13:00:00.000000000;3,0;;8,0;2026-09-14 13:00:00.000000000;;AHP_APRENDIZAGEM_ESPECIALIZACAO_WORKLOAD;;;;;CONCLUIDA;True;0,72537440086744;1,0;0,3602992224342669;7,788161993762387e-05;0,6586441863669917;0,06671805080835827;1,2163692089968462e-05
Regulatório;Apoio regulatório a fundos de investimento;;Adão;2026-06-30 09:03:00;2026-09-11 13:02:00.000000000;2026-09-16 13:01:59.999999999;5,0;;24,0;2026-09-16 13:01:59.999999999;;AHP_APRENDIZAGEM_ESPECIALIZACAO_WORKLOAD;;;;;CONCLUIDA;True;0,8466723015845463;1,0;1,0;0,018274266926635255;0,6586441863669917;0,1851740071976712;0,00285410801988343
Concorrencial;M&A Concorrencial;;Davi;2026-06-30 09:04:00;2026-08-17 11:03:59.999999999;2026-08-20 11:03:59.999999999;5,0;;24,0;2026-08-20 11:03:59.999999999;;AHP_APRENDIZAGEM_ESPECIALIZACAO_WORKLOAD;;;;;CONCLUIDA;True;0,9053164356590847;1,0;1,0;0,3937606018142931;0,6586441863669917;0,1851740071976712;0,06149824209442178
Societário;Due diligence;;Abraão;2026-07-01 09:00:00;2026-09-14 13:00:00.000000000;2026-09-17 13:00:00.000000000;5,0;;24,0;2026-09-17 13:00:00.000000000;;AHP_APRENDIZAGEM_ESPECIALIZACAO_WORKLOAD;;;;;CONCLUIDA;True;0,7541114847061964;1,0;0,4850995262073503;0,03610840027024992;0,6586441863669917;0,08982782315750677;0,005639475181697847
Societário;Estruturação de veículos societários (SPVs);;Abraão;2026-07-01 09:01:00;2026-09-17 13:00:00.000000000;2026-09-22 13:00:00.000000000;5,0;;24,0;2026-09-22 13:00:00.000000000;;AHP_APRENDIZAGEM_ESPECIALIZACAO_WORKLOAD;;;;;CONCLUIDA;True;0,7484720095244985;1,0;0,4850995262073503;0,0;0,6586441863669917;0,08982782315750677;0,0
Societário;Atos perante Junta Comercial;;Abraão;2026-07-01 09:02:00;2026-09-22 13:00:00.000000000;2026-09-22 15:00:00.000000000;1,0;;2,0;2026-09-22 15:00:00.000000000;;AHP_APRENDIZAGEM_ESPECIALIZACAO_WORKLOAD;;;;;CONCLUIDA;True;0,7484720095244985;1,0;0,4850995262073503;0,0;0,6586441863669917;0,08982782315750677;0,0
Societário;Gestão de Advisors e Governança da Operação;;Abraão;2026-07-01 09:03:00;2026-09-22 15:00:00.000000000;2026-09-23 15:00:00.000000000;3,0;;8,0;2026-09-23 15:00:00.000000000;;AHP_APRENDIZAGEM_ESPECIALIZACAO_WORKLOAD;;;;;CONCLUIDA;True;0,7484720095244985;1,0;0,4850995262073503;0,0;0,6586441863669917;0,08982782315750677;0,0
Contratos;Contrato de Cessão de Direitos Autorais;;Davi;2026-07-01 09:04:00;2026-08-20 11:03:59.999999999;2026-08-21 11:03:59.999999999;3,0;;8,0;2026-08-21 11:03:59.999999999;;AHP_APRENDIZAGEM_ESPECIALIZACAO_WORKLOAD;;;;;CONCLUIDA;True;0,7334283588864423;1,0;0,06377815671215725;0,40321031691647236;0,6586441863669917;0,011810056850071207;0,06297411566937941
Societário;Atualização de Contrato Social / Estatuto;;Abraão;2026-07-02 09:00:00;2026-09-23 15:00:00.000000000;2026-09-24 15:00:00.000000000;3,0;;8,0;2026-09-24 15:00:00.000000000;;AHP_APRENDIZAGEM_ESPECIALIZACAO_WORKLOAD;;;;;CONCLUIDA;True;0,7488519064800353;1,0;0,4871510936021805;0,0;0,6586441863669917;0,09020772011304357;0,0
Contratos;Contrato de Cessão de Direitos Autorais;;Davi;2026-07-02 09:01:00;2026-08-21 11:03:59.999999999;2026-08-24 11:03:59.999999999;3,0;;8,0;2026-08-24 11:03:59.999999999;;AHP_APRENDIZAGEM_ESPECIALIZACAO_WORKLOAD;;;;;CONCLUIDA;True;0,7334218798456792;1,0;0,06377815671215725;0,40316883295037553;0,6586441863669917;0,011810056850071207;0,0629676366286163
Societário;Avaliação de impactos (societário, contratual, regulatório, concorrencial, trabalhista, tributário);;Abraão;2026-07-02 09:02:00;2026-09-24 15:00:00.000000000;2026-09-25 15:00:00.000000000;3,0;;8,0;2026-09-25 15:00:00.000000000;;AHP_APRENDIZAGEM_ESPECIALIZACAO_WORKLOAD;;;;;CONCLUIDA;True;0,7488519064800353;1,0;0,4871510936021805;0,0;0,6586441863669917;0,09020772011304357;0,0
Contratos;Contrato de SaaS;;Davi;2026-07-02 09:03:00;2026-08-24 11:03:59.999999999;2026-08-25 11:03:59.999999999;3,0;;8,0;2026-08-25 11:03:59.999999999;;AHP_APRENDIZAGEM_ESPECIALIZACAO_WORKLOAD;;;;;CONCLUIDA;True;0,7324063070714957;1,0;0,06377815671215725;0,3966663292505989;0,6586441863669917;0,011810056850071207;0,061952063854432735
Regulatório;Interface com áreas de risco, tesouraria e controles internos;;Adão;2026-07-02 09:04:00;2026-09-16 13:01:59.999999999;2026-09-16 15:01:59.999999999;1,0;;2,0;2026-09-16 15:01:59.999999999;;AHP_APRENDIZAGEM_ESPECIALIZACAO_WORKLOAD;;;;;CONCLUIDA;True;0,8621472637084779;1,0;1,0;0,11735726818733967;0,6586441863669917;0,1851740071976712;0,01832907014381503
Societário;Atas de Reunião e Assembleia;;Abraão;2026-07-03 09:00:00;2026-09-25 15:00:00.000000000;2026-09-28 11:00:00.000000000;2,0;;4,0;2026-09-28 11:00:00.000000000;;AHP_APRENDIZAGEM_ESPECIALIZACAO_WORKLOAD;;;;;CONCLUIDA;True;0,7533843595448553;1,0;0,5116278175949907;0,0;0,6586441863669917;0,0947401731778636;0,0
Societário;Due diligence;;Abraão;2026-07-03 09:01:00;2026-09-28 11:00:00.000000000;2026-10-01 11:00:00.000000000;5,0;;24,0;2026-10-01 11:00:00.000000000;;AHP_APRENDIZAGEM_ESPECIALIZACAO_WORKLOAD;;;;;CONCLUIDA;True;0,7533843595448553;1,0;0,5116278175949907;0,0;0,6586441863669917;0,0947401731778636;0,0
Direito digital;Uso de dados para publicidade, remarketing e analytics;;Adão;2026-07-03 09:02:00;2026-09-16 15:01:59.999999999;2026-09-17 09:02:00.000000000;1,0;;2,0;2026-09-17 09:02:00.000000000;;AHP_APRENDIZAGEM_ESPECIALIZACAO_WORKLOAD;;;;;CONCLUIDA;True;0,8693335947197712;1,0;1,0;0,16336986834425066;0,6586441863669917;0,1851740071976712;0,025515401155108263
Societário;Estruturação de holdings e grupos;;Abraão;2026-07-03 09:03:00;2026-10-01 11:00:00.000000000;2026-10-06 11:00:00.000000000;5,0;;24,0;2026-10-06 11:00:00.000000000;;AHP_APRENDIZAGEM_ESPECIALIZACAO_WORKLOAD;;;;;CONCLUIDA;True;0,7533843595448553;1,0;0,5116278175949907;0,0;0,6586441863669917;0,0947401731778636;0,0
Societário;Atas de Reunião e Assembleia;;Abraão;2026-07-03 09:04:00;2026-10-06 11:00:00.000000000;2026-10-06 15:00:00.000000000;2,0;;4,0;2026-10-06 15:00:00.000000000;;AHP_APRENDIZAGEM_ESPECIALIZACAO_WORKLOAD;;;;;CONCLUIDA;True;0,7533843595448553;1,0;0,5116278175949907;0,0;0,6586441863669917;0,0947401731778636;0,0
Contencioso;Contencioso Tributário e Administrativo;;Eva;2026-07-06 09:00:00;2026-07-21 11:00:59.999999999;2026-07-23 11:00:59.999999999;4,0;;16,0;2026-07-23 11:00:59.999999999;;AHP_APRENDIZAGEM_ESPECIALIZACAO_WORKLOAD;;;;;CONCLUIDA;True;0,9736723490463591;1,0;1,0;0,8314294631715563;0,6586441863669917;0,1851740071976712;0,12985415548169624
Concorrencial;Análise de exclusividade, não concorrência e cláusulas MFN;;Davi;2026-07-06 09:01:00;2026-08-25 11:03:59.999999999;2026-08-25 13:03:59.999999999;1,0;;2,0;2026-08-25 13:03:59.999999999;;AHP_APRENDIZAGEM_ESPECIALIZACAO_WORKLOAD;;;;;CONCLUIDA;True;0,9151648934924882;1,0;1,0;0,4568182527544555;0,6586441863669917;0,1851740071976712;0,07134669992782526
Societário;Estruturação de veículos societários (SPVs);;Abraão;2026-07-06 09:02:00;2026-10-06 15:00:00.000000000;2026-10-09 15:00:00.000000000;5,0;;24,0;2026-10-09 15:00:00.000000000;;AHP_APRENDIZAGEM_ESPECIALIZACAO_WORKLOAD;;;;;EM_EXECUCAO;True;0,7578502658234222;1,0;0,5357451672497914;0,0;0,6586441863669917;0,09920607945643042;0,0
Societário;Elaboração e negociação de  SHA;;Abraão;2026-07-06 09:03:00;2026-10-09 15:00:00.000000000;2026-10-12 15:00:00.000000000;3,0;;8,0;2026-10-12 15:00:00.000000000;;AHP_APRENDIZAGEM_ESPECIALIZACAO_WORKLOAD;;;;;PENDENTE;True;0,7578502658234222;1,0;0,5357451672497914;0,0;0,6586441863669917;0,09920607945643042;0,0
Governança;Avaliação periódica da efetividade da governança;;Adão;2026-07-06 09:04:00;2026-09-17 09:02:00.000000000;2026-09-18 09:01:59.999999999;3,0;;8,0;2026-09-18 09:01:59.999999999;;AHP_APRENDIZAGEM_ESPECIALIZACAO_WORKLOAD;;;;;CONCLUIDA;True;0,8829970316850599;1,0;1,0;0,25085404641300507;0,6586441863669917;0,1851740071976712;0,039178838120397026
Societário;Gestão de Advisors e Governança da Operação;;Abraão;2026-07-07 09:00:00;2026-10-12 15:00:00.000000000;2026-10-13 15:00:00.000000000;3,0;;8,0;2026-10-13 15:00:00.000000000;;AHP_APRENDIZAGEM_ESPECIALIZACAO_WORKLOAD;;;;;PENDENTE;True;0,7622290459199561;1,0;0,5593920071211114;0,0;0,6586441863669917;0,10358485955296441;0,0
Societário;Gestão de conflitos societários;;Abraão;2026-07-07 09:01:00;2026-10-13 15:00:00.000000000;2026-10-13 17:00:00.000000000;1,0;;2,0;2026-10-13 17:00:00.000000000;;AHP_APRENDIZAGEM_ESPECIALIZACAO_WORKLOAD;;;;;PENDENTE;True;0,7622290459199561;1,0;0,5593920071211114;0,0;0,6586441863669917;0,10358485955296441;0,0
Contratos;MoU;;Davi;2026-07-07 09:02:00;2026-08-25 13:03:59.999999999;2026-08-25 15:03:59.999999999;1,0;;2,0;2026-08-25 15:03:59.999999999;;AHP_APRENDIZAGEM_ESPECIALIZACAO_WORKLOAD;;;;;CONCLUIDA;True;0,7485313972293994;1,0;0,06377815671215725;0,49991196666471044;0,6586441863669917;0,011810056850071207;0,0780771540123365
Societário;Elaboração e negociação de LOI;;Abraão;2026-07-07 09:03:00;2026-10-14 09:00:00.000000000;2026-10-14 17:00:00.000000000;3,0;;8,0;2026-10-14 17:00:00.000000000;;AHP_APRENDIZAGEM_ESPECIALIZACAO_WORKLOAD;;;;;PENDENTE;True;0,7622290459199561;1,0;0,5593920071211114;0,0;0,6586441863669917;0,10358485955296441;0,0
Direito digital;Avaliação de bases legais para tratamento de dados;;Adão;2026-07-07 09:04:00;2026-09-18 09:01:59.999999999;2026-09-18 13:01:59.999999999;2,0;;4,0;2026-09-18 13:01:59.999999999;;AHP_APRENDIZAGEM_ESPECIALIZACAO_WORKLOAD;;;;;CONCLUIDA;True;0,8850285683498639;1,0;1,0;0,26386155805070033;0,6586441863669917;0,1851740071976712;0,04121037478520095
Regulatório;Elaboração de defesas, manifestações e recursos;;Adão;2026-07-08 09:00:00;2026-09-18 13:01:59.999999999;2026-09-22 13:02:00.000000000;4,0;;16,0;2026-09-22 13:02:00.000000000;;AHP_APRENDIZAGEM_ESPECIALIZACAO_WORKLOAD;;;;;CONCLUIDA;True;0,8845042873889858;1,0;1,0;0,2605046948356808;0,6586441863669917;0,1851740071976712;0,04068609382432286
Contratos;Contrato de Cessão de Direitos Autorais;;Davi;2026-07-08 09:01:00;2026-08-25 15:03:59.999999999;2026-08-26 15:04:00.000000000;3,0;;8,0;2026-08-26 15:04:00.000000000;;AHP_APRENDIZAGEM_ESPECIALIZACAO_WORKLOAD;;;;;CONCLUIDA;True;0,7501789623916022;1,0;0,06377815671215725;0,5104609877050383;0,6586441863669917;0,011810056850071207;0,07972471917453929
Contratos;Contratos de Seguros ou Previdência;;Davi;2026-07-08 09:02:00;2026-08-26 15:04:00.000000000;2026-08-27 15:04:00.000000000;3,0;;8,0;2026-08-27 15:04:00.000000000;;AHP_APRENDIZAGEM_ESPECIALIZACAO_WORKLOAD;;;;;CONCLUIDA;True;0,747981429016117;1,0;0,06377815671215725;0,49639063325312527;0,6586441863669917;0,011810056850071207;0,07752718579905402
Direito digital;Elaboração e atualização de políticas de privacidade e cookies;;Adão;2026-07-08 09:03:00;2026-09-22 13:02:00.000000000;2026-09-23 13:02:00.000000000;3,0;;8,0;2026-09-23 13:02:00.000000000;;AHP_APRENDIZAGEM_ESPECIALIZACAO_WORKLOAD;;;;;CONCLUIDA;True;0,8801079944084872;1,0;1,0;0,23235613463626498;0,6586441863669917;0,1851740071976712;0,036289800843824264
Societário;Gestão de conflitos societários;;Abraão;2026-07-08 09:04:00;2026-10-15 09:00:00.000000000;2026-10-15 11:00:00.000000000;1,0;;2,0;2026-10-15 11:00:00.000000000;;AHP_APRENDIZAGEM_ESPECIALIZACAO_WORKLOAD;;;;;PENDENTE;True;0,7622280599281961;1,0;0,5593866824442035;0,0;0,6586441863669917;0,10358387356120435;0,0
Societário;Integração societária;;Abraão;2026-07-09 09:00:00;2026-10-15 11:00:00.000000000;2026-10-15 13:00:00.000000000;1,0;;2,0;2026-10-15 13:00:00.000000000;;AHP_APRENDIZAGEM_ESPECIALIZACAO_WORKLOAD;;;;;PENDENTE;True;0,762227154031604;1,0;0,5593817903073112;0,0;0,6586441863669917;0,10358296766461224;0,0
Societário;Organização de livros societários;;Abraão;2026-07-09 09:01:00;2026-10-15 13:00:00.000000000;2026-10-15 15:00:00.000000000;1,0;;2,0;2026-10-15 15:00:00.000000000;;AHP_APRENDIZAGEM_ESPECIALIZACAO_WORKLOAD;;;;;PENDENTE;True;0,762227154031604;1,0;0,5593817903073112;0,0;0,6586441863669917;0,10358296766461224;0,0
Propriedade intelectual;Combate à pirataria, concorrência desleal e uso indevido;;Esaú;2026-07-09 09:02:00;2026-07-21 11:00:00.000000000;2026-07-21 15:00:00.000000000;2,0;;4,0;2026-07-21 15:00:00.000000000;;AHP_APRENDIZAGEM_ESPECIALIZACAO_WORKLOAD;;;;;CONCLUIDA;True;0,9817961131435577;1,0;1,0;0,8834442546675304;0,6586441863669917;0,1851740071976712;0,13797791957889488
Regulatório;Interface com áreas de produto, tecnologia e negócios;;Adão;2026-07-09 09:03:00;2026-09-23 13:02:00.000000000;2026-09-23 15:02:00.000000000;1,0;;2,0;2026-09-23 15:02:00.000000000;;AHP_APRENDIZAGEM_ESPECIALIZACAO_WORKLOAD;;;;;CONCLUIDA;True;0,8796843103176964;1,0;1,0;0,2296433725005154;0,6586441863669917;0,1851740071976712;0,035866116753033514
Contratos;Letter of Intent;;Davi;2026-07-09 09:04:00;2026-08-27 15:04:00.000000000;2026-08-28 09:03:59.999999999;1,0;;2,0;2026-08-28 09:03:59.999999999;;AHP_APRENDIZAGEM_ESPECIALIZACAO_WORKLOAD;;;;;CONCLUIDA;True;0,7477080310863798;1,0;0,06377815671215725;0,49464012251197637;0,6586441863669917;0,011810056850071207;0,07725378786931693
Societário;Aumento e redução de capital;;Abraão;2026-07-10 09:00:00;2026-10-15 15:00:00.000000000;2026-10-15 17:00:00.000000000;1,0;;2,0;2026-10-15 17:00:00.000000000;;AHP_APRENDIZAGEM_ESPECIALIZACAO_WORKLOAD;;;;;PENDENTE;True;0,7825263503949081;1,0;0,6690040675939662;0,0;0,6586441863669917;0,12388216402791641;0,0
Societário;Gestão de earn-outs, ajustes de preço e garantias;;Abraão;2026-07-10 09:01:00;2026-10-16 09:00:00.000000000;2026-10-16 11:00:00.000000000;1,0;;2,0;2026-10-16 11:00:00.000000000;;AHP_APRENDIZAGEM_ESPECIALIZACAO_WORKLOAD;;;;;PENDENTE;True;0,7825263503949081;1,0;0,6690040675939662;0,0;0,6586441863669917;0,12388216402791641;0,0
Contratos;Contratos imobiliários;;Davi;2026-07-10 09:02:00;2026-08-28 09:03:59.999999999;2026-08-31 09:03:59.999999999;3,0;;8,0;2026-08-31 09:03:59.999999999;;AHP_APRENDIZAGEM_ESPECIALIZACAO_WORKLOAD;;;;;CONCLUIDA;True;0,7488091704861822;1,0;0,06377815671215725;0,501690491725488;0,6586441863669917;0,011810056850071207;0,07835492726911926
Societário;Aumento e redução de capital;;Abraão;2026-07-10 09:03:00;2026-10-16 11:00:00.000000000;2026-10-16 13:00:00.000000000;1,0;;2,0;2026-10-16 13:00:00.000000000;;AHP_APRENDIZAGEM_ESPECIALIZACAO_WORKLOAD;;;;;PENDENTE;True;0,7825263503949081;1,0;0,6690040675939662;0,0;0,6586441863669917;0,12388216402791641;0,0
Societário;Due diligence;;Abraão;2026-07-10 09:04:00;2026-10-16 13:00:00.000000000;2026-10-21 13:00:00.000000000;5,0;;24,0;2026-10-21 13:00:00.000000000;;AHP_APRENDIZAGEM_ESPECIALIZACAO_WORKLOAD;;;;;PENDENTE;True;0,7825263503949081;1,0;0,6690040675939662;0,0;0,6586441863669917;0,12388216402791641;0,0
Societário;Gestão de earn-outs, ajustes de preço e garantias;;Abraão;2026-07-13 09:00:00;2026-10-21 13:00:00.000000000;2026-10-21 15:00:00.000000000;1,0;;2,0;2026-10-21 15:00:00.000000000;;AHP_APRENDIZAGEM_ESPECIALIZACAO_WORKLOAD;;;;;PENDENTE;True;0,7861971130370862;1,0;0,6888273824194618;0,0;0,6586441863669917;0,12755292667009444;0,0
Governança;Benchmarking de melhores práticas;;Adão;2026-07-13 09:01:00;2026-09-23 15:02:00.000000000;2026-09-24 09:02:00.000000000;1,0;;2,0;2026-09-24 09:02:00.000000000;;AHP_APRENDIZAGEM_ESPECIALIZACAO_WORKLOAD;;;;;CONCLUIDA;True;0,8867470568817387;1,0;1,0;0,27486468684717963;0,6586441863669917;0,1851740071976712;0,04292886331707576
Societário;Consolidação das versões finais dos documentos;;Abraão;2026-07-13 09:02:00;2026-10-21 15:00:00.000000000;2026-10-21 17:00:00.000000000;1,0;;2,0;2026-10-21 17:00:00.000000000;;AHP_APRENDIZAGEM_ESPECIALIZACAO_WORKLOAD;;;;;PENDENTE;True;0,7861971130370862;1,0;0,6888273824194618;0,0;0,6586441863669917;0,12755292667009444;0,0
Societário;Acordo de Sócios / Acionistas;;Abraão;2026-07-13 09:03:00;2026-10-22 09:00:00.000000000;2026-10-22 17:00:00.000000000;3,0;;8,0;2026-10-22 17:00:00.000000000;;AHP_APRENDIZAGEM_ESPECIALIZACAO_WORKLOAD;;;;;PENDENTE;True;0,7861971130370862;1,0;0,6888273824194618;0,0;0,6586441863669917;0,12755292667009444;0,0
Trabalhista;Análise de regimes de jornada e banco de horas;;Davi;2026-07-13 09:04:00;2026-08-31 09:03:59.999999999;2026-08-31 11:03:59.999999999;1,0;;2,0;2026-08-31 11:03:59.999999999;;AHP_APRENDIZAGEM_ESPECIALIZACAO_WORKLOAD;;;;;CONCLUIDA;True;0,9261219070810041;1,0;1,0;0,5269737583065849;0,6586441863669917;0,1851740071976712;0,08230371351634116
Societário;Gestão de conflitos societários;;Abraão;2026-07-14 09:00:00;2026-10-23 09:00:00.000000000;2026-10-23 11:00:00.000000000;1,0;;2,0;2026-10-23 11:00:00.000000000;;AHP_APRENDIZAGEM_ESPECIALIZACAO_WORKLOAD;;;;;PENDENTE;True;0,7897234162372889;1,0;0,7078705691688769;0,0;0,6586441863669917;0,13107922987029721;0,0
Direito financeiro;Apoio em processos administrativos regulatórios;;Abel;2026-07-14 09:01:00;2026-07-14 09:01:00.000000000;2026-07-15 09:00:59.999999999;3,0;;8,0;2026-07-15 09:00:59.999999999;;AHP_APRENDIZAGEM_ESPECIALIZACAO_WORKLOAD;;;;;CONCLUIDA;True;0,8148259928023288;1,0;0,0;1,0;0,6586441863669917;0,0;0,1561818064353371
Governança;Gestão de fluxo de informações com Conselho de Administração;;Adão;2026-07-14 09:02:00;2026-09-24 09:02:00.000000000;2026-09-24 11:02:00.000000000;1,0;;2,0;2026-09-24 11:02:00.000000000;;AHP_APRENDIZAGEM_ESPECIALIZACAO_WORKLOAD;;;;;CONCLUIDA;True;0,8891206016091355;1,0;1,0;0,2900620058023779;0,6586441863669917;0,1851740071976712;0,045302408044472615
Direito financeiro;Interface com CFO, tesouraria e controladoria;;Caim;2026-07-14 09:03:00;2026-07-14 09:03:00.000000000;2026-07-14 11:03:00.000000000;1,0;;2,0;2026-07-14 11:03:00.000000000;;AHP_APRENDIZAGEM_ESPECIALIZACAO_WORKLOAD;;;;;CONCLUIDA;True;0,8148259928023288;1,0;0,0;1,0;0,6586441863669917;0,0;0,1561818064353371
Societário;Organização de livros societários;;Abraão;2026-07-14 09:04:00;2026-10-23 11:00:00.000000000;2026-10-23 13:00:00.000000000;1,0;;2,0;2026-10-23 13:00:00.000000000;;AHP_APRENDIZAGEM_ESPECIALIZACAO_WORKLOAD;;;;;PENDENTE;True;0,7897234162372889;1,0;0,7078705691688769;0,0;0,6586441863669917;0,13107922987029721;0,0
Societário;Elaboração e negociação de  SHA;;Abraão;2026-07-15 09:00:00;2026-10-23 13:00:00.000000000;2026-10-26 13:00:00.000000000;3,0;;8,0;2026-10-26 13:00:00.000000000;;AHP_APRENDIZAGEM_ESPECIALIZACAO_WORKLOAD;;;;;PENDENTE;True;0,7897234162372889;1,0;0,7078705691688769;0,0;0,6586441863669917;0,13107922987029721;0,0
Societário;SPA / SHA e documentos correlatos;;Abraão;2026-07-15 09:01:00;2026-10-26 13:00:00.000000000;2026-10-26 15:00:00.000000000;1,0;;2,0;2026-10-26 15:00:00.000000000;;AHP_APRENDIZAGEM_ESPECIALIZACAO_WORKLOAD;;;;;PENDENTE;True;0,7897234162372889;1,0;0,7078705691688769;0,0;0,6586441863669917;0,13107922987029721;0,0
Societário;Estruturação de regras de governança;;Abraão;2026-07-15 09:02:00;2026-10-26 15:00:00.000000000;2026-10-29 15:00:00.000000000;5,0;;24,0;2026-10-29 15:00:00.000000000;;AHP_APRENDIZAGEM_ESPECIALIZACAO_WORKLOAD;;;;;PENDENTE;True;0,7897234162372889;1,0;0,7078705691688769;0,0;0,6586441863669917;0,13107922987029721;0,0
Societário;Gestão de Advisors e Governança da Operação;;Abraão;2026-07-15 09:03:00;2026-10-29 15:00:00.000000000;2026-10-30 15:00:00.000000000;3,0;;8,0;2026-10-30 15:00:00.000000000;;AHP_APRENDIZAGEM_ESPECIALIZACAO_WORKLOAD;;;;;PENDENTE;True;0,7897234162372889;1,0;0,7078705691688769;0,0;0,6586441863669917;0,13107922987029721;0,0
Societário;Estruturação de veículos societários (SPVs);;Abraão;2026-07-15 09:04:00;2026-10-30 15:00:00.000000000;2026-11-04 15:00:00.000000000;5,0;;24,0;2026-11-04 15:00:00.000000000;;AHP_APRENDIZAGEM_ESPECIALIZACAO_WORKLOAD;;;;;PENDENTE;True;0,7897234162372889;1,0;0,7078705691688769;0,0;0,6586441863669917;0,13107922987029721;0,0
Direito financeiro;Gestão de vencimentos, liberações e substituições de garantias;;Abel;2026-07-16 09:00:00;2026-07-16 09:00:00.000000000;2026-07-16 11:00:00.000000000;1,0;;2,0;2026-07-16 11:00:00.000000000;;AHP_APRENDIZAGEM_ESPECIALIZACAO_WORKLOAD;;;;;CONCLUIDA;True;0,8178883567078702;1,0;0,01653776332804821;1,0;0,6586441863669917;0,003062363905541382;0,1561818064353371
Societário;Suporte jurídico às negociações comerciais;;Abraão;2026-07-16 09:01:00;2026-11-04 15:00:00.000000000;2026-11-05 15:00:00.000000000;3,0;;8,0;2026-11-05 15:00:00.000000000;;AHP_APRENDIZAGEM_ESPECIALIZACAO_WORKLOAD;;;;;PENDENTE;True;0,7897234162372889;1,0;0,7078705691688769;0,0;0,6586441863669917;0,13107922987029721;0,0
Societário;Avaliação de impactos (societário, contratual, regulatório, concorrencial, trabalhista, tributário);;Abraão;2026-07-16 09:02:00;2026-11-05 15:00:00.000000000;2026-11-06 15:00:00.000000000;3,0;;8,0;2026-11-06 15:00:00.000000000;;AHP_APRENDIZAGEM_ESPECIALIZACAO_WORKLOAD;;;;;PENDENTE;True;0,7897234162372889;1,0;0,7078705691688769;0,0;0,6586441863669917;0,13107922987029721;0,0
Contencioso;Elaboração de recursos;;Eva;2026-07-16 09:03:00;2026-07-23 11:00:59.999999999;2026-07-27 11:00:59.999999999;4,0;;16,0;2026-07-27 11:00:59.999999999;;AHP_APRENDIZAGEM_ESPECIALIZACAO_WORKLOAD;;;;;CONCLUIDA;True;0,9899771697988742;1,0;1,0;0,9358258786353867;0,6586441863669917;0,1851740071976712;0,14615897623421123
Societário;Atas de Reunião e Assembleia;;Abraão;2026-07-16 09:04:00;2026-11-06 15:00:00.000000000;2026-11-09 11:00:00.000000000;2,0;;4,0;2026-11-09 11:00:00.000000000;;AHP_APRENDIZAGEM_ESPECIALIZACAO_WORKLOAD;;;;;PENDENTE;True;0,7897234162372889;1,0;0,7078705691688769;0,0;0,6586441863669917;0,13107922987029721;0,0
Contratos;Contrato de Agência, Franquia ou Parceria Empresarial;;Davi;2026-07-17 09:00:00;2026-08-31 11:03:59.999999999;2026-09-01 11:03:59.999999999;3,0;;8,0;2026-09-01 11:03:59.999999999;;AHP_APRENDIZAGEM_ESPECIALIZACAO_WORKLOAD;;;;;CONCLUIDA;True;0,7665501054535334;1,0;0,06377815671215725;0,6152820512820513;0,6586441863669917;0,011810056850071207;0,09609586223647049
Direito digital;Análise de responsabilidades em falhas de segurança;;Adão;2026-07-17 09:01:00;2026-09-24 11:02:00.000000000;2026-09-24 13:02:00.000000000;1,0;;2,0;2026-09-24 13:02:00.000000000;;AHP_APRENDIZAGEM_ESPECIALIZACAO_WORKLOAD;;;;;CONCLUIDA;True;0,9053233650622374;1,0;1,0;0,3938049693581887;0,6586441863669917;0,1851740071976712;0,061505171497574486
Governança;Trasnparência e divulgação de informações;;Adão;2026-07-17 09:02:00;2026-09-24 13:02:00.000000000;2026-09-24 15:02:00.000000000;1,0;;2,0;2026-09-24 15:02:00.000000000;;AHP_APRENDIZAGEM_ESPECIALIZACAO_WORKLOAD;;;;;CONCLUIDA;True;0,9048443581490433;1,0;1,0;0,3907379865634135;0,6586441863669917;0,1851740071976712;0,0610261645843804
Societário;Elaboração e negociação de  SPA;;Abraão;2026-07-17 09:03:00;2026-11-09 11:00:00.000000000;2026-11-10 11:00:00.000000000;3,0;;8,0;2026-11-10 11:00:00.000000000;;AHP_APRENDIZAGEM_ESPECIALIZACAO_WORKLOAD;;;;;PENDENTE;True;0,8051081993857564;1,0;0,790953413145161;0,0;0,6586441863669917;0,14646401301876463;0,0
Societário;Estruturação de regras de governança;;Abraão;2026-07-17 09:04:00;2026-11-10 11:00:00.000000000;2026-11-13 11:00:00.000000000;5,0;;24,0;2026-11-13 11:00:00.000000000;;AHP_APRENDIZAGEM_ESPECIALIZACAO_WORKLOAD;;;;;PENDENTE;True;0,8051081993857564;1,0;0,790953413145161;0,0;0,6586441863669917;0,14646401301876463;0,0
Societário;Consolidação das versões finais dos documentos;;Abraão;2026-07-20 09:00:00;2026-11-13 11:00:00.000000000;2026-11-13 13:00:00.000000000;1,0;;2,0;2026-11-13 13:00:00.000000000;;AHP_APRENDIZAGEM_ESPECIALIZACAO_WORKLOAD;;;;;PENDENTE;True;0,8051081993857564;1,0;0,790953413145161;0,0;0,6586441863669917;0,14646401301876463;0,0
Regulatório;Resposta a ofícios, exigências e questionamentos da CVM e do BCB;;Adão;2026-07-20 09:01:00;2026-09-24 15:02:00.000000000;2026-09-25 09:02:00.000000000;1,0;;2,0;2026-09-25 09:02:00.000000000;;AHP_APRENDIZAGEM_ESPECIALIZACAO_WORKLOAD;;;;;CONCLUIDA;True;0,9098890393650405;1,0;1,0;0,4230380433442639;0,6586441863669917;0,1851740071976712;0,06607084580037757
Direito financeiro;Apoio jurídico em renegociação de dívidas;;Abel;2026-07-20 09:02:00;2026-07-20 09:02:00.000000000;2026-07-21 09:01:59.999999999;3,0;;8,0;2026-07-21 09:01:59.999999999;;AHP_APRENDIZAGEM_ESPECIALIZACAO_WORKLOAD;;;;;CONCLUIDA;True;0,8181515321197315;1,0;0,017958996339333264;1,0;0,6586441863669917;0,003325539317402648;0,1561818064353371
Societário;Closing da operação;;Abraão;2026-07-20 09:03:00;2026-11-13 13:00:00.000000000;2026-11-13 15:00:00.000000000;1,0;;2,0;2026-11-13 15:00:00.000000000;;AHP_APRENDIZAGEM_ESPECIALIZACAO_WORKLOAD;;;;;PENDENTE;True;0,8051081993857564;1,0;0,790953413145161;0,0;0,6586441863669917;0,14646401301876463;0,0
Societário;Consolidação das versões finais dos documentos;;Abraão;2026-07-20 09:04:00;2026-11-13 15:00:00.000000000;2026-11-13 17:00:00.000000000;1,0;;2,0;2026-11-13 17:00:00.000000000;;AHP_APRENDIZAGEM_ESPECIALIZACAO_WORKLOAD;;;;;PENDENTE;True;0,8051081993857564;1,0;0,790953413145161;0,0;0,6586441863669917;0,14646401301876463;0,0
Societário;Estruturação de veículos societários (SPVs);;Abraão;2026-07-21 09:00:00;2026-11-16 09:00:00.000000000;2026-11-18 17:00:00.000000000;5,0;;24,0;2026-11-18 17:00:00.000000000;;AHP_APRENDIZAGEM_ESPECIALIZACAO_WORKLOAD;;;;;PENDENTE;True;0,8051081993857564;1,0;0,790953413145161;0,0;0,6586441863669917;0,14646401301876463;0,0
Societário;Atos perante Junta Comercial;;Abraão;2026-07-21 09:01:00;2026-11-19 09:00:00.000000000;2026-11-19 11:00:00.000000000;1,0;;2,0;2026-11-19 11:00:00.000000000;;AHP_APRENDIZAGEM_ESPECIALIZACAO_WORKLOAD;;;;;PENDENTE;True;0,8051081993857564;1,0;0,790953413145161;0,0;0,6586441863669917;0,14646401301876463;0,0
Societário;Avaliação de impactos (societário, contratual, regulatório, concorrencial, trabalhista, tributário);;Abraão;2026-07-21 09:02:00;2026-11-19 11:00:00.000000000;2026-11-20 11:00:00.000000000;3,0;;8,0;2026-11-20 11:00:00.000000000;;AHP_APRENDIZAGEM_ESPECIALIZACAO_WORKLOAD;;;;;PENDENTE;True;0,8051081993857564;1,0;0,790953413145161;0,0;0,6586441863669917;0,14646401301876463;0,0
Societário;Aumento e redução de capital;;Abraão;2026-07-21 09:03:00;2026-11-20 11:00:00.000000000;2026-11-20 13:00:00.000000000;1,0;;2,0;2026-11-20 13:00:00.000000000;;AHP_APRENDIZAGEM_ESPECIALIZACAO_WORKLOAD;;;;;PENDENTE;True;0,8051081993857564;1,0;0,790953413145161;0,0;0,6586441863669917;0,14646401301876463;0,0
Contratos;Contrato de Mútuo, Doação ou Comodato;;Davi;2026-07-21 09:04:00;2026-09-01 11:03:59.999999999;2026-09-02 11:03:59.999999999;3,0;;8,0;2026-09-02 11:03:59.999999999;;AHP_APRENDIZAGEM_ESPECIALIZACAO_WORKLOAD;;;;;CONCLUIDA;True;0,7732152238518017;1,0;0,06360738872370171;0,6581599020627336;0,6586441863669917;0,011778435057347809;0,10279260242746228
Contratos;Contrato de Transferência de Tecnologia;;Davi;2026-07-22 09:00:00;2026-09-02 11:03:59.999999999;2026-09-03 11:03:59.999999999;3,0;;8,0;2026-09-03 11:03:59.999999999;;AHP_APRENDIZAGEM_ESPECIALIZACAO_WORKLOAD;;;;;CONCLUIDA;True;0,7725952717486234;1,0;0,06360738872370171;0,654190476190873;0,6586441863669917;0,011778435057347809;0,10217265032428394
Direito financeiro;Monitoramento de mudanças regulatórias;;Abel;2026-07-22 09:01:00;2026-07-22 09:01:00.000000000;2026-07-23 09:00:59.999999999;3,0;;8,0;2026-07-23 09:00:59.999999999;;AHP_APRENDIZAGEM_ESPECIALIZACAO_WORKLOAD;;;;;CONCLUIDA;True;0,8214067807638892;1,0;0,035538400130507825;1,0;0,6586441863669917;0,006580787961560374;0,1561818064353371
Regulatório;Apoio jurídico em consultas públicas e audiências regulatórias;;Adão;2026-07-22 09:02:00;2026-09-25 09:02:00.000000000;2026-09-28 09:01:59.999999999;3,0;;8,0;2026-09-28 09:01:59.999999999;;AHP_APRENDIZAGEM_ESPECIALIZACAO_WORKLOAD;;;;;CONCLUIDA;True;0,9161040632130435;1,0;1,0;0,4628315634081782;0,6586441863669917;0,1851740071976712;0,07228586964838055
Societário;Aprovações regulatórias e concorrenciais;;Jacó;2026-07-22 09:03:00;2026-07-22 09:03:00.000000000;2026-07-23 09:02:59.999999999;3,0;;8,0;2026-07-23 09:02:59.999999999;;AHP_APRENDIZAGEM_ESPECIALIZACAO_WORKLOAD;;;;;CONCLUIDA;True;0,8173326977913166;1,0;0,013537024050637015;1,0;0,6586441863669917;0,0025067049889877066;0,1561818064353371
Contratos;Contrato de trabalho;;Davi;2026-07-22 09:04:00;2026-09-03 11:03:59.999999999;2026-09-03 13:03:59.999999999;1,0;;2,0;2026-09-03 13:03:59.999999999;;AHP_APRENDIZAGEM_ESPECIALIZACAO_WORKLOAD;;;;;CONCLUIDA;True;0,7708198984633662;1,0;0,06360738872370171;0,6428231260123981;0,6586441863669917;0,011778435057347809;0,10039727703902668
Contratos;Contratos Administrativos;;Davi;2026-07-23 09:00:00;2026-09-03 13:03:59.999999999;2026-09-04 13:04:00.000000000;3,0;;8,0;2026-09-04 13:04:00.000000000;;AHP_APRENDIZAGEM_ESPECIALIZACAO_WORKLOAD;;;;;CONCLUIDA;True;0,7748683340534646;1,0;0,08169220617357635;0,6473025048173571;0,6586441863669917;0,015127273173979466;0,10109687451249333
Societário;Gestão jurídica do encerramento de operações;;Jacó;2026-07-23 09:01:00;2026-07-23 09:02:59.999999999;2026-07-23 11:02:59.999999999;1,0;;2,0;2026-07-23 11:02:59.999999999;;AHP_APRENDIZAGEM_ESPECIALIZACAO_WORKLOAD;;;;;CONCLUIDA;True;0,8173251744017777;1,0;0,013537024050637015;0,9999518292833803;0,6586441863669917;0,0025067049889877066;0,15617428304579817
Societário;Consolidação das versões finais dos documentos;;Jacó;2026-07-23 09:02:00;2026-07-23 11:02:59.999999999;2026-07-23 13:02:59.999999999;1,0;;2,0;2026-07-23 13:02:59.999999999;;AHP_APRENDIZAGEM_ESPECIALIZACAO_WORKLOAD;;;;;CONCLUIDA;True;0,8168775217574018;1,0;0,013537024050637015;0,997085601426289;0,6586441863669917;0,0025067049889877066;0,15572663040142234
Societário;Aumento e redução de capital;;Jacó;2026-07-23 09:03:00;2026-07-23 13:02:59.999999999;2026-07-23 15:02:59.999999999;1,0;;2,0;2026-07-23 15:02:59.999999999;;AHP_APRENDIZAGEM_ESPECIALIZACAO_WORKLOAD;;;;;CONCLUIDA;True;0,8190821711107255;1,0;0,027860435865426355;0,9942192354942955;0,6586441863669917;0,005159028551474716;0,1552789561922589
Societário;Elaboração e negociação de  SHA;;Jacó;2026-07-23 09:04:00;2026-07-23 15:02:59.999999999;2026-07-24 15:03:00.000000000;3,0;;8,0;2026-07-24 15:03:00.000000000;;AHP_APRENDIZAGEM_ESPECIALIZACAO_WORKLOAD;;;;;CONCLUIDA;True;0,8186344753352159;1,0;0,027860435865426355;0,9913527314774223;0,6586441863669917;0,005159028551474716;0,1548312604167495
Governança;Código de Conduta;;Adão;2026-07-24 09:00:00;2026-09-28 09:01:59.999999999;2026-09-28 11:01:59.999999999;1,0;;2,0;2026-09-28 11:01:59.999999999;;AHP_APRENDIZAGEM_ESPECIALIZACAO_WORKLOAD;;;;;CONCLUIDA;True;0,9159647502508501;1,0;1,0;0,4619395711500975;0,6586441863669917;0,1851740071976712;0,07214655668618716
Propriedade intelectual;Depósito, acompanhamento e manutenção de registros de marcas;;Esaú;2026-07-24 09:01:00;2026-07-24 09:01:00.000000000;2026-07-24 11:01:00.000000000;1,0;;2,0;2026-07-24 11:01:00.000000000;;AHP_APRENDIZAGEM_ESPECIALIZACAO_WORKLOAD;;;;;CONCLUIDA;True;1,0;1,0;1,0;1,0;0,6586441863669917;0,1851740071976712;0,1561818064353371
Societário;Estruturação de regras de governança;;Jacó;2026-07-24 09:02:00;2026-07-24 15:03:00.000000000;2026-07-29 15:03:00.000000000;5,0;;24,0;2026-07-29 15:03:00.000000000;;AHP_APRENDIZAGEM_ESPECIALIZACAO_WORKLOAD;;;;;CONCLUIDA;True;0,8192973013528869;1,0;0,031565968885903434;0,9912032750134022;0,6586441863669917;0,005845196949679748;0,1548079180362154
Concorrencial;Contencioso Administrativo Concorrencial;;Davi;2026-07-24 09:03:00;2026-09-04 13:04:00.000000000;2026-09-08 13:04:00.000000000;4,0;;16,0;2026-09-08 13:04:00.000000000;;AHP_APRENDIZAGEM_ESPECIALIZACAO_WORKLOAD;;;;;CONCLUIDA;True;0,944278143431119;1,0;1,0;0,643224407242651;0,6586441863669917;0,1851740071976712;0,10045994986645616
Direito financeiro;Avaliação de endividamento e garantias;;Abel;2026-07-24 09:04:00;2026-07-24 09:04:00.000000000;2026-07-24 11:04:00.000000000;1,0;;2,0;2026-07-24 11:04:00.000000000;;AHP_APRENDIZAGEM_ESPECIALIZACAO_WORKLOAD;;;;;CONCLUIDA;True;0,8242015472457694;1,0;0,05063105014210965;1,0;0,6586441863669917;0,009375554443440662;0,1561818064353371
Trabalhista;Gestão de escritórios externos;;Davi;2026-07-27 09:00:00;2026-09-08 13:04:00.000000000;2026-09-08 15:04:00.000000000;1,0;;2,0;2026-09-08 15:04:00.000000000;;AHP_APRENDIZAGEM_ESPECIALIZACAO_WORKLOAD;;;;;CONCLUIDA;True;0,9417629773045998;1,0;1,0;0,627120315582265;0,6586441863669917;0,1851740071976712;0,09794478373993683
Contratos;Contrato de Joint Venture;;Davi;2026-07-27 09:01:00;2026-09-08 15:04:00.000000000;2026-09-11 15:04:00.000000000;5,0;;24,0;2026-09-11 15:04:00.000000000;;AHP_APRENDIZAGEM_ESPECIALIZACAO_WORKLOAD;;;;;CONCLUIDA;True;0,7783072042096303;1,0;0,11976792698752088;0,6241771246829722;0,6586441863669917;0,022177906974037348;0,09748511086860123
Societário;Acordo de Sócios / Acionistas;;Jacó;2026-07-27 09:02:00;2026-07-29 15:03:00.000000000;2026-07-30 15:03:00.000000000;3,0;;8,0;2026-07-30 15:03:00.000000000;;AHP_APRENDIZAGEM_ESPECIALIZACAO_WORKLOAD;;;;;CONCLUIDA;True;0,8184223146507792;1,0;0,04689245162367752;0,9674293604221116;0,6586441863669917;0,00868326317447931;0,1510948651093082
Regulatório;Atuação em processos administrativos na CVM e no BCB;;Adão;2026-07-27 09:03:00;2026-09-28 11:01:59.999999999;2026-09-28 13:01:59.999999999;1,0;;2,0;2026-09-28 13:01:59.999999999;;AHP_APRENDIZAGEM_ESPECIALIZACAO_WORKLOAD;;;;;CONCLUIDA;True;0,916361844959709;1,0;1,0;0,4644820869393693;0,6586441863669917;0,1851740071976712;0,072543651395046
Societário;Due diligence;;Jacó;2026-07-27 09:04:00;2026-07-30 15:03:00.000000000;2026-08-04 15:03:00.000000000;5,0;;24,0;2026-08-04 15:03:00.000000000;;AHP_APRENDIZAGEM_ESPECIALIZACAO_WORKLOAD;;;;;CONCLUIDA;True;0,8165812781245256;1,0;0,04689245162367752;0,9556415820100601;0,6586441863669917;0,00868326317447931;0,14925382858305453
Societário;Reorganizações societárias internas;;Jacó;2026-07-28 09:00:00;2026-08-04 15:03:00.000000000;2026-08-07 15:03:00.000000000;5,0;;24,0;2026-08-07 15:03:00.000000000;;AHP_APRENDIZAGEM_ESPECIALIZACAO_WORKLOAD;;;;;CONCLUIDA;True;0,812742531146947;1,0;0,04689245162367752;0,931062874251497;0,6586441863669917;0,00868326317447931;0,14541508160547592
Societário;Acordo de Sócios / Acionistas;;Jacó;2026-07-28 09:01:00;2026-08-07 15:03:00.000000000;2026-08-10 15:03:00.000000000;3,0;;8,0;2026-08-10 15:03:00.000000000;;AHP_APRENDIZAGEM_ESPECIALIZACAO_WORKLOAD;;;;;CONCLUIDA;True;0,8071346969648246;1,0;0,04689245162367752;0,895157064797026;0,6586441863669917;0,00868326317447931;0,13980724742335363
Societário;Suporte jurídico às negociações comerciais;;Jacó;2026-07-28 09:02:00;2026-08-10 15:03:00.000000000;2026-08-11 15:03:00.000000000;3,0;;8,0;2026-08-11 15:03:00.000000000;;AHP_APRENDIZAGEM_ESPECIALIZACAO_WORKLOAD;;;;;CONCLUIDA;True;0,805267651208012;1,0;0,04689245162367752;0,8832027546284745;0,6586441863669917;0,00868326317447931;0,13794020166654095
Societário;Due diligence societária;;Jacó;2026-07-28 09:03:00;2026-08-11 15:03:00.000000000;2026-08-14 15:03:00.000000000;5,0;;24,0;2026-08-14 15:03:00.000000000;;AHP_APRENDIZAGEM_ESPECIALIZACAO_WORKLOAD;;;;;CONCLUIDA;True;0,8034005122782694;1,0;0,04689245162367752;0,8712478478928064;0,6586441863669917;0,00868326317447931;0,1360730627367983
Societário;Reorganizações societárias internas;;Jacó;2026-07-28 09:04:00;2026-08-14 15:03:00.000000000;2026-08-19 15:03:00.000000000;5,0;;24,0;2026-08-19 15:03:00.000000000;;AHP_APRENDIZAGEM_ESPECIALIZACAO_WORKLOAD;;;;;CONCLUIDA;True;0,797792025198617;1,0;0,04689245162367752;0,8353378580696676;0,6586441863669917;0,00868326317447931;0,13046457565714592
Direito digital;Apoio jurídico ao Encarregado/DPO;;Adão;2026-07-29 09:00:00;2026-09-28 13:01:59.999999999;2026-09-28 15:01:59.999999999;1,0;;2,0;2026-09-28 15:01:59.999999999;;AHP_APRENDIZAGEM_ESPECIALIZACAO_WORKLOAD;;;;;CONCLUIDA;True;0,9176417050004366;1,0;1,0;0,4726767676767677;0,6586441863669917;0,1851740071976712;0,07382351143577374
Contratos;Contrato de Hosting;;Davi;2026-07-29 09:01:00;2026-09-11 15:04:00.000000000;2026-09-14 15:04:00.000000000;3,0;;8,0;2026-09-14 15:04:00.000000000;;AHP_APRENDIZAGEM_ESPECIALIZACAO_WORKLOAD;;;;;CONCLUIDA;True;0,7786556083328212;1,0;0,13955769619232178;0,6029445188009798;0,6586441863669917;0,0258424578392074;0,0941689641266221
Societário;Gestão de passivos;;Jacó;2026-07-29 09:02:00;2026-08-19 15:03:00.000000000;2026-08-20 09:03:00.000000000;1,0;;2,0;2026-08-20 09:03:00.000000000;;AHP_APRENDIZAGEM_ESPECIALIZACAO_WORKLOAD;;;;;CONCLUIDA;True;0,7936872791482414;1,0;0,04689245162367752;0,809056012929946;0,6586441863669917;0,00868326317447931;0,12635982960677042
Societário;Gestão de passivos;;Jacó;2026-07-29 09:03:00;2026-08-20 09:03:00.000000000;2026-08-20 11:03:00.000000000;1,0;;2,0;2026-08-20 11:03:00.000000000;;AHP_APRENDIZAGEM_ESPECIALIZACAO_WORKLOAD;;;;;CONCLUIDA;True;0,7932171562363382;1,0;0,04689245162367752;0,806045912569134;0,6586441863669917;0,00868326317447931;0,12588970669486715
Societário;Integração societária;;Jacó;2026-07-29 09:04:00;2026-08-20 11:03:00.000000000;2026-08-20 13:03:00.000000000;1,0;;2,0;2026-08-20 13:03:00.000000000;;AHP_APRENDIZAGEM_ESPECIALIZACAO_WORKLOAD;;;;;CONCLUIDA;True;0,7927470095784549;1,0;0,04689245162367752;0,8030356601676937;0,6586441863669917;0,00868326317447931;0,12541956003698387
Contratos;Contrato de Cessão de Crédito;;Davi;2026-07-30 09:00:00;2026-09-14 15:04:00.000000000;2026-09-15 15:04:00.000000000;3,0;;8,0;2026-09-15 15:04:00.000000000;;AHP_APRENDIZAGEM_ESPECIALIZACAO_WORKLOAD;;;;;CONCLUIDA;True;0,7887293616880497;1,0;0,19808132200784304;0,5980572597137014;0,6586441863669917;0,03667951214720455;0,09340566317385345
Societário;Estruturação de regras de governança;;Jacó;2026-07-30 09:01:00;2026-08-20 13:03:00.000000000;2026-08-25 13:03:00.000000000;5,0;;24,0;2026-08-25 13:03:00.000000000;;AHP_APRENDIZAGEM_ESPECIALIZACAO_WORKLOAD;;;;;CONCLUIDA;True;0,8102439626787471;1,0;0,13571020502365266;0,8097599631892431;0,6586441863669917;0,02513000248184729;0,12646977382990807
Contratos;Contratos de Seguros ou Previdência;;Davi;2026-07-30 09:02:00;2026-09-15 15:04:00.000000000;2026-09-16 15:04:00.000000000;3,0;;8,0;2026-09-16 15:04:00.000000000;;AHP_APRENDIZAGEM_ESPECIALIZACAO_WORKLOAD;;;;;CONCLUIDA;True;0,7868176981121355;1,0;0,19808132200784304;0,5858172708216167;0,6586441863669917;0,03667951214720455;0,0914939995979392
Societário;Estruturação de veículos societários (SPVs);;Jacó;2026-07-30 09:03:00;2026-08-25 13:03:00.000000000;2026-08-28 13:03:00.000000000;5,0;;24,0;2026-08-28 13:03:00.000000000;;AHP_APRENDIZAGEM_ESPECIALIZACAO_WORKLOAD;;;;;CONCLUIDA;True;0,8045009644498639;1,0;0,13571020502365266;0,7729887261293044;0,6586441863669917;0,02513000248184729;0,12072677560102482
Societário;Elaboração e negociação de  SPA;;Jacó;2026-07-30 09:04:00;2026-08-28 13:03:00.000000000;2026-08-31 13:03:00.000000000;3,0;;8,0;2026-08-31 13:03:00.000000000;;AHP_APRENDIZAGEM_ESPECIALIZACAO_WORKLOAD;;;;;CONCLUIDA;True;0,7987544393836177;1,0;0,13571020502365266;0,73619490745475;0,6586441863669917;0,02513000248184729;0,11498025053477869
Concorrencial;Programa de Compliance Concorrencial;;Davi;2026-07-31 09:00:00;2026-09-16 15:04:00.000000000;2026-09-17 15:04:00.000000000;3,0;;8,0;2026-09-17 15:04:00.000000000;;AHP_APRENDIZAGEM_ESPECIALIZACAO_WORKLOAD;;;;;CONCLUIDA;True;0,9345038822081211;1,0;1,0;0,5806418219461698;0,6586441863669917;0,1851740071976712;0,09068568864345816
Societário;Due diligence;;Jacó;2026-07-31 09:01:00;2026-08-31 13:03:00.000000000;2026-09-03 13:03:00.000000000;5,0;;24,0;2026-09-03 13:03:00.000000000;;AHP_APRENDIZAGEM_ESPECIALIZACAO_WORKLOAD;;;;;CONCLUIDA;True;0,8019632649860778;1,0;0,15585118887140678;0,7328605812779835;0,6586441863669917;0,02885958916983949;0,11445948944924665
Contratos;Contrato de Cessão de Crédito;;Davi;2026-07-31 09:02:00;2026-09-17 15:04:00.000000000;2026-09-18 15:04:00.000000000;3,0;;8,0;2026-09-18 15:04:00.000000000;;AHP_APRENDIZAGEM_ESPECIALIZACAO_WORKLOAD;;;;;CONCLUIDA;True;0,7838696332213665;1,0;0,1969785702344823;0,5682488741653295;0,6586441863669917;0,036475311182387005;0,08875013567198774
Societário;Análise jurídica preliminar e de estrutura da operação;;Jacó;2026-07-31 09:03:00;2026-09-03 13:03:00.000000000;2026-09-08 13:03:00.000000000;5,0;;24,0;2026-09-08 13:03:00.000000000;;AHP_APRENDIZAGEM_ESPECIALIZACAO_WORKLOAD;;;;;CONCLUIDA;True;0,7961482979263168;1,0;0,15585118887140678;0,6956285425887103;0,6586441863669917;0,02885958916983949;0,1086445223894856
Concorrencial;Gestão de canal de dúvidas;;Davi;2026-07-31 09:04:00;2026-09-18 15:04:00.000000000;2026-09-21 09:03:59.999999999;1,0;;2,0;2026-09-21 09:03:59.999999999;;AHP_APRENDIZAGEM_ESPECIALIZACAO_WORKLOAD;;;;;CONCLUIDA;True;0,9306325758766336;1,0;1,0;0,5558546433378196;0,6586441863669917;0,1851740071976712;0,0868143823119707
Societário;Due diligence societária;;Jacó;2026-08-03 09:00:00;2026-09-08 13:03:00.000000000;2026-09-11 13:03:00.000000000;5,0;;24,0;2026-09-11 13:03:00.000000000;;AHP_APRENDIZAGEM_ESPECIALIZACAO_WORKLOAD;;;;;CONCLUIDA;True;0,7916127013831538;1,0;0,15585118887140678;0,6665880503144654;0,6586441863669917;0,02885958916983949;0,10410892584632259
Societário;Atualização de Contrato Social / Estatuto;;Jacó;2026-08-03 09:01:00;2026-09-11 13:03:00.000000000;2026-09-14 13:03:00.000000000;3,0;;8,0;2026-09-14 13:03:00.000000000;;AHP_APRENDIZAGEM_ESPECIALIZACAO_WORKLOAD;;;;;CONCLUIDA;True;0,7857216221530628;1,0;0,15585118887140678;0,6288686810451009;0,6586441863669917;0,02885958916983949;0,09821784661623169
Societário;Closing da operação;;Jacó;2026-08-03 09:02:00;2026-09-14 13:03:00.000000000;2026-09-14 15:03:00.000000000;1,0;;2,0;2026-09-14 15:03:00.000000000;;AHP_APRENDIZAGEM_ESPECIALIZACAO_WORKLOAD;;;;;CONCLUIDA;True;0,7837595421372773;1,0;0,15585118887140678;0,6163058860527282;0,6586441863669917;0,02885958916983949;0,09625576660044612
Regulatório;Elaboração de defesas, manifestações e recursos;;Adão;2026-08-03 09:03:00;2026-09-28 15:01:59.999999999;2026-09-30 15:02:00.000000000;4,0;;16,0;2026-09-30 15:02:00.000000000;;AHP_APRENDIZAGEM_ESPECIALIZACAO_WORKLOAD;;;;;CONCLUIDA;True;0,9199423447317987;1,0;1,0;0,4874072909295804;0,6586441863669917;0,1851740071976712;0,07612415116713576
Contratos;MoU;;Davi;2026-08-03 09:04:00;2026-09-21 09:03:59.999999999;2026-09-21 11:03:59.999999999;1,0;;2,0;2026-09-21 11:03:59.999999999;;AHP_APRENDIZAGEM_ESPECIALIZACAO_WORKLOAD;;;;;CONCLUIDA;True;0,7825348099047896;1,0;0,1969785702344823;0,5597022748715799;0,6586441863669917;0,036475311182387005;0,08741531235541093
Societário;Regularização societária;;Jacó;2026-08-04 09:00:00;2026-09-14 15:03:00.000000000;2026-09-15 15:03:00.000000000;3,0;;8,0;2026-09-15 15:03:00.000000000;;AHP_APRENDIZAGEM_ESPECIALIZACAO_WORKLOAD;;;;;CONCLUIDA;True;0,7844832268417034;1,0;0,15585118887140678;0,6209394904458598;0,6586441863669917;0,02885958916983949;0,09697945130487214
Societário;SPA / SHA e documentos correlatos;;Jacó;2026-08-04 09:01:00;2026-09-15 15:03:00.000000000;2026-09-16 09:03:00.000000000;1,0;;2,0;2026-09-16 09:03:00.000000000;;AHP_APRENDIZAGEM_ESPECIALIZACAO_WORKLOAD;;;;;CONCLUIDA;True;0,7824961707192569;1,0;0,15585118887140678;0,6082167785769262;0,6586441863669917;0,02885958916983949;0,09499239518242578
Contratos;Contratos imobiliários;;Davi;2026-08-04 09:02:00;2026-09-21 11:03:59.999999999;2026-09-22 11:03:59.999999999;3,0;;8,0;2026-09-22 11:03:59.999999999;;AHP_APRENDIZAGEM_ESPECIALIZACAO_WORKLOAD;;;;;CONCLUIDA;True;0,7831463790574423;1,0;0,1969785702344823;0,5636180264345242;0,6586441863669917;0,036475311182387005;0,08802688150806356
Contratos;Contrato de SaaS;;Davi;2026-08-04 09:03:00;2026-09-22 11:03:59.999999999;2026-09-23 11:03:59.999999999;3,0;;8,0;2026-09-23 11:03:59.999999999;;AHP_APRENDIZAGEM_ESPECIALIZACAO_WORKLOAD;;;;;CONCLUIDA;True;0,7811589798428696;1,0;0,1969785702344823;0,550893117817236;0,6586441863669917;0,036475311182387005;0,08603948229349091
Societário;Integração societária;;Jacó;2026-08-04 09:04:00;2026-09-16 09:03:00.000000000;2026-09-16 11:03:00.000000000;1,0;;2,0;2026-09-16 11:03:00.000000000;;AHP_APRENDIZAGEM_ESPECIALIZACAO_WORKLOAD;;;;;CONCLUIDA;True;0,7820062875154483;1,0;0,15585118887140678;0,6050801571292069;0,6586441863669917;0,02885958916983949;0,09450251197861716
Societário;Atos perante Junta Comercial;;Jacó;2026-08-05 09:00:00;2026-09-16 11:03:00.000000000;2026-09-16 13:03:00.000000000;1,0;;2,0;2026-09-16 13:03:00.000000000;;AHP_APRENDIZAGEM_ESPECIALIZACAO_WORKLOAD;;;;;CONCLUIDA;True;0,8032562320496626;1,0;0,26679835382743444;0,6095967741935484;0,6586441863669917;0,04940412029196817;0,09520792539070268
Contratos;NDA;;Davi;2026-08-05 09:01:00;2026-09-23 11:03:59.999999999;2026-09-23 13:03:59.999999999;1,0;;2,0;2026-09-23 13:03:59.999999999;;AHP_APRENDIZAGEM_ESPECIALIZACAO_WORKLOAD;;;;;CONCLUIDA;True;0,7843526310023474;1,0;0,21913807146158268;0,5450684158176295;0,6586441863669917;0,040578674822110895;0,08512976981324485
Contratos;Contrato de Licença de Uso de Marca;;Davi;2026-08-05 09:02:00;2026-09-23 13:03:59.999999999;2026-09-24 13:04:00.000000000;3,0;;8,0;2026-09-24 13:04:00.000000000;;AHP_APRENDIZAGEM_ESPECIALIZACAO_WORKLOAD;;;;;CONCLUIDA;True;0,7838510801930989;1,0;0,21913807146158268;0,5418570890908114;0,6586441863669917;0,040578674822110895;0,08462821900399632
Societário;Closing da operação;;Jacó;2026-08-05 09:03:00;2026-09-16 13:03:00.000000000;2026-09-16 15:03:00.000000000;1,0;;2,0;2026-09-16 15:03:00.000000000;;AHP_APRENDIZAGEM_ESPECIALIZACAO_WORKLOAD;;;;;CONCLUIDA;True;0,802760057815287;1,0;0,26679835382743444;0,6064198725703686;0,6586441863669917;0,04940412029196817;0,0947117511563271
Societário;Estruturação de regras de governança;;Jacó;2026-08-05 09:04:00;2026-09-16 15:03:00.000000000;2026-09-21 15:03:00.000000000;5,0;;24,0;2026-09-21 15:03:00.000000000;;AHP_APRENDIZAGEM_ESPECIALIZACAO_WORKLOAD;;;;;CONCLUIDA;True;0,8022587376458848;1,0;0,26679835382743444;0,6032100225830734;0,6586441863669917;0,04940412029196817;0,0942104309869249
Contratos;Contrato de compra e venda;;Davi;2026-08-06 09:00:00;2026-09-24 13:04:00.000000000;2026-09-25 13:04:00.000000000;3,0;;8,0;2026-09-25 13:04:00.000000000;;AHP_APRENDIZAGEM_ESPECIALIZACAO_WORKLOAD;;;;;CONCLUIDA;True;0,7873112882888855;1,0;0,24290036161558357;0,5358387799568809;0,6586441863669917;0,04497883331012101;0,08368826861177277
Regulatório;Apoio jurídico à governança de instituições reguladas;;Adão;2026-08-06 09:01:00;2026-09-30 15:02:00.000000000;2026-10-01 15:02:00.000000000;3,0;;8,0;2026-10-01 15:02:00.000000000;;AHP_APRENDIZAGEM_ESPECIALIZACAO_WORKLOAD;;;;;CONCLUIDA;True;0,9188402448707027;1,0;1,0;0,4803507720798497;0,6586441863669917;0,1851740071976712;0,07502205130603982
Governança;Política de PLDFTP e Fraudes;;Adão;2026-08-06 09:02:00;2026-10-01 15:02:00.000000000;2026-10-02 15:02:00.000000000;3,0;;8,0;2026-10-02 15:02:00.000000000;;AHP_APRENDIZAGEM_ESPECIALIZACAO_WORKLOAD;;;;;CONCLUIDA;True;0,9168005846212977;1,0;1,0;0,46729124679993467;0,6586441863669917;0,1851740071976712;0,07298239105663473
Societário;Elaboração e negociação de LOI;;Jacó;2026-08-06 09:03:00;2026-09-21 15:03:00.000000000;2026-09-22 15:03:00.000000000;3,0;;8,0;2026-09-22 15:03:00.000000000;;AHP_APRENDIZAGEM_ESPECIALIZACAO_WORKLOAD;;;;;CONCLUIDA;True;0,7973625041620994;1,0;0,26679835382743444;0,5718604461148787;0,6586441863669917;0,04940412029196817;0,08931419750313951
Societário;Aumento e redução de capital;;Jacó;2026-08-06 09:04:00;2026-09-22 15:03:00.000000000;2026-09-23 09:03:00.000000000;1,0;;2,0;2026-09-23 09:03:00.000000000;;AHP_APRENDIZAGEM_ESPECIALIZACAO_WORKLOAD;;;;;CONCLUIDA;True;0,7953231220700562;1,0;0,26679835382743444;0,5588027018193703;0,6586441863669917;0,04940412029196817;0,08727481541109629
Contratos;Contrato de Manutenção de Sistemas;;Davi;2026-08-07 09:00:00;2026-09-25 13:04:00.000000000;2026-09-28 13:04:00.000000000;3,0;;8,0;2026-09-28 13:04:00.000000000;;AHP_APRENDIZAGEM_ESPECIALIZACAO_WORKLOAD;;;;;CONCLUIDA;True;0,7865256434851113;1,0;0,24384290483635498;0,529690949227833;0,6586441863669917;0,04515336781526825;0,08272808930285139
Societário;Organização de livros societários;;Jacó;2026-08-07 09:01:00;2026-09-23 09:03:00.000000000;2026-09-23 11:03:00.000000000;1,0;;2,0;2026-09-23 11:03:00.000000000;;AHP_APRENDIZAGEM_ESPECIALIZACAO_WORKLOAD;;;;;CONCLUIDA;True;0,795954714282282;1,0;0,26679835382743444;0,5628466569165816;0,6586441863669917;0,04940412029196817;0,08790640762332215
Societário;Regularização societária;;Jacó;2026-08-07 09:02:00;2026-09-23 11:03:00.000000000;2026-09-24 11:02:59.999999999;3,0;;8,0;2026-09-24 11:02:59.999999999;;AHP_APRENDIZAGEM_ESPECIALIZACAO_WORKLOAD;;;;;CONCLUIDA;True;0,7954399532478812;1,0;0,26679835382743444;0,5595507478337657;0,6586441863669917;0,04940412029196817;0,08739164658892132
Societário;Estruturação jurídica de carve-outs, spin-offs e alienação de ativos;;Jacó;2026-08-07 09:03:00;2026-09-24 11:02:59.999999999;2026-09-29 11:03:00.000000000;5,0;;24,0;2026-09-29 11:03:00.000000000;;AHP_APRENDIZAGEM_ESPECIALIZACAO_WORKLOAD;;;;;CONCLUIDA;True;0,7933735604603334;1,0;0,26679835382743444;0,5463200596075835;0,6586441863669917;0,04940412029196817;0,08532525380137343
Societário;Aprovações regulatórias e concorrenciais;;Jacó;2026-08-07 09:04:00;2026-09-29 11:03:00.000000000;2026-09-30 11:02:59.999999999;3,0;;8,0;2026-09-30 11:02:59.999999999;;AHP_APRENDIZAGEM_ESPECIALIZACAO_WORKLOAD;;;;;CONCLUIDA;True;0,7871693305228931;1,0;0,26679835382743444;0,5065956507340766;0,6586441863669917;0,04940412029196817;0,0791210238639332
Concorrencial;Programa de Compliance Concorrencial;;Davi;2026-08-10 09:00:00;2026-09-28 13:04:00.000000000;2026-09-29 13:04:00.000000000;3,0;;8,0;2026-09-29 13:04:00.000000000;;AHP_APRENDIZAGEM_ESPECIALIZACAO_WORKLOAD;;;;;CONCLUIDA;True;0,9255603269328501;1,0;1,0;0,5233780760631059;0,6586441863669917;0,1851740071976712;0,08174213336818716
Contratos;Contrato de Distribuição;;Davi;2026-08-10 09:01:00;2026-09-29 13:04:00.000000000;2026-09-30 13:04:00.000000000;3,0;;8,0;2026-09-30 13:04:00.000000000;;AHP_APRENDIZAGEM_ESPECIALIZACAO_WORKLOAD;;;;;CONCLUIDA;True;0,7832643645119526;1,0;0,24286463446883477;0,5099695181637257;0,6586441863669917;0,04497221757119179;0,07964796057376913
Contratos;Contrato de Agência, Franquia ou Parceria Empresarial;;Davi;2026-08-10 09:02:00;2026-09-30 13:04:00.000000000;2026-10-01 13:04:00.000000000;3,0;;8,0;2026-10-01 13:04:00.000000000;;AHP_APRENDIZAGEM_ESPECIALIZACAO_WORKLOAD;;;;;CONCLUIDA;True;0,7811700745872256;1,0;0,24286463446883477;0,49656021030305575;0,6586441863669917;0,04497221757119179;0,07755367064904214
Contratos;Contrato de compra e venda;;Davi;2026-08-10 09:03:00;2026-10-01 13:04:00.000000000;2026-10-02 13:04:00.000000000;3,0;;8,0;2026-10-02 13:04:00.000000000;;AHP_APRENDIZAGEM_ESPECIALIZACAO_WORKLOAD;;;;;CONCLUIDA;True;0,7790756675223625;1,0;0,24286463446883477;0,48315015241817455;0,6586441863669917;0,04497221757119179;0,07545926358417895
Direito financeiro;Interpretação de normas do Banco Central e do CMN;;Abel;2026-08-10 09:04:00;2026-08-10 09:04:00.000000000;2026-08-10 11:04:00.000000000;1,0;;2,0;2026-08-10 11:04:00.000000000;;AHP_APRENDIZAGEM_ESPECIALIZACAO_WORKLOAD;;;;;CONCLUIDA;True;0,8244686152538612;1,0;0,05207330444190783;1,0;0,6586441863669917;0,009642622451532364;0,1561818064353371
Regulatório;Resposta a ofícios, exigências e questionamentos da CVM e do BCB;;Adão;2026-08-11 09:00:00;2026-10-02 15:02:00.000000000;2026-10-05 09:02:00.000000000;1,0;;2,0;2026-10-05 09:02:00.000000000;;AHP_APRENDIZAGEM_ESPECIALIZACAO_WORKLOAD;;;;;CONCLUIDA;True;0,9176503978653588;1,0;1,0;0,4727324263038549;0,6586441863669917;0,1851740071976712;0,07383220430069594
Societário;Consolidação das versões finais dos documentos;;Jacó;2026-08-11 09:01:00;2026-09-30 11:02:59.999999999;2026-09-30 13:02:59.999999999;1,0;;2,0;2026-09-30 13:02:59.999999999;;AHP_APRENDIZAGEM_ESPECIALIZACAO_WORKLOAD;;;;;CONCLUIDA;True;0,8145325829551147;1,0;0,41445379276627153;0,5067320502281811;0,6586441863669917;0,0767460696048037;0,0791423269833193
Societário;Suporte jurídico às negociações comerciais;;Jacó;2026-08-11 09:02:00;2026-09-30 13:02:59.999999999;2026-10-01 13:03:00.000000000;3,0;;8,0;2026-10-01 13:03:00.000000000;;AHP_APRENDIZAGEM_ESPECIALIZACAO_WORKLOAD;;;;;CONCLUIDA;True;0,8140035655945711;1,0;0,41445379276627153;0,5033448608197744;0,6586441863669917;0,0767460696048037;0,0786133096227757
Societário;Organização de livros societários;;Jacó;2026-08-11 09:03:00;2026-10-01 13:03:00.000000000;2026-10-01 15:03:00.000000000;1,0;;2,0;2026-10-01 15:03:00.000000000;;AHP_APRENDIZAGEM_ESPECIALIZACAO_WORKLOAD;;;;;CONCLUIDA;True;0,8118806908098859;1,0;0,41445379276627153;0,4897525299770389;0,6586441863669917;0,0767460696048037;0,07649043483809052
Societário;Atas de Reunião e Assembleia;;Jacó;2026-08-11 09:04:00;2026-10-01 15:03:00.000000000;2026-10-02 11:02:59.999999999;2,0;;4,0;2026-10-02 11:02:59.999999999;;AHP_APRENDIZAGEM_ESPECIALIZACAO_WORKLOAD;;;;;CONCLUIDA;True;0,8113515682807613;1,0;0,41445379276627153;0,4863646671958272;0,6586441863669917;0,0767460696048037;0,07596131230896584
Societário;Atualização de Contrato Social / Estatuto;;Jacó;2026-08-12 09:00:00;2026-10-02 11:02:59.999999999;2026-10-05 11:02:59.999999999;3,0;;8,0;2026-10-05 11:02:59.999999999;;AHP_APRENDIZAGEM_ESPECIALIZACAO_WORKLOAD;;;;;CONCLUIDA;True;0,8159510393764694;1,0;0,43949821459911953;0,4861206896551724;0,6586441863669917;0,081383645553541;0,07592320745593673
Societário;Estruturação de regras de governança;;Jacó;2026-08-12 09:01:00;2026-10-05 11:02:59.999999999;2026-10-08 11:03:00.000000000;5,0;;24,0;2026-10-08 11:03:00.000000000;;AHP_APRENDIZAGEM_ESPECIALIZACAO_WORKLOAD;;;;;EM_EXECUCAO;True;0,8137989274226344;1,0;0,43949821459911953;0,47234115922871356;0,6586441863669917;0,081383645553541;0,07377109550210169
Direito digital;Atendimento a direitos dos titulares (DSARs);;Adão;2026-08-12 09:02:00;2026-10-05 09:02:00.000000000;2026-10-05 11:02:00.000000000;1,0;;2,0;2026-10-05 11:02:00.000000000;;AHP_APRENDIZAGEM_ESPECIALIZACAO_WORKLOAD;;;;;CONCLUIDA;True;0,9181344861951679;1,0;1,0;0,4758319443646187;0,6586441863669917;0,1851740071976712;0,07431629263050497
Societário;Due diligence;;Jacó;2026-08-12 09:03:00;2026-10-08 11:03:00.000000000;2026-10-13 11:03:00.000000000;5,0;;24,0;2026-10-13 11:03:00.000000000;;AHP_APRENDIZAGEM_ESPECIALIZACAO_WORKLOAD;;;;;PENDENTE;True;0,8073399148906379;1,0;0,43949821459911953;0,43098542977842924;0,6586441863669917;0,081383645553541;0,06731208297010521
Societário;Estruturação societária internacional;;Jacó;2026-08-12 09:04:00;2026-10-13 11:03:00.000000000;2026-10-16 11:03:00.000000000;5,0;;24,0;2026-10-16 11:03:00.000000000;;AHP_APRENDIZAGEM_ESPECIALIZACAO_WORKLOAD;;;;;PENDENTE;True;0,8008784110055961;1,0;0,43949821459911953;0,3896137487067479;0,6586441863669917;0,081383645553541;0,060850579085063375
Governança;Política de PLDFTP e Fraudes;;Adão;2026-08-13 09:00:00;2026-10-05 11:02:00.000000000;2026-10-06 11:02:00.000000000;3,0;;8,0;2026-10-06 11:02:00.000000000;;AHP_APRENDIZAGEM_ESPECIALIZACAO_WORKLOAD;;;;;CONCLUIDA;True;0,9186234538847117;1,0;1,0;0,478962703962704;0,6586441863669917;0,1851740071976712;0,07480526032004871
Direito digital;Avaliação de fornecedores sob a ótica de privacidade (vendor assessment);;Adão;2026-08-13 09:01:00;2026-10-06 11:02:00.000000000;2026-10-06 13:02:00.000000000;1,0;;2,0;2026-10-06 13:02:00.000000000;;AHP_APRENDIZAGEM_ESPECIALIZACAO_WORKLOAD;;;;;CONCLUIDA;True;0,9164412090107747;1,0;1,0;0,4649902386433172;0,6586441863669917;0,1851740071976712;0,07262301544611177
Contratos;Outros tipos contratuais;;Davi;2026-08-13 09:02:00;2026-10-02 13:04:00.000000000;2026-10-05 13:04:00.000000000;3,0;;8,0;2026-10-05 13:04:00.000000000;;AHP_APRENDIZAGEM_ESPECIALIZACAO_WORKLOAD;;;;;CONCLUIDA;True;0,8016530154438861;1,0;0,3594994032416287;0,4894224605163472;0,6586441863669917;0,06656994508342386;0,07643888399347055
Contratos;Contrato de Representação Comercial;;Davi;2026-08-13 09:03:00;2026-10-05 13:04:00.000000000;2026-10-06 13:04:00.000000000;3,0;;8,0;2026-10-06 13:04:00.000000000;;AHP_APRENDIZAGEM_ESPECIALIZACAO_WORKLOAD;;;;;CONCLUIDA;True;0,7994706909923033;1,0;0,3594994032416287;0,47544948567765255;0,6586441863669917;0,06656994508342386;0,07425655954188772
Propriedade intelectual;Depósito, acompanhamento e manutenção de registros de marcas;;Esaú;2026-08-13 09:04:00;2026-08-13 09:04:00.000000000;2026-08-13 11:04:00.000000000;1,0;;2,0;2026-08-13 11:04:00.000000000;;AHP_APRENDIZAGEM_ESPECIALIZACAO_WORKLOAD;;;;;CONCLUIDA;True;1,0;1,0;1,0;1,0;0,6586441863669917;0,1851740071976712;0,1561818064353371
Contratos;Contrato de Licenciamento de Software;;Davi;2026-08-14 09:00:00;2026-10-06 13:04:00.000000000;2026-10-08 13:04:00.000000000;4,0;;16,0;2026-10-08 13:04:00.000000000;;AHP_APRENDIZAGEM_ESPECIALIZACAO_WORKLOAD;;;;;EM_EXECUCAO;True;0,7982839618205047;1,0;0,3594017334653957;0,46796690307328603;0,6586441863669917;0,06655185917957669;0,07308791627393613
Societário;Análise jurídica preliminar e de estrutura da operação;;Jacó;2026-08-14 09:01:00;2026-10-16 11:03:00.000000000;2026-10-21 11:03:00.000000000;5,0;;24,0;2026-10-21 11:03:00.000000000;;AHP_APRENDIZAGEM_ESPECIALIZACAO_WORKLOAD;;;;;PENDENTE;True;0,7959530941498237;1,0;0,43949821459911953;0,35807795738644765;0,6586441863669917;0,081383645553541;0,055925262229291055
Societário;Elaboração e negociação de  SHA;;Jacó;2026-08-14 09:02:00;2026-10-21 11:03:00.000000000;2026-10-22 11:02:59.999999999;3,0;;8,0;2026-10-22 11:02:59.999999999;;AHP_APRENDIZAGEM_ESPECIALIZACAO_WORKLOAD;;;;;PENDENTE;True;0,7893083197540363;1,0;0,43949821459911953;0,3155328329097465;0,6586441863669917;0,081383645553541;0,04928048783350359
Societário;Elaboração e negociação de LOI;;Jacó;2026-08-14 09:03:00;2026-10-22 11:02:59.999999999;2026-10-23 11:02:59.999999999;3,0;;8,0;2026-10-23 11:02:59.999999999;;AHP_APRENDIZAGEM_ESPECIALIZACAO_WORKLOAD;;;;;PENDENTE;True;0,7870942349769837;1,0;0,43949821459911953;0,3013565032361025;0,6586441863669917;0,081383645553541;0,047066403056451
Concorrencial;Contencioso Administrativo Concorrencial;;Davi;2026-08-14 09:04:00;2026-10-08 13:04:00.000000000;2026-10-12 13:04:00.000000000;4,0;;16,0;2026-10-12 13:04:00.000000000;;AHP_APRENDIZAGEM_ESPECIALIZACAO_WORKLOAD;;;;;PENDENTE;True;0,9124835367651617;1,0;1,0;0,43965007684123425;0,6586441863669917;0,1851740071976712;0,06866534320049873
Direito financeiro;Negociação jurídica com bancos e instituições de crédito;;Abel;2026-08-17 09:00:00;2026-08-17 09:00:00.000000000;2026-08-17 17:00:00.000000000;3,0;;8,0;2026-08-17 17:00:00.000000000;;AHP_APRENDIZAGEM_ESPECIALIZACAO_WORKLOAD;;;;;CONCLUIDA;True;0,8247453375651467;1,0;0,05356769512596374;1,0;0,6586441863669917;0,009919344762817865;0,1561818064353371
Contratos;Contrato de Desenvolvimento de Software;;Davi;2026-08-17 09:01:00;2026-10-12 13:04:00.000000000;2026-10-13 13:04:00.000000000;3,0;;8,0;2026-10-13 13:04:00.000000000;;AHP_APRENDIZAGEM_ESPECIALIZACAO_WORKLOAD;;;;;PENDENTE;True;0,7901414132305445;1,0;0,35828254099436224;0,4171587877339449;0,6586441863669917;0,06634461382488996;0,06515261303866286
Trabalhista;Gestão de escritórios externos;;Davi;2026-08-17 09:02:00;2026-10-13 13:04:00.000000000;2026-10-13 15:04:00.000000000;1,0;;2,0;2026-10-13 15:04:00.000000000;;AHP_APRENDIZAGEM_ESPECIALIZACAO_WORKLOAD;;;;;PENDENTE;True;0,9067254047664074;1,0;1,0;0,4027819413638907;0,6586441863669917;0,1851740071976712;0,06290721120174449
Governança;Política de Governaça Corporativa;;Adão;2026-08-17 09:03:00;2026-10-06 13:02:00.000000000;2026-10-07 13:02:00.000000000;3,0;;8,0;2026-10-07 13:02:00.000000000;;AHP_APRENDIZAGEM_ESPECIALIZACAO_WORKLOAD;;;;;EM_EXECUCAO;True;0,9179737666174815;1,0;1,0;0,47480288994813685;0,6586441863669917;0,1851740071976712;0,07415557305281857
Concorrencial;Monitoramento regulatório e jurisprudencial;;Davi;2026-08-17 09:04:00;2026-10-13 15:04:00.000000000;2026-10-14 15:04:00.000000000;3,0;;8,0;2026-10-14 15:04:00.000000000;;AHP_APRENDIZAGEM_ESPECIALIZACAO_WORKLOAD;;;;;PENDENTE;True;0,9061673042042946;1,0;1,0;0,39920853819452784;0,6586441863669917;0,1851740071976712;0,062349110639631625
Societário;Elaboração e negociação de  SHA;;Jacó;2026-08-18 09:00:00;2026-10-23 11:02:59.999999999;2026-10-26 11:02:59.999999999;3,0;;8,0;2026-10-26 11:02:59.999999999;;AHP_APRENDIZAGEM_ESPECIALIZACAO_WORKLOAD;;;;;PENDENTE;True;0,8087447779520556;1,0;0,5613331444500186;0,29552919708029196;0,6586441863669917;0,10394430773067914;0,04615628385438475
Contratos;Contrato de Representação Comercial;;Davi;2026-08-18 09:01:00;2026-10-14 15:04:00.000000000;2026-10-15 15:04:00.000000000;3,0;;8,0;2026-10-15 15:04:00.000000000;;AHP_APRENDIZAGEM_ESPECIALIZACAO_WORKLOAD;;;;;PENDENTE;True;0,7861676311944691;1,0;0,35939107326409947;0,39040116791923923;0,6586441863669917;0,06654988518738512;0,06097355964009216
Contencioso;Análise de decisões judiciais;;Eva;2026-08-18 09:02:00;2026-08-18 09:02:00.000000000;2026-08-18 11:02:00.000000000;1,0;;2,0;2026-08-18 11:02:00.000000000;;AHP_APRENDIZAGEM_ESPECIALIZACAO_WORKLOAD;;;;;CONCLUIDA;True;1,0;1,0;1,0;1,0;0,6586441863669917;0,1851740071976712;0,1561818064353371
Societário;Reorganizações societárias internas;;Jacó;2026-08-18 09:03:00;2026-10-26 11:02:59.999999999;2026-10-29 11:03:00.000000000;5,0;;24,0;2026-10-29 11:03:00.000000000;;AHP_APRENDIZAGEM_ESPECIALIZACAO_WORKLOAD;;;;;PENDENTE;True;0,8064687552542;1,0;0,5613331444500186;0,2809562916324483;0,6586441863669917;0,10394430773067914;0,04388026115652916
Contencioso;Monitoramento processual e de prazos;;Eva;2026-08-18 09:04:00;2026-08-18 11:02:00.000000000;2026-08-18 13:02:00.000000000;1,0;;2,0;2026-08-18 13:02:00.000000000;;AHP_APRENDIZAGEM_ESPECIALIZACAO_WORKLOAD;;;;;CONCLUIDA;True;0,9994394253206178;1,0;1,0;0,9964107555663706;0,6586441863669917;0,1851740071976712;0,15562123175595488
Societário;Elaboração e negociação de LOI;;Jacó;2026-08-19 09:00:00;2026-10-29 11:03:00.000000000;2026-10-30 11:02:59.999999999;3,0;;8,0;2026-10-30 11:02:59.999999999;;AHP_APRENDIZAGEM_ESPECIALIZACAO_WORKLOAD;;;;;PENDENTE;True;0,8001733565907673;1,0;0,5613331444500186;0,24064814814814814;0,6586441863669917;0,10394430773067914;0,0375848624930964
Societário;Acordo de Sócios / Acionistas;;Jacó;2026-08-19 09:01:00;2026-10-30 11:02:59.999999999;2026-11-02 11:02:59.999999999;3,0;;8,0;2026-11-02 11:02:59.999999999;;AHP_APRENDIZAGEM_ESPECIALIZACAO_WORKLOAD;;;;;PENDENTE;True;0,7978606406974844;1,0;0,5613331444500186;0,22584030371307764;0,6586441863669917;0,10394430773067914;0,035272146599813634
Governança;Política de Conflito de Interesses e de Partes Relacionadas;;Adão;2026-08-19 09:02:00;2026-10-07 13:02:00.000000000;2026-10-08 13:02:00.000000000;3,0;;8,0;2026-10-08 13:02:00.000000000;;AHP_APRENDIZAGEM_ESPECIALIZACAO_WORKLOAD;;;;;PENDENTE;True;0,9178548681505604;1,0;1,0;0,47404160750663626;0,6586441863669917;0,1851740071976712;0,07403667458589751
Direito financeiro;Análise de condições contratuais e riscos sistêmicos;;Abel;2026-08-19 09:03:00;2026-08-19 09:03:00.000000000;2026-08-19 11:03:00.000000000;1,0;;2,0;2026-08-19 11:03:00.000000000;;AHP_APRENDIZAGEM_ESPECIALIZACAO_WORKLOAD;;;;;CONCLUIDA;True;0,8281594055762402;1,0;0,07200477526890767;1,0;0,6586441863669917;0,013333412773911405;0,1561818064353371
Societário;Due diligence societária;;Jacó;2026-08-19 09:04:00;2026-11-02 11:02:59.999999999;2026-11-05 11:03:00.000000000;5,0;;24,0;2026-11-05 11:03:00.000000000;;AHP_APRENDIZAGEM_ESPECIALIZACAO_WORKLOAD;;;;;PENDENTE;True;0,795549816810302;1,0;0,5613331444500186;0,21104457340412403;0,6586441863669917;0,10394430773067914;0,03296132271263119
Regulatório;Interface direta com equipes técnicas dos reguladores;;Adão;2026-08-20 09:00:00;2026-10-08 13:02:00.000000000;2026-10-09 13:02:00.000000000;3,0;;8,0;2026-10-09 13:02:00.000000000;;AHP_APRENDIZAGEM_ESPECIALIZACAO_WORKLOAD;;;;;PENDENTE;True;0,9166149641205823;1,0;1,0;0,46610275689223063;0,6586441863669917;0,1851740071976712;0,07279677055591935
Contratos;Contrato de Locação;;Davi;2026-08-20 09:01:00;2026-10-15 15:04:00.000000000;2026-10-16 15:04:00.000000000;3,0;;8,0;2026-10-16 15:04:00.000000000;;AHP_APRENDIZAGEM_ESPECIALIZACAO_WORKLOAD;;;;;PENDENTE;True;0,7853030481666584;1,0;0,3575022575555232;0,38710485917530835;0,6586441863669917;0,06620012561377014;0,060458736185896436
Societário;Gestão de Advisors e Governança da Operação;;Jacó;2026-08-20 09:02:00;2026-11-05 11:03:00.000000000;2026-11-06 11:02:59.999999999;3,0;;8,0;2026-11-06 11:02:59.999999999;;AHP_APRENDIZAGEM_ESPECIALIZACAO_WORKLOAD;;;;;PENDENTE;True;0,8092463644977648;1,0;0,6706852106242314;0,16908954195125014;0,6586441863669917;0,12419346801950304;0,026408710111269964
Societário;Elaboração e negociação de LOI;;Jacó;2026-08-20 09:03:00;2026-11-06 11:02:59.999999999;2026-11-09 11:02:59.999999999;3,0;;8,0;2026-11-09 11:02:59.999999999;;AHP_APRENDIZAGEM_ESPECIALIZACAO_WORKLOAD;;;;;PENDENTE;True;0,8072087034133159;1,0;0,6723610983400661;0,15405583231506728;0,6586441863669917;0,1245037988634575;0,024060718182866588
Societário;Elaboração e negociação de LOI;;Jacó;2026-08-20 09:04:00;2026-11-09 11:02:59.999999999;2026-11-10 11:02:59.999999999;3,0;;8,0;2026-11-10 11:02:59.999999999;;AHP_APRENDIZAGEM_ESPECIALIZACAO_WORKLOAD;;;;;PENDENTE;True;0,8048605643491856;1,0;0,6723610983400661;0,13902118059907265;0,6586441863669917;0,1245037988634575;0,021712579118736405
Societário;Suporte jurídico às negociações comerciais;;Jacó;2026-08-21 09:00:00;2026-11-10 11:02:59.999999999;2026-11-11 11:02:59.999999999;3,0;;8,0;2026-11-11 11:02:59.999999999;;AHP_APRENDIZAGEM_ESPECIALIZACAO_WORKLOAD;;;;;PENDENTE;True;0,8034225663786465;1,0;0,6756970403332158;0,12585877862595418;0,6586441863669917;0,125121528610108;0,01965685140154672
Societário;Gestão de earn-outs, ajustes de preço e garantias;;Jacó;2026-08-21 09:01:00;2026-11-11 11:02:59.999999999;2026-11-11 13:02:59.999999999;1,0;;2,0;2026-11-11 13:02:59.999999999;;AHP_APRENDIZAGEM_ESPECIALIZACAO_WORKLOAD;;;;;PENDENTE;True;0,8010386607125134;1,0;0,6756970403332158;0,11059512070994633;0,6586441863669917;0,125121528610108;0,01727294573541358
Societário;Análise jurídica preliminar e de estrutura da operação;;Jacó;2026-08-21 09:02:00;2026-11-11 13:02:59.999999999;2026-11-16 13:03:00.000000000;5,0;;24,0;2026-11-16 13:03:00.000000000;;AHP_APRENDIZAGEM_ESPECIALIZACAO_WORKLOAD;;;;;PENDENTE;True;0,8004430584532569;1,0;0,6756970403332158;0,10678160188307152;0,6586441863669917;0,125121528610108;0,016677343476157104
Direito digital;Apoio jurídico ao Encarregado/DPO;;Adão;2026-08-21 09:03:00;2026-10-09 13:02:00.000000000;2026-10-09 15:02:00.000000000;1,0;;2,0;2026-10-09 15:02:00.000000000;;AHP_APRENDIZAGEM_ESPECIALIZACAO_WORKLOAD;;;;;PENDENTE;True;0,915348735571088;1,0;1,0;0,45799535579094697;0,6586441863669917;0,1851740071976712;0,07153054200642503
Contratos;Contrato de Joint Venture;;Davi;2026-08-21 09:04:00;2026-10-16 15:04:00.000000000;2026-10-21 15:04:00.000000000;5,0;;24,0;2026-10-21 15:04:00.000000000;;AHP_APRENDIZAGEM_ESPECIALIZACAO_WORKLOAD;;;;;PENDENTE;True;0,7838472109891812;1,0;0,3575022575555232;0,3777834330072741;0,6586441863669917;0,06620012561377014;0,05900289900841923
Contencioso;Gestão de provas e documentos;;Eva;2026-08-24 09:00:00;2026-08-24 09:00:00.000000000;2026-08-24 11:00:00.000000000;1,0;;2,0;2026-08-24 11:00:00.000000000;;AHP_APRENDIZAGEM_ESPECIALIZACAO_WORKLOAD;;;;;CONCLUIDA;True;1,0;1,0;1,0;1,0;0,6586441863669917;0,1851740071976712;0,1561818064353371
Societário;SPA / SHA e documentos correlatos;;Jacó;2026-08-24 09:01:00;2026-11-16 13:03:00.000000000;2026-11-16 15:03:00.000000000;1,0;;2,0;2026-11-16 15:03:00.000000000;;AHP_APRENDIZAGEM_ESPECIALIZACAO_WORKLOAD;;;;;PENDENTE;True;0,7934365868701371;1,0;0,6756970403332158;0,06192060467069358;0,6586441863669917;0,125121528610108;0,009670871893037296
Contratos;Contratos Financeiros ou Bancários;;Davi;2026-08-24 09:02:00;2026-10-21 15:04:00.000000000;2026-10-22 15:04:00.000000000;3,0;;8,0;2026-10-22 15:04:00.000000000;;AHP_APRENDIZAGEM_ESPECIALIZACAO_WORKLOAD;;;;;PENDENTE;True;0,7822339155101636;1,0;0,38310208679265734;0,33710187996694446;0,6586441863669917;0,07094054857718639;0,05264918056598556
Societário;Estruturação societária internacional;;Jacó;2026-08-24 09:03:00;2026-11-16 15:03:00.000000000;2026-11-19 15:03:00.000000000;5,0;;24,0;2026-11-19 15:03:00.000000000;;AHP_APRENDIZAGEM_ESPECIALIZACAO_WORKLOAD;;;;;PENDENTE;True;0,7928317971609129;1,0;0,6756970403332158;0,058048260490357675;0,6586441863669917;0,125121528610108;0,009066082183813069
Contratos;Contrato de SaaS;;Davi;2026-08-24 09:04:00;2026-10-22 15:04:00.000000000;2026-10-23 15:04:00.000000000;3,0;;8,0;2026-10-23 15:04:00.000000000;;AHP_APRENDIZAGEM_ESPECIALIZACAO_WORKLOAD;;;;;PENDENTE;True;0,7798155808180901;1,0;0,38310208679265734;0,3216177800754836;0,6586441863669917;0,07094054857718639;0,050230845873911995
Direito digital;Apoio jurídico ao Encarregado/DPO;;Adão;2026-08-25 09:00:00;2026-10-09 15:02:00.000000000;2026-10-12 09:02:00.000000000;1,0;;2,0;2026-10-12 09:02:00.000000000;;AHP_APRENDIZAGEM_ESPECIALIZACAO_WORKLOAD;;;;;PENDENTE;True;0,9169797366186769;1,0;1,0;0,46843832021052056;0,6586441863669917;0,1851740071976712;0,07316154305401398
Societário;Elaboração e negociação de LOI;;Jacó;2026-08-25 09:01:00;2026-11-19 15:03:00.000000000;2026-11-20 15:03:00.000000000;3,0;;8,0;2026-11-20 15:03:00.000000000;;AHP_APRENDIZAGEM_ESPECIALIZACAO_WORKLOAD;;;;;PENDENTE;True;0,7855950697754008;1,0;0,6756970403332158;0,011712982709406565;0,6586441863669917;0,125121528610108;0,0018293547983009866
Societário;Organização de livros societários;;Jacó;2026-08-25 09:02:00;2026-11-20 15:03:00.000000000;2026-11-23 09:03:00.000000000;1,0;;2,0;2026-11-23 09:03:00.000000000;;AHP_APRENDIZAGEM_ESPECIALIZACAO_WORKLOAD;;;;;PENDENTE;True;0,7837657149770998;1,0;0,6756970403332158;0,0;0,6586441863669917;0,125121528610108;0,0
Societário;Estruturação societária internacional;;Jacó;2026-08-25 09:03:00;2026-11-23 09:03:00.000000000;2026-11-26 09:03:00.000000000;5,0;;24,0;2026-11-26 09:03:00.000000000;;AHP_APRENDIZAGEM_ESPECIALIZACAO_WORKLOAD;;;;;PENDENTE;True;0,7837657149770998;1,0;0,6756970403332158;0,0;0,6586441863669917;0,125121528610108;0,0
Societário;Elaboração e negociação de  SPA;;Jacó;2026-08-25 09:04:00;2026-11-26 09:03:00.000000000;2026-11-27 09:02:59.999999999;3,0;;8,0;2026-11-27 09:02:59.999999999;;AHP_APRENDIZAGEM_ESPECIALIZACAO_WORKLOAD;;;;;PENDENTE;True;0,7837657149770998;1,0;0,6756970403332158;0,0;0,6586441863669917;0,125121528610108;0,0
Societário;Due diligence;;Jacó;2026-08-26 09:00:00;2026-11-27 09:02:59.999999999;2026-12-02 09:03:00.000000000;5,0;;24,0;2026-12-02 09:03:00.000000000;;AHP_APRENDIZAGEM_ESPECIALIZACAO_WORKLOAD;;;;;PENDENTE;True;0,8003986773317631;1,0;0,7655204588916733;0,0;0,6586441863669917;0,14175449096477127;0,0
Societário;Gestão de passivos;;Jacó;2026-08-26 09:01:00;2026-12-02 09:03:00.000000000;2026-12-02 11:03:00.000000000;1,0;;2,0;2026-12-02 11:03:00.000000000;;AHP_APRENDIZAGEM_ESPECIALIZACAO_WORKLOAD;;;;;PENDENTE;True;0,8003986773317631;1,0;0,7655204588916733;0,0;0,6586441863669917;0,14175449096477127;0,0
Societário;Elaboração e negociação de  SPA;;Jacó;2026-08-26 09:02:00;2026-12-02 11:03:00.000000000;2026-12-03 11:02:59.999999999;3,0;;8,0;2026-12-03 11:02:59.999999999;;AHP_APRENDIZAGEM_ESPECIALIZACAO_WORKLOAD;;;;;PENDENTE;True;0,8003986773317631;1,0;0,7655204588916733;0,0;0,6586441863669917;0,14175449096477127;0,0
Contencioso;Suporte técnico às áreas internas envolvidas;;Eva;2026-08-26 09:03:00;2026-08-26 09:03:00.000000000;2026-08-26 11:03:00.000000000;1,0;;2,0;2026-08-26 11:03:00.000000000;;AHP_APRENDIZAGEM_ESPECIALIZACAO_WORKLOAD;;;;;CONCLUIDA;True;1,0;1,0;1,0;1,0;0,6586441863669917;0,1851740071976712;0,1561818064353371
Societário;Atas de Reunião e Assembleia;;Jacó;2026-08-26 09:04:00;2026-12-03 11:02:59.999999999;2026-12-03 15:02:59.999999999;2,0;;4,0;2026-12-03 15:02:59.999999999;;AHP_APRENDIZAGEM_ESPECIALIZACAO_WORKLOAD;;;;;PENDENTE;True;0,8003986773317631;1,0;0,7655204588916733;0,0;0,6586441863669917;0,14175449096477127;0,0
Direito financeiro;Interface com processos de recuperação judicial e extrajudicial;;Abel;2026-08-27 09:00:00;2026-08-27 09:00:00.000000000;2026-08-28 17:00:00.000000000;4,0;;16,0;2026-08-28 17:00:00.000000000;;AHP_APRENDIZAGEM_ESPECIALIZACAO_WORKLOAD;;;;;CONCLUIDA;True;0,8284517093625172;1,0;0,07358331099700778;1,0;0,6586441863669917;0,013625716560188397;0,1561818064353371
Direito digital;Comunicação de incidentes às autoridades competentes;;Adão;2026-08-27 09:01:00;2026-10-12 09:02:00.000000000;2026-10-12 11:02:00.000000000;1,0;;2,0;2026-10-12 11:02:00.000000000;;AHP_APRENDIZAGEM_ESPECIALIZACAO_WORKLOAD;;;;;PENDENTE;True;0,9293590268932745;1,0;1,0;0,5477003710033762;0,6586441863669917;0,1851740071976712;0,08554083332861162
Societário;Gestão de earn-outs, ajustes de preço e garantias;;Jacó;2026-08-27 09:02:00;2026-12-03 15:02:59.999999999;2026-12-04 09:03:00.000000000;1,0;;2,0;2026-12-04 09:03:00.000000000;;AHP_APRENDIZAGEM_ESPECIALIZACAO_WORKLOAD;;;;;PENDENTE;True;0,8003986773317631;1,0;0,7655204588916733;0,0;0,6586441863669917;0,14175449096477127;0,0
Contratos;Contrato de Hosting;;Davi;2026-08-27 09:03:00;2026-10-23 15:04:00.000000000;2026-10-26 15:04:00.000000000;3,0;;8,0;2026-10-26 15:04:00.000000000;;AHP_APRENDIZAGEM_ESPECIALIZACAO_WORKLOAD;;;;;PENDENTE;True;0,8086163843838409;1,0;0,4624530048705296;0,4119424882629108;0,6586441863669917;0,08563427605248011;0,06433792196436906
Direito digital;Revisão jurídica de contratos com provedores de tecnologia e SaaS;;Adão;2026-08-27 09:04:00;2026-10-12 11:02:00.000000000;2026-10-13 11:02:00.000000000;3,0;;8,0;2026-10-13 11:02:00.000000000;;AHP_APRENDIZAGEM_ESPECIALIZACAO_WORKLOAD;;;;;PENDENTE;True;0,9290653481615205;1,0;1,0;0,5458200064560775;0,6586441863669917;0,1851740071976712;0,08524715459685756
Trabalhista;Estruturação de planos de remuneração fixa e variável;;Davi;2026-08-28 09:00:00;2026-10-26 15:04:00.000000000;2026-10-29 15:04:00.000000000;5,0;;24,0;2026-10-29 15:04:00.000000000;;AHP_APRENDIZAGEM_ESPECIALIZACAO_WORKLOAD;;;;;PENDENTE;True;0,9068384332295542;1,0;1,0;0,4035056393779325;0,6586441863669917;0,1851740071976712;0,06302023966489119
Societário;Aumento e redução de capital;;Jacó;2026-08-28 09:01:00;2026-12-04 09:03:00.000000000;2026-12-04 11:03:00.000000000;1,0;;2,0;2026-12-04 11:03:00.000000000;;AHP_APRENDIZAGEM_ESPECIALIZACAO_WORKLOAD;;;;;PENDENTE;True;0,8003986773317631;1,0;0,7655204588916733;0,0;0,6586441863669917;0,14175449096477127;0,0
Contratos;Contrato de Licenciamento de Software;;Davi;2026-08-28 09:02:00;2026-10-29 15:04:00.000000000;2026-11-02 15:04:00.000000000;4,0;;16,0;2026-11-02 15:04:00.000000000;;AHP_APRENDIZAGEM_ESPECIALIZACAO_WORKLOAD;;;;;PENDENTE;True;0,8048441706905853;1,0;0,4834046104508738;0,3629489042441406;0,6586441863669917;0,08951396881501754;0,05668601550857607
Societário;Regularização societária;;Jacó;2026-08-28 09:03:00;2026-12-04 11:03:00.000000000;2026-12-07 11:02:59.999999999;3,0;;8,0;2026-12-07 11:02:59.999999999;;AHP_APRENDIZAGEM_ESPECIALIZACAO_WORKLOAD;;;;;PENDENTE;True;0,8003986773317631;1,0;0,7655204588916733;0,0;0,6586441863669917;0,14175449096477127;0,0
Societário;Gestão jurídica do encerramento de operações;;Jacó;2026-08-28 09:04:00;2026-12-07 11:02:59.999999999;2026-12-07 13:02:59.999999999;1,0;;2,0;2026-12-07 13:02:59.999999999;;AHP_APRENDIZAGEM_ESPECIALIZACAO_WORKLOAD;;;;;PENDENTE;True;0,8003986773317631;1,0;0,7655204588916733;0,0;0,6586441863669917;0,14175449096477127;0,0
Societário;Due diligence;;Noé;2026-08-31 09:00:00;2026-08-31 09:00:00.000000000;2026-09-02 17:00:00.000000000;5,0;;24,0;2026-09-02 17:00:00.000000000;;AHP_APRENDIZAGEM_ESPECIALIZACAO_WORKLOAD;;;;;CONCLUIDA;True;0,8148259928023288;1,0;0,0;1,0;0,6586441863669917;0,0;0,1561818064353371
Societário;Suporte jurídico às negociações comerciais;;Noé;2026-08-31 09:01:00;2026-09-03 09:00:00.000000000;2026-09-03 17:00:00.000000000;3,0;;8,0;2026-09-03 17:00:00.000000000;;AHP_APRENDIZAGEM_ESPECIALIZACAO_WORKLOAD;;;;;CONCLUIDA;True;0,8081849662831972;1,0;0,0;0,9574788724070681;0,6586441863669917;0,0;0,14954077991620554
Contencioso;Suporte técnico às áreas internas envolvidas;;Eva;2026-08-31 09:02:00;2026-08-31 09:02:00.000000000;2026-08-31 11:02:00.000000000;1,0;;2,0;2026-08-31 11:02:00.000000000;;AHP_APRENDIZAGEM_ESPECIALIZACAO_WORKLOAD;;;;;CONCLUIDA;True;1,0;1,0;1,0;1,0;0,6586441863669917;0,1851740071976712;0,1561818064353371
Contratos;Contrato de Distribuição;;Davi;2026-08-31 09:03:00;2026-11-02 15:04:00.000000000;2026-11-03 15:04:00.000000000;3,0;;8,0;2026-11-03 15:04:00.000000000;;AHP_APRENDIZAGEM_ESPECIALIZACAO_WORKLOAD;;;;;PENDENTE;True;0,8033721358534918;1,0;0,4855043266508974;0,35103427896030337;0,6586441863669917;0,08990278167775377;0,05482516780874623
Contratos;Contrato de trabalho;;Davi;2026-08-31 09:04:00;2026-11-03 15:04:00.000000000;2026-11-04 09:03:59.999999999;1,0;;2,0;2026-11-04 09:03:59.999999999;;AHP_APRENDIZAGEM_ESPECIALIZACAO_WORKLOAD;;;;;PENDENTE;True;0,8057966507834516;1,0;0,51055268555689;0,3368598362840707;0,6586441863669917;0,09454108667010191;0,05261137774635807
Societário;Closing da operação;;Noé;2026-09-01 09:00:00;2026-09-04 09:00:00.000000000;2026-09-04 11:00:00.000000000;1,0;;2,0;2026-09-04 11:00:00.000000000;;AHP_APRENDIZAGEM_ESPECIALIZACAO_WORKLOAD;;;;;CONCLUIDA;True;0,8080849383028268;1,0;0,0;0,9568384138117075;0,6586441863669917;0,0;0,1494407519358351
Societário;Gestão de conflitos societários;;Noé;2026-09-01 09:01:00;2026-09-04 11:00:00.000000000;2026-09-04 13:00:00.000000000;1,0;;2,0;2026-09-04 13:00:00.000000000;;AHP_APRENDIZAGEM_ESPECIALIZACAO_WORKLOAD;;;;;CONCLUIDA;True;0,8075276462933458;1,0;0,0;0,9532701876386307;0,6586441863669917;0,0;0,1488834599263541
Societário;Aprovações regulatórias e concorrenciais;;Noé;2026-09-01 09:02:00;2026-09-04 13:00:00.000000000;2026-09-07 13:00:00.000000000;3,0;;8,0;2026-09-07 13:00:00.000000000;;AHP_APRENDIZAGEM_ESPECIALIZACAO_WORKLOAD;;;;;CONCLUIDA;True;0,8069703208740744;1,0;0,0;0,9497017475495338;0,6586441863669917;0,0;0,14832613450708268
Societário;Acordo de Sócios / Acionistas;;Noé;2026-09-01 09:03:00;2026-09-07 13:00:00.000000000;2026-09-08 13:00:00.000000000;3,0;;8,0;2026-09-08 13:00:00.000000000;;AHP_APRENDIZAGEM_ESPECIALIZACAO_WORKLOAD;;;;;CONCLUIDA;True;0,8047275468646483;1,0;0,0;0,935341726618705;0,6586441863669917;0,0;0,14608336049765658
Societário;Organização de livros societários;;Noé;2026-09-01 09:04:00;2026-09-08 13:00:00.000000000;2026-09-08 15:00:00.000000000;1,0;;2,0;2026-09-08 15:00:00.000000000;;AHP_APRENDIZAGEM_ESPECIALIZACAO_WORKLOAD;;;;;CONCLUIDA;True;0,8024846383923181;1,0;0,0;0,9209808447495428;0,6586441863669917;0,0;0,14384045202532633
Societário;Consolidação das versões finais dos documentos;;Noé;2026-09-02 09:00:00;2026-09-08 15:00:00.000000000;2026-09-08 17:00:00.000000000;1,0;;2,0;2026-09-08 17:00:00.000000000;;AHP_APRENDIZAGEM_ESPECIALIZACAO_WORKLOAD;;;;;CONCLUIDA;True;0,8039968555985284;1,0;0,0;0,9306632606514004;0,6586441863669917;0,0;0,1453526692315367
Regulatório;Gestão de prazos regulatórios críticos;;Adão;2026-09-02 09:01:00;2026-10-13 11:02:00.000000000;2026-10-14 11:02:00.000000000;3,0;;8,0;2026-10-14 11:02:00.000000000;;AHP_APRENDIZAGEM_ESPECIALIZACAO_WORKLOAD;;;;;PENDENTE;True;0,9333085352424254;1,0;1,0;0,5729882610546804;0,6586441863669917;0,1851740071976712;0,0894903416777625
Regulatório;Atuação em processos administrativos na CVM e no BCB;;Adão;2026-09-02 09:02:00;2026-10-14 11:02:00.000000000;2026-10-14 13:02:00.000000000;1,0;;2,0;2026-10-14 13:02:00.000000000;;AHP_APRENDIZAGEM_ESPECIALIZACAO_WORKLOAD;;;;;PENDENTE;True;0,9310312998558106;1,0;1,0;0,5584075910100058;0,6586441863669917;0,1851740071976712;0,08721310629114762
Direito financeiro;Interface com processos de recuperação judicial e extrajudicial;;Abel;2026-09-02 09:03:00;2026-09-02 09:03:00.000000000;2026-09-04 09:03:00.000000000;4,0;;16,0;2026-09-04 09:03:00.000000000;;AHP_APRENDIZAGEM_ESPECIALIZACAO_WORKLOAD;;;;;CONCLUIDA;True;0,8384373156639713;1,0;0,1275088400308668;1,0;0,6586441863669917;0,02361132286164243;0,1561818064353371
Governança;Gestão de fluxo de informações com Conselho de Administração;;Adão;2026-09-02 09:04:00;2026-10-14 13:02:00.000000000;2026-10-14 15:02:00.000000000;1,0;;2,0;2026-10-14 15:02:00.000000000;;AHP_APRENDIZAGEM_ESPECIALIZACAO_WORKLOAD;;;;;PENDENTE;True;0,9304665810213065;1,0;1,0;0,5547918124030535;0,6586441863669917;0,1851740071976712;0,08664838745664356
Contratos;Contrato de SaaS;;Davi;2026-09-03 09:00:00;2026-11-04 09:03:59.999999999;2026-11-05 09:03:59.999999999;3,0;;8,0;2026-11-05 09:03:59.999999999;;AHP_APRENDIZAGEM_ESPECIALIZACAO_WORKLOAD;;;;;PENDENTE;True;0,8166272303167448;1,0;0,5595736303052081;0,34808505385355265;0,6586441863669917;0,1036184914457636;0,05436455250398945
Societário;Elaboração e negociação de LOI;;Noé;2026-09-03 09:01:00;2026-09-09 09:00:00.000000000;2026-09-09 17:00:00.000000000;3,0;;8,0;2026-09-09 17:00:00.000000000;;AHP_APRENDIZAGEM_ESPECIALIZACAO_WORKLOAD;;;;;CONCLUIDA;True;0,8195888146097154;1,0;0,07567286994267233;0,9407752607863712;0,6586441863669917;0,014012648563432843;0,1469319796792908
Societário;SPA / SHA e documentos correlatos;;Noé;2026-09-03 09:02:00;2026-09-10 09:00:00.000000000;2026-09-10 11:00:00.000000000;1,0;;2,0;2026-09-10 11:00:00.000000000;;AHP_APRENDIZAGEM_ESPECIALIZACAO_WORKLOAD;;;;;CONCLUIDA;True;0,8172796162791305;1,0;0,07567286994267233;0,9259899385821425;0,6586441863669917;0,014012648563432843;0,14462278134870588
Governança;Treinamentos corporativos;;Adão;2026-09-03 09:03:00;2026-10-14 15:02:00.000000000;2026-10-15 09:02:00.000000000;1,0;;2,0;2026-10-15 09:02:00.000000000;;AHP_APRENDIZAGEM_ESPECIALIZACAO_WORKLOAD;;;;;PENDENTE;True;0,931169135367587;1,0;1,0;0,5592901234567901;0,6586441863669917;0,1851740071976712;0,08735094180292419
Societário;Estruturação de veículos societários (SPVs);;Noé;2026-09-03 09:04:00;2026-09-10 11:00:00.000000000;2026-09-15 11:00:00.000000000;5,0;;24,0;2026-09-15 11:00:00.000000000;;AHP_APRENDIZAGEM_ESPECIALIZACAO_WORKLOAD;;;;;CONCLUIDA;True;0,8167100748979291;1,0;0,07567286994267233;0,9223432822000679;0,6586441863669917;0,014012648563432843;0,14405323996750452
Propriedade intelectual;Avaliação de riscos de infração a patentes de terceiros (FTO);;Esaú;2026-09-04 09:00:00;2026-09-04 09:00:00.000000000;2026-09-07 17:00:00.000000000;4,0;;16,0;2026-09-07 17:00:00.000000000;;AHP_APRENDIZAGEM_ESPECIALIZACAO_WORKLOAD;;;;;CONCLUIDA;True;1,0;1,0;1,0;1,0;0,6586441863669917;0,1851740071976712;0,1561818064353371
Concorrencial;Relacionamento CADE;;Davi;2026-09-04 09:01:00;2026-11-05 09:03:59.999999999;2026-11-05 11:03:59.999999999;1,0;;2,0;2026-11-05 11:03:59.999999999;;AHP_APRENDIZAGEM_ESPECIALIZACAO_WORKLOAD;;;;;PENDENTE;True;0,8966534585134508;1,0;1,0;0,33829334001628963;0,6586441863669917;0,1851740071976712;0,052835264948787826
Contratos;Contrato de Representação Comercial;;Davi;2026-09-04 09:02:00;2026-11-05 11:03:59.999999999;2026-11-06 11:03:59.999999999;3,0;;8,0;2026-11-06 11:03:59.999999999;;AHP_APRENDIZAGEM_ESPECIALIZACAO_WORKLOAD;;;;;PENDENTE;True;0,8192859750728367;1,0;0,5853521315628869;0,33454465712227066;0,6586441863669917;0,10839199982319819;0,0522497888826467
Contratos;Contrato de trabalho;;Davi;2026-09-04 09:03:00;2026-11-06 11:03:59.999999999;2026-11-06 13:03:59.999999999;1,0;;2,0;2026-11-06 13:03:59.999999999;;AHP_APRENDIZAGEM_ESPECIALIZACAO_WORKLOAD;;;;;PENDENTE;True;0,816939013377972;1,0;0,5853521315628869;0,31951754385964914;0,6586441863669917;0,10839199982319819;0,04990282718778206
Direito digital;Apoio a litígios envolvendo dados, tecnologia e plataformas;;Adão;2026-09-04 09:04:00;2026-10-15 09:02:00.000000000;2026-10-19 09:01:59.999999999;4,0;;16,0;2026-10-19 09:01:59.999999999;;AHP_APRENDIZAGEM_ESPECIALIZACAO_WORKLOAD;;;;;PENDENTE;True;0,931898293118067;1,0;1,0;0,5639587706387;0,6586441863669917;0,1851740071976712;0,08808009955340412
Societário;Due diligence societária;;Noé;2026-09-07 09:00:00;2026-09-15 11:00:00.000000000;2026-09-18 11:00:00.000000000;5,0;;24,0;2026-09-18 11:00:00.000000000;;AHP_APRENDIZAGEM_ESPECIALIZACAO_WORKLOAD;;;;;CONCLUIDA;True;0,8177472776842625;1,0;0,09624842809057287;0,9045892567503101;0,6586441863669917;0,017822707116008276;0,1412803842012624
Contratos;NDA;;Davi;2026-09-07 09:01:00;2026-11-06 13:03:59.999999999;2026-11-06 15:03:59.999999999;1,0;;2,0;2026-11-06 15:03:59.999999999;;AHP_APRENDIZAGEM_ESPECIALIZACAO_WORKLOAD;;;;;PENDENTE;True;0,8214001953986211;1,0;0,6085660018495848;0,32055848864576036;0,6586441863669917;0,11269060520675299;0,050065403824876356
Societário;Gestão de passivos;;Noé;2026-09-07 09:02:00;2026-09-18 11:00:00.000000000;2026-09-18 13:00:00.000000000;1,0;;2,0;2026-09-18 13:00:00.000000000;;AHP_APRENDIZAGEM_ESPECIALIZACAO_WORKLOAD;;;;;CONCLUIDA;True;0,8106031270370666;1,0;0,09624842809057287;0,8588467287936133;0,6586441863669917;0,017822707116008276;0,1341362335540666
Regulatório;Análise de requisitos prudenciais e de liquidez;;Adão;2026-09-07 09:03:00;2026-10-19 09:01:59.999999999;2026-10-19 11:01:59.999999999;1,0;;2,0;2026-10-19 11:01:59.999999999;;AHP_APRENDIZAGEM_ESPECIALIZACAO_WORKLOAD;;;;;PENDENTE;True;0,9284713158123469;1,0;1,0;0,5420165394407337;0,6586441863669917;0,1851740071976712;0,08465312224768393
Societário;Reorganizações societárias internas;;Noé;2026-09-07 09:04:00;2026-09-18 13:00:00.000000000;2026-09-23 13:00:00.000000000;5,0;;24,0;2026-09-23 13:00:00.000000000;;AHP_APRENDIZAGEM_ESPECIALIZACAO_WORKLOAD;;;;;CONCLUIDA;True;0,8100155274217757;1,0;0,09624842809057287;0,8550844492509304;0,6586441863669917;0,017822707116008276;0,13354863393877564
Societário;Aumento e redução de capital;;Noé;2026-09-08 09:00:00;2026-09-23 13:00:00.000000000;2026-09-23 15:00:00.000000000;1,0;;2,0;2026-09-23 15:00:00.000000000;;AHP_APRENDIZAGEM_ESPECIALIZACAO_WORKLOAD;;;;;CONCLUIDA;True;0,808232980769841;1,0;0,1147604831167285;0,8217227012886348;0,6586441863669917;0,021250658526665307;0,1283381358761839
Societário;Elaboração e negociação de  SPA;;Noé;2026-09-08 09:01:00;2026-09-23 15:00:00.000000000;2026-09-24 15:00:00.000000000;3,0;;8,0;2026-09-24 15:00:00.000000000;;AHP_APRENDIZAGEM_ESPECIALIZACAO_WORKLOAD;;;;;CONCLUIDA;True;0,8076318090549528;1,0;0,1147604831167285;0,817873522382275;0,6586441863669917;0,021250658526665307;0,12773696416129582
Concorrencial;M&A Concorrencial;;Davi;2026-09-08 09:02:00;2026-11-06 15:03:59.999999999;2026-11-11 15:04:00.000000000;5,0;;24,0;2026-11-11 15:04:00.000000000;;AHP_APRENDIZAGEM_ESPECIALIZACAO_WORKLOAD;;;;;PENDENTE;True;0,8940560608909612;1,0;1,0;0,3216627369916993;0,6586441863669917;0,1851740071976712;0,05023786732629833
Concorrencial;Gestão de canal de dúvidas;;Davi;2026-09-08 09:03:00;2026-11-11 15:04:00.000000000;2026-11-12 09:03:59.999999999;1,0;;2,0;2026-11-12 09:03:59.999999999;;AHP_APRENDIZAGEM_ESPECIALIZACAO_WORKLOAD;;;;;PENDENTE;True;0,8867934134943347;1,0;1,0;0,2751614987080104;0,6586441863669917;0,1851740071976712;0,04297521992967174
Societário;Atas de Reunião e Assembleia;;Noé;2026-09-08 09:04:00;2026-09-24 15:00:00.000000000;2026-09-25 11:00:00.000000000;2,0;;4,0;2026-09-25 11:00:00.000000000;;AHP_APRENDIZAGEM_ESPECIALIZACAO_WORKLOAD;;;;;CONCLUIDA;True;0,8052226854981042;1,0;0,1147604831167285;0,8024483994961078;0,6586441863669917;0,021250658526665307;0,12532784060444718
Societário;Gestão de passivos;;Noé;2026-09-09 09:00:00;2026-09-25 11:00:00.000000000;2026-09-25 13:00:00.000000000;1,0;;2,0;2026-09-25 13:00:00.000000000;;AHP_APRENDIZAGEM_ESPECIALIZACAO_WORKLOAD;;;;;CONCLUIDA;True;0,8101348187598404;1,0;0,13735956903612936;0,8071055998425352;0,6586441863669917;0,02543542182536523;0,12605521056748348
Societário;Avaliação de impactos (societário, contratual, regulatório, concorrencial, trabalhista, tributário);;Noé;2026-09-09 09:01:00;2026-09-25 13:00:00.000000000;2026-09-28 13:00:00.000000000;3,0;;8,0;2026-09-28 13:00:00.000000000;;AHP_APRENDIZAGEM_ESPECIALIZACAO_WORKLOAD;;;;;CONCLUIDA;True;0,809524105500813;1,0;0,13735956903612936;0,8031953283905255;0,6586441863669917;0,02543542182536523;0,12544449730845608
Contratos;Contrato de Manutenção de Sistemas;;Davi;2026-09-09 09:02:00;2026-11-12 09:03:59.999999999;2026-11-13 09:03:59.999999999;3,0;;8,0;2026-11-13 09:03:59.999999999;;AHP_APRENDIZAGEM_ESPECIALIZACAO_WORKLOAD;;;;;PENDENTE;True;0,8143704856864837;1,0;0,6085660018495848;0,2755487024703914;0,6586441863669917;0,11269060520675299;0,04303569411273897
Regulatório;Resposta a ofícios, exigências e questionamentos da CVM e do BCB;;Adão;2026-09-09 09:03:00;2026-10-19 11:01:59.999999999;2026-10-19 13:01:59.999999999;1,0;;2,0;2026-10-19 13:01:59.999999999;;AHP_APRENDIZAGEM_ESPECIALIZACAO_WORKLOAD;;;;;PENDENTE;True;0,9305226668813407;1,0;1,0;0,5551509186351705;0,6586441863669917;0,1851740071976712;0,08670447331667779
Contratos;Contrato de Distribuição;;Davi;2026-09-09 09:04:00;2026-11-13 09:03:59.999999999;2026-11-16 09:03:59.999999999;3,0;;8,0;2026-11-16 09:03:59.999999999;;AHP_APRENDIZAGEM_ESPECIALIZACAO_WORKLOAD;;;;;PENDENTE;True;0,8119136729399784;1,0;0,6085660018495848;0,25981823550641425;0,6586441863669917;0,11269060520675299;0,040578881366233624
Direito digital;Atendimento a direitos dos titulares (DSARs);;Adão;2026-09-10 09:00:00;2026-10-19 13:01:59.999999999;2026-10-19 15:01:59.999999999;1,0;;2,0;2026-10-19 15:01:59.999999999;;AHP_APRENDIZAGEM_ESPECIALIZACAO_WORKLOAD;;;;;PENDENTE;True;0,9312764654014826;1,0;1,0;0,5599773355997734;0,6586441863669917;0,1851740071976712;0,0874582718368196
Contratos;Contrato de Escrow de Código-Fonte;;Davi;2026-09-10 09:01:00;2026-11-16 09:03:59.999999999;2026-11-17 09:03:59.999999999;3,0;;8,0;2026-11-17 09:03:59.999999999;;AHP_APRENDIZAGEM_ESPECIALIZACAO_WORKLOAD;;;;;PENDENTE;True;0,8100600918228106;1,0;0,6085660018495848;0,2479501366575561;0,6586441863669917;0,11269060520675299;0,038725300249065814
Contratos;MoU;;Davi;2026-09-10 09:02:00;2026-11-17 09:03:59.999999999;2026-11-17 11:03:59.999999999;1,0;;2,0;2026-11-17 11:03:59.999999999;;AHP_APRENDIZAGEM_ESPECIALIZACAO_WORKLOAD;;;;;PENDENTE;True;0,8075625570143471;1,0;0,6085660018495848;0,23195893470217663;0,6586441863669917;0,11269060520675299;0,03622776544060235
Societário;Atualização de Contrato Social / Estatuto;;Noé;2026-09-10 09:03:00;2026-09-28 13:00:00.000000000;2026-09-29 13:00:00.000000000;3,0;;8,0;2026-09-29 13:00:00.000000000;;AHP_APRENDIZAGEM_ESPECIALIZACAO_WORKLOAD;;;;;CONCLUIDA;True;0,8127819119293465;1,0;0,15756348677109824;0,8001;0,6586441863669917;0,029176662233441515;0,12496106332891323
Societário;Estruturação jurídica de carve-outs, spin-offs e alienação de ativos;;Noé;2026-09-10 09:04:00;2026-09-29 13:00:00.000000000;2026-10-02 13:00:00.000000000;5,0;;24,0;2026-10-02 13:00:00.000000000;;AHP_APRENDIZAGEM_ESPECIALIZACAO_WORKLOAD;;;;;CONCLUIDA;True;0,8102870852342688;1,0;0,15756348677109824;0,7841261375379179;0,6586441863669917;0,029176662233441515;0,12246623663383562
Societário;Atos perante Junta Comercial;;Noé;2026-09-11 09:00:00;2026-10-02 13:00:00.000000000;2026-10-02 15:00:00.000000000;1,0;;2,0;2026-10-02 15:00:00.000000000;;AHP_APRENDIZAGEM_ESPECIALIZACAO_WORKLOAD;;;;;CONCLUIDA;True;0,8049617829161493;1,0;0,15928091084367038;0,7479930901331165;0,6586441863669917;0,029494684531017442;0,11682291201814007
Governança;Política de Governaça Corporativa;;Adão;2026-09-11 09:01:00;2026-10-19 15:01:59.999999999;2026-10-20 15:02:00.000000000;3,0;;8,0;2026-10-20 15:02:00.000000000;;AHP_APRENDIZAGEM_ESPECIALIZACAO_WORKLOAD;;;;;PENDENTE;True;0,9320665748785257;1,0;1,0;0,5650362441568999;0,6586441863669917;0,1851740071976712;0,08824838131386281
Direito financeiro;Operações de Crédito e Financiamento;;Abel;2026-09-11 09:02:00;2026-09-11 09:02:00.000000000;2026-09-11 11:02:00.000000000;1,0;;2,0;2026-09-11 11:02:00.000000000;;AHP_APRENDIZAGEM_ESPECIALIZACAO_WORKLOAD;;;;;CONCLUIDA;True;0,8484385775921592;1,0;0,1815189145523505;1,0;0,6586441863669917;0,03361258478983041;0,1561818064353371
Societário;Estruturação de veículos societários (SPVs);;Noé;2026-09-11 09:03:00;2026-10-02 15:00:00.000000000;2026-10-07 15:00:00.000000000;5,0;;24,0;2026-10-07 15:00:00.000000000;;AHP_APRENDIZAGEM_ESPECIALIZACAO_WORKLOAD;;;;;EM_EXECUCAO;True;0,804338769771292;1,0;0,15928091084367038;0,7440040650406504;0,6586441863669917;0,029494684531017442;0,11619989887328282
Societário;Suporte jurídico às negociações comerciais;;Noé;2026-09-11 09:04:00;2026-10-07 15:00:00.000000000;2026-10-08 15:00:00.000000000;3,0;;8,0;2026-10-08 15:00:00.000000000;;AHP_APRENDIZAGEM_ESPECIALIZACAO_WORKLOAD;;;;;PENDENTE;True;0,7967238234191794;1,0;0,15928091084367038;0,6952471289677835;0,6586441863669917;0,029494684531017442;0,10858495252117022
Direito digital;Avaliação jurídica de campanhas de marketing digital;;Adão;2026-09-14 09:00:00;2026-10-20 15:02:00.000000000;2026-10-21 09:02:00.000000000;1,0;;2,0;2026-10-21 09:02:00.000000000;;AHP_APRENDIZAGEM_ESPECIALIZACAO_WORKLOAD;;;;;PENDENTE;True;0,9309407857921015;1,0;1,0;0,5578280480672336;0,6586441863669917;0,1851740071976712;0,08712259222743861
Societário;Integração societária;;Noé;2026-09-14 09:01:00;2026-10-08 15:00:00.000000000;2026-10-08 17:00:00.000000000;1,0;;2,0;2026-10-08 17:00:00.000000000;;AHP_APRENDIZAGEM_ESPECIALIZACAO_WORKLOAD;;;;;PENDENTE;True;0,7959259360582414;1,0;0,15928091084367038;0,6901384202189931;0,6586441863669917;0,029494684531017442;0,10778706516023212
Regulatório;Revisão de prospectos, formulários de referência e fatos relevantes;;Adão;2026-09-14 09:02:00;2026-10-21 09:02:00.000000000;2026-10-22 09:01:59.999999999;3,0;;8,0;2026-10-22 09:01:59.999999999;;AHP_APRENDIZAGEM_ESPECIALIZACAO_WORKLOAD;;;;;PENDENTE;True;0,9303014286216258;1,0;1,0;0,5537343755386064;0,6586441863669917;0,1851740071976712;0,08648323505696288
Societário;Estruturação de veículos societários (SPVs);;Noé;2026-09-14 09:03:00;2026-10-09 09:00:00.000000000;2026-10-13 17:00:00.000000000;5,0;;24,0;2026-10-13 17:00:00.000000000;;AHP_APRENDIZAGEM_ESPECIALIZACAO_WORKLOAD;;;;;PENDENTE;True;0,795287980044401;1,0;0,15928091084367038;0,6860537190082645;0,6586441863669917;0,029494684531017442;0,10714910914639192
Societário;Gestão de Advisors e Governança da Operação;;Noé;2026-09-14 09:04:00;2026-10-14 09:00:00.000000000;2026-10-14 17:00:00.000000000;3,0;;8,0;2026-10-14 17:00:00.000000000;;AHP_APRENDIZAGEM_ESPECIALIZACAO_WORKLOAD;;;;;PENDENTE;True;0,7875468507989816;1,0;0,15928091084367038;0,6364888598092221;0,6586441863669917;0,029494684531017442;0,09940797990097235
Contratos;Contrato de SaaS;;Davi;2026-09-15 09:00:00;2026-11-17 11:03:59.999999999;2026-11-18 11:03:59.999999999;3,0;;8,0;2026-11-18 11:03:59.999999999;;AHP_APRENDIZAGEM_ESPECIALIZACAO_WORKLOAD;;;;;PENDENTE;True;0,8318142719469392;1,0;0,7332270758073186;0,23943563351188604;0,6586441863669917;0,1357745958130718;0,0373954897668757
Regulatório;Elaboração de defesas, manifestações e recursos;;Adão;2026-09-15 09:01:00;2026-10-22 09:01:59.999999999;2026-10-26 09:01:59.999999999;4,0;;16,0;2026-10-26 09:01:59.999999999;;AHP_APRENDIZAGEM_ESPECIALIZACAO_WORKLOAD;;;;;PENDENTE;True;0,9291270781735943;1,0;1,0;0,5462152510334243;0,6586441863669917;0,1851740071976712;0,08530888460893134
Societário;Elaboração e negociação de LOI;;Noé;2026-09-15 09:02:00;2026-10-15 09:00:00.000000000;2026-10-15 17:00:00.000000000;3,0;;8,0;2026-10-15 17:00:00.000000000;;AHP_APRENDIZAGEM_ESPECIALIZACAO_WORKLOAD;;;;;PENDENTE;True;0,7865857411495891;1,0;0,15928091084367038;0,63033507230139;0,6586441863669917;0,029494684531017442;0,0984468702515799
Societário;Atos perante Junta Comercial;;Noé;2026-09-15 09:03:00;2026-10-16 09:00:00.000000000;2026-10-16 11:00:00.000000000;1,0;;2,0;2026-10-16 11:00:00.000000000;;AHP_APRENDIZAGEM_ESPECIALIZACAO_WORKLOAD;;;;;PENDENTE;True;0,7839642838590181;1,0;0,15928091084367038;0,6135504201680673;0,6586441863669917;0,029494684531017442;0,09582541296100884
Governança;Política de Governaça Corporativa;;Adão;2026-09-15 09:04:00;2026-10-26 09:01:59.999999999;2026-10-27 09:01:59.999999999;3,0;;8,0;2026-10-27 09:01:59.999999999;;AHP_APRENDIZAGEM_ESPECIALIZACAO_WORKLOAD;;;;;PENDENTE;True;0,9238860470617172;1,0;1,0;0,5126580062332948;0,6586441863669917;0,1851740071976712;0,0800678534970543
Concorrencial;Revisão concorrencial de documentos;;Davi;2026-09-16 09:00:00;2026-11-18 11:03:59.999999999;2026-11-19 11:03:59.999999999;3,0;;8,0;2026-11-19 11:03:59.999999999;;AHP_APRENDIZAGEM_ESPECIALIZACAO_WORKLOAD;;;;;PENDENTE;True;0,879183364918233;1,0;1,0;0,22643592208809601;0,6586441863669917;0,1851740071976712;0,035365171353570084
Societário;Aprovações regulatórias e concorrenciais;;Noé;2026-09-16 09:01:00;2026-10-16 11:00:00.000000000;2026-10-19 11:00:00.000000000;3,0;;8,0;2026-10-19 11:00:00.000000000;;AHP_APRENDIZAGEM_ESPECIALIZACAO_WORKLOAD;;;;;PENDENTE;True;0,8055683172240473;1,0;0,27074541852039136;0,6197208176055836;0,6586441863669917;0,05013501407783145;0,09678911677922411
Direito digital;Elaboração e atualização de políticas de privacidade e cookies;;Adão;2026-09-16 09:02:00;2026-10-27 09:01:59.999999999;2026-10-28 09:01:59.999999999;3,0;;8,0;2026-10-28 09:01:59.999999999;;AHP_APRENDIZAGEM_ESPECIALIZACAO_WORKLOAD;;;;;PENDENTE;True;0,9225792975471925;1,0;1,0;0,5042911577228969;0,6586441863669917;0,1851740071976712;0,07876110398252954
Societário;Avaliação de impactos (societário, contratual, regulatório, concorrencial, trabalhista, tributário);;Noé;2026-09-16 09:03:00;2026-10-19 11:00:00.000000000;2026-10-20 11:00:00.000000000;3,0;;8,0;2026-10-20 11:00:00.000000000;;AHP_APRENDIZAGEM_ESPECIALIZACAO_WORKLOAD;;;;;PENDENTE;True;0,8029054365668037;1,0;0,27074541852039136;0,6026709401709403;0,6586441863669917;0,05013501407783145;0,09412623612198041
Contratos;Contratos Financeiros ou Bancários;;Davi;2026-09-16 09:04:00;2026-11-19 11:03:59.999999999;2026-11-20 11:03:59.999999999;3,0;;8,0;2026-11-20 11:03:59.999999999;;AHP_APRENDIZAGEM_ESPECIALIZACAO_WORKLOAD;;;;;PENDENTE;True;0,830457110383139;1,0;0,7512533015001893;0,20937355318921616;0,6586441863669917;0,1391125842592703;0,03270033975687692
Societário;Atualização de Contrato Social / Estatuto;;Noé;2026-09-17 09:00:00;2026-10-20 11:00:00.000000000;2026-10-21 11:00:00.000000000;3,0;;8,0;2026-10-21 11:00:00.000000000;;AHP_APRENDIZAGEM_ESPECIALIZACAO_WORKLOAD;;;;;PENDENTE;True;0,8018160965509077;1,0;0,27074541852039136;0,5956961199869579;0,6586441863669917;0,05013501407783145;0,09303689610608441
Societário;Organização de livros societários;;Noé;2026-09-17 09:01:00;2026-10-21 11:00:00.000000000;2026-10-21 13:00:00.000000000;1,0;;2,0;2026-10-21 13:00:00.000000000;;AHP_APRENDIZAGEM_ESPECIALIZACAO_WORKLOAD;;;;;PENDENTE;True;0,799103458691591;1,0;0,27074541852039136;0,5783276574161292;0,6586441863669917;0,05013501407783145;0,09032425824676785
Governança;Avaliação periódica da efetividade da governança;;Adão;2026-09-17 09:02:00;2026-10-28 09:01:59.999999999;2026-10-29 09:01:59.999999999;3,0;;8,0;2026-10-29 09:01:59.999999999;;AHP_APRENDIZAGEM_ESPECIALIZACAO_WORKLOAD;;;;;PENDENTE;True;0,9212328993305573;1,0;1,0;0,4956704467235487;0,6586441863669917;0,1851740071976712;0,07741470576589436
Concorrencial;M&A Concorrencial;;Davi;2026-09-17 09:03:00;2026-11-20 11:03:59.999999999;2026-11-25 11:03:59.999999999;5,0;;24,0;2026-11-25 11:03:59.999999999;;AHP_APRENDIZAGEM_ESPECIALIZACAO_WORKLOAD;;;;;PENDENTE;True;0,8743698447583;1,0;1,0;0,19561594202898555;0,6586441863669917;0,1851740071976712;0,030551651193637147
Contencioso;Avaliação de riscos, êxito e impacto financeiro;;Eva;2026-09-17 09:04:00;2026-09-17 09:04:00.000000000;2026-09-17 11:04:00.000000000;1,0;;2,0;2026-09-17 11:04:00.000000000;;AHP_APRENDIZAGEM_ESPECIALIZACAO_WORKLOAD;;;;;CONCLUIDA;True;1,0;1,0;1,0;1,0;0,6586441863669917;0,1851740071976712;0,1561818064353371
Societário;Análise jurídica preliminar e de estrutura da operação;;Noé;2026-09-18 09:00:00;2026-10-21 13:00:00.000000000;2026-10-26 13:00:00.000000000;5,0;;24,0;2026-10-26 13:00:00.000000000;;AHP_APRENDIZAGEM_ESPECIALIZACAO_WORKLOAD;;;;;PENDENTE;True;0,8000076176315299;1,0;0,27074541852039136;0,584116801238801;0,6586441863669917;0,05013501407783145;0,0912284171867067
Societário;Estruturação jurídica de carve-outs, spin-offs e alienação de ativos;;Noé;2026-09-18 09:01:00;2026-10-26 13:00:00.000000000;2026-10-29 13:00:00.000000000;5,0;;24,0;2026-10-29 13:00:00.000000000;;AHP_APRENDIZAGEM_ESPECIALIZACAO_WORKLOAD;;;;;PENDENTE;True;0,7917187535046329;1,0;0,27074541852039136;0,5310449081926111;0,6586441863669917;0,05013501407783145;0,08293955305980975
Societário;Estruturação de regras de governança;;Noé;2026-09-18 09:02:00;2026-10-29 13:00:00.000000000;2026-11-03 13:00:00.000000000;5,0;;24,0;2026-11-03 13:00:00.000000000;;AHP_APRENDIZAGEM_ESPECIALIZACAO_WORKLOAD;;;;;PENDENTE;True;0,783429278127109;1,0;0,27074541852039136;0,47796910143431287;0,6586441863669917;0,05013501407783145;0,07465007768228586
Societário;Atas de Reunião e Assembleia;;Noé;2026-09-18 09:03:00;2026-11-03 13:00:00.000000000;2026-11-03 17:00:00.000000000;2,0;;4,0;2026-11-03 17:00:00.000000000;;AHP_APRENDIZAGEM_ESPECIALIZACAO_WORKLOAD;;;;;PENDENTE;True;0,775139191431342;1,0;0,27074541852039136;0,42488938053097347;0,6586441863669917;0,05013501407783145;0,06635999098651879
Contratos;Contrato de Licença de Uso de Marca;;Davi;2026-09-18 09:04:00;2026-11-25 11:03:59.999999999;2026-11-26 11:03:59.999999999;3,0;;8,0;2026-11-26 11:03:59.999999999;;AHP_APRENDIZAGEM_ESPECIALIZACAO_WORKLOAD;;;;;PENDENTE;True;0,823741377928143;1,0;0,7684491138314008;0,1459862089310078;0,6586441863669917;0,14229680173565987;0,022800389825491343
Societário;Estruturação de veículos societários (SPVs);;Noé;2026-09-21 09:00:00;2026-11-04 09:00:00.000000000;2026-11-06 17:00:00.000000000;5,0;;24,0;2026-11-06 17:00:00.000000000;;AHP_APRENDIZAGEM_ESPECIALIZACAO_WORKLOAD;;;;;PENDENTE;True;0,7980496084831104;1,0;0,39565081707090205;0,42348834590699247;0,6586441863669917;0,07326424724805171;0,06614117486806698
Societário;Aumento e redução de capital;;Noé;2026-09-21 09:01:00;2026-11-09 09:00:00.000000000;2026-11-09 11:00:00.000000000;1,0;;2,0;2026-11-09 11:00:00.000000000;;AHP_APRENDIZAGEM_ESPECIALIZACAO_WORKLOAD;;;;;PENDENTE;True;0,7896104650219582;1,0;0,39565081707090205;0,36945424517678843;0,6586441863669917;0,07326424724805171;0,057702031406914746
Societário;Estruturação de veículos societários (SPVs);;Noé;2026-09-21 09:02:00;2026-11-09 11:00:00.000000000;2026-11-12 11:00:00.000000000;5,0;;24,0;2026-11-12 11:00:00.000000000;;AHP_APRENDIZAGEM_ESPECIALIZACAO_WORKLOAD;;;;;PENDENTE;True;0,7889091356896947;1,0;0,39565081707090205;0,36496377763597454;0,6586441863669917;0,07326424724805171;0,05700070207465119
Contratos;Contrato de Hosting;;Davi;2026-09-21 09:03:00;2026-11-26 11:03:59.999999999;2026-11-27 11:03:59.999999999;3,0;;8,0;2026-11-27 11:03:59.999999999;;AHP_APRENDIZAGEM_ESPECIALIZACAO_WORKLOAD;;;;;PENDENTE;True;0,824367450097026;1,0;0,7848131643419276;0,13059309309371867;0,6586441863669917;0,1453269985426792;0,020396265187355128
Concorrencial;Análise de exclusividade, não concorrência e cláusulas MFN;;Davi;2026-09-21 09:04:00;2026-11-27 11:03:59.999999999;2026-11-27 13:03:59.999999999;1,0;;2,0;2026-11-27 13:03:59.999999999;;AHP_APRENDIZAGEM_ESPECIALIZACAO_WORKLOAD;;;;;PENDENTE;True;0,8614010321660436;1,0;1,0;0,11257930102543896;0,6586441863669917;0,1851740071976712;0,017582838601380657
Regulatório;Resposta a ofícios, exigências e questionamentos da CVM e do BCB;;Adão;2026-09-22 09:00:00;2026-10-29 09:01:59.999999999;2026-10-29 11:01:59.999999999;1,0;;2,0;2026-10-29 11:01:59.999999999;;AHP_APRENDIZAGEM_ESPECIALIZACAO_WORKLOAD;;;;;PENDENTE;True;0,9226224601530849;1,0;1,0;0,5045675190154034;0,6586441863669917;0,1851740071976712;0,07880426658842202
Contratos;Contrato de Joint Venture;;Davi;2026-09-22 09:01:00;2026-11-27 13:03:59.999999999;2026-12-02 13:04:00.000000000;5,0;;24,0;2026-12-02 13:04:00.000000000;;AHP_APRENDIZAGEM_ESPECIALIZACAO_WORKLOAD;;;;;PENDENTE;True;0,8214038106658053;1,0;0,7861393909135029;0,1100451035859898;0,6586441863669917;0,14557258123138983;0,01718704306742368
Societário;Atos perante Junta Comercial;;Noé;2026-09-22 09:02:00;2026-11-12 11:00:00.000000000;2026-11-12 13:00:00.000000000;1,0;;2,0;2026-11-12 13:00:00.000000000;;AHP_APRENDIZAGEM_ESPECIALIZACAO_WORKLOAD;;;;;PENDENTE;True;0,7813581451208688;1,0;0,39565081707090205;0,3166163372959748;0,6586441863669917;0,07326424724805171;0,04944971150582535
Contratos;Contrato de Locação;;Davi;2026-09-22 09:03:00;2026-12-02 13:04:00.000000000;2026-12-03 13:04:00.000000000;3,0;;8,0;2026-12-03 13:04:00.000000000;;AHP_APRENDIZAGEM_ESPECIALIZACAO_WORKLOAD;;;;;PENDENTE;True;0,8128079610029325;1,0;0,7861393909135029;0,05500764526057588;0,6586441863669917;0,14557258123138983;0,00859119340455095
Societário;Reorganizações societárias internas;;Noé;2026-09-22 09:04:00;2026-11-12 13:00:00.000000000;2026-11-17 13:00:00.000000000;5,0;;24,0;2026-11-17 13:00:00.000000000;;AHP_APRENDIZAGEM_ESPECIALIZACAO_WORKLOAD;;;;;PENDENTE;True;0,780645468132099;1,0;0,39565081707090205;0,31205321304331207;0,6586441863669917;0,07326424724805171;0,04873703451705558
Societário;Estruturação de regras de governança;;Noé;2026-09-23 09:00:00;2026-11-17 13:00:00.000000000;2026-11-20 13:00:00.000000000;5,0;;24,0;2026-11-20 13:00:00.000000000;;AHP_APRENDIZAGEM_ESPECIALIZACAO_WORKLOAD;;;;;PENDENTE;True;0,7727919084686342;1,0;0,39565081707090205;0,26176848499007127;0,6586441863669917;0,07326424724805171;0,04088347485359076
Contratos;Contrato de Mútuo, Doação ou Comodato;;Davi;2026-09-23 09:01:00;2026-12-03 13:04:00.000000000;2026-12-04 13:04:00.000000000;3,0;;8,0;2026-12-04 13:04:00.000000000;;AHP_APRENDIZAGEM_ESPECIALIZACAO_WORKLOAD;;;;;PENDENTE;True;0,812913105720928;1,0;0,8016075552475236;0,03734132855761487;0,6586441863669917;0,14843688320511253;0,005832036148823732
Societário;Acordo de Sócios / Acionistas;;Noé;2026-09-23 09:02:00;2026-11-20 13:00:00.000000000;2026-11-23 13:00:00.000000000;3,0;;8,0;2026-11-23 13:00:00.000000000;;AHP_APRENDIZAGEM_ESPECIALIZACAO_WORKLOAD;;;;;PENDENTE;True;0,7640375751359298;1,0;0,39565081707090205;0,20571628830653002;0,6586441863669917;0,07326424724805171;0,03212914152088647
Societário;Estruturação societária internacional;;Noé;2026-09-23 09:03:00;2026-11-23 13:00:00.000000000;2026-11-26 13:00:00.000000000;5,0;;24,0;2026-11-26 13:00:00.000000000;;AHP_APRENDIZAGEM_ESPECIALIZACAO_WORKLOAD;;;;;PENDENTE;True;0,7611195401691293;1,0;0,39565081707090205;0,18703271028037385;0,6586441863669917;0,07326424724805171;0,029211106554085833
Trabalhista;Análise de regimes de jornada e banco de horas;;Davi;2026-09-23 09:04:00;2026-12-04 13:04:00.000000000;2026-12-04 15:04:00.000000000;1,0;;2,0;2026-12-04 15:04:00.000000000;;AHP_APRENDIZAGEM_ESPECIALIZACAO_WORKLOAD;;;;;PENDENTE;True;0,8467315112672654;1,0;1,0;0,018653374353232933;0,6586441863669917;0,1851740071976712;0,0029133177026025073
Governança;Acompanhamento de planos de mitigação;;Adão;2026-09-24 09:00:00;2026-10-29 11:01:59.999999999;2026-10-29 13:01:59.999999999;1,0;;2,0;2026-10-29 13:01:59.999999999;;AHP_APRENDIZAGEM_ESPECIALIZACAO_WORKLOAD;;;;;PENDENTE;True;0,9248805357453316;1,0;1,0;0,5190255128354555;0,6586441863669917;0,1851740071976712;0,08106234218066868
Contratos;Contratos imobiliários;;Davi;2026-09-24 09:01:00;2026-12-04 15:04:00.000000000;2026-12-07 15:04:00.000000000;3,0;;8,0;2026-12-07 15:04:00.000000000;;AHP_APRENDIZAGEM_ESPECIALIZACAO_WORKLOAD;;;;;PENDENTE;True;0,8122382860438585;1,0;0,8174435903076688;0,014244901197665688;0,6586441863669917;0,15136930527532244;0,0022247944015443243
Contratos;Letter of Intent;;Davi;2026-09-24 09:02:00;2026-12-07 15:04:00.000000000;2026-12-08 09:03:59.999999999;1,0;;2,0;2026-12-08 09:03:59.999999999;;AHP_APRENDIZAGEM_ESPECIALIZACAO_WORKLOAD;;;;;PENDENTE;True;0,8100134916423142;1,0;0,8174435903076688;0,0;0,6586441863669917;0,15136930527532244;0,0
Contratos;Contrato de Licenciamento de Software;;Davi;2026-09-24 09:03:00;2026-12-08 09:03:59.999999999;2026-12-10 09:03:59.999999999;4,0;;16,0;2026-12-10 09:03:59.999999999;;AHP_APRENDIZAGEM_ESPECIALIZACAO_WORKLOAD;;;;;PENDENTE;True;0,8100134916423142;1,0;0,8174435903076688;0,0;0,6586441863669917;0,15136930527532244;0,0
Contratos;Contrato de compra e venda;;Davi;2026-09-24 09:04:00;2026-12-10 09:03:59.999999999;2026-12-11 09:03:59.999999999;3,0;;8,0;2026-12-11 09:03:59.999999999;;AHP_APRENDIZAGEM_ESPECIALIZACAO_WORKLOAD;;;;;PENDENTE;True;0,8100134916423142;1,0;0,8174435903076688;0,0;0,6586441863669917;0,15136930527532244;0,0
Contratos;Contratos Administrativos;;Abel;2026-09-25 09:00:00;2026-09-25 09:00:00.000000000;2026-09-25 17:00:00.000000000;3,0;;8,0;2026-09-25 17:00:00.000000000;;AHP_APRENDIZAGEM_ESPECIALIZACAO_WORKLOAD;;;;;CONCLUIDA;True;0,8148259928023288;1,0;0,0;1,0;0,6586441863669917;0,0;0,1561818064353371
Governança;Planejamento de Agenda do Conselho de Administração;;Adão;2026-09-25 09:01:00;2026-10-29 13:01:59.999999999;2026-10-29 15:01:59.999999999;1,0;;2,0;2026-10-29 15:01:59.999999999;;AHP_APRENDIZAGEM_ESPECIALIZACAO_WORKLOAD;;;;;PENDENTE;True;0,9304300940996857;1,0;1,0;0,5545581941446048;0,6586441863669917;0,1851740071976712;0,08661190053502277
Governança;Gestão de documentos de governança;;Adão;2026-09-25 09:02:00;2026-10-29 15:01:59.999999999;2026-10-30 15:02:00.000000000;3,0;;8,0;2026-10-30 15:02:00.000000000;;AHP_APRENDIZAGEM_ESPECIALIZACAO_WORKLOAD;;;;;PENDENTE;True;0,9297235110806302;1,0;1,0;0,5500340883272732;0,6586441863669917;0,1851740071976712;0,08590531751596729
Contratos;Contrato de Mútuo, Doação ou Comodato;;Caim;2026-09-25 09:03:00;2026-09-25 09:03:00.000000000;2026-09-28 09:02:59.999999999;3,0;;8,0;2026-09-28 09:02:59.999999999;;AHP_APRENDIZAGEM_ESPECIALIZACAO_WORKLOAD;;;;;CONCLUIDA;True;0,8148259928023288;1,0;0,0;1,0;0,6586441863669917;0,0;0,1561818064353371
Contratos;Contrato de Locação;;Esaú;2026-09-25 09:04:00;2026-09-25 09:04:00.000000000;2026-09-28 09:03:59.999999999;3,0;;8,0;2026-09-28 09:03:59.999999999;;AHP_APRENDIZAGEM_ESPECIALIZACAO_WORKLOAD;;;;;CONCLUIDA;True;0,8148259928023288;1,0;0,0;1,0;0,6586441863669917;0,0;0,1561818064353371
Societário;Análise jurídica preliminar e de estrutura da operação;;Noé;2026-09-28 09:00:00;2026-11-26 13:00:00.000000000;2026-12-01 13:00:00.000000000;5,0;;24,0;2026-12-01 13:00:00.000000000;;AHP_APRENDIZAGEM_ESPECIALIZACAO_WORKLOAD;;;;;PENDENTE;True;0,7918906217151606;1,0;0,5554685547430473;0,19456873939206912;0,6586441863669917;0,10285833815406906;0,03038809719409969
Contratos;Outros tipos contratuais;;Abel;2026-09-28 09:01:00;2026-09-28 09:01:00.000000000;2026-09-29 09:00:59.999999999;3,0;;8,0;2026-09-29 09:00:59.999999999;;AHP_APRENDIZAGEM_ESPECIALIZACAO_WORKLOAD;;;;;CONCLUIDA;True;0,8173783126366198;1,0;0,013783359084336316;1,0;0,6586441863669917;0,0025523198342909796;0,1561818064353371
Contratos;NDA;;Abel;2026-09-28 09:02:00;2026-09-29 09:00:59.999999999;2026-09-29 11:00:59.999999999;1,0;;2,0;2026-09-29 11:00:59.999999999;;AHP_APRENDIZAGEM_ESPECIALIZACAO_WORKLOAD;;;;;CONCLUIDA;True;0,8144923051804079;1,0;0,013783359084336316;0,9815214875401846;0,6586441863669917;0,0025523198342909796;0,15329579897912526
Direito financeiro;Registro de garantias em cartórios e sistemas competentes;;Abel;2026-09-28 09:03:00;2026-09-29 11:00:59.999999999;2026-09-29 13:00:59.999999999;1,0;;2,0;2026-09-29 13:00:59.999999999;;AHP_APRENDIZAGEM_ESPECIALIZACAO_WORKLOAD;;;;;CONCLUIDA;True;0,8449272647635118;1,0;0,18201475460633149;0,9769299023963839;0,6586441863669917;0,03370440147955518;0,1525786769169648
Contratos;Contratos Financeiros ou Bancários;;Caim;2026-09-28 09:04:00;2026-09-28 09:04:00.000000000;2026-09-29 09:03:59.999999999;3,0;;8,0;2026-09-29 09:03:59.999999999;;AHP_APRENDIZAGEM_ESPECIALIZACAO_WORKLOAD;;;;;CONCLUIDA;True;0,8173783126366198;1,0;0,013783359084336316;1,0;0,6586441863669917;0,0025523198342909796;0,1561818064353371
Concorrencial;Avaliação de riscos concorrenciais;;Davi;2026-09-29 09:00:00;2026-12-11 09:03:59.999999999;2026-12-11 11:03:59.999999999;1,0;;2,0;2026-12-11 11:03:59.999999999;;AHP_APRENDIZAGEM_ESPECIALIZACAO_WORKLOAD;;;;;PENDENTE;True;0,8438181935646629;1,0;1,0;0,0;0,6586441863669917;0,1851740071976712;0,0
Contratos;Contrato de trabalho;;Abel;2026-09-29 09:01:00;2026-09-29 13:00:59.999999999;2026-09-29 15:00:59.999999999;1,0;;2,0;2026-09-29 15:00:59.999999999;;AHP_APRENDIZAGEM_ESPECIALIZACAO_WORKLOAD;;;;;CONCLUIDA;True;0,8186125771537831;1,0;0,028367415935943704;0,9906114305839169;0,6586441863669917;0,005252908082701772;0,1547154827040897
Societário;Integração societária;;Noé;2026-09-29 09:02:00;2026-12-01 13:00:00.000000000;2026-12-01 15:00:00.000000000;1,0;;2,0;2026-12-01 15:00:00.000000000;;AHP_APRENDIZAGEM_ESPECIALIZACAO_WORKLOAD;;;;;PENDENTE;True;0,7885633799818578;1,0;0,57873050641842;0,14568500117361696;0,6586441863669917;0,10716584696103641;0,022753346653829703
Contencioso;Gestão de provas e documentos;;Eva;2026-09-29 09:03:00;2026-09-29 09:03:00.000000000;2026-09-29 11:03:00.000000000;1,0;;2,0;2026-09-29 11:03:00.000000000;;AHP_APRENDIZAGEM_ESPECIALIZACAO_WORKLOAD;;;;;CONCLUIDA;True;1,0;1,0;1,0;1,0;0,6586441863669917;0,1851740071976712;0,1561818064353371
Regulatório;Elaboração de defesas, manifestações e recursos;;Caim;2026-09-29 09:04:00;2026-09-29 09:04:00.000000000;2026-10-01 09:03:59.999999999;4,0;;16,0;2026-10-01 09:03:59.999999999;;AHP_APRENDIZAGEM_ESPECIALIZACAO_WORKLOAD;;;;;CONCLUIDA;True;0,8148259928023288;1,0;0,0;1,0;0,6586441863669917;0,0;0,1561818064353371
Societário;Estruturação de holdings e grupos;;Noé;2026-09-30 09:00:00;2026-12-01 15:00:00.000000000;2026-12-04 15:00:00.000000000;5,0;;24,0;2026-12-04 15:00:00.000000000;;AHP_APRENDIZAGEM_ESPECIALIZACAO_WORKLOAD;;;;;PENDENTE;True;0,792453496914956;1,0;0,6014318135151655;0,14367724445861904;0,6586441863669917;0,11136953896476569;0,02243977158319865
Societário;Aprovações regulatórias e concorrenciais;;Noé;2026-09-30 09:01:00;2026-12-04 15:00:00.000000000;2026-12-07 15:00:00.000000000;3,0;;8,0;2026-12-07 15:00:00.000000000;;AHP_APRENDIZAGEM_ESPECIALIZACAO_WORKLOAD;;;;;PENDENTE;True;0,783488087614023;1,0;0,6014318135151655;0,08627357174181716;0,6586441863669917;0,11136953896476569;0,013474362282265655
Direito financeiro;Apoio jurídico à governança financeira corporativa;;Abel;2026-09-30 09:02:00;2026-09-30 09:02:00.000000000;2026-10-01 09:01:59.999999999;3,0;;8,0;2026-10-01 09:01:59.999999999;;AHP_APRENDIZAGEM_ESPECIALIZACAO_WORKLOAD;;;;;CONCLUIDA;True;0,8488838104857808;1,0;0,18392331731038025;1,0;0,6586441863669917;0,03405781768345192;0,1561818064353371
Contratos;Contrato de Representação Comercial;;Abel;2026-09-30 09:03:00;2026-10-01 09:01:59.999999999;2026-10-02 09:01:59.999999999;3,0;;8,0;2026-10-02 09:01:59.999999999;;AHP_APRENDIZAGEM_ESPECIALIZACAO_WORKLOAD;;;;;CONCLUIDA;True;0,8175608399606896;1,0;0,03087704614408945;0,9809018779162181;0,6586441863669917;0,005717626364928445;0,15319902722876944
Societário;Avaliação de impactos (societário, contratual, regulatório, concorrencial, trabalhista, tributário);;Noé;2026-09-30 09:04:00;2026-12-07 15:00:00.000000000;2026-12-08 15:00:00.000000000;3,0;;8,0;2026-12-08 15:00:00.000000000;;AHP_APRENDIZAGEM_ESPECIALIZACAO_WORKLOAD;;;;;PENDENTE;True;0,7805005738978302;1,0;0,6014318135151655;0,06714513556618819;0,6586441863669917;0,11136953896476569;0,010486848566072873
Concorrencial;Contencioso Administrativo Concorrencial;;Davi;2026-10-01 09:00:00;2026-12-11 11:03:59.999999999;2026-12-15 11:03:59.999999999;4,0;;16,0;2026-12-15 11:03:59.999999999;;AHP_APRENDIZAGEM_ESPECIALIZACAO_WORKLOAD;;;;;PENDENTE;True;0,8438181935646629;1,0;1,0;0,0;0,6586441863669917;0,1851740071976712;0,0
Societário;Estruturação de holdings e grupos;;Noé;2026-10-01 09:01:00;2026-12-08 15:00:00.000000000;2026-12-11 15:00:00.000000000;5,0;;24,0;2026-12-11 15:00:00.000000000;;AHP_APRENDIZAGEM_ESPECIALIZACAO_WORKLOAD;;;;;PENDENTE;True;0,7832350776427565;1,0;0,6014318135151655;0,0846536009075617;0,6586441863669917;0,11136953896476569;0,01322135231099908
Societário;Due diligence;;Noé;2026-10-01 09:02:00;2026-12-11 15:00:00.000000000;2026-12-16 15:00:00.000000000;5,0;;24,0;2026-12-16 15:00:00.000000000;;AHP_APRENDIZAGEM_ESPECIALIZACAO_WORKLOAD;;;;;PENDENTE;True;0,7744373083009767;1,0;0,6014318135151655;0,028323292387137017;0,6586441863669917;0,11136953896476569;0,0044235829692192905
Concorrencial;Gestão de canal de dúvidas;;Davi;2026-10-01 09:03:00;2026-12-15 11:03:59.999999999;2026-12-15 13:03:59.999999999;1,0;;2,0;2026-12-15 13:03:59.999999999;;AHP_APRENDIZAGEM_ESPECIALIZACAO_WORKLOAD;;;;;PENDENTE;True;0,848073861007967;1,0;1,0;0,027248163793431528;0,6586441863669917;0,1851740071976712;0,004255667443304084
Societário;Consolidação das versões finais dos documentos;;Noé;2026-10-01 09:04:00;2026-12-16 15:00:00.000000000;2026-12-16 17:00:00.000000000;1,0;;2,0;2026-12-16 17:00:00.000000000;;AHP_APRENDIZAGEM_ESPECIALIZACAO_WORKLOAD;;;;;PENDENTE;True;0,7700137253317574;1,0;0,6014318135151655;0,0;0,6586441863669917;0,11136953896476569;0,0
Direito financeiro;Interface com escritórios externos;;Abel;2026-10-02 09:00:00;2026-10-02 09:01:59.999999999;2026-10-02 11:01:59.999999999;1,0;;2,0;2026-10-02 11:01:59.999999999;;AHP_APRENDIZAGEM_ESPECIALIZACAO_WORKLOAD;;;;;CONCLUIDA;True;0,8531905162343946;1,0;0,2072460118892935;0,9999228395068158;0,6586441863669917;0,03837657449727668;0,15616975537012615
Governança;Política de Conflito de Interesses e de Partes Relacionadas;;Adão;2026-10-02 09:01:00;2026-10-30 15:02:00.000000000;2026-11-02 15:02:00.000000000;3,0;;8,0;2026-11-02 15:02:00.000000000;;AHP_APRENDIZAGEM_ESPECIALIZACAO_WORKLOAD;;;;;PENDENTE;True;0,9399773535282074;1,0;1,0;0,6156873336162662;0,6586441863669917;0,1851740071976712;0,0961591599635445
Societário;Estruturação de regras de governança;;Noé;2026-10-02 09:02:00;2026-12-17 09:00:00.000000000;2026-12-21 17:00:00.000000000;5,0;;24,0;2026-12-21 17:00:00.000000000;;AHP_APRENDIZAGEM_ESPECIALIZACAO_WORKLOAD;;;;;PENDENTE;True;0,7700137253317574;1,0;0,6014318135151655;0,0;0,6586441863669917;0,11136953896476569;0,0
Societário;Elaboração e negociação de  SHA;;Noé;2026-10-02 09:03:00;2026-12-22 09:00:00.000000000;2026-12-22 17:00:00.000000000;3,0;;8,0;2026-12-22 17:00:00.000000000;;AHP_APRENDIZAGEM_ESPECIALIZACAO_WORKLOAD;;;;;PENDENTE;True;0,7700137253317574;1,0;0,6014318135151655;0,0;0,6586441863669917;0,11136953896476569;0,0
Contratos;Letter of Intent;;Abel;2026-10-02 09:04:00;2026-10-02 11:01:59.999999999;2026-10-02 13:01:59.999999999;1,0;;2,0;2026-10-02 13:01:59.999999999;;AHP_APRENDIZAGEM_ESPECIALIZACAO_WORKLOAD;;;;;CONCLUIDA;True;0,8227585467598089;1,0;0,04641378505007766;0,9957608851852516;0,6586441863669917;0,008594626566934245;0,1555197338258829
Regulatório;Análise de risco sancionador e reputacional;;Caim;2026-10-05 09:00:00;2026-10-05 09:00:00.000000000;2026-10-05 11:00:00.000000000;1,0;;2,0;2026-10-05 11:00:00.000000000;;AHP_APRENDIZAGEM_ESPECIALIZACAO_WORKLOAD;;;;;CONCLUIDA;True;0,8228190217344376;1,0;0,043164961719363903;1,0;0,6586441863669917;0,007993028932108693;0,1561818064353371
Contratos;Contrato de Locação;;Abel;2026-10-05 09:01:00;2026-10-05 09:01:00.000000000;2026-10-06 09:00:59.999999999;3,0;;8,0;2026-10-06 09:00:59.999999999;;AHP_APRENDIZAGEM_ESPECIALIZACAO_WORKLOAD;;;;;CONCLUIDA;True;0,8236672664759181;1,0;0,04774575982552113;1,0;0,6586441863669917;0,008841273673589329;0,1561818064353371
Societário;Estruturação de regras de governança;;Noé;2026-10-05 09:02:00;2026-12-23 09:00:00.000000000;2026-12-25 17:00:00.000000000;5,0;;24,0;2026-12-25 17:00:00.000000000;;AHP_APRENDIZAGEM_ESPECIALIZACAO_WORKLOAD;;;;;PENDENTE;True;0,7894351702589933;1,0;0,706313946926599;0,0;0,6586441863669917;0,13079098389200158;0,0
Societário;Gestão de earn-outs, ajustes de preço e garantias;;Noé;2026-10-05 09:03:00;2026-12-28 09:00:00.000000000;2026-12-28 11:00:00.000000000;1,0;;2,0;2026-12-28 11:00:00.000000000;;AHP_APRENDIZAGEM_ESPECIALIZACAO_WORKLOAD;;;;;PENDENTE;True;0,7894351702589933;1,0;0,706313946926599;0,0;0,6586441863669917;0,13079098389200158;0,0
Societário;Due diligence societária;;Noé;2026-10-05 09:04:00;2026-12-28 11:00:00.000000000;2026-12-31 11:00:00.000000000;5,0;;24,0;2026-12-31 11:00:00.000000000;;AHP_APRENDIZAGEM_ESPECIALIZACAO_WORKLOAD;;;;;PENDENTE;True;0,7894351702589933;1,0;0,706313946926599;0,0;0,6586441863669917;0,13079098389200158;0,0
Societário;Elaboração e negociação de  SHA;;Noé;2026-10-06 09:00:00;2026-12-31 11:00:00.000000000;2027-01-01 11:00:00.000000000;3,0;;8,0;2027-01-01 11:00:00.000000000;;AHP_APRENDIZAGEM_ESPECIALIZACAO_WORKLOAD;;;;;PENDENTE;True;0,7894351702589933;1,0;0,706313946926599;0,0;0,6586441863669917;0,13079098389200158;0,0
Societário;Suporte jurídico às negociações comerciais;;Noé;2026-10-06 09:01:00;2027-01-01 11:00:00.000000000;2027-01-04 11:00:00.000000000;3,0;;8,0;2027-01-04 11:00:00.000000000;;AHP_APRENDIZAGEM_ESPECIALIZACAO_WORKLOAD;;;;;PENDENTE;True;0,7894351702589933;1,0;0,706313946926599;0,0;0,6586441863669917;0,13079098389200158;0,0
Societário;Estruturação jurídica de carve-outs, spin-offs e alienação de ativos;;Noé;2026-10-06 09:02:00;2027-01-04 11:00:00.000000000;2027-01-07 11:00:00.000000000;5,0;;24,0;2027-01-07 11:00:00.000000000;;AHP_APRENDIZAGEM_ESPECIALIZACAO_WORKLOAD;;;;;PENDENTE;True;0,7894351702589933;1,0;0,706313946926599;0,0;0,6586441863669917;0,13079098389200158;0,0
Governança;Outras atividades de governança;;Adão;2026-10-06 09:03:00;2026-11-02 15:02:00.000000000;2026-11-03 15:02:00.000000000;3,0;;8,0;2026-11-03 15:02:00.000000000;;AHP_APRENDIZAGEM_ESPECIALIZACAO_WORKLOAD;;;;;PENDENTE;True;0,9541330562567599;1,0;1,0;0,7063233881711435;0,6586441863669917;0,1851740071976712;0,110314862692097
Contratos;Contrato de trabalho;;Abel;2026-10-06 09:04:00;2026-10-06 09:04:00.000000000;2026-10-06 11:04:00.000000000;1,0;;2,0;2026-10-06 11:04:00.000000000;;AHP_APRENDIZAGEM_ESPECIALIZACAO_WORKLOAD;;;;;CONCLUIDA;True;0,8267102809439172;1,0;0,06417902988350832;1,0;0,6586441863669917;0,011884288141588324;0,1561818064353371
Societário;Suporte jurídico às negociações comerciais;;Noé;2026-10-07 09:00:00;2027-01-07 11:00:00.000000000;2027-01-08 11:00:00.000000000;3,0;;8,0;2027-01-08 11:00:00.000000000;;AHP_APRENDIZAGEM_ESPECIALIZACAO_WORKLOAD;;;;;PENDENTE;True;0,7894351702589933;1,0;0,706313946926599;0,0;0,6586441863669917;0,13079098389200158;0,0
Societário;Gestão de earn-outs, ajustes de preço e garantias;;Noé;2026-10-07 09:01:00;2027-01-08 11:00:00.000000000;2027-01-08 13:00:00.000000000;1,0;;2,0;2027-01-08 13:00:00.000000000;;AHP_APRENDIZAGEM_ESPECIALIZACAO_WORKLOAD;;;;;PENDENTE;True;0,7894351702589933;1,0;0,706313946926599;0,0;0,6586441863669917;0,13079098389200158;0,0
Societário;Gestão de passivos;;Noé;2026-10-07 09:02:00;2027-01-08 13:00:00.000000000;2027-01-08 15:00:00.000000000;1,0;;2,0;2027-01-08 15:00:00.000000000;;AHP_APRENDIZAGEM_ESPECIALIZACAO_WORKLOAD;;;;;PENDENTE;True;0,7894351702589933;1,0;0,706313946926599;0,0;0,6586441863669917;0,13079098389200158;0,0
Societário;Avaliação de impactos (societário, contratual, regulatório, concorrencial, trabalhista, tributário);;Noé;2026-10-07 09:03:00;2027-01-08 15:00:00.000000000;2027-01-11 15:00:00.000000000;3,0;;8,0;2027-01-11 15:00:00.000000000;;AHP_APRENDIZAGEM_ESPECIALIZACAO_WORKLOAD;;;;;PENDENTE;True;0,7894351702589933;1,0;0,706313946926599;0,0;0,6586441863669917;0,13079098389200158;0,0
Societário;Análise jurídica preliminar e de estrutura da operação;;Noé;2026-10-07 09:04:00;2027-01-11 15:00:00.000000000;2027-01-14 15:00:00.000000000;5,0;;24,0;2027-01-14 15:00:00.000000000;;AHP_APRENDIZAGEM_ESPECIALIZACAO_WORKLOAD;;;;;PENDENTE;True;0,7894351702589933;1,0;0,706313946926599;0,0;0,6586441863669917;0,13079098389200158;0,0
