area_wk;tarefa_WK;descritivo;analista;data_aloc;inicio_wk;fim_wk;comp_est;comp_real;tempo_est_h;prazo_est;prazo_real;crit_aloc;resum_exec;data_envio;data_aval;retorno;status;xp_creditada;score_ahp_escolhido;aprendizado_norm_escolhido;especializacao_norm_escolhido;workload_norm_escolhido;contrib_aprendizagem_escolhido;contrib_especializacao_escolhido;contrib_workload_escolhido
Propriedade intelectual;Gestão de portfólio de marcas (renovações, extensões e classes);;Abel;2026-01-01 09:00:00;2026-01-01 09:00:00.000000000;2026-01-01 13:00:00.000000000;2,0;;4,0;2026-01-01 13:00:00.000000000;;AHP_APRENDIZAGEM_ESPECIALIZACAO_WORKLOAD;;;;;CONCLUIDA;True;1,0;1,0;1,0;1,0;0,6586441863669917;0,1851740071976712;0,1561818064353371
Contratos;Contrato de Manutenção de Sistemas;;Abraão;2026-01-01 09:01:00;2026-01-01 09:01:00.000000000;2026-01-02 09:00:59.999999999;3,0;;8,0;2026-01-02 09:00:59.999999999;;AHP_APRENDIZAGEM_ESPECIALIZACAO_WORKLOAD;;;;;CONCLUIDA;True;1,0;1,0;1,0;1,0;0,6586441863669917;0,1851740071976712;0,1561818064353371
Contratos;Contrato de trabalho;;Adão;2026-01-01 09:02:00;2026-01-01 09:02:00.000000000;2026-01-01 11:02:00.000000000;1,0;;2,0;2026-01-01 11:02:00.000000000;;AHP_APRENDIZAGEM_ESPECIALIZACAO_WORKLOAD;;;;;CONCLUIDA;True;1,0;1,0;1,0;1,0;0,6586441863669917;0,1851740071976712;0,1561818064353371
Societário;Consolidação das versões finais dos documentos;;Caim;2026-01-01 09:03:00;2026-01-01 09:03:00.000000000;2026-01-01 11:03:00.000000000;1,0;;2,0;2026-01-01 11:03:00.000000000;;AHP_APRENDIZAGEM_ESPECIALIZACAO_WORKLOAD;;;;;CONCLUIDA;True;1,0;1,0;1,0;1,0;0,6586441863669917;0,1851740071976712;0,1561818064353371
Societário;Gestão de conflitos societários;;Davi;2026-01-01 09:04:00;2026-01-01 09:04:00.000000000;2026-01-01 11:04:00.000000000;1,0;;2,0;2026-01-01 11:04:00.000000000;;AHP_APRENDIZAGEM_ESPECIALIZACAO_WORKLOAD;;;;;CONCLUIDA;True;1,0;1,0;1,0;1,0;0,6586441863669917;0,1851740071976712;0,1561818064353371
Societário;Organização de livros societários;;Caim;2026-01-02 09:00:00;2026-01-02 09:00:00.000000000;2026-01-02 11:00:00.000000000;1,0;;2,0;2026-01-02 11:00:00.000000000;;AHP_APRENDIZAGEM_ESPECIALIZACAO_WORKLOAD;;;;;CONCLUIDA;True;1,0;1,0;1,0;1,0;0,6586441863669917;0,1851740071976712;0,1561818064353371
Societário;Estruturação de regras de governança;;Davi;2026-01-02 09:01:00;2026-01-02 09:01:00.000000000;2026-01-07 09:00:59.999999999;5,0;;24,0;2026-01-07 09:00:59.999999999;;AHP_APRENDIZAGEM_ESPECIALIZACAO_WORKLOAD;;;;;CONCLUIDA;True;1,0;1,0;1,0;1,0;0,6586441863669917;0,1851740071976712;0,1561818064353371
Contratos;Contrato de Locação;;Abraão;2026-01-02 09:02:00;2026-01-02 09:02:00.000000000;2026-01-05 09:01:59.999999999;3,0;;8,0;2026-01-05 09:01:59.999999999;;AHP_APRENDIZAGEM_ESPECIALIZACAO_WORKLOAD;;;;;CONCLUIDA;True;1,0;1,0;1,0;1,0;0,6586441863669917;0,1851740071976712;0,1561818064353371
Societário;Atas de Reunião e Assembleia;;Caim;2026-01-02 09:03:00;2026-01-02 11:00:00.000000000;2026-01-02 15:00:00.000000000;2,0;;4,0;2026-01-02 15:00:00.000000000;;AHP_APRENDIZAGEM_ESPECIALIZACAO_WORKLOAD;;;;;CONCLUIDA;True;0,9872925790311918;1,0;1,0;0,9186369958265953;0,6586441863669917;0,1851740071976712;0,14347438546652888
Regulatório;Apoio jurídico à governança de instituições reguladas;;Abel;2026-01-02 09:04:00;2026-01-02 09:04:00.000000000;2026-01-05 09:03:59.999999999;3,0;;8,0;2026-01-05 09:03:59.999999999;;AHP_APRENDIZAGEM_ESPECIALIZACAO_WORKLOAD;;;;;CONCLUIDA;True;1,0;1,0;1,0;1,0;0,6586441863669917;0,1851740071976712;0,1561818064353371
Governança;Política de Governaça Corporativa;;Adão;2026-01-05 09:00:00;2026-01-05 09:00:00.000000000;2026-01-05 17:00:00.000000000;3,0;;8,0;2026-01-05 17:00:00.000000000;;AHP_APRENDIZAGEM_ESPECIALIZACAO_WORKLOAD;;;;;CONCLUIDA;True;1,0;1,0;1,0;1,0;0,6586441863669917;0,1851740071976712;0,1561818064353371
Contratos;Contrato de Mútuo, Doação ou Comodato;;Abraão;2026-01-05 09:01:00;2026-01-05 09:01:59.999999999;2026-01-06 09:01:59.999999999;3,0;;8,0;2026-01-06 09:01:59.999999999;;AHP_APRENDIZAGEM_ESPECIALIZACAO_WORKLOAD;;;;;CONCLUIDA;True;0,9998373106210052;1,0;1,0;0,9989583333506763;0,6586441863669917;0,1851740071976712;0,15601911705634228
Regulatório;Preparação de informações e documentos para fiscalização;;Caim;2026-01-05 09:02:00;2026-01-05 09:02:00.000000000;2026-01-07 09:01:59.999999999;4,0;;16,0;2026-01-07 09:01:59.999999999;;AHP_APRENDIZAGEM_ESPECIALIZACAO_WORKLOAD;;;;;CONCLUIDA;True;1,0;1,0;1,0;1,0;0,6586441863669917;0,1851740071976712;0,1561818064353371
Contratos;Contrato de Agência, Franquia ou Parceria Empresarial;;Abraão;2026-01-05 09:03:00;2026-01-06 09:01:59.999999999;2026-01-07 09:01:59.999999999;3,0;;8,0;2026-01-07 09:01:59.999999999;;AHP_APRENDIZAGEM_ESPECIALIZACAO_WORKLOAD;;;;;CONCLUIDA;True;0,9219905262969514;1,0;1,0;0,5005213764424838;0,6586441863669917;0,1851740071976712;0,0781723327322885
Contratos;Contrato de Mútuo, Doação ou Comodato;;Abraão;2026-01-05 09:04:00;2026-01-07 09:01:59.999999999;2026-01-08 09:01:59.999999999;3,0;;8,0;2026-01-08 09:01:59.999999999;;AHP_APRENDIZAGEM_ESPECIALIZACAO_WORKLOAD;;;;;CONCLUIDA;True;0,8438181935646629;1,0;1,0;0,0;0,6586441863669917;0,1851740071976712;0,0
Governança;Política de PLDFTP e Fraudes;;Adão;2026-01-06 09:00:00;2026-01-06 09:00:00.000000000;2026-01-06 17:00:00.000000000;3,0;;8,0;2026-01-06 17:00:00.000000000;;AHP_APRENDIZAGEM_ESPECIALIZACAO_WORKLOAD;;;;;CONCLUIDA;True;1,0;1,0;1,0;1,0;0,6586441863669917;0,1851740071976712;0,1561818064353371
Contratos;Contrato de Mandato;;Abraão;2026-01-06 09:01:00;2026-01-08 09:01:59.999999999;2026-01-09 09:01:59.999999999;3,0;;8,0;2026-01-09 09:01:59.999999999;;AHP_APRENDIZAGEM_ESPECIALIZACAO_WORKLOAD;;;;;CONCLUIDA;True;0,8438181935646629;1,0;1,0;0,0;0,6586441863669917;0,1851740071976712;0,0
Direito digital;Monitoramento regulatório (LGPD, IA, plataformas, cibersegurança);;Abel;2026-01-06 09:02:00;2026-01-06 09:02:00.000000000;2026-01-07 09:01:59.999999999;3,0;;8,0;2026-01-07 09:01:59.999999999;;AHP_APRENDIZAGEM_ESPECIALIZACAO_WORKLOAD;;;;;CONCLUIDA;True;1,0;1,0;1,0;1,0;0,6586441863669917;0,1851740071976712;0,1561818064353371
Regulatório;Interface com áreas de produto, tecnologia e negócios;;Abel;2026-01-06 09:03:00;2026-01-07 09:01:59.999999999;2026-01-07 11:01:59.999999999;1,0;;2,0;2026-01-07 11:01:59.999999999;;AHP_APRENDIZAGEM_ESPECIALIZACAO_WORKLOAD;;;;;CONCLUIDA;True;0,948011754495629;1,0;1,0;0,6671299513628345;0,6586441863669917;0,1851740071976712;0,10419356093096607
Governança;Elaboração e revisão de atas;;Adão;2026-01-06 09:04:00;2026-01-07 09:00:00.000000000;2026-01-07 17:00:00.000000000;3,0;;8,0;2026-01-07 17:00:00.000000000;;AHP_APRENDIZAGEM_ESPECIALIZACAO_WORKLOAD;;;;;CONCLUIDA;True;0,9483014326397203;1,0;1,0;0,6689847009697378;0,6586441863669917;0,1851740071976712;0,10448323907505747
Societário;Estruturação societária internacional;;Caim;2026-01-07 09:00:00;2026-01-07 09:01:59.999999999;2026-01-12 09:01:59.999999999;5,0;;24,0;2026-01-12 09:01:59.999999999;;AHP_APRENDIZAGEM_ESPECIALIZACAO_WORKLOAD;;;;;CONCLUIDA;True;0,9996752977024189;1,0;1,0;0,9979209979382869;0,6586441863669917;0,1851740071976712;0,15585710413775597
Contratos;Contrato de trabalho;;Abraão;2026-01-07 09:01:00;2026-01-09 09:01:59.999999999;2026-01-09 11:01:59.999999999;1,0;;2,0;2026-01-09 11:01:59.999999999;;AHP_APRENDIZAGEM_ESPECIALIZACAO_WORKLOAD;;;;;CONCLUIDA;True;0,895842667603406;1,0;1,0;0,3331020124951781;0,6586441863669917;0,1851740071976712;0,05202447403874315
Societário;Gestão de passivos;;Davi;2026-01-07 09:02:00;2026-01-07 09:02:00.000000000;2026-01-07 11:02:00.000000000;1,0;;2,0;2026-01-07 11:02:00.000000000;;AHP_APRENDIZAGEM_ESPECIALIZACAO_WORKLOAD;;;;;CONCLUIDA;True;1,0;1,0;1,0;1,0;0,6586441863669917;0,1851740071976712;0,1561818064353371
Contratos;Contrato de Licenciamento de Software;;Abraão;2026-01-07 09:03:00;2026-01-09 11:01:59.999999999;2026-01-13 11:02:00.000000000;4,0;;16,0;2026-01-13 11:02:00.000000000;;AHP_APRENDIZAGEM_ESPECIALIZACAO_WORKLOAD;;;;;CONCLUIDA;True;0,8828907789137752;1,0;1,0;0,25017373176106295;0,6586441863669917;0,1851740071976712;0,03907258534911228
Regulatório;Tradução da norma para áreas de negócio, compliance e produto;;Caim;2026-01-07 09:04:00;2026-01-12 09:01:59.999999999;2026-01-13 09:01:59.999999999;3,0;;8,0;2026-01-13 09:01:59.999999999;;AHP_APRENDIZAGEM_ESPECIALIZACAO_WORKLOAD;;;;;CONCLUIDA;True;0,88979909830557;1,0;1,0;0,2944062806697285;0,6586441863669917;0,1851740071976712;0,04598090474090707
Contratos;Contrato de Locação;;Abraão;2026-01-08 09:00:00;2026-01-13 11:02:00.000000000;2026-01-14 11:02:00.000000000;3,0;;8,0;2026-01-14 11:02:00.000000000;;AHP_APRENDIZAGEM_ESPECIALIZACAO_WORKLOAD;;;;;CONCLUIDA;True;0,8438181935646629;1,0;1,0;0,0;0,6586441863669917;0,1851740071976712;0,0
Direito financeiro;Apoio jurídico a emissões de valores mobiliários;;Abel;2026-01-08 09:01:00;2026-01-08 09:01:00.000000000;2026-01-08 11:01:00.000000000;1,0;;2,0;2026-01-08 11:01:00.000000000;;AHP_APRENDIZAGEM_ESPECIALIZACAO_WORKLOAD;;;;;CONCLUIDA;True;1,0;1,0;1,0;1,0;0,6586441863669917;0,1851740071976712;0,1561818064353371
Governança;Preparação de reuniões, materiais, pautas e apreentações;;Adão;2026-01-08 09:02:00;2026-01-08 09:02:00.000000000;2026-01-08 11:02:00.000000000;1,0;;2,0;2026-01-08 11:02:00.000000000;;AHP_APRENDIZAGEM_ESPECIALIZACAO_WORKLOAD;;;;;CONCLUIDA;True;1,0;1,0;1,0;1,0;0,6586441863669917;0,1851740071976712;0,1561818064353371
Contratos;Contrato de Joint Venture;;Abraão;2026-01-08 09:03:00;2026-01-14 11:02:00.000000000;2026-01-19 11:01:59.999999999;5,0;;24,0;2026-01-19 11:01:59.999999999;;AHP_APRENDIZAGEM_ESPECIALIZACAO_WORKLOAD;;;;;CONCLUIDA;True;0,8438181935646629;1,0;1,0;0,0;0,6586441863669917;0,1851740071976712;0,0
Contratos;Contrato de Transferência de Tecnologia;;Abraão;2026-01-08 09:04:00;2026-01-19 11:01:59.999999999;2026-01-20 11:02:00.000000000;3,0;;8,0;2026-01-20 11:02:00.000000000;;AHP_APRENDIZAGEM_ESPECIALIZACAO_WORKLOAD;;;;;CONCLUIDA;True;0,8438181935646629;1,0;1,0;0,0;0,6586441863669917;0,1851740071976712;0,0
Contratos;Contrato de Representação Comercial;;Abraão;2026-01-09 09:00:00;2026-01-20 11:02:00.000000000;2026-01-21 11:02:00.000000000;3,0;;8,0;2026-01-21 11:02:00.000000000;;AHP_APRENDIZAGEM_ESPECIALIZACAO_WORKLOAD;;;;;CONCLUIDA;True;0,8438181935646629;1,0;1,0;0,0;0,6586441863669917;0,1851740071976712;0,0
Concorrencial;Revisão concorrencial de documentos;;Abel;2026-01-09 09:01:00;2026-01-09 09:01:00.000000000;2026-01-12 09:00:59.999999999;3,0;;8,0;2026-01-12 09:00:59.999999999;;AHP_APRENDIZAGEM_ESPECIALIZACAO_WORKLOAD;;;;;CONCLUIDA;True;1,0;1,0;1,0;1,0;0,6586441863669917;0,1851740071976712;0,1561818064353371
Direito digital;Avaliação jurídica de campanhas de marketing digital;;Abel;2026-01-09 09:02:00;2026-01-12 09:00:59.999999999;2026-01-12 11:00:59.999999999;1,0;;2,0;2026-01-12 11:00:59.999999999;;AHP_APRENDIZAGEM_ESPECIALIZACAO_WORKLOAD;;;;;CONCLUIDA;True;0,9811083117979196;1,0;1,0;0,8790404040441037;0,6586441863669917;0,1851740071976712;0,1372901182332567
Contencioso;Estratégia processual;;Adão;2026-01-09 09:03:00;2026-01-09 09:03:00.000000000;2026-01-09 11:03:00.000000000;1,0;;2,0;2026-01-09 11:03:00.000000000;;AHP_APRENDIZAGEM_ESPECIALIZACAO_WORKLOAD;;;;;CONCLUIDA;True;1,0;1,0;1,0;1,0;0,6586441863669917;0,1851740071976712;0,1561818064353371
Contratos;Contrato de Agência, Franquia ou Parceria Empresarial;;Abraão;2026-01-09 09:04:00;2026-01-21 11:02:00.000000000;2026-01-22 11:02:00.000000000;3,0;;8,0;2026-01-22 11:02:00.000000000;;AHP_APRENDIZAGEM_ESPECIALIZACAO_WORKLOAD;;;;;CONCLUIDA;True;0,8438181935646629;1,0;1,0;0,0;0,6586441863669917;0,1851740071976712;0,0
Contratos;Contratos de Seguros ou Previdência;;Abraão;2026-01-12 09:00:00;2026-01-22 11:02:00.000000000;2026-01-23 11:02:00.000000000;3,0;;8,0;2026-01-23 11:02:00.000000000;;AHP_APRENDIZAGEM_ESPECIALIZACAO_WORKLOAD;;;;;CONCLUIDA;True;0,8438181935646629;1,0;1,0;0,0;0,6586441863669917;0,1851740071976712;0,0
Direito financeiro;Revisão de documentos de disclosure;;Abel;2026-01-12 09:01:00;2026-01-12 11:00:59.999999999;2026-01-13 11:01:00.000000000;3,0;;8,0;2026-01-13 11:01:00.000000000;;AHP_APRENDIZAGEM_ESPECIALIZACAO_WORKLOAD;;;;;CONCLUIDA;True;0,9957798205877871;1,0;1,0;0,9729790587743001;0,6586441863669917;0,1851740071976712;0,15196162702312424
Societário;Gestão de Advisors e Governança da Operação;;Caim;2026-01-12 09:02:00;2026-01-13 09:01:59.999999999;2026-01-14 09:01:59.999999999;3,0;;8,0;2026-01-14 09:01:59.999999999;;AHP_APRENDIZAGEM_ESPECIALIZACAO_WORKLOAD;;;;;CONCLUIDA;True;0,9831154803859552;1,0;1,0;0,8918918918956457;0,6586441863669917;0,1851740071976712;0,13929728682129233
Governança;Acompanhamento de planos de mitigação;;Adão;2026-01-12 09:03:00;2026-01-12 09:03:00.000000000;2026-01-12 11:03:00.000000000;1,0;;2,0;2026-01-12 11:03:00.000000000;;AHP_APRENDIZAGEM_ESPECIALIZACAO_WORKLOAD;;;;;CONCLUIDA;True;1,0;1,0;1,0;1,0;0,6586441863669917;0,1851740071976712;0,1561818064353371
Societário;Atualização de Contrato Social / Estatuto;;Caim;2026-01-12 09:04:00;2026-01-14 09:01:59.999999999;2026-01-15 09:01:59.999999999;3,0;;8,0;2026-01-15 09:01:59.999999999;;AHP_APRENDIZAGEM_ESPECIALIZACAO_WORKLOAD;;;;;CONCLUIDA;True;0,9662861265068838;1,0;1,0;0,7841369986517951;0,6586441863669917;0,1851740071976712;0,12246793294222086
Direito digital;Comunicação de incidentes às autoridades competentes;;Abel;2026-01-13 09:00:00;2026-01-13 11:01:00.000000000;2026-01-13 13:01:00.000000000;1,0;;2,0;2026-01-13 13:01:00.000000000;;AHP_APRENDIZAGEM_ESPECIALIZACAO_WORKLOAD;;;;;CONCLUIDA;True;0,9952301871330955;1,0;1,0;0,969459868753155;0,6586441863669917;0,1851740071976712;0,15141199356843257
Direito financeiro;Apoio a programas de prevenção à lavagem de dinheiro (PLD/FT);;Abel;2026-01-13 09:01:00;2026-01-13 13:01:00.000000000;2026-01-13 15:01:00.000000000;1,0;;2,0;2026-01-13 15:01:00.000000000;;AHP_APRENDIZAGEM_ESPECIALIZACAO_WORKLOAD;;;;;CONCLUIDA;True;0,9905368256641048;1,0;1,0;0,9394092400908861;0,6586441863669917;0,1851740071976712;0,1467186320994419
Contratos;Contrato de Representação Comercial;;Abraão;2026-01-13 09:02:00;2026-01-23 11:02:00.000000000;2026-01-26 11:02:00.000000000;3,0;;8,0;2026-01-26 11:02:00.000000000;;AHP_APRENDIZAGEM_ESPECIALIZACAO_WORKLOAD;;;;;CONCLUIDA;True;0,8438181935646629;1,0;1,0;0,0;0,6586441863669917;0,1851740071976712;0,0
Concorrencial;Contencioso Administrativo Concorrencial;;Abel;2026-01-13 09:03:00;2026-01-13 15:01:00.000000000;2026-01-15 15:00:59.999999999;4,0;;16,0;2026-01-15 15:00:59.999999999;;AHP_APRENDIZAGEM_ESPECIALIZACAO_WORKLOAD;;;;;CONCLUIDA;True;0,9874041255454268;1,0;1,0;0,9193512052264023;0,6586441863669917;0,1851740071976712;0,14358593198076386
Direito digital;Análise de cláusulas de tratamento, compartilhamento e transferência de dados;;Abel;2026-01-13 09:04:00;2026-01-15 15:00:59.999999999;2026-01-16 11:01:00.000000000;2,0;;4,0;2026-01-16 11:01:00.000000000;;AHP_APRENDIZAGEM_ESPECIALIZACAO_WORKLOAD;;;;;CONCLUIDA;True;0,953652221929847;1,0;1,0;0,7032447048219919;0,6586441863669917;0,1851740071976712;0,1098340283651841
Societário;Acordo de Sócios / Acionistas;;Caim;2026-01-14 09:00:00;2026-01-15 09:01:59.999999999;2026-01-16 09:01:59.999999999;3,0;;8,0;2026-01-16 09:01:59.999999999;;AHP_APRENDIZAGEM_ESPECIALIZACAO_WORKLOAD;;;;;CONCLUIDA;True;0,9809995884151365;1,0;1,0;0,8783442705746256;0,6586441863669917;0,1851740071976712;0,13718139485047354
Contratos;Outros tipos contratuais;;Abraão;2026-01-14 09:01:00;2026-01-26 11:02:00.000000000;2026-01-27 11:02:00.000000000;3,0;;8,0;2026-01-27 11:02:00.000000000;;AHP_APRENDIZAGEM_ESPECIALIZACAO_WORKLOAD;;;;;CONCLUIDA;True;0,8438181935646629;1,0;1,0;0,0;0,6586441863669917;0,1851740071976712;0,0
Direito financeiro;Revisão de documentos de disclosure;;Abel;2026-01-14 09:02:00;2026-01-16 11:01:00.000000000;2026-01-19 11:01:00.000000000;3,0;;8,0;2026-01-19 11:01:00.000000000;;AHP_APRENDIZAGEM_ESPECIALIZACAO_WORKLOAD;;;;;CONCLUIDA;True;0,9620450069501969;1,0;1,0;0,7569819819857357;0,6586441863669917;0,1851740071976712;0,11822681338553402
Contratos;Contrato de prestação de serviços;;Abraão;2026-01-14 09:03:00;2026-01-27 11:02:00.000000000;2026-01-28 11:02:00.000000000;3,0;;8,0;2026-01-28 11:02:00.000000000;;AHP_APRENDIZAGEM_ESPECIALIZACAO_WORKLOAD;;;;;CONCLUIDA;True;0,8438181935646629;1,0;1,0;0,0;0,6586441863669917;0,1851740071976712;0,0
Concorrencial;Programa de Compliance Concorrencial;;Abel;2026-01-14 09:04:00;2026-01-19 11:01:00.000000000;2026-01-20 11:01:00.000000000;3,0;;8,0;2026-01-20 11:01:00.000000000;;AHP_APRENDIZAGEM_ESPECIALIZACAO_WORKLOAD;;;;;CONCLUIDA;True;0,9505540722616477;1,0;1,0;0,6834078893893182;0,6586441863669917;0,1851740071976712;0,10673587869698477
Direito digital;Apoio jurídico ao Encarregado/DPO;;Abel;2026-01-15 09:00:00;2026-01-20 11:01:00.000000000;2026-01-20 13:01:00.000000000;1,0;;2,0;2026-01-20 13:01:00.000000000;;AHP_APRENDIZAGEM_ESPECIALIZACAO_WORKLOAD;;;;;CONCLUIDA;True;0,9451148582071426;1,0;1,0;0,6485817199484039;0,6586441863669917;0,1851740071976712;0,10129666464247963
Regulatório;Análise regulatória de modelos inovadores (open finance, cripto, tokenização);;Caim;2026-01-15 09:01:00;2026-01-16 09:01:59.999999999;2026-01-19 09:01:59.999999999;3,0;;8,0;2026-01-19 09:01:59.999999999;;AHP_APRENDIZAGEM_ESPECIALIZACAO_WORKLOAD;;;;;CONCLUIDA;True;0,9830841141875533;1,0;1,0;0,8916910605752897;0,6586441863669917;0,1851740071976712;0,13926592062289034
Contratos;Contrato de Transferência de Tecnologia;;Abraão;2026-01-15 09:02:00;2026-01-28 11:02:00.000000000;2026-01-29 11:02:00.000000000;3,0;;8,0;2026-01-29 11:02:00.000000000;;AHP_APRENDIZAGEM_ESPECIALIZACAO_WORKLOAD;;;;;CONCLUIDA;True;0,8438181935646629;1,0;1,0;0,0;0,6586441863669917;0,1851740071976712;0,0
Concorrencial;Gestão de canal de dúvidas;;Abel;2026-01-15 09:03:00;2026-01-20 13:01:00.000000000;2026-01-20 15:01:00.000000000;1,0;;2,0;2026-01-20 15:01:00.000000000;;AHP_APRENDIZAGEM_ESPECIALIZACAO_WORKLOAD;;;;;CONCLUIDA;True;0,946722286806916;1,0;1,0;0,6588737548304495;0,6586441863669917;0,1851740071976712;0,10290409324225303
Regulatório;Elaboração de pareceres e notas técnicas internas;;Caim;2026-01-15 09:04:00;2026-01-19 09:01:59.999999999;2026-01-20 09:01:59.999999999;3,0;;8,0;2026-01-20 09:01:59.999999999;;AHP_APRENDIZAGEM_ESPECIALIZACAO_WORKLOAD;;;;;CONCLUIDA;True;0,9695766224963488;1,0;1,0;0,8052053680385157;0,6586441863669917;0,1851740071976712;0,12575842893168585
Direito digital;Avaliação de uso de IA, algoritmos e automação;;Abel;2026-01-16 09:00:00;2026-01-20 15:01:00.000000000;2026-01-21 09:00:59.999999999;1,0;;2,0;2026-01-21 09:00:59.999999999;;AHP_APRENDIZAGEM_ESPECIALIZACAO_WORKLOAD;;;;;CONCLUIDA;True;0,9535533169063813;1,0;1,0;0,7026114362888437;0,6586441863669917;0,1851740071976712;0,10973512334171838
Contratos;Contratos Administrativos;;Abraão;2026-01-16 09:01:00;2026-01-29 11:02:00.000000000;2026-01-30 11:02:00.000000000;3,0;;8,0;2026-01-30 11:02:00.000000000;;AHP_APRENDIZAGEM_ESPECIALIZACAO_WORKLOAD;;;;;CONCLUIDA;True;0,8438181935646629;1,0;1,0;0,0;0,6586441863669917;0,1851740071976712;0,0
Societário;Estruturação de veículos societários (SPVs);;Caim;2026-01-16 09:02:00;2026-01-20 09:01:59.999999999;2026-01-23 09:01:59.999999999;5,0;;24,0;2026-01-23 09:01:59.999999999;;AHP_APRENDIZAGEM_ESPECIALIZACAO_WORKLOAD;;;;;CONCLUIDA;True;0,9695255011837747;1,0;1,0;0,8048780487832143;0,6586441863669917;0,1851740071976712;0,1257073076191118
Contratos;Contrato de Mútuo, Doação ou Comodato;;Abraão;2026-01-16 09:03:00;2026-01-30 11:02:00.000000000;2026-02-02 11:02:00.000000000;3,0;;8,0;2026-02-02 11:02:00.000000000;;AHP_APRENDIZAGEM_ESPECIALIZACAO_WORKLOAD;;;;;CONCLUIDA;True;0,8438181935646629;1,0;1,0;0,0;0,6586441863669917;0,1851740071976712;0,0
Contratos;Contrato de Mandato;;Abraão;2026-01-16 09:04:00;2026-02-02 11:02:00.000000000;2026-02-03 11:02:00.000000000;3,0;;8,0;2026-02-03 11:02:00.000000000;;AHP_APRENDIZAGEM_ESPECIALIZACAO_WORKLOAD;;;;;CONCLUIDA;True;0,8438181935646629;1,0;1,0;0,0;0,6586441863669917;0,1851740071976712;0,0
Societário;Acordo de Sócios / Acionistas;;Caim;2026-01-19 09:00:00;2026-01-23 09:01:59.999999999;2026-01-26 09:01:59.999999999;3,0;;8,0;2026-01-26 09:01:59.999999999;;AHP_APRENDIZAGEM_ESPECIALIZACAO_WORKLOAD;;;;;CONCLUIDA;True;0,944431426885035;1,0;1,0;0,6442058496872893;0,6586441863669917;0,1851740071976712;0,1006132333203721
Governança;Treinamentos corporativos;;Adão;2026-01-19 09:01:00;2026-01-19 09:01:00.000000000;2026-01-19 11:01:00.000000000;1,0;;2,0;2026-01-19 11:01:00.000000000;;AHP_APRENDIZAGEM_ESPECIALIZACAO_WORKLOAD;;;;;CONCLUIDA;True;1,0;1,0;1,0;1,0;0,6586441863669917;0,1851740071976712;0,1561818064353371
Contratos;Contrato de Agência, Franquia ou Parceria Empresarial;;Abraão;2026-01-19 09:02:00;2026-02-03 11:02:00.000000000;2026-02-04 11:02:00.000000000;3,0;;8,0;2026-02-04 11:02:00.000000000;;AHP_APRENDIZAGEM_ESPECIALIZACAO_WORKLOAD;;;;;CONCLUIDA;True;0,8438181935646629;1,0;1,0;0,0;0,6586441863669917;0,1851740071976712;0,0
Contratos;Outros tipos contratuais;;Abraão;2026-01-19 09:03:00;2026-02-04 11:02:00.000000000;2026-02-05 11:02:00.000000000;3,0;;8,0;2026-02-05 11:02:00.000000000;;AHP_APRENDIZAGEM_ESPECIALIZACAO_WORKLOAD;;;;;CONCLUIDA;True;0,8438181935646629;1,0;1,0;0,0;0,6586441863669917;0,1851740071976712;0,0
Contratos;Contrato de Joint Venture;;Abraão;2026-01-19 09:04:00;2026-02-05 11:02:00.000000000;2026-02-10 11:01:59.999999999;5,0;;24,0;2026-02-10 11:01:59.999999999;;AHP_APRENDIZAGEM_ESPECIALIZACAO_WORKLOAD;;;;;CONCLUIDA;True;0,8438181935646629;1,0;1,0;0,0;0,6586441863669917;0,1851740071976712;0,0
Contratos;Contrato de Licença de Uso de Marca;;Abraão;2026-01-20 09:00:00;2026-02-10 11:01:59.999999999;2026-02-11 11:02:00.000000000;3,0;;8,0;2026-02-11 11:02:00.000000000;;AHP_APRENDIZAGEM_ESPECIALIZACAO_WORKLOAD;;;;;CONCLUIDA;True;0,8438181935646629;1,0;1,0;0,0;0,6586441863669917;0,1851740071976712;0,0
Concorrencial;Revisão concorrencial de documentos;;Abel;2026-01-20 09:01:00;2026-01-21 09:00:59.999999999;2026-01-22 09:00:59.999999999;3,0;;8,0;2026-01-22 09:00:59.999999999;;AHP_APRENDIZAGEM_ESPECIALIZACAO_WORKLOAD;;;;;CONCLUIDA;True;0,9903900439573181;1,0;1,0;0,9384694269965389;0,6586441863669917;0,1851740071976712;0,14657185039265516
Contratos;Contrato de Mandato;;Abraão;2026-01-20 09:02:00;2026-02-11 11:02:00.000000000;2026-02-12 11:02:00.000000000;3,0;;8,0;2026-02-12 11:02:00.000000000;;AHP_APRENDIZAGEM_ESPECIALIZACAO_WORKLOAD;;;;;CONCLUIDA;True;0,8438181935646629;1,0;1,0;0,0;0,6586441863669917;0,1851740071976712;0,0
Societário;Gestão jurídica do encerramento de operações;;Caim;2026-01-20 09:03:00;2026-01-26 09:01:59.999999999;2026-01-26 11:01:59.999999999;1,0;;2,0;2026-01-26 11:01:59.999999999;;AHP_APRENDIZAGEM_ESPECIALIZACAO_WORKLOAD;;;;;CONCLUIDA;True;0,9637984193082729;1,0;1,0;0,7682087208620204;0,6586441863669917;0,1851740071976712;0,11998022574360999
Contratos;Contratos Financeiros ou Bancários;;Abraão;2026-01-20 09:04:00;2026-02-12 11:02:00.000000000;2026-02-13 11:02:00.000000000;3,0;;8,0;2026-02-13 11:02:00.000000000;;AHP_APRENDIZAGEM_ESPECIALIZACAO_WORKLOAD;;;;;CONCLUIDA;True;0,8438181935646629;1,0;1,0;0,0;0,6586441863669917;0,1851740071976712;0,0
Governança;Estruturação de framework de riscos;;Adão;2026-01-21 09:00:00;2026-01-21 09:00:00.000000000;2026-01-23 17:00:00.000000000;5,0;;24,0;2026-01-23 17:00:00.000000000;;AHP_APRENDIZAGEM_ESPECIALIZACAO_WORKLOAD;;;;;CONCLUIDA;True;1,0;1,0;1,0;1,0;0,6586441863669917;0,1851740071976712;0,1561818064353371
Contratos;Contrato de Mandato;;Abraão;2026-01-21 09:01:00;2026-02-13 11:02:00.000000000;2026-02-16 11:02:00.000000000;3,0;;8,0;2026-02-16 11:02:00.000000000;;AHP_APRENDIZAGEM_ESPECIALIZACAO_WORKLOAD;;;;;CONCLUIDA;True;0,8438181935646629;1,0;1,0;0,0;0,6586441863669917;0,1851740071976712;0,0
Propriedade intelectual;Gestão de depósitos, acompanhamentos e prazos;;Abel;2026-01-21 09:02:00;2026-01-22 09:00:59.999999999;2026-01-22 11:00:59.999999999;1,0;;2,0;2026-01-22 11:00:59.999999999;;AHP_APRENDIZAGEM_ESPECIALIZACAO_WORKLOAD;;;;;CONCLUIDA;True;0,9914599217716983;1,0;1,0;0,9453196347050989;0,6586441863669917;0,1851740071976712;0,14764172820703533
Regulatório;Interface direta com equipes técnicas dos reguladores;;Caim;2026-01-21 09:03:00;2026-01-26 11:01:59.999999999;2026-01-27 11:02:00.000000000;3,0;;8,0;2026-01-27 11:02:00.000000000;;AHP_APRENDIZAGEM_ESPECIALIZACAO_WORKLOAD;;;;;CONCLUIDA;True;0,9722014572177089;1,0;1,0;0,822011645166876;0,6586441863669917;0,1851740071976712;0,12838326365304603
Contratos;Contrato de Licença de Uso de Marca;;Abraão;2026-01-21 09:04:00;2026-02-16 11:02:00.000000000;2026-02-17 11:02:00.000000000;3,0;;8,0;2026-02-17 11:02:00.000000000;;AHP_APRENDIZAGEM_ESPECIALIZACAO_WORKLOAD;;;;;CONCLUIDA;True;0,8438181935646629;1,0;1,0;0,0;0,6586441863669917;0,1851740071976712;0,0
Contratos;Contrato de Transferência de Tecnologia;;Abraão;2026-01-22 09:00:00;2026-02-17 11:02:00.000000000;2026-02-18 11:02:00.000000000;3,0;;8,0;2026-02-18 11:02:00.000000000;;AHP_APRENDIZAGEM_ESPECIALIZACAO_WORKLOAD;;;;;CONCLUIDA;True;0,8438181935646629;1,0;1,0;0,0;0,6586441863669917;0,1851740071976712;0,0
Contratos;Contrato de Mandato;;Abraão;2026-01-22 09:01:00;2026-02-18 11:02:00.000000000;2026-02-19 11:02:00.000000000;3,0;;8,0;2026-02-19 11:02:00.000000000;;AHP_APRENDIZAGEM_ESPECIALIZACAO_WORKLOAD;;;;;CONCLUIDA;True;0,8438181935646629;1,0;1,0;0,0;0,6586441863669917;0,1851740071976712;0,0
Governança;Estruturação de framework de riscos;;Adão;2026-01-22 09:02:00;2026-01-26 09:00:00.000000000;2026-01-28 17:00:00.000000000;5,0;;24,0;2026-01-28 17:00:00.000000000;;AHP_APRENDIZAGEM_ESPECIALIZACAO_WORKLOAD;;;;;CONCLUIDA;True;0,9846067725756118;1,0;1,0;0,901440329218107;0,6586441863669917;0,1851740071976712;0,14078857901094893
Direito financeiro;Apoio em auditorias internas e externas;;Abel;2026-01-22 09:03:00;2026-01-22 11:00:59.999999999;2026-01-23 11:01:00.000000000;3,0;;8,0;2026-01-23 11:01:00.000000000;;AHP_APRENDIZAGEM_ESPECIALIZACAO_WORKLOAD;;;;;CONCLUIDA;True;0,9981037706392873;1,0;1,0;0,9878588332150084;0,6586441863669917;0,1851740071976712;0,15428557707462442
Contratos;Contrato de SaaS;;Abraão;2026-01-22 09:04:00;2026-02-19 11:02:00.000000000;2026-02-20 11:02:00.000000000;3,0;;8,0;2026-02-20 11:02:00.000000000;;AHP_APRENDIZAGEM_ESPECIALIZACAO_WORKLOAD;;;;;CONCLUIDA;True;0,8438181935646629;1,0;1,0;0,0;0,6586441863669917;0,1851740071976712;0,0
Societário;Atos perante Junta Comercial;;Caim;2026-01-23 09:00:00;2026-01-27 11:02:00.000000000;2026-01-27 13:02:00.000000000;1,0;;2,0;2026-01-27 13:02:00.000000000;;AHP_APRENDIZAGEM_ESPECIALIZACAO_WORKLOAD;;;;;CONCLUIDA;True;0,9826179063402148;1,0;1,0;0,8887060275680586;0,6586441863669917;0,1851740071976712;0,1387997127755519
Propriedade intelectual;Combate à pirataria, concorrência desleal e uso indevido;;Abel;2026-01-23 09:01:00;2026-01-23 11:01:00.000000000;2026-01-23 15:01:00.000000000;2,0;;4,0;2026-01-23 15:01:00.000000000;;AHP_APRENDIZAGEM_ESPECIALIZACAO_WORKLOAD;;;;;CONCLUIDA;True;0,9980720279012201;1,0;1,0;0,9876555909885815;0,6586441863669917;0,1851740071976712;0,1542538343365571
Propriedade intelectual;Apoio na prevenção de vazamento de informações estratégicas;;Abel;2026-01-23 09:02:00;2026-01-23 15:01:00.000000000;2026-01-26 09:00:59.999999999;1,0;;2,0;2026-01-26 09:00:59.999999999;;AHP_APRENDIZAGEM_ESPECIALIZACAO_WORKLOAD;;;;;CONCLUIDA;True;0,994231556737625;1,0;1,0;0,9630658436213992;0,6586441863669917;0,1851740071976712;0,150413363172962
Contratos;Contrato de SaaS;;Abraão;2026-01-23 09:03:00;2026-02-20 11:02:00.000000000;2026-02-23 11:02:00.000000000;3,0;;8,0;2026-02-23 11:02:00.000000000;;AHP_APRENDIZAGEM_ESPECIALIZACAO_WORKLOAD;;;;;CONCLUIDA;True;0,8438181935646629;1,0;1,0;0,0;0,6586441863669917;0,1851740071976712;0,0
Direito digital;Apoio jurídico ao Encarregado/DPO;;Abel;2026-01-23 09:04:00;2026-01-26 09:00:59.999999999;2026-01-26 11:00:59.999999999;1,0;;2,0;2026-01-26 11:00:59.999999999;;AHP_APRENDIZAGEM_ESPECIALIZACAO_WORKLOAD;;;;;CONCLUIDA;True;0,9926947713601044;1,0;1,0;0,9532261227691705;0,6586441863669917;0,1851740071976712;0,14887657779544147
Contratos;Contratos Administrativos;;Abraão;2026-01-26 09:00:00;2026-02-23 11:02:00.000000000;2026-02-24 11:02:00.000000000;3,0;;8,0;2026-02-24 11:02:00.000000000;;AHP_APRENDIZAGEM_ESPECIALIZACAO_WORKLOAD;;;;;CONCLUIDA;True;0,8438181935646629;1,0;1,0;0,0;0,6586441863669917;0,1851740071976712;0,0
Contratos;Letter of Intent;;Abraão;2026-01-26 09:01:00;2026-02-24 11:02:00.000000000;2026-02-24 13:02:00.000000000;1,0;;2,0;2026-02-24 13:02:00.000000000;;AHP_APRENDIZAGEM_ESPECIALIZACAO_WORKLOAD;;;;;CONCLUIDA;True;0,8438181935646629;1,0;1,0;0,0;0,6586441863669917;0,1851740071976712;0,0
Governança;Política de Conflito de Interesses e de Partes Relacionadas;;Adão;2026-01-26 09:02:00;2026-01-29 09:00:00.000000000;2026-01-29 17:00:00.000000000;3,0;;8,0;2026-01-29 17:00:00.000000000;;AHP_APRENDIZAGEM_ESPECIALIZACAO_WORKLOAD;;;;;CONCLUIDA;True;0,9782374575916652;1,0;1,0;0,8606589147286822;0,6586441863669917;0,1851740071976712;0,13441926402700236
Contratos;Contrato de Mútuo, Doação ou Comodato;;Abraão;2026-01-26 09:03:00;2026-02-24 13:02:00.000000000;2026-02-25 13:02:00.000000000;3,0;;8,0;2026-02-25 13:02:00.000000000;;AHP_APRENDIZAGEM_ESPECIALIZACAO_WORKLOAD;;;;;CONCLUIDA;True;0,8438181935646629;1,0;1,0;0,0;0,6586441863669917;0,1851740071976712;0,0
Societário;Regularização societária;;Caim;2026-01-26 09:04:00;2026-01-27 13:02:00.000000000;2026-01-28 13:02:00.000000000;3,0;;8,0;2026-01-28 13:02:00.000000000;;AHP_APRENDIZAGEM_ESPECIALIZACAO_WORKLOAD;;;;;CONCLUIDA;True;0,9896148789574024;1,0;1,0;0,933506204854294;0,6586441863669917;0,1851740071976712;0,1457966853927395
Regulatório;Alterações cadastrais e societárias perante CVM e BCB;;Caim;2026-01-27 09:00:00;2026-01-28 13:02:00.000000000;2026-01-28 15:02:00.000000000;1,0;;2,0;2026-01-28 15:02:00.000000000;;AHP_APRENDIZAGEM_ESPECIALIZACAO_WORKLOAD;;;;;CONCLUIDA;True;0,9890754442698786;1,0;1,0;0,9300523154427437;0,6586441863669917;0,1851740071976712;0,1452572507052157
Trabalhista;Revisão de políticas internas e regulamentos;;Abel;2026-01-27 09:01:00;2026-01-27 09:01:00.000000000;2026-01-28 09:00:59.999999999;3,0;;8,0;2026-01-28 09:00:59.999999999;;AHP_APRENDIZAGEM_ESPECIALIZACAO_WORKLOAD;;;;;CONCLUIDA;True;1,0;1,0;1,0;1,0;0,6586441863669917;0,1851740071976712;0,1561818064353371
Concorrencial;Monitoramento regulatório e jurisprudencial;;Abel;2026-01-27 09:02:00;2026-01-28 09:00:59.999999999;2026-01-29 09:00:59.999999999;3,0;;8,0;2026-01-29 09:00:59.999999999;;AHP_APRENDIZAGEM_ESPECIALIZACAO_WORKLOAD;;;;;CONCLUIDA;True;0,9927508638294649;1,0;1,0;0,9535852713194445;0,6586441863669917;0,1851740071976712;0,1489326702648019
Societário;Closing da operação;;Caim;2026-01-27 09:03:00;2026-01-28 15:02:00.000000000;2026-01-29 09:02:00.000000000;1,0;;2,0;2026-01-29 09:02:00.000000000;;AHP_APRENDIZAGEM_ESPECIALIZACAO_WORKLOAD;;;;;CONCLUIDA;True;0,9873014307976308;1,0;1,0;0,9186936718674289;0,6586441863669917;0,1851740071976712;0,14348323723296788
Contencioso;Elaboração de recursos;;Adão;2026-01-27 09:04:00;2026-01-30 09:00:00.000000000;2026-02-02 17:00:00.000000000;4,0;;16,0;2026-02-02 17:00:00.000000000;;AHP_APRENDIZAGEM_ESPECIALIZACAO_WORKLOAD;;;;;CONCLUIDA;True;0,9782635128861075;1,0;1,0;0,8608257414227564;0,6586441863669917;0,1851740071976712;0,1344453193214445
Contratos;Contrato de compra e venda;;Abraão;2026-01-28 09:00:00;2026-02-25 13:02:00.000000000;2026-02-26 13:02:00.000000000;3,0;;8,0;2026-02-26 13:02:00.000000000;;AHP_APRENDIZAGEM_ESPECIALIZACAO_WORKLOAD;;;;;CONCLUIDA;True;0,8438181935646629;1,0;1,0;0,0;0,6586441863669917;0,1851740071976712;0,0
Contratos;Contratos Financeiros ou Bancários;;Abraão;2026-01-28 09:01:00;2026-02-26 13:02:00.000000000;2026-02-27 13:02:00.000000000;3,0;;8,0;2026-02-27 13:02:00.000000000;;AHP_APRENDIZAGEM_ESPECIALIZACAO_WORKLOAD;;;;;CONCLUIDA;True;0,8438181935646629;1,0;1,0;0,0;0,6586441863669917;0,1851740071976712;0,0
Societário;Aumento e redução de capital;;Caim;2026-01-28 09:02:00;2026-01-29 09:02:00.000000000;2026-01-29 11:02:00.000000000;1,0;;2,0;2026-01-29 11:02:00.000000000;;AHP_APRENDIZAGEM_ESPECIALIZACAO_WORKLOAD;;;;;CONCLUIDA;True;0,9930585863806517;1,0;1,0;0,9555555555555556;0,6586441863669917;0,1851740071976712;0,1492403928159888
Direito digital;Programa de conformidade com LGPD;;Abel;2026-01-28 09:03:00;2026-01-29 09:00:59.999999999;2026-01-29 11:00:59.999999999;1,0;;2,0;2026-01-29 11:00:59.999999999;;AHP_APRENDIZAGEM_ESPECIALIZACAO_WORKLOAD;;;;;CONCLUIDA;True;0,9930868688329023;1,0;1,0;0,9557366422832361;0,6586441863669917;0,1851740071976712;0,1492686752682394
Contratos;Contratos de Seguros ou Previdência;;Abraão;2026-01-28 09:04:00;2026-02-27 13:02:00.000000000;2026-03-02 13:02:00.000000000;3,0;;8,0;2026-03-02 13:02:00.000000000;;AHP_APRENDIZAGEM_ESPECIALIZACAO_WORKLOAD;;;;;CONCLUIDA;True;0,8438181935646629;1,0;1,0;0,0;0,6586441863669917;0,1851740071976712;0,0
Concorrencial;Relacionamento CADE;;Abel;2026-01-29 09:00:00;2026-01-29 11:00:59.999999999;2026-01-29 13:00:59.999999999;1,0;;2,0;2026-01-29 13:00:59.999999999;;AHP_APRENDIZAGEM_ESPECIALIZACAO_WORKLOAD;;;;;CONCLUIDA;True;0,9982505092967902;1,0;1,0;0,9887983706736407;0,6586441863669917;0,1851740071976712;0,15443231573212726
Governança;Treinamentos corporativos;;Adão;2026-01-29 09:01:00;2026-02-03 09:00:00.000000000;2026-02-03 11:00:00.000000000;1,0;;2,0;2026-02-03 11:00:00.000000000;;AHP_APRENDIZAGEM_ESPECIALIZACAO_WORKLOAD;;;;;CONCLUIDA;True;0,9791921470733774;1,0;1,0;0,8667715952226644;0,6586441863669917;0,1851740071976712;0,13537395350871453
Contratos;Contrato de Escrow de Código-Fonte;;Abraão;2026-01-29 09:02:00;2026-03-02 13:02:00.000000000;2026-03-03 13:02:00.000000000;3,0;;8,0;2026-03-03 13:02:00.000000000;;AHP_APRENDIZAGEM_ESPECIALIZACAO_WORKLOAD;;;;;CONCLUIDA;True;0,8438181935646629;1,0;1,0;0,0;0,6586441863669917;0,1851740071976712;0,0
Societário;Atos perante Junta Comercial;;Caim;2026-01-29 09:03:00;2026-01-29 11:02:00.000000000;2026-01-29 13:02:00.000000000;1,0;;2,0;2026-01-29 13:02:00.000000000;;AHP_APRENDIZAGEM_ESPECIALIZACAO_WORKLOAD;;;;;CONCLUIDA;True;0,9983521912433899;1,0;1,0;0,9894494192747585;0,6586441863669917;0,1851740071976712;0,15453399767872703
Direito digital;Apoio em planos de resposta a incidentes;;Abel;2026-01-29 09:04:00;2026-01-29 13:00:59.999999999;2026-01-29 15:00:59.999999999;1,0;;2,0;2026-01-29 15:00:59.999999999;;AHP_APRENDIZAGEM_ESPECIALIZACAO_WORKLOAD;;;;;CONCLUIDA;True;0,996717938630735;1,0;1,0;0,9789856357524975;0,6586441863669917;0,1851740071976712;0,152899745066072
Societário;Suporte jurídico às negociações comerciais;;Caim;2026-01-30 09:00:00;2026-01-30 09:00:00.000000000;2026-01-30 17:00:00.000000000;3,0;;8,0;2026-01-30 17:00:00.000000000;;AHP_APRENDIZAGEM_ESPECIALIZACAO_WORKLOAD;;;;;CONCLUIDA;True;1,0;1,0;1,0;1,0;0,6586441863669917;0,1851740071976712;0,1561818064353371
Societário;Due diligence;;Caim;2026-01-30 09:01:00;2026-02-02 09:00:00.000000000;2026-02-04 17:00:00.000000000;5,0;;24,0;2026-02-04 17:00:00.000000000;;AHP_APRENDIZAGEM_ESPECIALIZACAO_WORKLOAD;;;;;CONCLUIDA;True;0,9930736889841194;1,0;1,0;0,955652254420887;0,6586441863669917;0,1851740071976712;0,14925549541945649
Societário;Atos perante Junta Comercial;;Caim;2026-01-30 09:02:00;2026-02-05 09:00:00.000000000;2026-02-05 11:00:00.000000000;1,0;;2,0;2026-02-05 11:00:00.000000000;;AHP_APRENDIZAGEM_ESPECIALIZACAO_WORKLOAD;;;;;CONCLUIDA;True;0,972263268079354;1,0;1,0;0,8224074074074074;0,6586441863669917;0,1851740071976712;0,12844507451469112
Contratos;Contrato de Agência, Franquia ou Parceria Empresarial;;Abraão;2026-01-30 09:03:00;2026-03-03 13:02:00.000000000;2026-03-04 13:02:00.000000000;3,0;;8,0;2026-03-04 13:02:00.000000000;;AHP_APRENDIZAGEM_ESPECIALIZACAO_WORKLOAD;;;;;CONCLUIDA;True;0,8438181935646629;1,0;1,0;0,0;0,6586441863669917;0,1851740071976712;0,0
Contencioso;Relatórios gerenciais;;Adão;2026-01-30 09:04:00;2026-02-03 11:00:00.000000000;2026-02-03 13:00:00.000000000;1,0;;2,0;2026-02-03 13:00:00.000000000;;AHP_APRENDIZAGEM_ESPECIALIZACAO_WORKLOAD;;;;;CONCLUIDA;True;0,9850991644152844;1,0;1,0;0,9045930129455577;0,6586441863669917;0,1851740071976712;0,1412809708506215
Regulatório;Análise de requisitos prudenciais e de liquidez;;Caim;2026-02-02 09:00:00;2026-02-05 11:00:00.000000000;2026-02-05 13:00:00.000000000;1,0;;2,0;2026-02-05 13:00:00.000000000;;AHP_APRENDIZAGEM_ESPECIALIZACAO_WORKLOAD;;;;;CONCLUIDA;True;0,9774445826662539;1,0;1,0;0,8555822995741529;0,6586441863669917;0,1851740071976712;0,13362638910159094
Regulatório;Apoio jurídico a ofertas públicas (ICVM 160 e correlatas);;Caim;2026-02-02 09:01:00;2026-02-05 13:00:00.000000000;2026-02-05 17:00:00.000000000;2,0;;4,0;2026-02-05 17:00:00.000000000;;AHP_APRENDIZAGEM_ESPECIALIZACAO_WORKLOAD;;;;;CONCLUIDA;True;0,975721761595692;1,0;1,0;0,8445514304231089;0,6586441863669917;0,1851740071976712;0,13190356803102907
Contratos;Contrato de Representação Comercial;;Abraão;2026-02-02 09:02:00;2026-03-04 13:02:00.000000000;2026-03-05 13:02:00.000000000;3,0;;8,0;2026-03-05 13:02:00.000000000;;AHP_APRENDIZAGEM_ESPECIALIZACAO_WORKLOAD;;;;;CONCLUIDA;True;0,8438181935646629;1,0;1,0;0,0;0,6586441863669917;0,1851740071976712;0,0
Contratos;Contratos Administrativos;;Abraão;2026-02-02 09:03:00;2026-03-05 13:02:00.000000000;2026-03-06 13:02:00.000000000;3,0;;8,0;2026-03-06 13:02:00.000000000;;AHP_APRENDIZAGEM_ESPECIALIZACAO_WORKLOAD;;;;;CONCLUIDA;True;0,8438181935646629;1,0;1,0;0,0;0,6586441863669917;0,1851740071976712;0,0
Governança;Política de Conflito de Interesses e de Partes Relacionadas;;Adão;2026-02-02 09:04:00;2026-02-03 13:00:00.000000000;2026-02-04 13:00:00.000000000;3,0;;8,0;2026-02-04 13:00:00.000000000;;AHP_APRENDIZAGEM_ESPECIALIZACAO_WORKLOAD;;;;;CONCLUIDA;True;0,990489354192235;1,0;1,0;0,9391052900153087;0,6586441863669917;0,1851740071976712;0,14667116062757207
Contratos;Contrato de Agência, Franquia ou Parceria Empresarial;;Abraão;2026-02-03 09:00:00;2026-03-06 13:02:00.000000000;2026-03-09 13:02:00.000000000;3,0;;8,0;2026-03-09 13:02:00.000000000;;AHP_APRENDIZAGEM_ESPECIALIZACAO_WORKLOAD;;;;;CONCLUIDA;True;0,8438181935646629;1,0;1,0;0,0;0,6586441863669917;0,1851740071976712;0,0
Regulatório;Análise de requisitos de administradores, conselheiros e diretores;;Caim;2026-02-03 09:01:00;2026-02-06 09:00:00.000000000;2026-02-06 11:00:00.000000000;1,0;;2,0;2026-02-06 11:00:00.000000000;;AHP_APRENDIZAGEM_ESPECIALIZACAO_WORKLOAD;;;;;CONCLUIDA;True;0,9808906028857708;1,0;1,0;0,8776464586344698;0,6586441863669917;0,1851740071976712;0,13707240932110784
Propriedade intelectual;Monitoramento de registros de terceiros;;Abel;2026-02-03 09:02:00;2026-02-03 09:02:00.000000000;2026-02-03 11:02:00.000000000;1,0;;2,0;2026-02-03 11:02:00.000000000;;AHP_APRENDIZAGEM_ESPECIALIZACAO_WORKLOAD;;;;;CONCLUIDA;True;1,0;1,0;1,0;1,0;0,6586441863669917;0,1851740071976712;0,1561818064353371
Regulatório;Avaliação de conflitos de interesses e deveres fiduciários;;Caim;2026-02-03 09:03:00;2026-02-06 11:00:00.000000000;2026-02-06 13:00:00.000000000;1,0;;2,0;2026-02-06 13:00:00.000000000;;AHP_APRENDIZAGEM_ESPECIALIZACAO_WORKLOAD;;;;;CONCLUIDA;True;0,9793200890705145;1,0;1,0;0,8675907815290417;0,6586441863669917;0,1851740071976712;0,13550189550585162
Societário;Consolidação das versões finais dos documentos;;Caim;2026-02-03 09:04:00;2026-02-06 13:00:00.000000000;2026-02-06 15:00:00.000000000;1,0;;2,0;2026-02-06 15:00:00.000000000;;AHP_APRENDIZAGEM_ESPECIALIZACAO_WORKLOAD;;;;;CONCLUIDA;True;0,977737650315902;1,0;1,0;0,8574587514883484;0,6586441863669917;0,1851740071976712;0,13391945675123906
Direito financeiro;Gestão de litígios bancários e financeiros;;Abel;2026-02-04 09:00:00;2026-02-04 09:00:00.000000000;2026-02-05 17:00:00.000000000;4,0;;16,0;2026-02-05 17:00:00.000000000;;AHP_APRENDIZAGEM_ESPECIALIZACAO_WORKLOAD;;;;;CONCLUIDA;True;1,0;1,0;1,0;1,0;0,6586441863669917;0,1851740071976712;0,1561818064353371
Direito financeiro;Registro de garantias em cartórios e sistemas competentes;;Abel;2026-02-04 09:01:00;2026-02-06 09:00:00.000000000;2026-02-06 11:00:00.000000000;1,0;;2,0;2026-02-06 11:00:00.000000000;;AHP_APRENDIZAGEM_ESPECIALIZACAO_WORKLOAD;;;;;CONCLUIDA;True;0,9867229543150884;1,0;1,0;0,914989805868274;0,6586441863669917;0,1851740071976712;0,14290476075042546
Contratos;Contrato de Manutenção de Sistemas;;Abraão;2026-02-04 09:02:00;2026-03-09 13:02:00.000000000;2026-03-10 13:02:00.000000000;3,0;;8,0;2026-03-10 13:02:00.000000000;;AHP_APRENDIZAGEM_ESPECIALIZACAO_WORKLOAD;;;;;CONCLUIDA;True;0,8438181935646629;1,0;1,0;0,0;0,6586441863669917;0,1851740071976712;0,0
Regulatório;Análise de requisitos prudenciais e de liquidez;;Caim;2026-02-04 09:03:00;2026-02-06 15:00:00.000000000;2026-02-06 17:00:00.000000000;1,0;;2,0;2026-02-06 17:00:00.000000000;;AHP_APRENDIZAGEM_ESPECIALIZACAO_WORKLOAD;;;;;CONCLUIDA;True;0,9825077439344044;1,0;1,0;0,88800068032996;0,6586441863669917;0,1851740071976712;0,13868955036974148
Contratos;Contratos imobiliários;;Abraão;2026-02-04 09:04:00;2026-03-10 13:02:00.000000000;2026-03-11 13:02:00.000000000;3,0;;8,0;2026-03-11 13:02:00.000000000;;AHP_APRENDIZAGEM_ESPECIALIZACAO_WORKLOAD;;;;;CONCLUIDA;True;0,8438181935646629;1,0;1,0;0,0;0,6586441863669917;0,1851740071976712;0,0
Trabalhista;Análise jurídica de bônus, comissões e PLR;;Abel;2026-02-05 09:00:00;2026-02-06 11:00:00.000000000;2026-02-06 13:00:00.000000000;1,0;;2,0;2026-02-06 13:00:00.000000000;;AHP_APRENDIZAGEM_ESPECIALIZACAO_WORKLOAD;;;;;CONCLUIDA;True;0,9920328954377485;1,0;1,0;0,9489882673014793;0,6586441863669917;0,1851740071976712;0,1482147018730856
Contratos;Contrato de Joint Venture;;Abraão;2026-02-05 09:01:00;2026-03-11 13:02:00.000000000;2026-03-16 13:01:59.999999999;5,0;;24,0;2026-03-16 13:01:59.999999999;;AHP_APRENDIZAGEM_ESPECIALIZACAO_WORKLOAD;;;;;CONCLUIDA;True;0,8438181935646629;1,0;1,0;0,0;0,6586441863669917;0,1851740071976712;0,0
Societário;Estruturação societária internacional;;Caim;2026-02-05 09:02:00;2026-02-09 09:00:00.000000000;2026-02-11 17:00:00.000000000;5,0;;24,0;2026-02-11 17:00:00.000000000;;AHP_APRENDIZAGEM_ESPECIALIZACAO_WORKLOAD;;;;;CONCLUIDA;True;0,9886649870784051;1,0;1,0;0,9274242424242424;0,6586441863669917;0,1851740071976712;0,1448467935137422
Regulatório;Análise de risco sancionador e reputacional;;Caim;2026-02-05 09:03:00;2026-02-12 09:00:00.000000000;2026-02-12 11:00:00.000000000;1,0;;2,0;2026-02-12 11:00:00.000000000;;AHP_APRENDIZAGEM_ESPECIALIZACAO_WORKLOAD;;;;;CONCLUIDA;True;0,9716366550476928;1,0;1,0;0,8183953329797713;0,6586441863669917;0,1851740071976712;0,1278184614830299
Direito digital;Estruturação de contratos de processamento de dados (DPA);;Abel;2026-02-05 09:04:00;2026-02-06 13:00:00.000000000;2026-02-11 13:00:00.000000000;5,0;;24,0;2026-02-11 13:00:00.000000000;;AHP_APRENDIZAGEM_ESPECIALIZACAO_WORKLOAD;;;;;CONCLUIDA;True;0,9915270364140247;1,0;1,0;0,9457493559630247;0,6586441863669917;0,1851740071976712;0,14770884284936184
Contratos;Contrato de Desenvolvimento de Software;;Abraão;2026-02-06 09:00:00;2026-03-16 13:01:59.999999999;2026-03-17 13:02:00.000000000;3,0;;8,0;2026-03-17 13:02:00.000000000;;AHP_APRENDIZAGEM_ESPECIALIZACAO_WORKLOAD;;;;;CONCLUIDA;True;0,8438181935646629;1,0;1,0;0,0;0,6586441863669917;0,1851740071976712;0,0
Contencioso;Acordos, Mediação e Soluções Alternativas;;Adão;2026-02-06 09:01:00;2026-02-06 09:01:00.000000000;2026-02-09 09:00:59.999999999;3,0;;8,0;2026-02-09 09:00:59.999999999;;AHP_APRENDIZAGEM_ESPECIALIZACAO_WORKLOAD;;;;;CONCLUIDA;True;1,0;1,0;1,0;1,0;0,6586441863669917;0,1851740071976712;0,1561818064353371
Contratos;Contrato de Locação;;Abraão;2026-02-06 09:02:00;2026-03-17 13:02:00.000000000;2026-03-18 13:02:00.000000000;3,0;;8,0;2026-03-18 13:02:00.000000000;;AHP_APRENDIZAGEM_ESPECIALIZACAO_WORKLOAD;;;;;CONCLUIDA;True;0,8438181935646629;1,0;1,0;0,0;0,6586441863669917;0,1851740071976712;0,0
Regulatório;Análise regulatória de novos produtos financeiros e de investimento;;Caim;2026-02-06 09:03:00;2026-02-12 11:00:00.000000000;2026-02-13 11:00:00.000000000;3,0;;8,0;2026-02-13 11:00:00.000000000;;AHP_APRENDIZAGEM_ESPECIALIZACAO_WORKLOAD;;;;;CONCLUIDA;True;0,9767422808897457;1,0;1,0;0,8510856056727479;0,6586441863669917;0,1851740071976712;0,13292408732508276
Contratos;Contrato de Cessão de Direitos Autorais;;Abraão;2026-02-06 09:04:00;2026-03-18 13:02:00.000000000;2026-03-19 13:02:00.000000000;3,0;;8,0;2026-03-19 13:02:00.000000000;;AHP_APRENDIZAGEM_ESPECIALIZACAO_WORKLOAD;;;;;CONCLUIDA;True;0,8438181935646629;1,0;1,0;0,0;0,6586441863669917;0,1851740071976712;0,0
Direito digital;Programa de conformidade com LGPD;;Abel;2026-02-09 09:00:00;2026-02-11 13:00:00.000000000;2026-02-11 15:00:00.000000000;1,0;;2,0;2026-02-11 15:00:00.000000000;;AHP_APRENDIZAGEM_ESPECIALIZACAO_WORKLOAD;;;;;CONCLUIDA;True;0,9863018441951007;1,0;1,0;0,9122935243384401;0,6586441863669917;0,1851740071976712;0,14248365063043775
Contratos;Contrato de Licença de Uso de Marca;;Abraão;2026-02-09 09:01:00;2026-03-19 13:02:00.000000000;2026-03-20 13:02:00.000000000;3,0;;8,0;2026-03-20 13:02:00.000000000;;AHP_APRENDIZAGEM_ESPECIALIZACAO_WORKLOAD;;;;;CONCLUIDA;True;0,8438181935646629;1,0;1,0;0,0;0,6586441863669917;0,1851740071976712;0,0
Contratos;Contrato de compra e venda;;Abraão;2026-02-09 09:02:00;2026-03-20 13:02:00.000000000;2026-03-23 13:02:00.000000000;3,0;;8,0;2026-03-23 13:02:00.000000000;;AHP_APRENDIZAGEM_ESPECIALIZACAO_WORKLOAD;;;;;CONCLUIDA;True;0,8438181935646629;1,0;1,0;0,0;0,6586441863669917;0,1851740071976712;0,0
Societário;Estruturação de regras de governança;;Caim;2026-02-09 09:03:00;2026-02-13 11:00:00.000000000;2026-02-18 11:00:00.000000000;5,0;;24,0;2026-02-18 11:00:00.000000000;;AHP_APRENDIZAGEM_ESPECIALIZACAO_WORKLOAD;;;;;CONCLUIDA;True;0,9782674814052091;1,0;1,0;0,8608511510347484;0,6586441863669917;0,1851740071976712;0,13444928784054622
Contratos;Contrato de Distribuição;;Abraão;2026-02-09 09:04:00;2026-03-23 13:02:00.000000000;2026-03-24 13:02:00.000000000;3,0;;8,0;2026-03-24 13:02:00.000000000;;AHP_APRENDIZAGEM_ESPECIALIZACAO_WORKLOAD;;;;;CONCLUIDA;True;0,8438181935646629;1,0;1,0;0,0;0,6586441863669917;0,1851740071976712;0,0
Direito digital;Avaliação de bases legais para tratamento de dados;;Abel;2026-02-10 09:00:00;2026-02-11 15:00:00.000000000;2026-02-12 11:00:00.000000000;2,0;;4,0;2026-02-12 11:00:00.000000000;;AHP_APRENDIZAGEM_ESPECIALIZACAO_WORKLOAD;;;;;CONCLUIDA;True;0,9910399728585008;1,0;1,0;0,9426307881436309;0,6586441863669917;0,1851740071976712;0,1472217792938378
Contratos;Contrato de Agência, Franquia ou Parceria Empresarial;;Abraão;2026-02-10 09:01:00;2026-03-24 13:02:00.000000000;2026-03-25 13:02:00.000000000;3,0;;8,0;2026-03-25 13:02:00.000000000;;AHP_APRENDIZAGEM_ESPECIALIZACAO_WORKLOAD;;;;;CONCLUIDA;True;0,8438181935646629;1,0;1,0;0,0;0,6586441863669917;0,1851740071976712;0,0
Propriedade intelectual;Estratégia de Ativos Intangíveis;;Abel;2026-02-10 09:02:00;2026-02-12 11:00:00.000000000;2026-02-12 13:00:00.000000000;1,0;;2,0;2026-02-12 13:00:00.000000000;;AHP_APRENDIZAGEM_ESPECIALIZACAO_WORKLOAD;;;;;CONCLUIDA;True;0,9888648156522831;1,0;1,0;0,9287037037036251;0,6586441863669917;0,1851740071976712;0,14504662208762023
Contratos;Contrato de Agência, Franquia ou Parceria Empresarial;;Abraão;2026-02-10 09:03:00;2026-03-25 13:02:00.000000000;2026-03-26 13:02:00.000000000;3,0;;8,0;2026-03-26 13:02:00.000000000;;AHP_APRENDIZAGEM_ESPECIALIZACAO_WORKLOAD;;;;;CONCLUIDA;True;0,8438181935646629;1,0;1,0;0,0;0,6586441863669917;0,1851740071976712;0,0
Contratos;Contrato de Locação;;Abraão;2026-02-10 09:04:00;2026-03-26 13:02:00.000000000;2026-03-27 13:02:00.000000000;3,0;;8,0;2026-03-27 13:02:00.000000000;;AHP_APRENDIZAGEM_ESPECIALIZACAO_WORKLOAD;;;;;CONCLUIDA;True;0,8438181935646629;1,0;1,0;0,0;0,6586441863669917;0,1851740071976712;0,0
Contratos;Contrato de Desenvolvimento de Software;;Abraão;2026-02-11 09:00:00;2026-03-27 13:02:00.000000000;2026-03-30 13:02:00.000000000;3,0;;8,0;2026-03-30 13:02:00.000000000;;AHP_APRENDIZAGEM_ESPECIALIZACAO_WORKLOAD;;;;;CONCLUIDA;True;0,8438181935646629;1,0;1,0;0,0;0,6586441863669917;0,1851740071976712;0,0
Societário;Estruturação de veículos societários (SPVs);;Caim;2026-02-11 09:01:00;2026-02-18 11:00:00.000000000;2026-02-23 11:00:00.000000000;5,0;;24,0;2026-02-23 11:00:00.000000000;;AHP_APRENDIZAGEM_ESPECIALIZACAO_WORKLOAD;;;;;CONCLUIDA;True;0,9755349810079837;1,0;1,0;0,8433555127168708;0,6586441863669917;0,1851740071976712;0,1317167874433208
Concorrencial;Contencioso Administrativo Concorrencial;;Abel;2026-02-11 09:02:00;2026-02-12 13:00:00.000000000;2026-02-16 13:00:00.000000000;4,0;;16,0;2026-02-16 13:00:00.000000000;;AHP_APRENDIZAGEM_ESPECIALIZACAO_WORKLOAD;;;;;CONCLUIDA;True;0,9930262103842928;1,0;1,0;0,9553482587064678;0,6586441863669917;0,1851740071976712;0,14920801681962992
Regulatório;Análise de impactos regulatórios em operações, produtos e modelos de negócio;;Caim;2026-02-11 09:03:00;2026-02-23 11:00:00.000000000;2026-02-24 11:00:00.000000000;3,0;;8,0;2026-02-24 11:00:00.000000000;;AHP_APRENDIZAGEM_ESPECIALIZACAO_WORKLOAD;;;;;CONCLUIDA;True;0,9615640644278483;1,0;1,0;0,7539026058834505;0,6586441863669917;0,1851740071976712;0,1177458708631853
Direito digital;Gestão de Processos com ANPD;;Abel;2026-02-11 09:04:00;2026-02-16 13:00:00.000000000;2026-02-16 15:00:00.000000000;1,0;;2,0;2026-02-16 15:00:00.000000000;;AHP_APRENDIZAGEM_ESPECIALIZACAO_WORKLOAD;;;;;CONCLUIDA;True;0,9837193240710521;1,0;1,0;0,8957581788779699;0,6586441863669917;0,1851740071976712;0,13990113050638917
Societário;Reorganizações societárias internas;;Caim;2026-02-12 09:00:00;2026-02-24 11:00:00.000000000;2026-02-27 11:00:00.000000000;5,0;;24,0;2026-02-27 11:00:00.000000000;;AHP_APRENDIZAGEM_ESPECIALIZACAO_WORKLOAD;;;;;CONCLUIDA;True;0,960358931323937;1,0;1,0;0,746186386360723;0,6586441863669917;0,1851740071976712;0,11654073775927411
Contratos;Contrato de Licenciamento de Software;;Abraão;2026-02-12 09:01:00;2026-03-30 13:02:00.000000000;2026-04-01 13:02:00.000000000;4,0;;16,0;2026-04-01 13:02:00.000000000;;AHP_APRENDIZAGEM_ESPECIALIZACAO_WORKLOAD;;;;;CONCLUIDA;True;0,8438181935646629;1,0;1,0;0,0;0,6586441863669917;0,1851740071976712;0,0
Contratos;Contrato de Distribuição;;Abraão;2026-02-12 09:02:00;2026-04-01 13:02:00.000000000;2026-04-02 13:02:00.000000000;3,0;;8,0;2026-04-02 13:02:00.000000000;;AHP_APRENDIZAGEM_ESPECIALIZACAO_WORKLOAD;;;;;CONCLUIDA;True;0,8438181935646629;1,0;1,0;0,0;0,6586441863669917;0,1851740071976712;0,0
Societário;Avaliação de impactos (societário, contratual, regulatório, concorrencial, trabalhista, tributário);;Caim;2026-02-12 09:03:00;2026-02-27 11:00:00.000000000;2026-03-02 11:00:00.000000000;3,0;;8,0;2026-03-02 11:00:00.000000000;;AHP_APRENDIZAGEM_ESPECIALIZACAO_WORKLOAD;;;;;CONCLUIDA;True;0,9505303592152406;1,0;1,0;0,6832560596279125;0,6586441863669917;0,1851740071976712;0,10671216565057777
Trabalhista;Atendimento a fiscalizações do Ministério do Trabalho;;Abel;2026-02-12 09:04:00;2026-02-16 15:00:00.000000000;2026-02-16 17:00:00.000000000;1,0;;2,0;2026-02-16 17:00:00.000000000;;AHP_APRENDIZAGEM_ESPECIALIZACAO_WORKLOAD;;;;;CONCLUIDA;True;0,9879366558710586;1,0;1,0;0,9227608874281019;0,6586441863669917;0,1851740071976712;0,14411846230639572
Propriedade intelectual;Análise de riscos de colisão marcária;;Abel;2026-02-13 09:00:00;2026-02-17 09:00:00.000000000;2026-02-17 11:00:00.000000000;1,0;;2,0;2026-02-17 11:00:00.000000000;;AHP_APRENDIZAGEM_ESPECIALIZACAO_WORKLOAD;;;;;CONCLUIDA;True;0,9909470755839921;1,0;1,0;0,94203598599203;0,6586441863669917;0,1851740071976712;0,14712888201932917
Governança;Estruturação de framework de riscos;;Adão;2026-02-13 09:01:00;2026-02-13 09:01:00.000000000;2026-02-18 09:00:59.999999999;5,0;;24,0;2026-02-18 09:00:59.999999999;;AHP_APRENDIZAGEM_ESPECIALIZACAO_WORKLOAD;;;;;CONCLUIDA;True;1,0;1,0;1,0;1,0;0,6586441863669917;0,1851740071976712;0,1561818064353371
Contencioso;Monitoramento processual e de prazos;;Adão;2026-02-13 09:02:00;2026-02-18 09:00:59.999999999;2026-02-18 11:00:59.999999999;1,0;;2,0;2026-02-18 11:00:59.999999999;;AHP_APRENDIZAGEM_ESPECIALIZACAO_WORKLOAD;;;;;CONCLUIDA;True;0,9864284046221107;1,0;1,0;0,9131038647353059;0,6586441863669917;0,1851740071976712;0,14261021105744778
Direito financeiro;Negociação jurídica com bancos e instituições de crédito;;Abel;2026-02-13 09:03:00;2026-02-17 11:00:00.000000000;2026-02-18 11:00:00.000000000;3,0;;8,0;2026-02-18 11:00:00.000000000;;AHP_APRENDIZAGEM_ESPECIALIZACAO_WORKLOAD;;;;;CONCLUIDA;True;0,9898419104093932;1,0;1,0;0,9349598405700827;0,6586441863669917;0,1851740071976712;0,1460237168447303
Regulatório;Apoio jurídico em temas de capital mínimo e patrimônio de referência;;Caim;2026-02-13 09:04:00;2026-03-02 11:00:00.000000000;2026-03-02 13:00:00.000000000;1,0;;2,0;2026-03-02 13:00:00.000000000;;AHP_APRENDIZAGEM_ESPECIALIZACAO_WORKLOAD;;;;;CONCLUIDA;True;0,9491027281359417;1,0;1,0;0,674115231308129;0,6586441863669917;0,1851740071976712;0,1052845345712787
Regulatório;Interface com áreas de risco, tesouraria e controles internos;;Caim;2026-02-16 09:00:00;2026-03-02 13:00:00.000000000;2026-03-02 15:00:00.000000000;1,0;;2,0;2026-03-02 15:00:00.000000000;;AHP_APRENDIZAGEM_ESPECIALIZACAO_WORKLOAD;;;;;CONCLUIDA;True;0,951053581368356;1,0;1,0;0,6866061435144882;0,6586441863669917;0,1851740071976712;0,10723538780369309
Concorrencial;Monitoramento regulatório e jurisprudencial;;Abel;2026-02-16 09:01:00;2026-02-18 11:00:00.000000000;2026-02-19 11:00:00.000000000;3,0;;8,0;2026-02-19 11:00:00.000000000;;AHP_APRENDIZAGEM_ESPECIALIZACAO_WORKLOAD;;;;;CONCLUIDA;True;0,9895205416862305;1,0;1,0;0,9329021827000807;0,6586441863669917;0,1851740071976712;0,14570234812156752
Contencioso;Suporte técnico às áreas internas envolvidas;;Adão;2026-02-16 09:02:00;2026-02-18 11:00:59.999999999;2026-02-18 13:00:59.999999999;1,0;;2,0;2026-02-18 13:00:59.999999999;;AHP_APRENDIZAGEM_ESPECIALIZACAO_WORKLOAD;;;;;CONCLUIDA;True;0,9895198899787857;1,0;1,0;0,9328980099512852;0,6586441863669917;0,1851740071976712;0,1457016964141228
Direito financeiro;Gestão de litígios bancários e financeiros;;Abel;2026-02-16 09:03:00;2026-02-19 11:00:00.000000000;2026-02-23 11:00:00.000000000;4,0;;16,0;2026-02-23 11:00:00.000000000;;AHP_APRENDIZAGEM_ESPECIALIZACAO_WORKLOAD;;;;;CONCLUIDA;True;0,9848762315678948;1,0;1,0;0,9031656197524722;0,6586441863669917;0,1851740071976712;0,14105803800323188
Contratos;Contrato de Licenciamento de Software;;Abraão;2026-02-16 09:04:00;2026-04-02 13:02:00.000000000;2026-04-06 13:02:00.000000000;4,0;;16,0;2026-04-06 13:02:00.000000000;;AHP_APRENDIZAGEM_ESPECIALIZACAO_WORKLOAD;;;;;CONCLUIDA;True;0,8438181935646629;1,0;1,0;0,0;0,6586441863669917;0,1851740071976712;0,0
Contratos;Contrato de Escrow de Código-Fonte;;Abraão;2026-02-17 09:00:00;2026-04-06 13:02:00.000000000;2026-04-07 13:02:00.000000000;3,0;;8,0;2026-04-07 13:02:00.000000000;;AHP_APRENDIZAGEM_ESPECIALIZACAO_WORKLOAD;;;;;CONCLUIDA;True;0,8438181935646629;1,0;1,0;0,0;0,6586441863669917;0,1851740071976712;0,0
Contratos;Contrato de Escrow de Código-Fonte;;Abraão;2026-02-17 09:01:00;2026-04-07 13:02:00.000000000;2026-04-08 13:02:00.000000000;3,0;;8,0;2026-04-08 13:02:00.000000000;;AHP_APRENDIZAGEM_ESPECIALIZACAO_WORKLOAD;;;;;CONCLUIDA;True;0,8438181935646629;1,0;1,0;0,0;0,6586441863669917;0,1851740071976712;0,0
Regulatório;Apoio em obrigações periódicas e eventuais de companhias abertas;;Caim;2026-02-17 09:02:00;2026-03-02 15:00:00.000000000;2026-03-02 17:00:00.000000000;1,0;;2,0;2026-03-02 17:00:00.000000000;;AHP_APRENDIZAGEM_ESPECIALIZACAO_WORKLOAD;;;;;CONCLUIDA;True;0,958298031363898;1,0;1,0;0,7329908675799087;0,6586441863669917;0,1851740071976712;0,11447983779923512
Direito digital;Avaliação de bases legais para tratamento de dados;;Abel;2026-02-17 09:03:00;2026-02-23 11:00:00.000000000;2026-02-23 15:00:00.000000000;2,0;;4,0;2026-02-23 15:00:00.000000000;;AHP_APRENDIZAGEM_ESPECIALIZACAO_WORKLOAD;;;;;CONCLUIDA;True;0,9818401541350088;1,0;1,0;0,8837262400821965;0,6586441863669917;0,1851740071976712;0,13802196057034585
Direito financeiro;Interface com escritórios externos;;Abel;2026-02-17 09:04:00;2026-02-23 15:00:00.000000000;2026-02-23 17:00:00.000000000;1,0;;2,0;2026-02-23 17:00:00.000000000;;AHP_APRENDIZAGEM_ESPECIALIZACAO_WORKLOAD;;;;;CONCLUIDA;True;0,9797083119393295;1,0;1,0;0,870076492750314;0,6586441863669917;0,1851740071976712;0,13589011837466652
Contratos;Contratos de Seguros ou Previdência;;Abraão;2026-02-18 09:00:00;2026-04-08 13:02:00.000000000;2026-04-09 13:02:00.000000000;3,0;;8,0;2026-04-09 13:02:00.000000000;;AHP_APRENDIZAGEM_ESPECIALIZACAO_WORKLOAD;;;;;CONCLUIDA;True;0,8438181935646629;1,0;1,0;0,0;0,6586441863669917;0,1851740071976712;0,0
Contratos;Contrato de Representação Comercial;;Abraão;2026-02-18 09:01:00;2026-04-09 13:02:00.000000000;2026-04-10 13:02:00.000000000;3,0;;8,0;2026-04-10 13:02:00.000000000;;AHP_APRENDIZAGEM_ESPECIALIZACAO_WORKLOAD;;;;;CONCLUIDA;True;0,8438181935646629;1,0;1,0;0,0;0,6586441863669917;0,1851740071976712;0,0
Societário;Gestão jurídica do encerramento de operações;;Caim;2026-02-18 09:02:00;2026-03-03 09:00:00.000000000;2026-03-03 11:00:00.000000000;1,0;;2,0;2026-03-03 11:00:00.000000000;;AHP_APRENDIZAGEM_ESPECIALIZACAO_WORKLOAD;;;;;CONCLUIDA;True;0,9625337199895675;1,0;1,0;0,7601111111111111;0,6586441863669917;0,1851740071976712;0,11871552642490457
Societário;Análise jurídica preliminar e de estrutura da operação;;Caim;2026-02-18 09:03:00;2026-03-03 11:00:00.000000000;2026-03-06 11:00:00.000000000;5,0;;24,0;2026-03-06 11:00:00.000000000;;AHP_APRENDIZAGEM_ESPECIALIZACAO_WORKLOAD;;;;;CONCLUIDA;True;0,9614990457717879;1,0;1,0;0,7534863047947109;0,6586441863669917;0,1851740071976712;0,11768085220712496
Contratos;Letter of Intent;;Abraão;2026-02-18 09:04:00;2026-04-10 13:02:00.000000000;2026-04-10 15:02:00.000000000;1,0;;2,0;2026-04-10 15:02:00.000000000;;AHP_APRENDIZAGEM_ESPECIALIZACAO_WORKLOAD;;;;;CONCLUIDA;True;0,8438181935646629;1,0;1,0;0,0;0,6586441863669917;0,1851740071976712;0,0
Direito digital;Estruturação de contratos de processamento de dados (DPA);;Abel;2026-02-19 09:00:00;2026-02-24 09:00:00.000000000;2026-02-26 17:00:00.000000000;5,0;;24,0;2026-02-26 17:00:00.000000000;;AHP_APRENDIZAGEM_ESPECIALIZACAO_WORKLOAD;;;;;CONCLUIDA;True;0,9872519101424506;1,0;1,0;0,9183766012923704;0,6586441863669917;0,1851740071976712;0,14343371657778775
Contratos;Contrato de Manutenção de Sistemas;;Abraão;2026-02-19 09:01:00;2026-04-10 15:02:00.000000000;2026-04-13 15:02:00.000000000;3,0;;8,0;2026-04-13 15:02:00.000000000;;AHP_APRENDIZAGEM_ESPECIALIZACAO_WORKLOAD;;;;;CONCLUIDA;True;0,8438181935646629;1,0;1,0;0,0;0,6586441863669917;0,1851740071976712;0,0
Contratos;Contrato de Distribuição;;Abraão;2026-02-19 09:02:00;2026-04-13 15:02:00.000000000;2026-04-14 15:02:00.000000000;3,0;;8,0;2026-04-14 15:02:00.000000000;;AHP_APRENDIZAGEM_ESPECIALIZACAO_WORKLOAD;;;;;CONCLUIDA;True;0,8438181935646629;1,0;1,0;0,0;0,6586441863669917;0,1851740071976712;0,0
Regulatório;Interface direta com equipes técnicas dos reguladores;;Caim;2026-02-19 09:03:00;2026-03-06 11:00:00.000000000;2026-03-09 11:00:00.000000000;3,0;;8,0;2026-03-09 11:00:00.000000000;;AHP_APRENDIZAGEM_ESPECIALIZACAO_WORKLOAD;;;;;CONCLUIDA;True;0,9546796489417972;1,0;1,0;0,7098231087692887;0,6586441863669917;0,1851740071976712;0,11086145537713428
Contratos;Contrato de Hosting;;Abraão;2026-02-19 09:04:00;2026-04-14 15:02:00.000000000;2026-04-15 15:02:00.000000000;3,0;;8,0;2026-04-15 15:02:00.000000000;;AHP_APRENDIZAGEM_ESPECIALIZACAO_WORKLOAD;;;;;CONCLUIDA;True;0,8438181935646629;1,0;1,0;0,0;0,6586441863669917;0,1851740071976712;0,0
Societário;Closing da operação;;Caim;2026-02-20 09:00:00;2026-03-09 11:00:00.000000000;2026-03-09 13:00:00.000000000;1,0;;2,0;2026-03-09 13:00:00.000000000;;AHP_APRENDIZAGEM_ESPECIALIZACAO_WORKLOAD;;;;;CONCLUIDA;True;0,9546617699843662;1,0;1,0;0,7097086334802709;0,6586441863669917;0,1851740071976712;0,11084357641970329
Contencioso;Contencioso Civil;;Adão;2026-02-20 09:01:00;2026-02-20 09:01:00.000000000;2026-02-24 09:00:59.999999999;4,0;;16,0;2026-02-24 09:00:59.999999999;;AHP_APRENDIZAGEM_ESPECIALIZACAO_WORKLOAD;;;;;CONCLUIDA;True;1,0;1,0;1,0;1,0;0,6586441863669917;0,1851740071976712;0,1561818064353371
Regulatório;Apoio regulatório a fundos de investimento;;Caim;2026-02-20 09:02:00;2026-03-09 13:00:00.000000000;2026-03-12 13:00:00.000000000;5,0;;24,0;2026-03-12 13:00:00.000000000;;AHP_APRENDIZAGEM_ESPECIALIZACAO_WORKLOAD;;;;;CONCLUIDA;True;0,9536660640908501;1,0;1,0;0,7033333333333334;0,6586441863669917;0,1851740071976712;0,10984787052618711
Trabalhista;Apoio em programas de stock options e incentivos de longo prazo;;Abel;2026-02-20 09:03:00;2026-02-27 09:00:00.000000000;2026-02-27 11:00:00.000000000;1,0;;2,0;2026-02-27 11:00:00.000000000;;AHP_APRENDIZAGEM_ESPECIALIZACAO_WORKLOAD;;;;;CONCLUIDA;True;0,979871617289881;1,0;1,0;0,8711221033388892;0,6586441863669917;0,1851740071976712;0,13605342372521811
Contratos;Contrato de SaaS;;Abraão;2026-02-20 09:04:00;2026-04-15 15:02:00.000000000;2026-04-16 15:02:00.000000000;3,0;;8,0;2026-04-16 15:02:00.000000000;;AHP_APRENDIZAGEM_ESPECIALIZACAO_WORKLOAD;;;;;CONCLUIDA;True;0,8438181935646629;1,0;1,0;0,0;0,6586441863669917;0,1851740071976712;0,0
Regulatório;Apoio jurídico em temas de capital mínimo e patrimônio de referência;;Caim;2026-02-23 09:00:00;2026-03-12 13:00:00.000000000;2026-03-12 15:00:00.000000000;1,0;;2,0;2026-03-12 15:00:00.000000000;;AHP_APRENDIZAGEM_ESPECIALIZACAO_WORKLOAD;;;;;CONCLUIDA;True;0,9455941239812394;1,0;1,0;0,651650360176325;0,6586441863669917;0,1851740071976712;0,10177593041657651
Contratos;Contrato de prestação de serviços;;Adão;2026-02-23 09:01:00;2026-02-24 09:00:59.999999999;2026-02-25 09:00:59.999999999;3,0;;8,0;2026-02-25 09:00:59.999999999;;AHP_APRENDIZAGEM_ESPECIALIZACAO_WORKLOAD;;;;;CONCLUIDA;True;0,8110419637665218;1,0;0,0013298438402091408;0,9741949357570382;0,6586441863669917;0,00024625251283866615;0,1521515248866914
Direito digital;Análise de relatórios de impacto à proteção de dados (DPIA / RIPD);;Abel;2026-02-23 09:02:00;2026-02-27 11:00:00.000000000;2026-02-27 13:00:00.000000000;1,0;;2,0;2026-02-27 13:00:00.000000000;;AHP_APRENDIZAGEM_ESPECIALIZACAO_WORKLOAD;;;;;CONCLUIDA;True;0,9828871762626228;1,0;1,0;0,8904301075268817;0,6586441863669917;0,1851740071976712;0,13906898269795984
Concorrencial;M&A Concorrencial;;Abel;2026-02-23 09:03:00;2026-02-27 13:00:00.000000000;2026-03-04 13:00:00.000000000;5,0;;24,0;2026-03-04 13:00:00.000000000;;AHP_APRENDIZAGEM_ESPECIALIZACAO_WORKLOAD;;;;;CONCLUIDA;True;0,9818869747577278;1,0;1,0;0,8840260229044573;0,6586441863669917;0,1851740071976712;0,13806878119306484
Contencioso;Acordos, Mediação e Soluções Alternativas;;Adão;2026-02-23 09:04:00;2026-02-25 09:00:59.999999999;2026-02-26 09:00:59.999999999;3,0;;8,0;2026-02-26 09:00:59.999999999;;AHP_APRENDIZAGEM_ESPECIALIZACAO_WORKLOAD;;;;;CONCLUIDA;True;0,9919633299948374;1,0;1,0;0,9485428540712264;0,6586441863669917;0,1851740071976712;0,1481451364301745
Contratos;Contratos Financeiros ou Bancários;;Adão;2026-02-24 09:00:00;2026-02-26 09:00:59.999999999;2026-02-27 09:00:59.999999999;3,0;;8,0;2026-02-27 09:00:59.999999999;;AHP_APRENDIZAGEM_ESPECIALIZACAO_WORKLOAD;;;;;CONCLUIDA;True;0,8067864212063974;1,0;0,0013104773697246394;0,9469705330546664;0,6586441863669917;0,00024266634589377556;0,1478995684935119
Concorrencial;M&A Concorrencial;;Abel;2026-02-24 09:01:00;2026-03-04 13:00:00.000000000;2026-03-09 13:00:00.000000000;5,0;;24,0;2026-03-09 13:00:00.000000000;;AHP_APRENDIZAGEM_ESPECIALIZACAO_WORKLOAD;;;;;CONCLUIDA;True;0,9731178712945303;1,0;1,0;0,8278792561116936;0,6586441863669917;0,1851740071976712;0,1292996777298674
Societário;Estruturação de holdings e grupos;;Davi;2026-02-24 09:02:00;2026-02-24 09:02:00.000000000;2026-02-27 09:01:59.999999999;5,0;;24,0;2026-02-27 09:01:59.999999999;;AHP_APRENDIZAGEM_ESPECIALIZACAO_WORKLOAD;;;;;CONCLUIDA;True;0,8336007359720478;1,0;0,10138973311560474;1,0;0,6586441863669917;0,018774743169718954;0,1561818064353371
Direito digital;Apoio a litígios envolvendo dados, tecnologia e plataformas;;Abel;2026-02-24 09:03:00;2026-03-09 13:00:00.000000000;2026-03-11 13:00:00.000000000;4,0;;16,0;2026-03-11 13:00:00.000000000;;AHP_APRENDIZAGEM_ESPECIALIZACAO_WORKLOAD;;;;;CONCLUIDA;True;0,960719659367193;1,0;1,0;0,7484960538661074;0,6586441863669917;0,1851740071976712;0,11690146580253004
Societário;Gestão de conflitos societários;;Davi;2026-02-24 09:04:00;2026-02-27 09:01:59.999999999;2026-02-27 11:01:59.999999999;1,0;;2,0;2026-02-27 11:01:59.999999999;;AHP_APRENDIZAGEM_ESPECIALIZACAO_WORKLOAD;;;;;CONCLUIDA;True;0,8212048071911994;1,0;0,10138973311560474;0,9206314162720315;0,6586441863669917;0,018774743169718954;0,1437858776544887
Propriedade intelectual;Estratégia de Ativos Intangíveis;;Abel;2026-02-25 09:00:00;2026-03-11 13:00:00.000000000;2026-03-11 15:00:00.000000000;1,0;;2,0;2026-03-11 15:00:00.000000000;;AHP_APRENDIZAGEM_ESPECIALIZACAO_WORKLOAD;;;;;CONCLUIDA;True;0,9553816854985774;1,0;1,0;0,7143181045232967;0,6586441863669917;0,1851740071976712;0,11156349193391442
Regulatório;Revisão de prospectos, formulários de referência e fatos relevantes;;Caim;2026-02-25 09:01:00;2026-03-12 15:00:00.000000000;2026-03-13 15:00:00.000000000;3,0;;8,0;2026-03-13 15:00:00.000000000;;AHP_APRENDIZAGEM_ESPECIALIZACAO_WORKLOAD;;;;;CONCLUIDA;True;0,9500760043938061;1,0;1,0;0,680346919108894;0,6586441863669917;0,1851740071976712;0,10625781082914323
Contratos;Outros tipos contratuais;;Adão;2026-02-25 09:02:00;2026-02-27 09:00:59.999999999;2026-03-02 09:00:59.999999999;3,0;;8,0;2026-03-02 09:00:59.999999999;;AHP_APRENDIZAGEM_ESPECIALIZACAO_WORKLOAD;;;;;CONCLUIDA;True;0,8095352915529683;1,0;0,01728177243210152;0,9456349206358654;0,6586441863669917;0,003200135052730482;0,14769097013324609
Societário;Gestão de earn-outs, ajustes de preço e garantias;;Davi;2026-02-25 09:03:00;2026-02-27 11:01:59.999999999;2026-02-27 13:01:59.999999999;1,0;;2,0;2026-02-27 13:01:59.999999999;;AHP_APRENDIZAGEM_ESPECIALIZACAO_WORKLOAD;;;;;CONCLUIDA;True;0,8240468968008291;1,0;0,10138973311560474;0,9388287317884612;0,6586441863669917;0,018774743169718954;0,14662796726411845
Contratos;Outros tipos contratuais;;Adão;2026-02-25 09:04:00;2026-03-02 09:00:59.999999999;2026-03-03 09:00:59.999999999;3,0;;8,0;2026-03-03 09:00:59.999999999;;AHP_APRENDIZAGEM_ESPECIALIZACAO_WORKLOAD;;;;;CONCLUIDA;True;0,8053017114901101;1,0;0,01728177243210152;0,9185281777988813;0,6586441863669917;0,003200135052730482;0,1434573900703878
Contratos;Contrato de Locação;;Adão;2026-02-26 09:00:00;2026-03-03 09:00:59.999999999;2026-03-04 09:00:59.999999999;3,0;;8,0;2026-03-04 09:00:59.999999999;;AHP_APRENDIZAGEM_ESPECIALIZACAO_WORKLOAD;;;;;CONCLUIDA;True;0,8048725672694415;1,0;0,017066721112114425;0,9160354271073688;0,6586441863669917;0,0031603131380553233;0,14306806776439443
Direito financeiro;Interface com processos de recuperação judicial e extrajudicial;;Abel;2026-02-26 09:01:00;2026-03-11 15:00:00.000000000;2026-03-13 15:00:00.000000000;4,0;;16,0;2026-03-13 15:00:00.000000000;;AHP_APRENDIZAGEM_ESPECIALIZACAO_WORKLOAD;;;;;CONCLUIDA;True;0,9574165449384685;1,0;1,0;0,7273468912068061;0,6586441863669917;0,1851740071976712;0,11359835137380558
Contratos;Contrato de Representação Comercial;;Adão;2026-02-26 09:02:00;2026-03-04 09:00:59.999999999;2026-03-05 09:00:59.999999999;3,0;;8,0;2026-03-05 09:00:59.999999999;;AHP_APRENDIZAGEM_ESPECIALIZACAO_WORKLOAD;;;;;CONCLUIDA;True;0,800520520011083;1,0;0,017066721112114425;0,8881701631711344;0,6586441863669917;0,0031603131380553233;0,13871602050603588
Direito financeiro;Implementação de políticas internas de compliance financeiro;;Abel;2026-02-26 09:03:00;2026-03-13 15:00:00.000000000;2026-03-16 15:00:00.000000000;3,0;;8,0;2026-03-16 15:00:00.000000000;;AHP_APRENDIZAGEM_ESPECIALIZACAO_WORKLOAD;;;;;CONCLUIDA;True;0,9486918326897841;1,0;1,0;0,6714843522349788;0,6586441863669917;0,1851740071976712;0,10487363912512118
Contratos;Letter of Intent;;Adão;2026-02-26 09:04:00;2026-03-05 09:00:59.999999999;2026-03-05 11:00:59.999999999;1,0;;2,0;2026-03-05 11:00:59.999999999;;AHP_APRENDIZAGEM_ESPECIALIZACAO_WORKLOAD;;;;;CONCLUIDA;True;0,7961674581712443;1,0;0,017066721112114425;0,8602984030782531;0,6586441863669917;0,0031603131380553233;0,13436295866619735
Contratos;Contrato de Escrow de Código-Fonte;;Adão;2026-02-27 09:00:00;2026-03-05 11:00:59.999999999;2026-03-06 11:01:00.000000000;3,0;;8,0;2026-03-06 11:01:00.000000000;;AHP_APRENDIZAGEM_ESPECIALIZACAO_WORKLOAD;;;;;CONCLUIDA;True;0,7988414293885051;1,0;0,016869974791058225;0,8776525596461255;0,6586441863669917;0,0031238808333839472;0,13707336218812932
Regulatório;Registro de companhias abertas, emissores e participantes de mercado na CVM;;Caim;2026-02-27 09:01:00;2026-03-13 15:00:00.000000000;2026-03-13 17:00:00.000000000;1,0;;2,0;2026-03-13 17:00:00.000000000;;AHP_APRENDIZAGEM_ESPECIALIZACAO_WORKLOAD;;;;;CONCLUIDA;True;0,9516970241951979;1,0;1,0;0,6907259756609315;0,6586441863669917;0,1851740071976712;0,10787883063053498
Societário;Gestão de earn-outs, ajustes de preço e garantias;;Davi;2026-02-27 09:02:00;2026-02-27 13:01:59.999999999;2026-02-27 15:01:59.999999999;1,0;;2,0;2026-02-27 15:01:59.999999999;;AHP_APRENDIZAGEM_ESPECIALIZACAO_WORKLOAD;;;;;CONCLUIDA;True;0,8544012859937065;1,0;0,22585520538558168;0,9856115107923662;0,6586441863669917;0,041822513427701206;0,1539345861990135
Contratos;Contrato de Representação Comercial;;Adão;2026-02-27 09:03:00;2026-03-06 11:01:00.000000000;2026-03-09 11:01:00.000000000;3,0;;8,0;2026-03-09 11:01:00.000000000;;AHP_APRENDIZAGEM_ESPECIALIZACAO_WORKLOAD;;;;;CONCLUIDA;True;0,7974292269486833;1,0;0,03338337527265542;0,8490317165307671;0,6586441863669917;0,006181733373021253;0,13260330720867028
Societário;Estruturação jurídica de carve-outs, spin-offs e alienação de ativos;;Davi;2026-02-27 09:04:00;2026-02-27 15:01:59.999999999;2026-03-04 15:02:00.000000000;5,0;;24,0;2026-03-04 15:02:00.000000000;;AHP_APRENDIZAGEM_ESPECIALIZACAO_WORKLOAD;;;;;CONCLUIDA;True;0,853296000731694;1,0;0,22585520538558168;0,9785345964753966;0,6586441863669917;0,041822513427701206;0,1528293009370011
Concorrencial;Relacionamento CADE;;Abel;2026-03-02 09:00:00;2026-03-16 15:00:00.000000000;2026-03-16 17:00:00.000000000;1,0;;2,0;2026-03-16 17:00:00.000000000;;AHP_APRENDIZAGEM_ESPECIALIZACAO_WORKLOAD;;;;;CONCLUIDA;True;0,9502593432164955;1,0;1,0;0,6815207999012467;0,6586441863669917;0,1851740071976712;0,10644114965183263
Societário;Atos perante Junta Comercial;;Davi;2026-03-02 09:01:00;2026-03-04 15:02:00.000000000;2026-03-05 09:02:00.000000000;1,0;;2,0;2026-03-05 09:02:00.000000000;;AHP_APRENDIZAGEM_ESPECIALIZACAO_WORKLOAD;;;;;CONCLUIDA;True;0,8417329575921346;1,0;0,2140783423832765;0,9184618233442381;0,6586441863669917;0,03964174451334636;0,14344702671179657
Governança;Elaboração e revisão de atas;;Adão;2026-03-02 09:02:00;2026-03-09 11:01:00.000000000;2026-03-10 11:01:00.000000000;3,0;;8,0;2026-03-10 11:01:00.000000000;;AHP_APRENDIZAGEM_ESPECIALIZACAO_WORKLOAD;;;;;CONCLUIDA;True;0,9757146931846907;1,0;1,0;0,844506172840535;0,6586441863669917;0,1851740071976712;0,13189649962002778
Direito financeiro;Monitoramento de mudanças regulatórias;;Abel;2026-03-02 09:03:00;2026-03-17 09:00:00.000000000;2026-03-17 17:00:00.000000000;3,0;;8,0;2026-03-17 17:00:00.000000000;;AHP_APRENDIZAGEM_ESPECIALIZACAO_WORKLOAD;;;;;CONCLUIDA;True;0,9491220820693084;1,0;1,0;0,6742391505648497;0,6586441863669917;0,1851740071976712;0,10530388850464548
Contencioso;Prevenção de Litígios e Atuação Preventiva;;Adão;2026-03-02 09:04:00;2026-03-10 11:01:00.000000000;2026-03-12 11:00:59.999999999;4,0;;16,0;2026-03-12 11:00:59.999999999;;AHP_APRENDIZAGEM_ESPECIALIZACAO_WORKLOAD;;;;;CONCLUIDA;True;0,9711027982538523;1,0;1,0;0,8149771576748158;0,6586441863669917;0,1851740071976712;0,12728460468918928
Propriedade intelectual;Avaliação de riscos em parcerias e projetos conjuntos;;Abel;2026-03-03 09:00:00;2026-03-18 09:00:00.000000000;2026-03-18 17:00:00.000000000;3,0;;8,0;2026-03-18 17:00:00.000000000;;AHP_APRENDIZAGEM_ESPECIALIZACAO_WORKLOAD;;;;;CONCLUIDA;True;0,9475486618764419;1,0;1,0;0,6641648645210533;0,6586441863669917;0,1851740071976712;0,10373046831177904
Societário;Atualização de Contrato Social / Estatuto;;Davi;2026-03-03 09:01:00;2026-03-05 09:02:00.000000000;2026-03-06 09:01:59.999999999;3,0;;8,0;2026-03-06 09:01:59.999999999;;AHP_APRENDIZAGEM_ESPECIALIZACAO_WORKLOAD;;;;;CONCLUIDA;True;0,8443983948919167;1,0;0,21125832305732567;0,9388715730551492;0,6586441863669917;0,03911955023438517;0,1466346582905398
Concorrencial;Revisão concorrencial de documentos;;Abel;2026-03-03 09:02:00;2026-03-19 09:00:00.000000000;2026-03-19 17:00:00.000000000;3,0;;8,0;2026-03-19 17:00:00.000000000;;AHP_APRENDIZAGEM_ESPECIALIZACAO_WORKLOAD;;;;;CONCLUIDA;True;0,9427929490168785;1,0;1,0;0,6337150127226463;0,6586441863669917;0,1851740071976712;0,09897475545221554
Societário;Gestão de passivos;;Davi;2026-03-03 09:03:00;2026-03-06 09:01:59.999999999;2026-03-06 11:01:59.999999999;1,0;;2,0;2026-03-06 11:01:59.999999999;;AHP_APRENDIZAGEM_ESPECIALIZACAO_WORKLOAD;;;;;CONCLUIDA;True;0,8396478383824453;1,0;0,21125832305732567;0,9084547363063807;0,6586441863669917;0,03911955023438517;0,14188410178106836
Contratos;Contrato de Mandato;;Adão;2026-03-03 09:04:00;2026-03-12 11:00:59.999999999;2026-03-13 11:01:00.000000000;3,0;;8,0;2026-03-13 11:01:00.000000000;;AHP_APRENDIZAGEM_ESPECIALIZACAO_WORKLOAD;;;;;CONCLUIDA;True;0,7928257387445744;1,0;0,06776833523205714;0,7787886499565254;0,6586441863669917;0,012548934196035142;0,12163261818154755
Propriedade intelectual;Apoio na prevenção de vazamento de informações estratégicas;;Abel;2026-03-04 09:00:00;2026-03-20 09:00:00.000000000;2026-03-20 11:00:00.000000000;1,0;;2,0;2026-03-20 11:00:00.000000000;;AHP_APRENDIZAGEM_ESPECIALIZACAO_WORKLOAD;;;;;CONCLUIDA;True;0,9409784014520705;1,0;1,0;0,6220968376853431;0,6586441863669917;0,1851740071976712;0,09716020788740758
Contratos;Contrato de SaaS;;Adão;2026-03-04 09:01:00;2026-03-13 11:01:00.000000000;2026-03-16 11:01:00.000000000;3,0;;8,0;2026-03-16 11:01:00.000000000;;AHP_APRENDIZAGEM_ESPECIALIZACAO_WORKLOAD;;;;;CONCLUIDA;True;0,7950683907422103;1,0;0,08588473244485323;0,7716685256883844;0,6586441863669917;0,015903620063913316;0,12052058431130522
Regulatório;Apoio jurídico em consultas públicas e audiências regulatórias;;Caim;2026-03-04 09:02:00;2026-03-16 09:00:00.000000000;2026-03-16 17:00:00.000000000;3,0;;8,0;2026-03-16 17:00:00.000000000;;AHP_APRENDIZAGEM_ESPECIALIZACAO_WORKLOAD;;;;;CONCLUIDA;True;0,9606676001903659;1,0;1,0;0,7481627296587926;0,6586441863669917;0,1851740071976712;0,11684940662570299
Governança;Gestão de fluxo de informações com Conselho de Administração;;Adão;2026-03-04 09:03:00;2026-03-16 11:01:00.000000000;2026-03-16 13:01:00.000000000;1,0;;2,0;2026-03-16 13:01:00.000000000;;AHP_APRENDIZAGEM_ESPECIALIZACAO_WORKLOAD;;;;;CONCLUIDA;True;0,9594351604522304;1,0;1,0;0,7402716713706061;0,6586441863669917;0,1851740071976712;0,1156169668875675
Direito financeiro;Análise de condições contratuais e riscos sistêmicos;;Abel;2026-03-04 09:04:00;2026-03-20 11:00:00.000000000;2026-03-20 13:00:00.000000000;1,0;;2,0;2026-03-20 13:00:00.000000000;;AHP_APRENDIZAGEM_ESPECIALIZACAO_WORKLOAD;;;;;CONCLUIDA;True;0,9397739667532459;1,0;1,0;0,614385089906812;0,6586441863669917;0,1851740071976712;0,0959557731885829
Regulatório;Interface com áreas de produto, tecnologia e negócios;;Caim;2026-03-05 09:00:00;2026-03-17 09:00:00.000000000;2026-03-17 11:00:00.000000000;1,0;;2,0;2026-03-17 11:00:00.000000000;;AHP_APRENDIZAGEM_ESPECIALIZACAO_WORKLOAD;;;;;CONCLUIDA;True;0,9593728399463695;1,0;1,0;0,7398726459829291;0,6586441863669917;0,1851740071976712;0,11555464638170654
Societário;Due diligence societária;;Davi;2026-03-05 09:01:00;2026-03-06 11:01:59.999999999;2026-03-11 11:01:59.999999999;5,0;;24,0;2026-03-11 11:01:59.999999999;;AHP_APRENDIZAGEM_ESPECIALIZACAO_WORKLOAD;;;;;CONCLUIDA;True;0,8723438194455926;1,0;0,34495571017992577;0,9592846013142741;0,6586441863669917;0,06387683115973534;0,1498228019188655
Trabalhista;Apoio em programas de stock options e incentivos de longo prazo;;Abel;2026-03-05 09:02:00;2026-03-20 13:00:00.000000000;2026-03-20 15:00:00.000000000;1,0;;2,0;2026-03-20 15:00:00.000000000;;AHP_APRENDIZAGEM_ESPECIALIZACAO_WORKLOAD;;;;;CONCLUIDA;True;0,9416117067811525;1,0;1,0;0,6261517615176152;0,6586441863669917;0,1851740071976712;0,09779351321648953
Societário;Acordo de Sócios / Acionistas;;Davi;2026-03-05 09:03:00;2026-03-11 11:01:59.999999999;2026-03-12 11:02:00.000000000;3,0;;8,0;2026-03-12 11:02:00.000000000;;AHP_APRENDIZAGEM_ESPECIALIZACAO_WORKLOAD;;;;;CONCLUIDA;True;0,8575623932991435;1,0;0,34731323920918233;0,8618470086060483;0,6586441863669917;0,06431338425716762;0,13460482267498416
Contencioso;Elaboração de recursos;;Adão;2026-03-05 09:04:00;2026-03-16 13:01:00.000000000;2026-03-18 13:00:59.999999999;4,0;;16,0;2026-03-18 13:00:59.999999999;;AHP_APRENDIZAGEM_ESPECIALIZACAO_WORKLOAD;;;;;CONCLUIDA;True;0,9619334626815759;1,0;1,0;0,7562677869641324;0,6586441863669917;0,1851740071976712;0,11811526911691289
Contratos;Contrato de Locação;;Adão;2026-03-06 09:00:00;2026-03-18 13:00:59.999999999;2026-03-19 13:01:00.000000000;3,0;;8,0;2026-03-19 13:01:00.000000000;;AHP_APRENDIZAGEM_ESPECIALIZACAO_WORKLOAD;;;;;CONCLUIDA;True;0,7897285928999171;1,0;0,10547193060798556;0,7142557064836857;0,6586441863669917;0,019530660037555395;0,11155374649536996
Contratos;Contrato de Cessão de Direitos Autorais;;Adão;2026-03-06 09:01:00;2026-03-19 13:01:00.000000000;2026-03-20 13:01:00.000000000;3,0;;8,0;2026-03-20 13:01:00.000000000;;AHP_APRENDIZAGEM_ESPECIALIZACAO_WORKLOAD;;;;;CONCLUIDA;True;0,7844869632281528;1,0;0,10547193060798556;0,6806946292276451;0,6586441863669917;0,019530660037555395;0,10631211682360563
Concorrencial;Avaliação de riscos concorrenciais;;Abel;2026-03-06 09:02:00;2026-03-20 15:00:00.000000000;2026-03-20 17:00:00.000000000;1,0;;2,0;2026-03-20 17:00:00.000000000;;AHP_APRENDIZAGEM_ESPECIALIZACAO_WORKLOAD;;;;;CONCLUIDA;True;0,9435864315410736;1,0;1,0;0,6387955182072829;0,6586441863669917;0,1851740071976712;0,09976823797641071
Contratos;Contratos de Seguros ou Previdência;;Adão;2026-03-06 09:03:00;2026-03-20 13:01:00.000000000;2026-03-23 13:01:00.000000000;3,0;;8,0;2026-03-23 13:01:00.000000000;;AHP_APRENDIZAGEM_ESPECIALIZACAO_WORKLOAD;;;;;CONCLUIDA;True;0,7792516776440562;1,0;0,10547193060798556;0,6471741718607745;0,6586441863669917;0,019530660037555395;0,10107683123950907
Direito digital;Gestão de Processos com ANPD;;Abel;2026-03-06 09:04:00;2026-03-23 09:00:00.000000000;2026-03-23 11:00:00.000000000;1,0;;2,0;2026-03-23 11:00:00.000000000;;AHP_APRENDIZAGEM_ESPECIALIZACAO_WORKLOAD;;;;;CONCLUIDA;True;0,9422877706434488;1,0;1,0;0,6304804594481019;0,6586441863669917;0,1851740071976712;0,09846957707878587
Contratos;Contratos Administrativos;;Adão;2026-03-09 09:00:00;2026-03-23 13:01:00.000000000;2026-03-24 13:01:00.000000000;3,0;;8,0;2026-03-24 13:01:00.000000000;;AHP_APRENDIZAGEM_ESPECIALIZACAO_WORKLOAD;;;;;CONCLUIDA;True;0,7809018876087;1,0;0,12485152446616002;0,6347630778148093;0,6586441863669917;0,023119257090136937;0,09913844415157137
Concorrencial;Relacionamento CADE;;Abel;2026-03-09 09:01:00;2026-03-23 11:00:00.000000000;2026-03-23 13:00:00.000000000;1,0;;2,0;2026-03-23 13:00:00.000000000;;AHP_APRENDIZAGEM_ESPECIALIZACAO_WORKLOAD;;;;;CONCLUIDA;True;0,9443331421016287;1,0;1,0;0,6435765524237373;0,6586441863669917;0,1851740071976712;0,10051494853696573
Direito digital;Gestão de Processos com ANPD;;Abel;2026-03-09 09:02:00;2026-03-23 13:00:00.000000000;2026-03-23 15:00:00.000000000;1,0;;2,0;2026-03-23 15:00:00.000000000;;AHP_APRENDIZAGEM_ESPECIALIZACAO_WORKLOAD;;;;;CONCLUIDA;True;0,9429823231288965;1,0;1,0;0,634927536231884;0,6586441863669917;0,1851740071976712;0,0991641295642336
Contratos;Contrato de Manutenção de Sistemas;;Adão;2026-03-09 09:03:00;2026-03-24 13:01:00.000000000;2026-03-25 13:01:00.000000000;3,0;;8,0;2026-03-25 13:01:00.000000000;;AHP_APRENDIZAGEM_ESPECIALIZACAO_WORKLOAD;;;;;CONCLUIDA;True;0,7754906366661313;1,0;0,12485152446616002;0,6001159504311907;0,6586441863669917;0,023119257090136937;0,09372719320900258
Regulatório;Estruturação de políticas exigidas por CVM e BCB;;Caim;2026-03-09 09:04:00;2026-03-17 11:00:00.000000000;2026-03-20 11:00:00.000000000;5,0;;24,0;2026-03-20 11:00:00.000000000;;AHP_APRENDIZAGEM_ESPECIALIZACAO_WORKLOAD;;;;;CONCLUIDA;True;0,9660877886592064;1,0;1,0;0,782867082185824;0,6586441863669917;0,1851740071976712;0,1222695950945435
Contratos;Contrato de Representação Comercial;;Adão;2026-03-10 09:00:00;2026-03-25 13:01:00.000000000;2026-03-26 13:01:00.000000000;3,0;;8,0;2026-03-26 13:01:00.000000000;;AHP_APRENDIZAGEM_ESPECIALIZACAO_WORKLOAD;;;;;CONCLUIDA;True;0,7769287666587912;1,0;0,14488411662628164;0,5855727368263023;0,6586441863669917;0,02682877245498331;0,09145580783681614
Concorrencial;Monitoramento regulatório e jurisprudencial;;Abel;2026-03-10 09:01:00;2026-03-23 15:00:00.000000000;2026-03-24 15:00:00.000000000;3,0;;8,0;2026-03-24 15:00:00.000000000;;AHP_APRENDIZAGEM_ESPECIALIZACAO_WORKLOAD;;;;;CONCLUIDA;True;0,9451411551451886;1,0;1,0;0,6487500938367989;0,6586441863669917;0,1851740071976712;0,10132296158052571
Contratos;Contrato de Cessão de Direitos Autorais;;Adão;2026-03-10 09:02:00;2026-03-26 13:01:00.000000000;2026-03-27 13:01:00.000000000;3,0;;8,0;2026-03-27 13:01:00.000000000;;AHP_APRENDIZAGEM_ESPECIALIZACAO_WORKLOAD;;;;;CONCLUIDA;True;0,7713143255571929;1,0;0,14488411662628164;0,5496246246246246;0,6586441863669917;0,02682877245498331;0,08584136673521793
Concorrencial;Contencioso Administrativo Concorrencial;;Abel;2026-03-10 09:03:00;2026-03-24 15:00:00.000000000;2026-03-26 15:00:00.000000000;4,0;;16,0;2026-03-26 15:00:00.000000000;;AHP_APRENDIZAGEM_ESPECIALIZACAO_WORKLOAD;;;;;CONCLUIDA;True;0,9395277741732088;1,0;1,0;0,6128087694271342;0,6586441863669917;0,1851740071976712;0,09570958060854581
Contratos;Contratos Administrativos;;Adão;2026-03-10 09:04:00;2026-03-27 13:01:00.000000000;2026-03-30 13:01:00.000000000;3,0;;8,0;2026-03-30 13:01:00.000000000;;AHP_APRENDIZAGEM_ESPECIALIZACAO_WORKLOAD;;;;;CONCLUIDA;True;0,7656981981840519;1,0;0,14488411662628164;0,5136657155729089;0,6586441863669917;0,02682877245498331;0,08022523936207697
Regulatório;Apoio jurídico a ofertas públicas (ICVM 160 e correlatas);;Caim;2026-03-11 09:00:00;2026-03-20 11:00:00.000000000;2026-03-20 15:00:00.000000000;2,0;;4,0;2026-03-20 15:00:00.000000000;;AHP_APRENDIZAGEM_ESPECIALIZACAO_WORKLOAD;;;;;CONCLUIDA;True;0,9576769439032103;1,0;1,0;0,7290141722473135;0,6586441863669917;0,1851740071976712;0,11385875033854742
Regulatório;Análise de requisitos prudenciais e de liquidez;;Caim;2026-03-11 09:01:00;2026-03-20 15:00:00.000000000;2026-03-20 17:00:00.000000000;1,0;;2,0;2026-03-20 17:00:00.000000000;;AHP_APRENDIZAGEM_ESPECIALIZACAO_WORKLOAD;;;;;CONCLUIDA;True;0,9547667519559989;1,0;1,0;0,7103808114632816;0,6586441863669917;0,1851740071976712;0,11094855839133595
Contratos;Contrato de Escrow de Código-Fonte;;Adão;2026-03-11 09:02:00;2026-03-30 13:01:00.000000000;2026-03-31 13:01:00.000000000;3,0;;8,0;2026-03-31 13:01:00.000000000;;AHP_APRENDIZAGEM_ESPECIALIZACAO_WORKLOAD;;;;;CONCLUIDA;True;0,7626814088315352;1,0;0,1439941678829551;0,49540498442497405;0,6586441863669917;0,026663977079981003;0,07737324538456249
Contratos;Contrato de Mandato;;Adão;2026-03-11 09:03:00;2026-03-31 13:01:00.000000000;2026-04-01 13:01:00.000000000;3,0;;8,0;2026-04-01 13:01:00.000000000;;AHP_APRENDIZAGEM_ESPECIALIZACAO_WORKLOAD;;;;;CONCLUIDA;True;0,7568484082985049;1,0;0,1439941678829551;0,45805748111353434;0,6586441863669917;0,026663977079981003;0,0715402448515321
Contratos;Contrato de trabalho;;Adão;2026-03-11 09:04:00;2026-04-01 13:01:00.000000000;2026-04-01 15:01:00.000000000;1,0;;2,0;2026-04-01 15:01:00.000000000;;AHP_APRENDIZAGEM_ESPECIALIZACAO_WORKLOAD;;;;;CONCLUIDA;True;0,7510144990568699;1,0;0,1439941678829551;0,42070415952770424;0,6586441863669917;0,026663977079981003;0,06570633560989708
Direito digital;Análise de risco jurídico digital;;Abel;2026-03-12 09:00:00;2026-03-26 15:00:00.000000000;2026-03-26 17:00:00.000000000;1,0;;2,0;2026-03-26 17:00:00.000000000;;AHP_APRENDIZAGEM_ESPECIALIZACAO_WORKLOAD;;;;;CONCLUIDA;True;0,9348084354305594;1,0;1,0;0,5825918136218284;0,6586441863669917;0,1851740071976712;0,0909902418658964
Concorrencial;Avaliação de riscos concorrenciais;;Abel;2026-03-12 09:01:00;2026-03-27 09:00:00.000000000;2026-03-27 11:00:00.000000000;1,0;;2,0;2026-03-27 11:00:00.000000000;;AHP_APRENDIZAGEM_ESPECIALIZACAO_WORKLOAD;;;;;CONCLUIDA;True;0,9332995909575879;1,0;1,0;0,5729309926375602;0,6586441863669917;0,1851740071976712;0,08948139739292497
Societário;Avaliação de impactos (societário, contratual, regulatório, concorrencial, trabalhista, tributário);;Davi;2026-03-12 09:02:00;2026-03-12 11:02:00.000000000;2026-03-13 11:02:00.000000000;3,0;;8,0;2026-03-13 11:02:00.000000000;;AHP_APRENDIZAGEM_ESPECIALIZACAO_WORKLOAD;;;;;CONCLUIDA;True;0,9053436064276648;1,0;0,49701328623790925;0,9902912621359092;0,6586441863669917;0,09203394184315682;0,15466547821751625
Governança;Política de PLDFTP e Fraudes;;Adão;2026-03-12 09:03:00;2026-04-01 15:01:00.000000000;2026-04-02 15:01:00.000000000;3,0;;8,0;2026-04-02 15:01:00.000000000;;AHP_APRENDIZAGEM_ESPECIALIZACAO_WORKLOAD;;;;;CONCLUIDA;True;0,9105546706086088;1,0;1,0;0,4272999433616896;0,6586441863669917;0,1851740071976712;0,0667364770439459
Contratos;Contratos Administrativos;;Adão;2026-03-12 09:04:00;2026-04-02 15:01:00.000000000;2026-04-03 15:01:00.000000000;3,0;;8,0;2026-04-03 15:01:00.000000000;;AHP_APRENDIZAGEM_ESPECIALIZACAO_WORKLOAD;;;;;CONCLUIDA;True;0,7458326326651266;1,0;0,14317810508383932;0,38849328370338854;0,6586441863669917;0,026512863461343784;0,060675582836791135
Societário;Consolidação das versões finais dos documentos;;Davi;2026-03-13 09:00:00;2026-03-13 11:02:00.000000000;2026-03-13 13:02:00.000000000;1,0;;2,0;2026-03-13 13:02:00.000000000;;AHP_APRENDIZAGEM_ESPECIALIZACAO_WORKLOAD;;;;;CONCLUIDA;True;0,910368560664819;1,0;0,5246210664294623;0,9897323682881526;0,6586441863669917;0,09714618513105917;0,15457818916676802
Contencioso;Mapeamento e classificação do contencioso da companhia;;Adão;2026-03-13 09:01:00;2026-04-03 15:01:00.000000000;2026-04-07 15:00:59.999999999;4,0;;16,0;2026-04-07 15:00:59.999999999;;AHP_APRENDIZAGEM_ESPECIALIZACAO_WORKLOAD;;;;;CONCLUIDA;True;0,9006199430474872;1,0;1,0;0,363689925089588;0,6586441863669917;0,1851740071976712;0,05680174948282428
Contratos;Contrato de Hosting;;Adão;2026-03-13 09:02:00;2026-04-07 15:00:59.999999999;2026-04-08 15:01:00.000000000;3,0;;8,0;2026-04-08 15:01:00.000000000;;AHP_APRENDIZAGEM_ESPECIALIZACAO_WORKLOAD;;;;;CONCLUIDA;True;0,7293428285680073;1,0;0,14317810508383932;0,28291245791145175;0,6586441863669917;0,026512863461343784;0,04418577873967181
Contencioso;Mapeamento e classificação do contencioso da companhia;;Adão;2026-03-13 09:03:00;2026-04-08 15:01:00.000000000;2026-04-10 15:00:59.999999999;4,0;;16,0;2026-04-10 15:00:59.999999999;;AHP_APRENDIZAGEM_ESPECIALIZACAO_WORKLOAD;;;;;CONCLUIDA;True;0,8816967847203355;1,0;1,0;0,24252883239223633;0,6586441863669917;0,1851740071976712;0,03787859115567257
Regulatório;Interface com áreas de produto, tecnologia e negócios;;Caim;2026-03-13 09:04:00;2026-03-23 09:00:00.000000000;2026-03-23 11:00:00.000000000;1,0;;2,0;2026-03-23 11:00:00.000000000;;AHP_APRENDIZAGEM_ESPECIALIZACAO_WORKLOAD;;;;;CONCLUIDA;True;0,9621839640252012;1,0;1,0;0,7578716955713053;0,6586441863669917;0,1851740071976712;0,11836577046053834
Contratos;Contrato de Cessão de Direitos Autorais;;Adão;2026-03-16 09:00:00;2026-04-10 15:00:59.999999999;2026-04-13 15:01:00.000000000;3,0;;8,0;2026-04-13 15:01:00.000000000;;AHP_APRENDIZAGEM_ESPECIALIZACAO_WORKLOAD;;;;;CONCLUIDA;True;0,7154410222911528;1,0;0,1646205553864394;0,16847921417173678;0,6586441863669917;0,030483447908013158;0,0263133880161479
Contratos;Contratos Administrativos;;Adão;2026-03-16 09:01:00;2026-04-13 15:01:00.000000000;2026-04-14 15:01:00.000000000;3,0;;8,0;2026-04-14 15:01:00.000000000;;AHP_APRENDIZAGEM_ESPECIALIZACAO_WORKLOAD;;;;;CONCLUIDA;True;0,7088678310183648;1,0;0,1646205553864394;0,12639242171611612;0,6586441863669917;0,030483447908013158;0,019740196743359945
Societário;Integração societária;;Davi;2026-03-16 09:02:00;2026-03-16 09:02:00.000000000;2026-03-16 11:02:00.000000000;1,0;;2,0;2026-03-16 11:02:00.000000000;;AHP_APRENDIZAGEM_ESPECIALIZACAO_WORKLOAD;;;;;CONCLUIDA;True;0,9174569002942934;1,0;0,5542403550321573;1,0;0,6586441863669917;0,10263090749196453;0,1561818064353371
Direito digital;Análise de cláusulas de tratamento, compartilhamento e transferência de dados;;Abel;2026-03-16 09:03:00;2026-03-27 11:00:00.000000000;2026-03-27 15:00:00.000000000;2,0;;4,0;2026-03-27 15:00:00.000000000;;AHP_APRENDIZAGEM_ESPECIALIZACAO_WORKLOAD;;;;;CONCLUIDA;True;0,9392070642025964;1,0;1,0;0,6107553294142918;0,6586441863669917;0,1851740071976712;0,09538887063793347
Direito financeiro;Gestão de relacionamento jurídico-financeiro;;Abel;2026-03-16 09:04:00;2026-03-27 15:00:00.000000000;2026-03-27 17:00:00.000000000;1,0;;2,0;2026-03-27 17:00:00.000000000;;AHP_APRENDIZAGEM_ESPECIALIZACAO_WORKLOAD;;;;;CONCLUIDA;True;0,9359268181354006;1,0;1,0;0,5897525881727639;0,6586441863669917;0,1851740071976712;0,0921086245707377
Societário;Estruturação de regras de governança;;Davi;2026-03-17 09:00:00;2026-03-17 09:00:00.000000000;2026-03-19 17:00:00.000000000;5,0;;24,0;2026-03-19 17:00:00.000000000;;AHP_APRENDIZAGEM_ESPECIALIZACAO_WORKLOAD;;;;;CONCLUIDA;True;0,9178758852904393;1,0;0,5565030105877976;1,0;0,6586441863669917;0,10304989248811051;0,1561818064353371
Propriedade intelectual;Atuação em oposições, nulidades e defesas administrativas;;Abel;2026-03-17 09:01:00;2026-03-30 09:00:00.000000000;2026-03-30 11:00:00.000000000;1,0;;2,0;2026-03-30 11:00:00.000000000;;AHP_APRENDIZAGEM_ESPECIALIZACAO_WORKLOAD;;;;;CONCLUIDA;True;0,9382337494740206;1,0;1,0;0,6045233952934712;0,6586441863669917;0,1851740071976712;0,0944155559093577
Contratos;Contrato de Mútuo, Doação ou Comodato;;Adão;2026-03-17 09:02:00;2026-04-14 15:01:00.000000000;2026-04-15 15:01:00.000000000;3,0;;8,0;2026-04-15 15:01:00.000000000;;AHP_APRENDIZAGEM_ESPECIALIZACAO_WORKLOAD;;;;;CONCLUIDA;True;0,7062230033403367;1,0;0,18271595686834305;0,08800366300518926;0,6586441863669917;0,033834245912267934;0,013744571061077106
Contratos;Contrato de Desenvolvimento de Software;;Adão;2026-03-17 09:03:00;2026-04-15 15:01:00.000000000;2026-04-16 15:01:00.000000000;3,0;;8,0;2026-04-16 15:01:00.000000000;;AHP_APRENDIZAGEM_ESPECIALIZACAO_WORKLOAD;;;;;CONCLUIDA;True;0,6993584990342738;1,0;0,18271595686834305;0,04405165308331044;0,6586441863669917;0,033834245912267934;0,0068800667550142115
Regulatório;Interface com áreas de produto, tecnologia e negócios;;Caim;2026-03-17 09:04:00;2026-03-23 11:00:00.000000000;2026-03-23 13:00:00.000000000;1,0;;2,0;2026-03-23 13:00:00.000000000;;AHP_APRENDIZAGEM_ESPECIALIZACAO_WORKLOAD;;;;;CONCLUIDA;True;0,9708750542313294;1,0;1,0;0,813518959516395;0,6586441863669917;0,1851740071976712;0,12705686066666644
Societário;Suporte jurídico às negociações comerciais;;Davi;2026-03-18 09:00:00;2026-03-20 09:00:00.000000000;2026-03-20 17:00:00.000000000;3,0;;8,0;2026-03-20 17:00:00.000000000;;AHP_APRENDIZAGEM_ESPECIALIZACAO_WORKLOAD;;;;;CONCLUIDA;True;0,9035170905980505;1,0;0,5565030105877976;0,9080635893506991;0,6586441863669917;0,10304989248811051;0,1418230117429483
Regulatório;Interface com reguladores durante processos de autorização;;Caim;2026-03-18 09:01:00;2026-03-23 13:00:00.000000000;2026-03-24 13:00:00.000000000;3,0;;8,0;2026-03-24 13:00:00.000000000;;AHP_APRENDIZAGEM_ESPECIALIZACAO_WORKLOAD;;;;;CONCLUIDA;True;0,9748846611430964;1,0;1,0;0,8391916483095488;0,6586441863669917;0,1851740071976712;0,13106646757843346
Societário;SPA / SHA e documentos correlatos;;Davi;2026-03-18 09:02:00;2026-03-23 09:00:00.000000000;2026-03-23 11:00:00.000000000;1,0;;2,0;2026-03-23 11:00:00.000000000;;AHP_APRENDIZAGEM_ESPECIALIZACAO_WORKLOAD;;;;;CONCLUIDA;True;0,8963634870477176;1,0;0,5565030105877976;0,8622605363984674;0,6586441863669917;0,10304989248811051;0,1346694081926154
Societário;Elaboração e negociação de  SHA;;Davi;2026-03-18 09:03:00;2026-03-23 11:00:00.000000000;2026-03-24 11:00:00.000000000;3,0;;8,0;2026-03-24 11:00:00.000000000;;AHP_APRENDIZAGEM_ESPECIALIZACAO_WORKLOAD;;;;;CONCLUIDA;True;0,8945810225047491;1,0;0,5565030105877976;0,8508477823546318;0,6586441863669917;0,10304989248811051;0,13288694364964693
Direito financeiro;Interface com escritórios externos;;Abel;2026-03-18 09:04:00;2026-03-30 11:00:00.000000000;2026-03-30 13:00:00.000000000;1,0;;2,0;2026-03-30 13:00:00.000000000;;AHP_APRENDIZAGEM_ESPECIALIZACAO_WORKLOAD;;;;;CONCLUIDA;True;0,9408071252866265;1,0;1,0;0,6210001916075877;0,6586441863669917;0,1851740071976712;0,09698893172196352
Regulatório;Preparação de informações e documentos para fiscalização;;Caim;2026-03-19 09:00:00;2026-03-24 13:00:00.000000000;2026-03-26 13:00:00.000000000;4,0;;16,0;2026-03-26 13:00:00.000000000;;AHP_APRENDIZAGEM_ESPECIALIZACAO_WORKLOAD;;;;;CONCLUIDA;True;0,9736613697238139;1,0;1,0;0,8313591648263401;0,6586441863669917;0,1851740071976712;0,12984317615915097
Societário;Elaboração e negociação de LOI;;Davi;2026-03-19 09:01:00;2026-03-24 11:00:00.000000000;2026-03-25 11:00:00.000000000;3,0;;8,0;2026-03-25 11:00:00.000000000;;AHP_APRENDIZAGEM_ESPECIALIZACAO_WORKLOAD;;;;;CONCLUIDA;True;0,8934318097726509;1,0;0,5565030105877976;0,8434896094769601;0,6586441863669917;0,10304989248811051;0,13173773091754867
Governança;Treinamentos corporativos;;Adão;2026-03-19 09:02:00;2026-04-16 15:01:00.000000000;2026-04-17 09:00:59.999999999;1,0;;2,0;2026-04-17 09:00:59.999999999;;AHP_APRENDIZAGEM_ESPECIALIZACAO_WORKLOAD;;;;;CONCLUIDA;True;0,8438338744689234;1,0;1,0;0,0001004016064256115;0,6586441863669917;0,1851740071976712;1,5680904260561753e-05
Contratos;Contrato de Licença de Uso de Marca;;Adão;2026-03-19 09:03:00;2026-04-17 09:00:59.999999999;2026-04-20 09:00:59.999999999;3,0;;8,0;2026-04-20 09:00:59.999999999;;AHP_APRENDIZAGEM_ESPECIALIZACAO_WORKLOAD;;;;;CONCLUIDA;True;0,6922529238712383;1,0;0,18149813795609893;0,0;0,6586441863669917;0,03360873750424658;0,0
Societário;Regularização societária;;Davi;2026-03-19 09:04:00;2026-03-25 11:00:00.000000000;2026-03-26 11:00:00.000000000;3,0;;8,0;2026-03-26 11:00:00.000000000;;AHP_APRENDIZAGEM_ESPECIALIZACAO_WORKLOAD;;;;;CONCLUIDA;True;0,8877550026625767;1,0;0,5565030105877976;0,807142180543715;0,6586441863669917;0,10304989248811051;0,1260609238074744
Contratos;Contratos de Seguros ou Previdência;;Adão;2026-03-20 09:00:00;2026-04-20 09:00:59.999999999;2026-04-21 09:00:59.999999999;3,0;;8,0;2026-04-21 09:00:59.999999999;;AHP_APRENDIZAGEM_ESPECIALIZACAO_WORKLOAD;;;;;CONCLUIDA;True;0,6962768312007859;1,0;0,20322854920789027;0,0;0,6586441863669917;0,037632644833794145;0,0
Contratos;Contrato de Representação Comercial;;Adão;2026-03-20 09:01:00;2026-04-21 09:00:59.999999999;2026-04-22 09:00:59.999999999;3,0;;8,0;2026-04-22 09:00:59.999999999;;AHP_APRENDIZAGEM_ESPECIALIZACAO_WORKLOAD;;;;;CONCLUIDA;True;0,6962768312007859;1,0;0,20322854920789027;0,0;0,6586441863669917;0,037632644833794145;0,0
Societário;Atos perante Junta Comercial;;Davi;2026-03-20 09:02:00;2026-03-26 11:00:00.000000000;2026-03-26 13:00:00.000000000;1,0;;2,0;2026-03-26 13:00:00.000000000;;AHP_APRENDIZAGEM_ESPECIALIZACAO_WORKLOAD;;;;;CONCLUIDA;True;0,9130100975370512;1,0;0,6859391674386824;0,8153818280641363;0,6586441863669917;0,12701810432845517;0,12734780684160427
Contencioso;Avaliação de riscos, êxito e impacto financeiro;;Adão;2026-03-20 09:03:00;2026-04-22 09:00:59.999999999;2026-04-22 11:00:59.999999999;1,0;;2,0;2026-04-22 11:00:59.999999999;;AHP_APRENDIZAGEM_ESPECIALIZACAO_WORKLOAD;;;;;CONCLUIDA;True;0,8438181935646629;1,0;1,0;0,0;0,6586441863669917;0,1851740071976712;0,0
Contratos;Contrato de compra e venda;;Adão;2026-03-20 09:04:00;2026-04-22 11:00:59.999999999;2026-04-23 11:01:00.000000000;3,0;;8,0;2026-04-23 11:01:00.000000000;;AHP_APRENDIZAGEM_ESPECIALIZACAO_WORKLOAD;;;;;CONCLUIDA;True;0,6962768312007859;1,0;0,20322854920789027;0,0;0,6586441863669917;0,037632644833794145;0,0
Societário;Gestão de passivos;;Davi;2026-03-23 09:00:00;2026-03-26 13:00:00.000000000;2026-03-26 15:00:00.000000000;1,0;;2,0;2026-03-26 15:00:00.000000000;;AHP_APRENDIZAGEM_ESPECIALIZACAO_WORKLOAD;;;;;CONCLUIDA;True;0,9227708144115001;1,0;0,7098942055843505;0,8494758534181525;0,6586441863669917;0,1314539547344616;0,13267267331004667
Contratos;Contrato de Transferência de Tecnologia;;Adão;2026-03-23 09:01:00;2026-04-23 11:01:00.000000000;2026-04-24 11:01:00.000000000;3,0;;8,0;2026-04-24 11:01:00.000000000;;AHP_APRENDIZAGEM_ESPECIALIZACAO_WORKLOAD;;;;;CONCLUIDA;True;0,7004129165284697;1,0;0,2255647582162562;0,0;0,6586441863669917;0,04176873016147799;0,0
Contratos;Contrato de Mandato;;Adão;2026-03-23 09:02:00;2026-04-24 11:01:00.000000000;2026-04-27 11:01:00.000000000;3,0;;8,0;2026-04-27 11:01:00.000000000;;AHP_APRENDIZAGEM_ESPECIALIZACAO_WORKLOAD;;;;;CONCLUIDA;True;0,7004129165284697;1,0;0,2255647582162562;0,0;0,6586441863669917;0,04176873016147799;0,0
Propriedade intelectual;Gestão de portfólio de marcas (renovações, extensões e classes);;Abel;2026-03-23 09:03:00;2026-03-30 13:00:00.000000000;2026-03-30 17:00:00.000000000;2,0;;4,0;2026-03-30 17:00:00.000000000;;AHP_APRENDIZAGEM_ESPECIALIZACAO_WORKLOAD;;;;;CONCLUIDA;True;0,9660132510670091;1,0;1,0;0,782389833305826;0,6586441863669917;0,1851740071976712;0,12219505750234619
Direito financeiro;Gestão de litígios bancários e financeiros;;Abel;2026-03-23 09:04:00;2026-03-31 09:00:00.000000000;2026-04-01 17:00:00.000000000;4,0;;16,0;2026-04-01 17:00:00.000000000;;AHP_APRENDIZAGEM_ESPECIALIZACAO_WORKLOAD;;;;;CONCLUIDA;True;0,9629298609137551;1,0;1,0;0,7626475200132046;0,6586441863669917;0,1851740071976712;0,1191116673490922
Regulatório;Análise de risco sancionador e reputacional;;Caim;2026-03-24 09:00:00;2026-03-26 13:00:00.000000000;2026-03-26 15:00:00.000000000;1,0;;2,0;2026-03-26 15:00:00.000000000;;AHP_APRENDIZAGEM_ESPECIALIZACAO_WORKLOAD;;;;;CONCLUIDA;True;0,9839001659889697;1,0;1,0;0,8969160725023624;0,6586441863669917;0,1851740071976712;0,14008197242430676
Contencioso;Prevenção de Litígios e Atuação Preventiva;;Adão;2026-03-24 09:01:00;2026-04-27 11:01:00.000000000;2026-04-29 11:00:59.999999999;4,0;;16,0;2026-04-29 11:00:59.999999999;;AHP_APRENDIZAGEM_ESPECIALIZACAO_WORKLOAD;;;;;CONCLUIDA;True;0,8438181935646629;1,0;1,0;0,0;0,6586441863669917;0,1851740071976712;0,0
Regulatório;Revisão de prospectos, formulários de referência e fatos relevantes;;Caim;2026-03-24 09:02:00;2026-03-26 15:00:00.000000000;2026-03-27 15:00:00.000000000;3,0;;8,0;2026-03-27 15:00:00.000000000;;AHP_APRENDIZAGEM_ESPECIALIZACAO_WORKLOAD;;;;;CONCLUIDA;True;0,9836615905324412;1,0;1,0;0,8953885228986428;0,6586441863669917;0,1851740071976712;0,13984339696777823
Societário;Aprovações regulatórias e concorrenciais;;Davi;2026-03-24 09:03:00;2026-03-26 15:00:00.000000000;2026-03-27 15:00:00.000000000;3,0;;8,0;2026-03-27 15:00:00.000000000;;AHP_APRENDIZAGEM_ESPECIALIZACAO_WORKLOAD;;;;;CONCLUIDA;True;0,9303158879848223;1,0;0,7118558711378137;0,8954595967613908;0,6586441863669917;0,131817204205778;0,13985449741205255
Regulatório;Estruturação de políticas exigidas por CVM e BCB;;Caim;2026-03-24 09:04:00;2026-03-27 15:00:00.000000000;2026-04-01 15:00:00.000000000;5,0;;24,0;2026-04-01 15:00:00.000000000;;AHP_APRENDIZAGEM_ESPECIALIZACAO_WORKLOAD;;;;;CONCLUIDA;True;0,9777325931286921;1,0;1,0;0,8574263713582598;0,6586441863669917;0,1851740071976712;0,1339143995640292
Societário;Análise jurídica preliminar e de estrutura da operação;;Davi;2026-03-25 09:00:00;2026-03-27 15:00:00.000000000;2026-04-01 15:00:00.000000000;5,0;;24,0;2026-04-01 15:00:00.000000000;;AHP_APRENDIZAGEM_ESPECIALIZACAO_WORKLOAD;;;;;CONCLUIDA;True;0,933913673136166;1,0;0,7349637174403789;0,8910980942166488;0,6586441863669917;0,1360961767033319;0,13917331006584244
Propriedade intelectual;Gestão de depósitos, acompanhamentos e prazos;;Abel;2026-03-25 09:01:00;2026-04-02 09:00:00.000000000;2026-04-02 11:00:00.000000000;1,0;;2,0;2026-04-02 11:00:00.000000000;;AHP_APRENDIZAGEM_ESPECIALIZACAO_WORKLOAD;;;;;CONCLUIDA;True;0,9629003778277776;1,0;1,0;0,7624587458745874;0,6586441863669917;0,1851740071976712;0,11908218426311469
Societário;Aprovações regulatórias e concorrenciais;;Davi;2026-03-25 09:02:00;2026-04-01 15:00:00.000000000;2026-04-02 15:00:00.000000000;3,0;;8,0;2026-04-02 15:00:00.000000000;;AHP_APRENDIZAGEM_ESPECIALIZACAO_WORKLOAD;;;;;CONCLUIDA;True;0,9153788555235945;1,0;0,7349637174403789;0,7724234672827791;0,6586441863669917;0,1360961767033319;0,12063849245327095
Societário;Estruturação jurídica de carve-outs, spin-offs e alienação de ativos;;Davi;2026-03-25 09:03:00;2026-04-02 15:00:00.000000000;2026-04-07 15:00:00.000000000;5,0;;24,0;2026-04-07 15:00:00.000000000;;AHP_APRENDIZAGEM_ESPECIALIZACAO_WORKLOAD;;;;;CONCLUIDA;True;0,9092023718962213;1,0;0,7349637174403789;0,732876712328767;0,6586441863669917;0,1360961767033319;0,11446200882589773
Societário;Gestão de passivos;;Davi;2026-03-25 09:04:00;2026-04-07 15:00:00.000000000;2026-04-07 17:00:00.000000000;1,0;;2,0;2026-04-07 17:00:00.000000000;;AHP_APRENDIZAGEM_ESPECIALIZACAO_WORKLOAD;;;;;CONCLUIDA;True;0,8906509697952013;1,0;0,7349637174403789;0,6140958983246678;0,6586441863669917;0,1360961767033319;0,09591060672487772
Governança;Acompanhamento de planos de mitigação;;Adão;2026-03-26 09:00:00;2026-04-29 11:00:59.999999999;2026-04-29 13:00:59.999999999;1,0;;2,0;2026-04-29 13:00:59.999999999;;AHP_APRENDIZAGEM_ESPECIALIZACAO_WORKLOAD;;;;;CONCLUIDA;True;0,8438181935646629;1,0;1,0;0,0;0,6586441863669917;0,1851740071976712;0,0
Contratos;Contrato de trabalho;;Adão;2026-03-26 09:01:00;2026-04-29 13:00:59.999999999;2026-04-29 15:00:59.999999999;1,0;;2,0;2026-04-29 15:00:59.999999999;;AHP_APRENDIZAGEM_ESPECIALIZACAO_WORKLOAD;;;;;CONCLUIDA;True;0,7133992752876216;1,0;0,29569532867633724;0,0;0,6586441863669917;0,05475508892062982;0,0
Regulatório;Tradução da norma para áreas de negócio, compliance e produto;;Caim;2026-03-26 09:02:00;2026-04-01 15:00:00.000000000;2026-04-02 15:00:00.000000000;3,0;;8,0;2026-04-02 15:00:00.000000000;;AHP_APRENDIZAGEM_ESPECIALIZACAO_WORKLOAD;;;;;CONCLUIDA;True;0,9700494860628254;1,0;1,0;0,8082330162471588;0,6586441863669917;0,1851740071976712;0,12623129249816242
Societário;Estruturação jurídica de carve-outs, spin-offs e alienação de ativos;;Davi;2026-03-26 09:03:00;2026-04-08 09:00:00.000000000;2026-04-10 17:00:00.000000000;5,0;;24,0;2026-04-10 17:00:00.000000000;;AHP_APRENDIZAGEM_ESPECIALIZACAO_WORKLOAD;;;;;CONCLUIDA;True;0,8982849227432839;1,0;0,7572468324040806;0,6365549755851153;0,6586441863669917;0,14022243039400695;0,09941830598228522
Governança;Planejamento de Agenda do Conselho de Administração;;Adão;2026-03-26 09:04:00;2026-04-29 15:00:59.999999999;2026-04-30 09:00:59.999999999;1,0;;2,0;2026-04-30 09:00:59.999999999;;AHP_APRENDIZAGEM_ESPECIALIZACAO_WORKLOAD;;;;;CONCLUIDA;True;0,8438181935646629;1,0;1,0;0,0;0,6586441863669917;0,1851740071976712;0,0
Regulatório;Avaliação de impactos de normas prudenciais em operações;;Caim;2026-03-27 09:00:00;2026-04-02 15:00:00.000000000;2026-04-02 17:00:00.000000000;1,0;;2,0;2026-04-02 17:00:00.000000000;;AHP_APRENDIZAGEM_ESPECIALIZACAO_WORKLOAD;;;;;CONCLUIDA;True;0,96909170048845;1,0;1,0;0,8021005121083239;0,6586441863669917;0,1851740071976712;0,125273506923787
Contencioso;Contencioso Trabalhista;;Adão;2026-03-27 09:01:00;2026-04-30 09:00:59.999999999;2026-05-04 09:00:59.999999999;4,0;;16,0;2026-05-04 09:00:59.999999999;;AHP_APRENDIZAGEM_ESPECIALIZACAO_WORKLOAD;;;;;CONCLUIDA;True;0,8438181935646629;1,0;1,0;0,0;0,6586441863669917;0,1851740071976712;0,0
Governança;Preparação de reuniões, materiais, pautas e apreentações;;Adão;2026-03-27 09:02:00;2026-05-04 09:00:59.999999999;2026-05-04 11:00:59.999999999;1,0;;2,0;2026-05-04 11:00:59.999999999;;AHP_APRENDIZAGEM_ESPECIALIZACAO_WORKLOAD;;;;;CONCLUIDA;True;0,8438181935646629;1,0;1,0;0,0;0,6586441863669917;0,1851740071976712;0,0
Contratos;Contrato de trabalho;;Adão;2026-03-27 09:03:00;2026-05-04 11:00:59.999999999;2026-05-04 13:00:59.999999999;1,0;;2,0;2026-05-04 13:00:59.999999999;;AHP_APRENDIZAGEM_ESPECIALIZACAO_WORKLOAD;;;;;CONCLUIDA;True;0,7178824665679051;1,0;0,3199060229747968;0,0;0,6586441863669917;0,05923828020091339;0,0
Contratos;Contrato de Cessão de Crédito;;Adão;2026-03-27 09:04:00;2026-05-04 13:00:59.999999999;2026-05-05 13:01:00.000000000;3,0;;8,0;2026-05-05 13:01:00.000000000;;AHP_APRENDIZAGEM_ESPECIALIZACAO_WORKLOAD;;;;;CONCLUIDA;True;0,7178824665679051;1,0;0,3199060229747968;0,0;0,6586441863669917;0,05923828020091339;0,0
Contratos;Contrato de Desenvolvimento de Software;;Adão;2026-03-30 09:00:00;2026-05-05 13:01:00.000000000;2026-05-06 13:01:00.000000000;3,0;;8,0;2026-05-06 13:01:00.000000000;;AHP_APRENDIZAGEM_ESPECIALIZACAO_WORKLOAD;;;;;CONCLUIDA;True;0,7224208050132179;1,0;0,34441452994072436;0,0;0,6586441863669917;0,06377661864622623;0,0
Direito digital;Uso de dados para publicidade, remarketing e analytics;;Abel;2026-03-30 09:01:00;2026-04-02 11:00:00.000000000;2026-04-02 13:00:00.000000000;1,0;;2,0;2026-04-02 13:00:00.000000000;;AHP_APRENDIZAGEM_ESPECIALIZACAO_WORKLOAD;;;;;CONCLUIDA;True;0,9815539821035841;1,0;1,0;0,8818939393939393;0,6586441863669917;0,1851740071976712;0,13773578853892116
Governança;Código de Conduta;;Adão;2026-03-30 09:02:00;2026-05-06 13:01:00.000000000;2026-05-06 15:01:00.000000000;1,0;;2,0;2026-05-06 15:01:00.000000000;;AHP_APRENDIZAGEM_ESPECIALIZACAO_WORKLOAD;;;;;CONCLUIDA;True;0,8438181935646629;1,0;1,0;0,0;0,6586441863669917;0,1851740071976712;0,0
Regulatório;Análise de risco sancionador e reputacional;;Caim;2026-03-30 09:03:00;2026-04-03 09:00:00.000000000;2026-04-03 11:00:00.000000000;1,0;;2,0;2026-04-03 11:00:00.000000000;;AHP_APRENDIZAGEM_ESPECIALIZACAO_WORKLOAD;;;;;CONCLUIDA;True;0,9775191077536762;1,0;1,0;0,856059468388647;0,6586441863669917;0,1851740071976712;0,13370091418901325
Contencioso;Gestão de escritórios externos;;Adão;2026-03-30 09:04:00;2026-05-06 15:01:00.000000000;2026-05-07 09:00:59.999999999;1,0;;2,0;2026-05-07 09:00:59.999999999;;AHP_APRENDIZAGEM_ESPECIALIZACAO_WORKLOAD;;;;;CONCLUIDA;True;0,8438181935646629;1,0;1,0;0,0;0,6586441863669917;0,1851740071976712;0,0
Contratos;Contrato de Agência, Franquia ou Parceria Empresarial;;Adão;2026-03-31 09:00:00;2026-05-07 09:00:59.999999999;2026-05-08 09:00:59.999999999;3,0;;8,0;2026-05-08 09:00:59.999999999;;AHP_APRENDIZAGEM_ESPECIALIZACAO_WORKLOAD;;;;;CONCLUIDA;True;0,7269996435329941;1,0;0,3691417505105544;0,0;0,6586441863669917;0,06835545716600235;0,0
Direito digital;Apoio jurídico a squads de produto e tecnologia;;Abel;2026-03-31 09:01:00;2026-04-02 13:00:00.000000000;2026-04-02 15:00:00.000000000;1,0;;2,0;2026-04-02 15:00:00.000000000;;AHP_APRENDIZAGEM_ESPECIALIZACAO_WORKLOAD;;;;;CONCLUIDA;True;0,9860668165241094;1,0;1,0;0,9107886904761904;0,6586441863669917;0,1851740071976712;0,1422486229594465
Contratos;Contrato de Licenciamento de Software;;Adão;2026-03-31 09:02:00;2026-05-08 09:00:59.999999999;2026-05-12 09:00:59.999999999;4,0;;16,0;2026-05-12 09:00:59.999999999;;AHP_APRENDIZAGEM_ESPECIALIZACAO_WORKLOAD;;;;;CONCLUIDA;True;0,7269996435329941;1,0;0,3691417505105544;0,0;0,6586441863669917;0,06835545716600235;0,0
Regulatório;Interface com escritórios externos especializados;;Caim;2026-03-31 09:03:00;2026-04-03 11:00:00.000000000;2026-04-03 13:00:00.000000000;1,0;;2,0;2026-04-03 13:00:00.000000000;;AHP_APRENDIZAGEM_ESPECIALIZACAO_WORKLOAD;;;;;CONCLUIDA;True;0,9831104964147924;1,0;1,0;0,8918599805528546;0,6586441863669917;0,1851740071976712;0,13929230285012947
Societário;Gestão de passivos;;Davi;2026-03-31 09:04:00;2026-04-13 09:00:00.000000000;2026-04-13 11:00:00.000000000;1,0;;2,0;2026-04-13 11:00:00.000000000;;AHP_APRENDIZAGEM_ESPECIALIZACAO_WORKLOAD;;;;;CONCLUIDA;True;0,916617536971431;1,0;0,8025557089267997;0,7002153226366604;0,6586441863669917;0,14861245662134331;0,10936089398309602
Contratos;Contrato de Mútuo, Doação ou Comodato;;Adão;2026-04-01 09:00:00;2026-05-12 09:00:59.999999999;2026-05-13 09:00:59.999999999;3,0;;8,0;2026-05-13 09:00:59.999999999;;AHP_APRENDIZAGEM_ESPECIALIZACAO_WORKLOAD;;;;;CONCLUIDA;True;0,7317143870672956;1,0;0,3946029024597513;0,0;0,6586441863669917;0,07307020070030393;0,0
Governança;Política de Governaça Corporativa;;Adão;2026-04-01 09:01:00;2026-05-13 09:00:59.999999999;2026-05-14 09:00:59.999999999;3,0;;8,0;2026-05-14 09:00:59.999999999;;AHP_APRENDIZAGEM_ESPECIALIZACAO_WORKLOAD;;;;;CONCLUIDA;True;0,8438181935646629;1,0;1,0;0,0;0,6586441863669917;0,1851740071976712;0,0
Contratos;Contratos Administrativos;;Adão;2026-04-01 09:02:00;2026-05-14 09:00:59.999999999;2026-05-15 09:00:59.999999999;3,0;;8,0;2026-05-15 09:00:59.999999999;;AHP_APRENDIZAGEM_ESPECIALIZACAO_WORKLOAD;;;;;CONCLUIDA;True;0,7317143870672956;1,0;0,3946029024597513;0,0;0,6586441863669917;0,07307020070030393;0,0
Contratos;MoU;;Adão;2026-04-01 09:03:00;2026-05-15 09:00:59.999999999;2026-05-15 11:00:59.999999999;1,0;;2,0;2026-05-15 11:00:59.999999999;;AHP_APRENDIZAGEM_ESPECIALIZACAO_WORKLOAD;;;;;CONCLUIDA;True;0,7317143870672956;1,0;0,3946029024597513;0,0;0,6586441863669917;0,07307020070030393;0,0
Trabalhista;Gestão de riscos relacionados a acidentes de trabalho;;Abel;2026-04-01 09:04:00;2026-04-02 15:00:00.000000000;2026-04-02 17:00:00.000000000;1,0;;2,0;2026-04-02 17:00:00.000000000;;AHP_APRENDIZAGEM_ESPECIALIZACAO_WORKLOAD;;;;;CONCLUIDA;True;0,9915637403773379;1,0;1,0;0,9459843638948117;0,6586441863669917;0,1851740071976712;0,147745546812675
Governança;Trasnparência e divulgação de informações;;Adão;2026-04-02 09:00:00;2026-05-15 11:00:59.999999999;2026-05-15 13:00:59.999999999;1,0;;2,0;2026-05-15 13:00:59.999999999;;AHP_APRENDIZAGEM_ESPECIALIZACAO_WORKLOAD;;;;;CONCLUIDA;True;0,8438181935646629;1,0;1,0;0,0;0,6586441863669917;0,1851740071976712;0,0
Societário;Aprovações regulatórias e concorrenciais;;Davi;2026-04-02 09:01:00;2026-04-13 11:00:00.000000000;2026-04-14 11:00:00.000000000;3,0;;8,0;2026-04-14 11:00:00.000000000;;AHP_APRENDIZAGEM_ESPECIALIZACAO_WORKLOAD;;;;;CONCLUIDA;True;0,943882431740578;1,0;0,8910144474036382;0,7699074074074074;0,6586441863669917;0,1649927156967503;0,12024552967683592
Trabalhista;Análise de regimes de jornada e banco de horas;;Abel;2026-04-02 09:02:00;2026-04-03 09:00:00.000000000;2026-04-03 11:00:00.000000000;1,0;;2,0;2026-04-03 11:00:00.000000000;;AHP_APRENDIZAGEM_ESPECIALIZACAO_WORKLOAD;;;;;CONCLUIDA;True;0,9950621798084469;1,0;1,0;0,9683841523910311;0,6586441863669917;0,1851740071976712;0,15124398624378402
Contencioso;Contencioso Trabalhista;;Adão;2026-04-02 09:03:00;2026-05-15 13:00:59.999999999;2026-05-19 13:00:59.999999999;4,0;;16,0;2026-05-19 13:00:59.999999999;;AHP_APRENDIZAGEM_ESPECIALIZACAO_WORKLOAD;;;;;CONCLUIDA;True;0,8438181935646629;1,0;1,0;0,0;0,6586441863669917;0,1851740071976712;0,0
Regulatório;Apoio jurídico a ofertas públicas (ICVM 160 e correlatas);;Caim;2026-04-02 09:04:00;2026-04-03 13:00:00.000000000;2026-04-03 17:00:00.000000000;2,0;;4,0;2026-04-03 17:00:00.000000000;;AHP_APRENDIZAGEM_ESPECIALIZACAO_WORKLOAD;;;;;CONCLUIDA;True;0,9930443382840268;1,0;1,0;0,955464327921876;0,6586441863669917;0,1851740071976712;0,14922614471936388
Direito financeiro;Apoio em processos administrativos regulatórios;;Abel;2026-04-03 09:00:00;2026-04-03 11:00:00.000000000;2026-04-06 11:00:00.000000000;3,0;;8,0;2026-04-06 11:00:00.000000000;;AHP_APRENDIZAGEM_ESPECIALIZACAO_WORKLOAD;;;;;CONCLUIDA;True;0,9987986784967476;1,0;1,0;0,9923081853727325;0,6586441863669917;0,1851740071976712;0,15498048493208472
Contratos;Contrato de Cessão de Direitos Autorais;;Adão;2026-04-03 09:01:00;2026-05-19 13:00:59.999999999;2026-05-20 13:01:00.000000000;3,0;;8,0;2026-05-20 13:01:00.000000000;;AHP_APRENDIZAGEM_ESPECIALIZACAO_WORKLOAD;;;;;CONCLUIDA;True;0,7364481268440279;1,0;0,42016664031027495;0,0;0,6586441863669917;0,07780394047703618;0,0
Trabalhista;Apoio em programas de stock options e incentivos de longo prazo;;Abel;2026-04-03 09:02:00;2026-04-06 11:00:00.000000000;2026-04-06 13:00:00.000000000;1,0;;2,0;2026-04-06 13:00:00.000000000;;AHP_APRENDIZAGEM_ESPECIALIZACAO_WORKLOAD;;;;;CONCLUIDA;True;0,9941913850209384;1,0;1,0;0,9628086323776355;0,6586441863669917;0,1851740071976712;0,1503731914562755
Societário;Closing da operação;;Davi;2026-04-03 09:03:00;2026-04-14 11:00:00.000000000;2026-04-14 13:00:00.000000000;1,0;;2,0;2026-04-14 13:00:00.000000000;;AHP_APRENDIZAGEM_ESPECIALIZACAO_WORKLOAD;;;;;CONCLUIDA;True;0,9488251372870173;0,9999999999999978;0,90603832455371;0,7837417589252396;0,6586441863669903;0,16777474723227465;0,1224062036877524
Concorrencial;Programa de Compliance Concorrencial;;Abel;2026-04-03 09:04:00;2026-04-06 13:00:00.000000000;2026-04-07 13:00:00.000000000;3,0;;8,0;2026-04-07 13:00:00.000000000;;AHP_APRENDIZAGEM_ESPECIALIZACAO_WORKLOAD;;;;;CONCLUIDA;True;0,9930443382840268;1,0;1,0;0,955464327921876;0,6586441863669917;0,1851740071976712;0,14922614471936388
Societário;Organização de livros societários;;Davi;2026-04-06 09:00:00;2026-04-14 13:00:00.000000000;2026-04-14 15:00:00.000000000;1,0;;2,0;2026-04-14 15:00:00.000000000;;AHP_APRENDIZAGEM_ESPECIALIZACAO_WORKLOAD;;;;;CONCLUIDA;True;0,9513663809500066;0,9999999999999978;0,90603832455371;0,8000128196908318;0,6586441863669903;0,16777474723227465;0,12494744735074174
Contratos;Contratos de Seguros ou Previdência;;Adão;2026-04-06 09:01:00;2026-05-20 13:01:00.000000000;2026-05-21 13:01:00.000000000;3,0;;8,0;2026-05-21 13:01:00.000000000;;AHP_APRENDIZAGEM_ESPECIALIZACAO_WORKLOAD;;;;;CONCLUIDA;True;0,7411496273238741;1,0;0,4455562754485769;0,0;0,6586441863669917;0,08250544095688235;0,0
Contratos;Contrato de Representação Comercial;;Adão;2026-04-06 09:02:00;2026-05-21 13:01:00.000000000;2026-05-22 13:01:00.000000000;3,0;;8,0;2026-05-22 13:01:00.000000000;;AHP_APRENDIZAGEM_ESPECIALIZACAO_WORKLOAD;;;;;CONCLUIDA;True;0,7411496273238741;1,0;0,4455562754485769;0,0;0,6586441863669917;0,08250544095688235;0,0
Contratos;Contrato de Mandato;;Adão;2026-04-06 09:03:00;2026-05-22 13:01:00.000000000;2026-05-25 13:01:00.000000000;3,0;;8,0;2026-05-25 13:01:00.000000000;;AHP_APRENDIZAGEM_ESPECIALIZACAO_WORKLOAD;;;;;CONCLUIDA;True;0,7411496273238741;1,0;0,4455562754485769;0,0;0,6586441863669917;0,08250544095688235;0,0
Trabalhista;Interpretação e negociação de acordos e convenções coletivas;;Abel;2026-04-06 09:04:00;2026-04-07 13:00:00.000000000;2026-04-08 13:00:00.000000000;3,0;;8,0;2026-04-08 13:00:00.000000000;;AHP_APRENDIZAGEM_ESPECIALIZACAO_WORKLOAD;;;;;CONCLUIDA;True;0,9934362755527493;1,0;1,0;0,9579738216821799;0,6586441863669917;0,1851740071976712;0,14961808198808638
Contencioso;Elaboração de contestação;;Adão;2026-04-07 09:00:00;2026-05-25 13:01:00.000000000;2026-05-25 15:01:00.000000000;1,0;;2,0;2026-05-25 15:01:00.000000000;;AHP_APRENDIZAGEM_ESPECIALIZACAO_WORKLOAD;;;;;CONCLUIDA;True;0,8438181935646629;1,0;1,0;0,0;0,6586441863669917;0,1851740071976712;0,0
Contratos;Contrato de Licença de Uso de Marca;;Adão;2026-04-07 09:01:00;2026-05-25 15:01:00.000000000;2026-05-26 15:01:00.000000000;3,0;;8,0;2026-05-26 15:01:00.000000000;;AHP_APRENDIZAGEM_ESPECIALIZACAO_WORKLOAD;;;;;CONCLUIDA;True;0,7409207595180632;1,0;0,44432031469320743;0,0;0,6586441863669917;0,08227657315107152;0,0
Propriedade intelectual;Estratégia de Ativos Intangíveis;;Abel;2026-04-07 09:02:00;2026-04-08 13:00:00.000000000;2026-04-08 15:00:00.000000000;1,0;;2,0;2026-04-08 15:00:00.000000000;;AHP_APRENDIZAGEM_ESPECIALIZACAO_WORKLOAD;;;;;CONCLUIDA;True;0,9934647393775464;1,0;1,0;0,958156069700991;0,6586441863669917;0,1851740071976712;0,14964654581288353
Societário;Atualização de Contrato Social / Estatuto;;Davi;2026-04-07 09:03:00;2026-04-14 15:00:00.000000000;2026-04-15 15:00:00.000000000;3,0;;8,0;2026-04-15 15:00:00.000000000;;AHP_APRENDIZAGEM_ESPECIALIZACAO_WORKLOAD;;;;;CONCLUIDA;True;0,957504968945743;0,9999999999999978;0,90603832455371;0,8393169367057537;0,6586441863669903;0,16777474723227465;0,1310860353464781
Societário;Gestão jurídica do encerramento de operações;;Davi;2026-04-07 09:04:00;2026-04-15 15:00:00.000000000;2026-04-15 17:00:00.000000000;1,0;;2,0;2026-04-15 17:00:00.000000000;;AHP_APRENDIZAGEM_ESPECIALIZACAO_WORKLOAD;;;;;CONCLUIDA;True;0,9531431235733767;0,9999999999999978;0,90603832455371;0,8113889374597456;0,6586441863669903;0,16777474723227465;0,12672418997411183
Societário;Análise jurídica preliminar e de estrutura da operação;;Esaú;2026-04-08 09:00:00;2026-04-08 09:00:00.000000000;2026-04-10 17:00:00.000000000;5,0;;24,0;2026-04-10 17:00:00.000000000;;AHP_APRENDIZAGEM_ESPECIALIZACAO_WORKLOAD;;;;;CONCLUIDA;True;0,8148259928023288;1,0;0,0;1,0;0,6586441863669917;0,0;0,1561818064353371
Contratos;NDA;;Adão;2026-04-08 09:01:00;2026-05-26 15:01:00.000000000;2026-05-27 09:00:59.999999999;1,0;;2,0;2026-05-27 09:00:59.999999999;;AHP_APRENDIZAGEM_ESPECIALIZACAO_WORKLOAD;;;;;CONCLUIDA;True;0,7408474571156047;1,0;0,4439244578255628;0,0;0,6586441863669917;0,08220327074861304;0,0
Contratos;Contrato de Locação;;Adão;2026-04-08 09:02:00;2026-05-27 09:00:59.999999999;2026-05-28 09:00:59.999999999;3,0;;8,0;2026-05-28 09:00:59.999999999;;AHP_APRENDIZAGEM_ESPECIALIZACAO_WORKLOAD;;;;;CONCLUIDA;True;0,7408474571156047;1,0;0,4439244578255628;0,0;0,6586441863669917;0,08220327074861304;0,0
Direito digital;Negociação de cláusulas de segurança da informação;;Abel;2026-04-08 09:03:00;2026-04-08 15:00:00.000000000;2026-04-09 15:00:00.000000000;3,0;;8,0;2026-04-09 15:00:00.000000000;;AHP_APRENDIZAGEM_ESPECIALIZACAO_WORKLOAD;;;;;CONCLUIDA;True;0,9967729537621591;1,0;1,0;0,9793378863294363;0,6586441863669917;0,1851740071976712;0,15295476019749618
Societário;Estruturação societária internacional;;Eva;2026-04-08 09:04:00;2026-04-08 09:04:00.000000000;2026-04-13 09:03:59.999999999;5,0;;24,0;2026-04-13 09:03:59.999999999;;AHP_APRENDIZAGEM_ESPECIALIZACAO_WORKLOAD;;;;;CONCLUIDA;True;0,8148259928023288;1,0;0,0;1,0;0,6586441863669917;0,0;0,1561818064353371
Contratos;Contrato de Manutenção de Sistemas;;Adão;2026-04-09 09:00:00;2026-05-28 09:00:59.999999999;2026-05-29 09:00:59.999999999;3,0;;8,0;2026-05-29 09:00:59.999999999;;AHP_APRENDIZAGEM_ESPECIALIZACAO_WORKLOAD;;;;;CONCLUIDA;True;0,7454396548331987;1,0;0,4687238224183042;0,0;0,6586441863669917;0,086795468466207;0,0
Societário;Consolidação das versões finais dos documentos;;Isaque;2026-04-09 09:01:00;2026-04-09 09:01:00.000000000;2026-04-09 11:01:00.000000000;1,0;;2,0;2026-04-09 11:01:00.000000000;;AHP_APRENDIZAGEM_ESPECIALIZACAO_WORKLOAD;;;;;CONCLUIDA;True;0,8148259928023288;1,0;0,0;1,0;0,6586441863669917;0,0;0,1561818064353371
Contratos;Contrato de Agência, Franquia ou Parceria Empresarial;;Adão;2026-04-09 09:02:00;2026-05-29 09:00:59.999999999;2026-06-01 09:00:59.999999999;3,0;;8,0;2026-06-01 09:00:59.999999999;;AHP_APRENDIZAGEM_ESPECIALIZACAO_WORKLOAD;;;;;CONCLUIDA;True;0,7454396548331987;1,0;0,4687238224183042;0,0;0,6586441863669917;0,086795468466207;0,0
Governança;Política de Governaça Corporativa;;Adão;2026-04-09 09:03:00;2026-06-01 09:00:59.999999999;2026-06-02 09:00:59.999999999;3,0;;8,0;2026-06-02 09:00:59.999999999;;AHP_APRENDIZAGEM_ESPECIALIZACAO_WORKLOAD;;;;;CONCLUIDA;True;0,8438181935646629;1,0;1,0;0,0;0,6586441863669917;0,1851740071976712;0,0
Regulatório;Avaliação de conflitos de interesses e deveres fiduciários;;Caim;2026-04-09 09:04:00;2026-04-09 09:04:00.000000000;2026-04-09 11:04:00.000000000;1,0;;2,0;2026-04-09 11:04:00.000000000;;AHP_APRENDIZAGEM_ESPECIALIZACAO_WORKLOAD;;;;;CONCLUIDA;True;1,0;1,0;1,0;1,0;0,6586441863669917;0,1851740071976712;0,1561818064353371
Contratos;Contrato de Hosting;;Adão;2026-04-10 09:00:00;2026-06-02 09:00:59.999999999;2026-06-03 09:00:59.999999999;3,0;;8,0;2026-06-03 09:00:59.999999999;;AHP_APRENDIZAGEM_ESPECIALIZACAO_WORKLOAD;;;;;CONCLUIDA;True;0,7453743008546792;1,0;0,46837088963087553;0,0;0,6586441863669917;0,0867301144876874;0,0
Governança;Planejamento de Agenda do Conselho de Administração;;Adão;2026-04-10 09:01:00;2026-06-03 09:00:59.999999999;2026-06-03 11:00:59.999999999;1,0;;2,0;2026-06-03 11:00:59.999999999;;AHP_APRENDIZAGEM_ESPECIALIZACAO_WORKLOAD;;;;;CONCLUIDA;True;0,8438181935646629;1,0;1,0;0,0;0,6586441863669917;0,1851740071976712;0,0
Governança;Suporte jurídico às decisões do Conselho de Administração;;Adão;2026-04-10 09:02:00;2026-06-03 11:00:59.999999999;2026-06-03 13:00:59.999999999;1,0;;2,0;2026-06-03 13:00:59.999999999;;AHP_APRENDIZAGEM_ESPECIALIZACAO_WORKLOAD;;;;;CONCLUIDA;True;0,8438181935646629;1,0;1,0;0,0;0,6586441863669917;0,1851740071976712;0,0
Governança;Planejamento de Agenda do Conselho de Administração;;Adão;2026-04-10 09:03:00;2026-06-03 13:00:59.999999999;2026-06-03 15:00:59.999999999;1,0;;2,0;2026-06-03 15:00:59.999999999;;AHP_APRENDIZAGEM_ESPECIALIZACAO_WORKLOAD;;;;;CONCLUIDA;True;0,8438181935646629;1,0;1,0;0,0;0,6586441863669917;0,1851740071976712;0,0
Contratos;Contratos Financeiros ou Bancários;;Adão;2026-04-10 09:04:00;2026-06-03 15:00:59.999999999;2026-06-04 15:01:00.000000000;3,0;;8,0;2026-06-04 15:01:00.000000000;;AHP_APRENDIZAGEM_ESPECIALIZACAO_WORKLOAD;;;;;CONCLUIDA;True;0,7453743008546792;1,0;0,46837088963087553;0,0;0,6586441863669917;0,0867301144876874;0,0
Contratos;Contrato de Licenciamento de Software;;Adão;2026-04-13 09:00:00;2026-06-04 15:01:00.000000000;2026-06-08 15:00:59.999999999;4,0;;16,0;2026-06-08 15:00:59.999999999;;AHP_APRENDIZAGEM_ESPECIALIZACAO_WORKLOAD;;;;;CONCLUIDA;True;0,7453094929010814;1,0;0,46802090555601245;0,0;0,6586441863669917;0,08666530653408963;0,0
Regulatório;Avaliação de impactos de normas prudenciais em operações;;Caim;2026-04-13 09:01:00;2026-04-13 09:01:00.000000000;2026-04-13 11:01:00.000000000;1,0;;2,0;2026-04-13 11:01:00.000000000;;AHP_APRENDIZAGEM_ESPECIALIZACAO_WORKLOAD;;;;;CONCLUIDA;True;1,0;1,0;1,0;1,0;0,6586441863669917;0,1851740071976712;0,1561818064353371
Regulatório;Registro de companhias abertas, emissores e participantes de mercado na CVM;;Caim;2026-04-13 09:02:00;2026-04-13 11:01:00.000000000;2026-04-13 13:01:00.000000000;1,0;;2,0;2026-04-13 13:01:00.000000000;;AHP_APRENDIZAGEM_ESPECIALIZACAO_WORKLOAD;;;;;CONCLUIDA;True;0,9990497655828108;1,0;1,0;0,9939158443683215;0,6586441863669917;0,1851740071976712;0,15523157201814783
Trabalhista;Avaliação de riscos trabalhistas em práticas internas;;Abel;2026-04-13 09:03:00;2026-04-13 09:03:00.000000000;2026-04-13 11:03:00.000000000;1,0;;2,0;2026-04-13 11:03:00.000000000;;AHP_APRENDIZAGEM_ESPECIALIZACAO_WORKLOAD;;;;;CONCLUIDA;True;1,0;1,0;1,0;1,0;0,6586441863669917;0,1851740071976712;0,1561818064353371
Societário;Aumento e redução de capital;;Esaú;2026-04-13 09:04:00;2026-04-13 09:04:00.000000000;2026-04-13 11:04:00.000000000;1,0;;2,0;2026-04-13 11:04:00.000000000;;AHP_APRENDIZAGEM_ESPECIALIZACAO_WORKLOAD;;;;;CONCLUIDA;True;0,8301528940171078;1,0;0,08277026266660437;1,0;0,6586441863669917;0,015326901214778931;0,1561818064353371
Regulatório;Gestão de prazos regulatórios críticos;;Caim;2026-04-14 09:00:00;2026-04-14 09:00:00.000000000;2026-04-14 17:00:00.000000000;3,0;;8,0;2026-04-14 17:00:00.000000000;;AHP_APRENDIZAGEM_ESPECIALIZACAO_WORKLOAD;;;;;CONCLUIDA;True;1,0;1,0;1,0;1,0;0,6586441863669917;0,1851740071976712;0,1561818064353371
Governança;Monitoramento de aderência a políticas;;Adão;2026-04-14 09:01:00;2026-06-08 15:00:59.999999999;2026-06-09 15:01:00.000000000;3,0;;8,0;2026-06-09 15:01:00.000000000;;AHP_APRENDIZAGEM_ESPECIALIZACAO_WORKLOAD;;;;;CONCLUIDA;True;0,8438181935646629;1,0;1,0;0,0;0,6586441863669917;0,1851740071976712;0,0
Contratos;Contrato de prestação de serviços;;Adão;2026-04-14 09:02:00;2026-06-09 15:01:00.000000000;2026-06-10 15:01:00.000000000;3,0;;8,0;2026-06-10 15:01:00.000000000;;AHP_APRENDIZAGEM_ESPECIALIZACAO_WORKLOAD;;;;;CONCLUIDA;True;0,7498670801124103;1,0;0,49263336213294323;0,0;0,6586441863669917;0,09122289374541859;0,0
Direito digital;Mapeamento de dados pessoais (data mapping / data inventory);;Abel;2026-04-14 09:03:00;2026-04-14 09:03:00.000000000;2026-04-14 13:03:00.000000000;2,0;;4,0;2026-04-14 13:03:00.000000000;;AHP_APRENDIZAGEM_ESPECIALIZACAO_WORKLOAD;;;;;CONCLUIDA;True;1,0;1,0;1,0;1,0;0,6586441863669917;0,1851740071976712;0,1561818064353371
Regulatório;Elaboração de pareceres e notas técnicas internas;;Caim;2026-04-14 09:04:00;2026-04-15 09:00:00.000000000;2026-04-15 17:00:00.000000000;3,0;;8,0;2026-04-15 17:00:00.000000000;;AHP_APRENDIZAGEM_ESPECIALIZACAO_WORKLOAD;;;;;CONCLUIDA;True;0,9962897369934012;1,0;1,0;0,9762439486949144;0,6586441863669917;0,1851740071976712;0,15247154342873828
Regulatório;Análise regulatória de modelos inovadores (open finance, cripto, tokenização);;Caim;2026-04-15 09:00:00;2026-04-16 09:00:00.000000000;2026-04-16 17:00:00.000000000;3,0;;8,0;2026-04-16 17:00:00.000000000;;AHP_APRENDIZAGEM_ESPECIALIZACAO_WORKLOAD;;;;;CONCLUIDA;True;0,9961675135683778;1,0;1,0;0,975461377230203;0,6586441863669917;0,1851740071976712;0,1523493200037149
Contencioso;Mapeamento e classificação do contencioso da companhia;;Adão;2026-04-15 09:01:00;2026-06-10 15:01:00.000000000;2026-06-12 15:00:59.999999999;4,0;;16,0;2026-06-12 15:00:59.999999999;;AHP_APRENDIZAGEM_ESPECIALIZACAO_WORKLOAD;;;;;CONCLUIDA;True;0,8438181935646629;1,0;1,0;0,0;0,6586441863669917;0,1851740071976712;0,0
Contencioso;Suporte técnico às áreas internas envolvidas;;Adão;2026-04-15 09:02:00;2026-06-12 15:00:59.999999999;2026-06-15 09:00:59.999999999;1,0;;2,0;2026-06-15 09:00:59.999999999;;AHP_APRENDIZAGEM_ESPECIALIZACAO_WORKLOAD;;;;;CONCLUIDA;True;0,8438181935646629;1,0;1,0;0,0;0,6586441863669917;0,1851740071976712;0,0
Societário;Atos perante Junta Comercial;;Esaú;2026-04-15 09:03:00;2026-04-15 09:03:00.000000000;2026-04-15 11:03:00.000000000;1,0;;2,0;2026-04-15 11:03:00.000000000;;AHP_APRENDIZAGEM_ESPECIALIZACAO_WORKLOAD;;;;;CONCLUIDA;True;0,8303066494118411;1,0;0,08360059191777804;1,0;0,6586441863669917;0,015480656609512202;0,1561818064353371
Contratos;Contrato de Manutenção de Sistemas;;Adão;2026-04-15 09:04:00;2026-06-15 09:00:59.999999999;2026-06-16 09:00:59.999999999;3,0;;8,0;2026-06-16 09:00:59.999999999;;AHP_APRENDIZAGEM_ESPECIALIZACAO_WORKLOAD;;;;;CONCLUIDA;True;0,7543706796871257;1,0;0,5169542678738223;0,0;0,6586441863669917;0,095726493320134;0,0
Regulatório;Análise de impactos regulatórios em operações, produtos e modelos de negócio;;Caim;2026-04-16 09:00:00;2026-04-17 09:00:00.000000000;2026-04-17 17:00:00.000000000;3,0;;8,0;2026-04-17 17:00:00.000000000;;AHP_APRENDIZAGEM_ESPECIALIZACAO_WORKLOAD;;;;;CONCLUIDA;True;0,9963680409336291;1,0;1,0;0,9767453127270965;0,6586441863669917;0,1851740071976712;0,1525498473689662
Direito financeiro;Apoio jurídico a emissões de valores mobiliários;;Abel;2026-04-16 09:01:00;2026-04-16 09:01:00.000000000;2026-04-16 11:01:00.000000000;1,0;;2,0;2026-04-16 11:01:00.000000000;;AHP_APRENDIZAGEM_ESPECIALIZACAO_WORKLOAD;;;;;CONCLUIDA;True;1,0;1,0;1,0;1,0;0,6586441863669917;0,1851740071976712;0,1561818064353371
Direito digital;Relacionamento ANPD;;Abel;2026-04-16 09:02:00;2026-04-16 11:01:00.000000000;2026-04-16 13:01:00.000000000;1,0;;2,0;2026-04-16 13:01:00.000000000;;AHP_APRENDIZAGEM_ESPECIALIZACAO_WORKLOAD;;;;;CONCLUIDA;True;0,9990994895602594;1,0;1,0;0,9942342167740684;0,6586441863669917;0,1851740071976712;0,15528129599559654
Regulatório;Avaliação de conflitos de interesses e deveres fiduciários;;Caim;2026-04-16 09:03:00;2026-04-20 09:00:00.000000000;2026-04-20 11:00:00.000000000;1,0;;2,0;2026-04-20 11:00:00.000000000;;AHP_APRENDIZAGEM_ESPECIALIZACAO_WORKLOAD;;;;;CONCLUIDA;True;0,9927577290067537;1,0;1,0;0,9536292276383371;0,6586441863669917;0,1851740071976712;0,1489395354420908
Regulatório;Análise de risco sancionador e reputacional;;Caim;2026-04-16 09:04:00;2026-04-20 11:00:00.000000000;2026-04-20 13:00:00.000000000;1,0;;2,0;2026-04-20 13:00:00.000000000;;AHP_APRENDIZAGEM_ESPECIALIZACAO_WORKLOAD;;;;;CONCLUIDA;True;0,9918567803593341;1,0;1,0;0,9478606386587197;0,6586441863669917;0,1851740071976712;0,14803858679467116
Governança;Código de Conduta;;Adão;2026-04-17 09:00:00;2026-06-16 09:00:59.999999999;2026-06-16 11:00:59.999999999;1,0;;2,0;2026-06-16 11:00:59.999999999;;AHP_APRENDIZAGEM_ESPECIALIZACAO_WORKLOAD;;;;;CONCLUIDA;True;0,8438181935646629;1,0;1,0;0,0;0,6586441863669917;0,1851740071976712;0,0
Regulatório;Resposta a ofícios, exigências e questionamentos da CVM e do BCB;;Caim;2026-04-17 09:01:00;2026-04-20 13:00:00.000000000;2026-04-20 15:00:00.000000000;1,0;;2,0;2026-04-20 15:00:00.000000000;;AHP_APRENDIZAGEM_ESPECIALIZACAO_WORKLOAD;;;;;CONCLUIDA;True;0,9944627850676973;1,0;1,0;0,9645463510847835;0,6586441863669917;0,1851740071976712;0,15064459150303436
Direito financeiro;Interface com reguladores e autorreguladores;;Abel;2026-04-17 09:02:00;2026-04-17 09:02:00.000000000;2026-04-20 09:01:59.999999999;3,0;;8,0;2026-04-20 09:01:59.999999999;;AHP_APRENDIZAGEM_ESPECIALIZACAO_WORKLOAD;;;;;CONCLUIDA;True;1,0;1,0;1,0;1,0;0,6586441863669917;0,1851740071976712;0,1561818064353371
Contratos;Contrato de Escrow de Código-Fonte;;Adão;2026-04-17 09:03:00;2026-06-16 11:00:59.999999999;2026-06-17 11:01:00.000000000;3,0;;8,0;2026-06-17 11:01:00.000000000;;AHP_APRENDIZAGEM_ESPECIALIZACAO_WORKLOAD;;;;;CONCLUIDA;True;0,7631579001940219;1,0;0,5644081229795005;0,0;0,6586441863669917;0,1045137138270301;0,0
Concorrencial;Gestão de canal de dúvidas;;Abel;2026-04-17 09:04:00;2026-04-20 09:01:59.999999999;2026-04-20 11:01:59.999999999;1,0;;2,0;2026-04-20 11:01:59.999999999;;AHP_APRENDIZAGEM_ESPECIALIZACAO_WORKLOAD;;;;;CONCLUIDA;True;0,9964033866419257;1,0;1,0;0,9769716240312319;0,6586441863669917;0,1851740071976712;0,15258519307726282
Direito digital;Revisão jurídica de contratos com provedores de tecnologia e SaaS;;Abel;2026-04-20 09:00:00;2026-04-20 11:01:59.999999999;2026-04-21 11:02:00.000000000;3,0;;8,0;2026-04-21 11:02:00.000000000;;AHP_APRENDIZAGEM_ESPECIALIZACAO_WORKLOAD;;;;;CONCLUIDA;True;0,9990604910811832;1,0;1,0;0,9939845175295383;0,6586441863669917;0,1851740071976712;0,1552422975165203
Regulatório;Enquadramento jurídico-regulatório de tokens, valores mobiliários e instrumentos financeiros;;Caim;2026-04-20 09:01:00;2026-04-20 15:00:00.000000000;2026-04-21 15:00:00.000000000;3,0;;8,0;2026-04-21 15:00:00.000000000;;AHP_APRENDIZAGEM_ESPECIALIZACAO_WORKLOAD;;;;;CONCLUIDA;True;0,8437780046463068;0,7670104106281598;1,0;0,9822978303747388;0,5051869478431965;0,1851740071976712;0,15341704960543906
Contratos;Contratos Financeiros ou Bancários;;Adão;2026-04-20 09:02:00;2026-06-17 11:01:00.000000000;2026-06-18 11:01:00.000000000;3,0;;8,0;2026-06-18 11:01:00.000000000;;AHP_APRENDIZAGEM_ESPECIALIZACAO_WORKLOAD;;;;;CONCLUIDA;True;0,76746400033526;1,0;0,587662467400753;0,0;0,6586441863669917;0,10881981396826824;0,0
Direito digital;Avaliação de fornecedores sob a ótica de privacidade (vendor assessment);;Abel;2026-04-20 09:03:00;2026-04-21 11:02:00.000000000;2026-04-21 13:02:00.000000000;1,0;;2,0;2026-04-21 13:02:00.000000000;;AHP_APRENDIZAGEM_ESPECIALIZACAO_WORKLOAD;;;;;CONCLUIDA;True;0,9954931639824531;1,0;1,0;0,9711436554589163;0,6586441863669917;0,1851740071976712;0,15167497041779018
Regulatório;Estruturação de políticas exigidas por CVM e BCB;;Caim;2026-04-20 09:04:00;2026-04-21 15:00:00.000000000;2026-04-24 15:00:00.000000000;5,0;;24,0;2026-04-24 15:00:00.000000000;;AHP_APRENDIZAGEM_ESPECIALIZACAO_WORKLOAD;;;;;CONCLUIDA;True;0,8402524502472195;0,7670104106281598;1,0;0,9597244303126332;0,5051869478431965;0,1851740071976712;0,14989149520635187
Governança;Política de PLDFTP e Fraudes;;Adão;2026-04-21 09:00:00;2026-06-18 11:01:00.000000000;2026-06-19 11:01:00.000000000;3,0;;8,0;2026-06-19 11:01:00.000000000;;AHP_APRENDIZAGEM_ESPECIALIZACAO_WORKLOAD;;;;;CONCLUIDA;True;0,8438181935646629;1,0;1,0;0,0;0,6586441863669917;0,1851740071976712;0,0
Trabalhista;Gestão de escritórios externos;;Abel;2026-04-21 09:01:00;2026-04-21 13:02:00.000000000;2026-04-21 15:02:00.000000000;1,0;;2,0;2026-04-21 15:02:00.000000000;;AHP_APRENDIZAGEM_ESPECIALIZACAO_WORKLOAD;;;;;CONCLUIDA;True;0,9981869067750027;1,0;1,0;0,9883911368015321;0,6586441863669917;0,1851740071976712;0,15436871321033968
Governança;Estruturação de framework de riscos;;Adão;2026-04-21 09:02:00;2026-06-19 11:01:00.000000000;2026-06-24 11:00:59.999999999;5,0;;24,0;2026-06-24 11:00:59.999999999;;AHP_APRENDIZAGEM_ESPECIALIZACAO_WORKLOAD;;;;;CONCLUIDA;True;0,8438181935646629;1,0;1,0;0,0;0,6586441863669917;0,1851740071976712;0,0
Contencioso;Contencioso Civil;;Adão;2026-04-21 09:03:00;2026-06-24 11:00:59.999999999;2026-06-26 11:00:59.999999999;4,0;;16,0;2026-06-26 11:00:59.999999999;;AHP_APRENDIZAGEM_ESPECIALIZACAO_WORKLOAD;;;;;CONCLUIDA;True;0,8438181935646629;1,0;1,0;0,0;0,6586441863669917;0,1851740071976712;0,0
Regulatório;Preparação de informações e documentos para fiscalização;;Abel;2026-04-21 09:04:00;2026-04-21 15:02:00.000000000;2026-04-23 15:02:00.000000000;4,0;;16,0;2026-04-23 15:02:00.000000000;;AHP_APRENDIZAGEM_ESPECIALIZACAO_WORKLOAD;;;;;CONCLUIDA;True;0,8157780687133389;1,0;0,01818072630355296;0,9845403117847624;0,6586441863669917;0,0033665979433930055;0,1537672844029542
Contratos;Contrato de Manutenção de Sistemas;;Adão;2026-04-22 09:00:00;2026-06-26 11:00:59.999999999;2026-06-29 11:01:00.000000000;3,0;;8,0;2026-06-29 11:01:00.000000000;;AHP_APRENDIZAGEM_ESPECIALIZACAO_WORKLOAD;;;;;CONCLUIDA;True;0,7716628739468803;1,0;0,6103377536094599;0,0;0,6586441863669917;0,11301868757988859;0,0
Contratos;Contrato de Hosting;;Adão;2026-04-22 09:01:00;2026-06-29 11:01:00.000000000;2026-06-30 11:01:00.000000000;3,0;;8,0;2026-06-30 11:01:00.000000000;;AHP_APRENDIZAGEM_ESPECIALIZACAO_WORKLOAD;;;;;CONCLUIDA;True;0,775744002210628;1,0;0,6323771765582281;0,0;0,6586441863669917;0,11709981584363631;0,0
Regulatório;Estruturação de políticas exigidas por CVM e BCB;;Abel;2026-04-22 09:02:00;2026-04-23 15:02:00.000000000;2026-04-28 15:02:00.000000000;5,0;;24,0;2026-04-28 15:02:00.000000000;;AHP_APRENDIZAGEM_ESPECIALIZACAO_WORKLOAD;;;;;CONCLUIDA;True;0,8125886124652733;1,0;0,017888373283256886;0,9644655019247602;0,6586441863669917;0,0033124617631084393;0,15063196433517315
Contratos;NDA;;Adão;2026-04-22 09:03:00;2026-06-30 11:01:00.000000000;2026-06-30 13:01:00.000000000;1,0;;2,0;2026-06-30 13:01:00.000000000;;AHP_APRENDIZAGEM_ESPECIALIZACAO_WORKLOAD;;;;;CONCLUIDA;True;0,775744002210628;1,0;0,6323771765582281;0,0;0,6586441863669917;0,11709981584363631;0,0
Contratos;Contrato de Representação Comercial;;Adão;2026-04-22 09:04:00;2026-06-30 13:01:00.000000000;2026-07-01 13:01:00.000000000;3,0;;8,0;2026-07-01 13:01:00.000000000;;AHP_APRENDIZAGEM_ESPECIALIZACAO_WORKLOAD;;;;;CONCLUIDA;True;0,775744002210628;1,0;0,6323771765582281;0,0;0,6586441863669917;0,11709981584363631;0,0
Concorrencial;Monitoramento regulatório e jurisprudencial;;Abel;2026-04-23 09:00:00;2026-04-28 15:02:00.000000000;2026-04-29 15:02:00.000000000;3,0;;8,0;2026-04-29 15:02:00.000000000;;AHP_APRENDIZAGEM_ESPECIALIZACAO_WORKLOAD;;;;;CONCLUIDA;True;0,9881553968605498;1,0;1,0;0,9241614410167923;0,6586441863669917;0,1851740071976712;0,14433720329588687
Societário;Regularização societária;;Esaú;2026-04-23 09:01:00;2026-04-23 09:01:00.000000000;2026-04-24 09:00:59.999999999;3,0;;8,0;2026-04-24 09:00:59.999999999;;AHP_APRENDIZAGEM_ESPECIALIZACAO_WORKLOAD;;;;;CONCLUIDA;True;0,8304866320644588;1,0;0,08457255691082208;1,0;0,6586441863669917;0,015660639262130023;0,1561818064353371
Contratos;Contrato de Mútuo, Doação ou Comodato;;Adão;2026-04-23 09:02:00;2026-07-01 13:01:00.000000000;2026-07-02 13:01:00.000000000;3,0;;8,0;2026-07-02 13:01:00.000000000;;AHP_APRENDIZAGEM_ESPECIALIZACAO_WORKLOAD;;;;;CONCLUIDA;True;0,775744002210628;1,0;0,6323771765582281;0,0;0,6586441863669917;0,11709981584363631;0,0
Concorrencial;Gestão de canal de dúvidas;;Abel;2026-04-23 09:03:00;2026-04-29 15:02:00.000000000;2026-04-30 09:02:00.000000000;1,0;;2,0;2026-04-30 09:02:00.000000000;;AHP_APRENDIZAGEM_ESPECIALIZACAO_WORKLOAD;;;;;CONCLUIDA;True;0,9853148635668729;1,0;1,0;0,9059740902714745;0,6586441863669917;0,1851740071976712;0,14149667000221006
Contratos;MoU;;Adão;2026-04-23 09:04:00;2026-07-02 13:01:00.000000000;2026-07-02 15:01:00.000000000;1,0;;2,0;2026-07-02 15:01:00.000000000;;AHP_APRENDIZAGEM_ESPECIALIZACAO_WORKLOAD;;;;;CONCLUIDA;True;0,775744002210628;1,0;0,6323771765582281;0,0;0,6586441863669917;0,11709981584363631;0,0
Contratos;Contratos Administrativos;;Adão;2026-04-24 09:00:00;2026-07-02 15:01:00.000000000;2026-07-03 15:01:00.000000000;3,0;;8,0;2026-07-03 15:01:00.000000000;;AHP_APRENDIZAGEM_ESPECIALIZACAO_WORKLOAD;;;;;CONCLUIDA;True;0,7796982664127594;1,0;0,653731492220416;0,0;0,6586441863669917;0,12105408004576765;0,0
Contratos;NDA;;Adão;2026-04-24 09:01:00;2026-07-03 15:01:00.000000000;2026-07-06 09:00:59.999999999;1,0;;2,0;2026-07-06 09:00:59.999999999;;AHP_APRENDIZAGEM_ESPECIALIZACAO_WORKLOAD;;;;;CONCLUIDA;True;0,7796982664127594;1,0;0,653731492220416;0,0;0,6586441863669917;0,12105408004576765;0,0
Contratos;NDA;;Adão;2026-04-24 09:02:00;2026-07-06 09:00:59.999999999;2026-07-06 11:00:59.999999999;1,0;;2,0;2026-07-06 11:00:59.999999999;;AHP_APRENDIZAGEM_ESPECIALIZACAO_WORKLOAD;;;;;CONCLUIDA;True;0,7796982664127594;1,0;0,653731492220416;0,0;0,6586441863669917;0,12105408004576765;0,0
Concorrencial;Gestão de canal de dúvidas;;Abel;2026-04-24 09:03:00;2026-04-30 09:02:00.000000000;2026-04-30 11:02:00.000000000;1,0;;2,0;2026-04-30 11:02:00.000000000;;AHP_APRENDIZAGEM_ESPECIALIZACAO_WORKLOAD;;;;;CONCLUIDA;True;0,9878155587222778;1,0;1,0;0,9219855272786405;0,6586441863669917;0,1851740071976712;0,14399736515761485
Contratos;Contrato de Mandato;;Adão;2026-04-24 09:04:00;2026-07-06 11:00:59.999999999;2026-07-07 11:01:00.000000000;3,0;;8,0;2026-07-07 11:01:00.000000000;;AHP_APRENDIZAGEM_ESPECIALIZACAO_WORKLOAD;;;;;CONCLUIDA;True;0,7796982664127594;1,0;0,653731492220416;0,0;0,6586441863669917;0,12105408004576765;0,0
Contratos;Contrato de SaaS;;Adão;2026-04-27 09:00:00;2026-07-07 11:01:00.000000000;2026-07-08 11:01:00.000000000;3,0;;8,0;2026-07-08 11:01:00.000000000;;AHP_APRENDIZAGEM_ESPECIALIZACAO_WORKLOAD;;;;;CONCLUIDA;True;0,7835179852228933;1,0;0,6743592189080846;0,0;0,6586441863669917;0,12487379885590158;0,0
Direito financeiro;Estruturação jurídica de debêntures, CRI, CRA, notas comerciais;;Abel;2026-04-27 09:01:00;2026-04-30 11:02:00.000000000;2026-05-05 11:01:59.999999999;5,0;;24,0;2026-05-05 11:01:59.999999999;;AHP_APRENDIZAGEM_ESPECIALIZACAO_WORKLOAD;;;;;CONCLUIDA;True;0,9902791148386938;1,0;1,0;0,9377591706539076;0,6586441863669917;0,1851740071976712;0,14646092127403085
Concorrencial;Avaliação de riscos concorrenciais;;Abel;2026-04-27 09:02:00;2026-05-05 11:01:59.999999999;2026-05-05 13:01:59.999999999;1,0;;2,0;2026-05-05 13:01:59.999999999;;AHP_APRENDIZAGEM_ESPECIALIZACAO_WORKLOAD;;;;;CONCLUIDA;True;0,98131722081;1,0;1,0;0,8803780055026118;0,6586441863669917;0,1851740071976712;0,13749902724533705
Governança;Trasnparência e divulgação de informações;;Adão;2026-04-27 09:03:00;2026-07-08 11:01:00.000000000;2026-07-08 13:01:00.000000000;1,0;;2,0;2026-07-08 13:01:00.000000000;;AHP_APRENDIZAGEM_ESPECIALIZACAO_WORKLOAD;;;;;CONCLUIDA;True;0,8438181935646629;1,0;1,0;0,0;0,6586441863669917;0,1851740071976712;0,0
Regulatório;Interface com áreas de produto, tecnologia e negócios;;Abel;2026-04-27 09:04:00;2026-05-05 13:01:59.999999999;2026-05-05 15:01:59.999999999;1,0;;2,0;2026-05-05 15:01:59.999999999;;AHP_APRENDIZAGEM_ESPECIALIZACAO_WORKLOAD;;;;;CONCLUIDA;True;0,8070833607450691;1,0;0,06255774564007821;0,876255109735286;0,6586441863669917;0,011584068441425927;0,1368551059366515
Contratos;Contrato de Representação Comercial;;Adão;2026-04-28 09:00:00;2026-07-08 13:01:00.000000000;2026-07-09 13:01:00.000000000;3,0;;8,0;2026-07-09 13:01:00.000000000;;AHP_APRENDIZAGEM_ESPECIALIZACAO_WORKLOAD;;;;;CONCLUIDA;True;0,7871969210587997;1,0;0,6942266716439277;0,0;0,6586441863669917;0,12855273469180797;0,0
Societário;Regularização societária;;Esaú;2026-04-28 09:01:00;2026-04-28 09:01:00.000000000;2026-04-29 09:00:59.999999999;3,0;;8,0;2026-04-29 09:00:59.999999999;;AHP_APRENDIZAGEM_ESPECIALIZACAO_WORKLOAD;;;;;CONCLUIDA;True;0,8340165725545521;1,0;0,10363538621129247;1,0;0,6586441863669917;0,019190579752223304;0,1561818064353371
Contratos;Contrato de compra e venda;;Adão;2026-04-28 09:02:00;2026-07-09 13:01:00.000000000;2026-07-10 13:01:00.000000000;3,0;;8,0;2026-07-10 13:01:00.000000000;;AHP_APRENDIZAGEM_ESPECIALIZACAO_WORKLOAD;;;;;CONCLUIDA;True;0,7871969210587997;1,0;0,6942266716439277;0,0;0,6586441863669917;0,12855273469180797;0,0
Direito digital;Comunicação de incidentes às autoridades competentes;;Abel;2026-04-28 09:03:00;2026-05-05 15:01:59.999999999;2026-05-06 09:02:00.000000000;1,0;;2,0;2026-05-06 09:02:00.000000000;;AHP_APRENDIZAGEM_ESPECIALIZACAO_WORKLOAD;;;;;CONCLUIDA;True;0,9832188798210385;1,0;1,0;0,8925539372224554;0,6586441863669917;0,1851740071976712;0,13940068625637556
Regulatório;Registro de companhias abertas, emissores e participantes de mercado na CVM;;Abel;2026-04-28 09:04:00;2026-05-06 09:02:00.000000000;2026-05-06 11:02:00.000000000;1,0;;2,0;2026-05-06 11:02:00.000000000;;AHP_APRENDIZAGEM_ESPECIALIZACAO_WORKLOAD;;;;;CONCLUIDA;True;0,8089044632797717;1,0;0,06255774564007821;0,8879152548973062;0,6586441863669917;0,011584068441425927;0,1386762084713541
Regulatório;Análise de requisitos de administradores, conselheiros e diretores;;Abel;2026-04-29 09:00:00;2026-05-06 11:02:00.000000000;2026-05-06 13:02:00.000000000;1,0;;2,0;2026-05-06 13:02:00.000000000;;AHP_APRENDIZAGEM_ESPECIALIZACAO_WORKLOAD;;;;;CONCLUIDA;True;0,8299585399026982;1,0;0,16612754324745527;0,8999246061663558;0,6586441863669917;0,030762502889035714;0,14055185064667075
Concorrencial;Monitoramento regulatório e jurisprudencial;;Abel;2026-04-29 09:01:00;2026-05-06 13:02:00.000000000;2026-05-07 13:02:00.000000000;3,0;;8,0;2026-05-07 13:02:00.000000000;;AHP_APRENDIZAGEM_ESPECIALIZACAO_WORKLOAD;;;;;CONCLUIDA;True;0,9836318987779367;1,0;1,0;0,8951984126983434;0,6586441863669917;0,1851740071976712;0,1398137052132737
Contratos;Contrato de Desenvolvimento de Software;;Adão;2026-04-29 09:02:00;2026-07-10 13:01:00.000000000;2026-07-13 13:01:00.000000000;3,0;;8,0;2026-07-13 13:01:00.000000000;;AHP_APRENDIZAGEM_ESPECIALIZACAO_WORKLOAD;;;;;CONCLUIDA;True;0,7871969210587997;1,0;0,6942266716439277;0,0;0,6586441863669917;0,12855273469180797;0,0
Governança;Acompanhamento de planos de mitigação;;Adão;2026-04-29 09:03:00;2026-07-13 13:01:00.000000000;2026-07-13 15:01:00.000000000;1,0;;2,0;2026-07-13 15:01:00.000000000;;AHP_APRENDIZAGEM_ESPECIALIZACAO_WORKLOAD;;;;;CONCLUIDA;True;0,8438181935646629;1,0;1,0;0,0;0,6586441863669917;0,1851740071976712;0,0
Direito financeiro;Avaliação de risco e provisões;;Abel;2026-04-29 09:04:00;2026-05-07 13:02:00.000000000;2026-05-07 15:02:00.000000000;1,0;;2,0;2026-05-07 15:02:00.000000000;;AHP_APRENDIZAGEM_ESPECIALIZACAO_WORKLOAD;;;;;CONCLUIDA;True;0,9811228099210879;1,0;1,0;0,879133232546342;0,6586441863669917;0,1851740071976712;0,137304616356425
Contratos;Contrato de Mandato;;Adão;2026-04-30 09:00:00;2026-07-13 15:01:00.000000000;2026-07-14 15:01:00.000000000;3,0;;8,0;2026-07-14 15:01:00.000000000;;AHP_APRENDIZAGEM_ESPECIALIZACAO_WORKLOAD;;;;;CONCLUIDA;True;0,7874969832617327;1,0;0,6958471053509794;0,0;0,6586441863669917;0,1288527968947409;0,0
Societário;Gestão de earn-outs, ajustes de preço e garantias;;Esaú;2026-04-30 09:01:00;2026-04-30 09:01:00.000000000;2026-04-30 11:01:00.000000000;1,0;;2,0;2026-04-30 11:01:00.000000000;;AHP_APRENDIZAGEM_ESPECIALIZACAO_WORKLOAD;;;;;CONCLUIDA;True;0,8377076153632999;1,0;0,1235682205469863;1,0;0,6586441863669917;0,022881622560971062;0,1561818064353371
Contratos;Contrato de prestação de serviços;;Adão;2026-04-30 09:02:00;2026-07-14 15:01:00.000000000;2026-07-15 15:01:00.000000000;3,0;;8,0;2026-07-15 15:01:00.000000000;;AHP_APRENDIZAGEM_ESPECIALIZACAO_WORKLOAD;;;;;CONCLUIDA;True;0,7874969832617327;1,0;0,6958471053509794;0,0;0,6586441863669917;0,1288527968947409;0,0
Contratos;Contratos Financeiros ou Bancários;;Adão;2026-04-30 09:03:00;2026-07-15 15:01:00.000000000;2026-07-16 15:01:00.000000000;3,0;;8,0;2026-07-16 15:01:00.000000000;;AHP_APRENDIZAGEM_ESPECIALIZACAO_WORKLOAD;;;;;CONCLUIDA;True;0,7874969832617327;1,0;0,6958471053509794;0,0;0,6586441863669917;0,1288527968947409;0,0
Contratos;Contratos Financeiros ou Bancários;;Adão;2026-04-30 09:04:00;2026-07-16 15:01:00.000000000;2026-07-17 15:01:00.000000000;3,0;;8,0;2026-07-17 15:01:00.000000000;;AHP_APRENDIZAGEM_ESPECIALIZACAO_WORKLOAD;;;;;CONCLUIDA;True;0,7874969832617327;1,0;0,6958471053509794;0,0;0,6586441863669917;0,1288527968947409;0,0
Contratos;Contrato de Licença de Uso de Marca;;Adão;2026-05-01 09:00:00;2026-07-17 15:01:00.000000000;2026-07-20 15:01:00.000000000;3,0;;8,0;2026-07-20 15:01:00.000000000;;AHP_APRENDIZAGEM_ESPECIALIZACAO_WORKLOAD;;;;;CONCLUIDA;True;0,7874969832617327;1,0;0,6958471053509794;0,0;0,6586441863669917;0,1288527968947409;0,0
Societário;Consolidação das versões finais dos documentos;;Esaú;2026-05-01 09:01:00;2026-05-01 09:01:00.000000000;2026-05-01 11:01:00.000000000;1,0;;2,0;2026-05-01 11:01:00.000000000;;AHP_APRENDIZAGEM_ESPECIALIZACAO_WORKLOAD;;;;;CONCLUIDA;True;0,8380223947103148;1,0;0,12526813162942532;1,0;0,6586441863669917;0,023196401907986025;0,1561818064353371
Societário;Suporte jurídico às negociações comerciais;;Esaú;2026-05-01 09:02:00;2026-05-01 11:01:00.000000000;2026-05-04 11:01:00.000000000;3,0;;8,0;2026-05-04 11:01:00.000000000;;AHP_APRENDIZAGEM_ESPECIALIZACAO_WORKLOAD;;;;;CONCLUIDA;True;0,8373400776294448;1,0;0,12526813162942532;0,995631263996473;0,6586441863669917;0,023196401907986025;0,15549948935446717
Direito financeiro;Estratégias de prevenção de litígios;;Abel;2026-05-01 09:03:00;2026-05-07 15:02:00.000000000;2026-05-11 15:02:00.000000000;4,0;;16,0;2026-05-11 15:02:00.000000000;;AHP_APRENDIZAGEM_ESPECIALIZACAO_WORKLOAD;;;;;CONCLUIDA;True;0,9869322880951704;1,0;1,0;0,9163301270289769;0,6586441863669917;0,1851740071976712;0,14311409453050752
Governança;Gestão de fluxo de informações com Conselho de Administração;;Adão;2026-05-01 09:04:00;2026-07-20 15:01:00.000000000;2026-07-21 09:00:59.999999999;1,0;;2,0;2026-07-21 09:00:59.999999999;;AHP_APRENDIZAGEM_ESPECIALIZACAO_WORKLOAD;;;;;CONCLUIDA;True;0,8438181935646629;1,0;1,0;0,0;0,6586441863669917;0,1851740071976712;0,0
Concorrencial;Avaliação de riscos concorrenciais;;Abel;2026-05-04 09:00:00;2026-05-11 15:02:00.000000000;2026-05-12 09:02:00.000000000;1,0;;2,0;2026-05-12 09:02:00.000000000;;AHP_APRENDIZAGEM_ESPECIALIZACAO_WORKLOAD;;;;;CONCLUIDA;True;0,9839524515690612;1,0;1,0;0,8972508463232377;0,6586441863669917;0,1851740071976712;0,1401342580043983
Contencioso;Elaboração de recursos;;Adão;2026-05-04 09:01:00;2026-07-21 09:00:59.999999999;2026-07-23 09:00:59.999999999;4,0;;16,0;2026-07-23 09:00:59.999999999;;AHP_APRENDIZAGEM_ESPECIALIZACAO_WORKLOAD;;;;;CONCLUIDA;True;0,8438181935646629;1,0;1,0;0,0;0,6586441863669917;0,1851740071976712;0,0
Concorrencial;Contencioso Administrativo Concorrencial;;Abel;2026-05-04 09:02:00;2026-05-12 09:02:00.000000000;2026-05-14 09:01:59.999999999;4,0;;16,0;2026-05-14 09:01:59.999999999;;AHP_APRENDIZAGEM_ESPECIALIZACAO_WORKLOAD;;;;;CONCLUIDA;True;0,9838426810398564;1,0;1,0;0,8965480081904861;0,6586441863669917;0,1851740071976712;0,14002448747519353
Contencioso;Relatórios gerenciais;;Adão;2026-05-04 09:03:00;2026-07-23 09:00:59.999999999;2026-07-23 11:00:59.999999999;1,0;;2,0;2026-07-23 11:00:59.999999999;;AHP_APRENDIZAGEM_ESPECIALIZACAO_WORKLOAD;;;;;CONCLUIDA;True;0,8438181935646629;1,0;1,0;0,0;0,6586441863669917;0,1851740071976712;0,0
Societário;Regularização societária;;Esaú;2026-05-04 09:04:00;2026-05-04 11:01:00.000000000;2026-05-05 11:01:00.000000000;3,0;;8,0;2026-05-05 11:01:00.000000000;;AHP_APRENDIZAGEM_ESPECIALIZACAO_WORKLOAD;;;;;CONCLUIDA;True;0,8376846510940207;1,0;0,12697397035390884;0,9958150016096123;0,6586441863669917;0,023512278900231602;0,1555281858267974
Concorrencial;Análise de exclusividade, não concorrência e cláusulas MFN;;Abel;2026-05-05 09:00:00;2026-05-14 09:01:59.999999999;2026-05-14 11:01:59.999999999;1,0;;2,0;2026-05-14 11:01:59.999999999;;AHP_APRENDIZAGEM_ESPECIALIZACAO_WORKLOAD;;;;;CONCLUIDA;True;0,9808928629513847;1,0;1,0;0,877660929369989;0,6586441863669917;0,1851740071976712;0,1370746693867217
Direito digital;Avaliação de fornecedores sob a ótica de privacidade (vendor assessment);;Abel;2026-05-05 09:01:00;2026-05-14 11:01:59.999999999;2026-05-14 13:01:59.999999999;1,0;;2,0;2026-05-14 13:01:59.999999999;;AHP_APRENDIZAGEM_ESPECIALIZACAO_WORKLOAD;;;;;CONCLUIDA;True;0,980215834490582;1,0;1,0;0,8733260553135613;0,6586441863669917;0,1851740071976712;0,13639764092591913
Concorrencial;M&A Concorrencial;;Abel;2026-05-05 09:02:00;2026-05-14 13:01:59.999999999;2026-05-19 13:01:59.999999999;5,0;;24,0;2026-05-19 13:01:59.999999999;;AHP_APRENDIZAGEM_ESPECIALIZACAO_WORKLOAD;;;;;CONCLUIDA;True;0,979538756753717;1,0;1,0;0,8689908657526354;0,6586441863669917;0,1851740071976712;0,13572056318905412
Regulatório;Apoio jurídico em consultas públicas e audiências regulatórias;;Abel;2026-05-05 09:03:00;2026-05-19 13:01:59.999999999;2026-05-20 13:02:00.000000000;3,0;;8,0;2026-05-20 13:02:00.000000000;;AHP_APRENDIZAGEM_ESPECIALIZACAO_WORKLOAD;;;;;CONCLUIDA;True;0,8169473965347643;1,0;0,16612754324745527;0,8166169299081689;0,6586441863669917;0,030762502889035714;0,1275407072787369
Societário;Reorganizações societárias internas;;Esaú;2026-05-05 09:04:00;2026-05-05 11:01:00.000000000;2026-05-08 11:00:59.999999999;5,0;;24,0;2026-05-08 11:00:59.999999999;;AHP_APRENDIZAGEM_ESPECIALIZACAO_WORKLOAD;;;;;CONCLUIDA;True;0,8415485157085723;1,0;0,14790176077971964;0,9957418932197838;0,6586441863669917;0,027387561715172048;0,15551676762640837
Regulatório;Avaliação de conflitos de interesses e deveres fiduciários;;Abel;2026-05-06 09:00:00;2026-05-20 13:02:00.000000000;2026-05-20 15:02:00.000000000;1,0;;2,0;2026-05-20 15:02:00.000000000;;AHP_APRENDIZAGEM_ESPECIALIZACAO_WORKLOAD;;;;;CONCLUIDA;True;0,8167790531197081;1,0;0,16804456979858615;0,8132661753268398;0,6586441863669917;0,031117486377412948;0,1270173803753034
Contratos;Contrato de Transferência de Tecnologia;;Adão;2026-05-06 09:01:00;2026-07-23 11:00:59.999999999;2026-07-24 11:01:00.000000000;3,0;;8,0;2026-07-24 11:01:00.000000000;;AHP_APRENDIZAGEM_ESPECIALIZACAO_WORKLOAD;;;;;CONCLUIDA;True;0,7913047310061778;1,0;0,7164101843817227;0,0;0,6586441863669917;0,13266054463918606;0,0
Governança;Treinamentos corporativos;;Adão;2026-05-06 09:02:00;2026-07-24 11:01:00.000000000;2026-07-24 13:01:00.000000000;1,0;;2,0;2026-07-24 13:01:00.000000000;;AHP_APRENDIZAGEM_ESPECIALIZACAO_WORKLOAD;;;;;CONCLUIDA;True;0,8438181935646629;1,0;1,0;0,0;0,6586441863669917;0,1851740071976712;0,0
Contencioso;Avaliação de riscos, êxito e impacto financeiro;;Adão;2026-05-06 09:03:00;2026-07-24 13:01:00.000000000;2026-07-24 15:01:00.000000000;1,0;;2,0;2026-07-24 15:01:00.000000000;;AHP_APRENDIZAGEM_ESPECIALIZACAO_WORKLOAD;;;;;CONCLUIDA;True;0,8438181935646629;1,0;1,0;0,0;0,6586441863669917;0,1851740071976712;0,0
Contratos;Contratos imobiliários;;Adão;2026-05-06 09:04:00;2026-07-24 15:01:00.000000000;2026-07-27 15:01:00.000000000;3,0;;8,0;2026-07-27 15:01:00.000000000;;AHP_APRENDIZAGEM_ESPECIALIZACAO_WORKLOAD;;;;;CONCLUIDA;True;0,7913047310061778;1,0;0,7164101843817227;0,0;0,6586441863669917;0,13266054463918606;0,0
Governança;Preparação de reuniões, materiais, pautas e apreentações;;Adão;2026-05-07 09:00:00;2026-07-27 15:01:00.000000000;2026-07-28 09:00:59.999999999;1,0;;2,0;2026-07-28 09:00:59.999999999;;AHP_APRENDIZAGEM_ESPECIALIZACAO_WORKLOAD;;;;;CONCLUIDA;True;0,8438181935646629;1,0;1,0;0,0;0,6586441863669917;0,1851740071976712;0,0
Contratos;Contrato de compra e venda;;Adão;2026-05-07 09:01:00;2026-07-28 09:00:59.999999999;2026-07-29 09:00:59.999999999;3,0;;8,0;2026-07-29 09:00:59.999999999;;AHP_APRENDIZAGEM_ESPECIALIZACAO_WORKLOAD;;;;;CONCLUIDA;True;0,7946639464615839;1,0;0,734551042843678;0,0;0,6586441863669917;0,1360197600945921;0,0
Regulatório;Interface com reguladores durante processos de autorização;;Abel;2026-05-07 09:02:00;2026-05-20 15:02:00.000000000;2026-05-21 15:02:00.000000000;3,0;;8,0;2026-05-21 15:02:00.000000000;;AHP_APRENDIZAGEM_ESPECIALIZACAO_WORKLOAD;;;;;CONCLUIDA;True;0,820846143817956;1,0;0,17189652149316292;0,8347399272572211;0,6586441863669917;0,03183076770822959;0,13037118974273468
Contratos;Contratos imobiliários;;Adão;2026-05-07 09:03:00;2026-07-29 09:00:59.999999999;2026-07-30 09:00:59.999999999;3,0;;8,0;2026-07-30 09:00:59.999999999;;AHP_APRENDIZAGEM_ESPECIALIZACAO_WORKLOAD;;;;;CONCLUIDA;True;0,7946639464615839;1,0;0,734551042843678;0,0;0,6586441863669917;0,1360197600945921;0,0
Regulatório;Análise de risco sancionador e reputacional;;Abel;2026-05-07 09:04:00;2026-05-21 15:02:00.000000000;2026-05-22 09:02:00.000000000;1,0;;2,0;2026-05-22 09:02:00.000000000;;AHP_APRENDIZAGEM_ESPECIALIZACAO_WORKLOAD;;;;;CONCLUIDA;True;0,8186821187911455;1,0;0,17189652149316292;0,8208841198734942;0,6586441863669917;0,03183076770822959;0,12820716471592414
Direito digital;Treinamentos e conscientização sobre LGPD e segurança da informação;;Abel;2026-05-08 09:00:00;2026-05-22 09:02:00.000000000;2026-05-22 11:02:00.000000000;1,0;;2,0;2026-05-22 11:02:00.000000000;;AHP_APRENDIZAGEM_ESPECIALIZACAO_WORKLOAD;;;;;CONCLUIDA;True;0,9735184126795335;1,0;1,0;0,8304438402597781;0,6586441863669917;0,1851740071976712;0,12970021911487067
Contratos;Contratos imobiliários;;Adão;2026-05-08 09:01:00;2026-07-30 09:00:59.999999999;2026-07-31 09:00:59.999999999;3,0;;8,0;2026-07-31 09:00:59.999999999;;AHP_APRENDIZAGEM_ESPECIALIZACAO_WORKLOAD;;;;;CONCLUIDA;True;0,7978717526519764;1,0;0,7518742419197139;0,0;0,6586441863669917;0,13922756628498467;0,0
Contratos;Contrato de Distribuição;;Adão;2026-05-08 09:02:00;2026-07-31 09:00:59.999999999;2026-08-03 09:00:59.999999999;3,0;;8,0;2026-08-03 09:00:59.999999999;;AHP_APRENDIZAGEM_ESPECIALIZACAO_WORKLOAD;;;;;CONCLUIDA;True;0,7978717526519764;1,0;0,7518742419197139;0,0;0,6586441863669917;0,13922756628498467;0,0
Regulatório;Análise regulatória de novos produtos financeiros e de investimento;;Abel;2026-05-08 09:03:00;2026-05-22 11:02:00.000000000;2026-05-25 11:02:00.000000000;3,0;;8,0;2026-05-25 11:02:00.000000000;;AHP_APRENDIZAGEM_ESPECIALIZACAO_WORKLOAD;;;;;CONCLUIDA;True;0,8204166380344378;1,0;0,17189652149316292;0,8319898900197145;0,6586441863669917;0,03183076770822959;0,12994168395921646
Societário;Integração societária;;Esaú;2026-05-08 09:04:00;2026-05-08 11:00:59.999999999;2026-05-08 13:00:59.999999999;1,0;;2,0;2026-05-08 13:00:59.999999999;;AHP_APRENDIZAGEM_ESPECIALIZACAO_WORKLOAD;;;;;CONCLUIDA;True;0,8456177798140977;1,0;0,16965630637577145;0,9960036889031185;0,6586441863669917;0,03141593809795741;0,15555765534914856
Contratos;Letter of Intent;;Adão;2026-05-11 09:00:00;2026-08-03 09:00:59.999999999;2026-08-03 11:00:59.999999999;1,0;;2,0;2026-08-03 11:00:59.999999999;;AHP_APRENDIZAGEM_ESPECIALIZACAO_WORKLOAD;;;;;CONCLUIDA;True;0,7978717526519764;1,0;0,7518742419197139;0,0;0,6586441863669917;0,13922756628498467;0,0
Direito digital;Análise de relatórios de impacto à proteção de dados (DPIA / RIPD);;Abel;2026-05-11 09:01:00;2026-05-25 11:02:00.000000000;2026-05-25 13:02:00.000000000;1,0;;2,0;2026-05-25 13:02:00.000000000;;AHP_APRENDIZAGEM_ESPECIALIZACAO_WORKLOAD;;;;;CONCLUIDA;True;0,9734242507099331;1,0;1,0;0,8298409405254898;0,6586441863669917;0,1851740071976712;0,12960605714527015
Direito digital;Apoio jurídico ao Encarregado/DPO;;Abel;2026-05-11 09:02:00;2026-05-25 13:02:00.000000000;2026-05-25 15:02:00.000000000;1,0;;2,0;2026-05-25 15:02:00.000000000;;AHP_APRENDIZAGEM_ESPECIALIZACAO_WORKLOAD;;;;;CONCLUIDA;True;0,9727806527046388;1,0;1,0;0,825720114803316;0,6586441863669917;0,1851740071976712;0,12896245913997584
Contratos;Contrato de Locação;;Adão;2026-05-11 09:03:00;2026-08-03 11:00:59.999999999;2026-08-04 11:01:00.000000000;3,0;;8,0;2026-08-04 11:01:00.000000000;;AHP_APRENDIZAGEM_ESPECIALIZACAO_WORKLOAD;;;;;CONCLUIDA;True;0,7978717526519764;1,0;0,7518742419197139;0,0;0,6586441863669917;0,13922756628498467;0,0
Propriedade intelectual;Análise de titularidade de software desenvolvido internamente;;Abel;2026-05-11 09:04:00;2026-05-25 15:02:00.000000000;2026-05-26 09:02:00.000000000;1,0;;2,0;2026-05-26 09:02:00.000000000;;AHP_APRENDIZAGEM_ESPECIALIZACAO_WORKLOAD;;;;;CONCLUIDA;True;0,9725963275982609;1,0;1,0;0,8245399190392582;0,6586441863669917;0,1851740071976712;0,12877813403359795
Contencioso;Acompanhamento de audiências;;Adão;2026-05-12 09:00:00;2026-08-04 11:01:00.000000000;2026-08-04 13:01:00.000000000;1,0;;2,0;2026-08-04 13:01:00.000000000;;AHP_APRENDIZAGEM_ESPECIALIZACAO_WORKLOAD;;;;;CONCLUIDA;True;0,8438181935646629;1,0;1,0;0,0;0,6586441863669917;0,1851740071976712;0,0
Regulatório;Análise regulatória de novos produtos financeiros e de investimento;;Abel;2026-05-12 09:01:00;2026-05-26 09:02:00.000000000;2026-05-27 09:01:59.999999999;3,0;;8,0;2026-05-27 09:01:59.999999999;;AHP_APRENDIZAGEM_ESPECIALIZACAO_WORKLOAD;;;;;CONCLUIDA;True;0,8208362077317539;1,0;0,17189652149316292;0,8346763085398501;0,6586441863669917;0,03183076770822959;0,1303612536565326
Contratos;Contrato de compra e venda;;Adão;2026-05-12 09:02:00;2026-08-04 13:01:00.000000000;2026-08-05 13:01:00.000000000;3,0;;8,0;2026-08-05 13:01:00.000000000;;AHP_APRENDIZAGEM_ESPECIALIZACAO_WORKLOAD;;;;;CONCLUIDA;True;0,8056836612720905;1,0;0,7940610949145562;0,0;0,6586441863669917;0,1470394749050987;0,0
Direito digital;Estruturação de contratos de processamento de dados (DPA);;Abel;2026-05-12 09:03:00;2026-05-27 09:01:59.999999999;2026-06-01 09:01:59.999999999;5,0;;24,0;2026-06-01 09:01:59.999999999;;AHP_APRENDIZAGEM_ESPECIALIZACAO_WORKLOAD;;;;;CONCLUIDA;True;0,9720684410810351;1,0;1,0;0,8211599701881458;0,6586441863669917;0,1851740071976712;0,12825024751637218
Contratos;Contrato de Cessão de Crédito;;Adão;2026-05-12 09:04:00;2026-08-05 13:01:00.000000000;2026-08-06 13:01:00.000000000;3,0;;8,0;2026-08-06 13:01:00.000000000;;AHP_APRENDIZAGEM_ESPECIALIZACAO_WORKLOAD;;;;;CONCLUIDA;True;0,8056836612720905;1,0;0,7940610949145562;0,0;0,6586441863669917;0,1470394749050987;0,0
Contratos;Contrato de prestação de serviços;;Adão;2026-05-13 09:00:00;2026-08-06 13:01:00.000000000;2026-08-07 13:01:00.000000000;3,0;;8,0;2026-08-07 13:01:00.000000000;;AHP_APRENDIZAGEM_ESPECIALIZACAO_WORKLOAD;;;;;CONCLUIDA;True;0,8056836612720905;1,0;0,7940610949145562;0,0;0,6586441863669917;0,1470394749050987;0,0
Contratos;Contrato de Escrow de Código-Fonte;;Adão;2026-05-13 09:01:00;2026-08-07 13:01:00.000000000;2026-08-10 13:01:00.000000000;3,0;;8,0;2026-08-10 13:01:00.000000000;;AHP_APRENDIZAGEM_ESPECIALIZACAO_WORKLOAD;;;;;CONCLUIDA;True;0,8083381983624749;1,0;0,8083964605015351;0,0;0,6586441863669917;0,14969401199548318;0,0
Contratos;Contrato de Distribuição;;Adão;2026-05-13 09:02:00;2026-08-10 13:01:00.000000000;2026-08-11 13:01:00.000000000;3,0;;8,0;2026-08-11 13:01:00.000000000;;AHP_APRENDIZAGEM_ESPECIALIZACAO_WORKLOAD;;;;;CONCLUIDA;True;0,8083381983624749;1,0;0,8083964605015351;0,0;0,6586441863669917;0,14969401199548318;0,0
Societário;Integração societária;;Esaú;2026-05-13 09:03:00;2026-05-13 09:03:00.000000000;2026-05-13 11:03:00.000000000;1,0;;2,0;2026-05-13 11:03:00.000000000;;AHP_APRENDIZAGEM_ESPECIALIZACAO_WORKLOAD;;;;;CONCLUIDA;True;0,8688088125713463;1,0;0,29152482352121656;1,0;0,6586441863669917;0,05398281976901758;0,1561818064353371
Contratos;Contrato de Cessão de Crédito;;Adão;2026-05-13 09:04:00;2026-08-11 13:01:00.000000000;2026-08-12 13:01:00.000000000;3,0;;8,0;2026-08-12 13:01:00.000000000;;AHP_APRENDIZAGEM_ESPECIALIZACAO_WORKLOAD;;;;;CONCLUIDA;True;0,8083381983624749;1,0;0,8083964605015351;0,0;0,6586441863669917;0,14969401199548318;0,0
Contencioso;Avaliação de precedentes relevantes;;Adão;2026-05-14 09:00:00;2026-08-12 13:01:00.000000000;2026-08-12 15:01:00.000000000;1,0;;2,0;2026-08-12 15:01:00.000000000;;AHP_APRENDIZAGEM_ESPECIALIZACAO_WORKLOAD;;;;;CONCLUIDA;True;0,8438181935646629;1,0;1,0;0,0;0,6586441863669917;0,1851740071976712;0,0
Regulatório;Enquadramento jurídico-regulatório de tokens, valores mobiliários e instrumentos financeiros;;Abel;2026-05-14 09:01:00;2026-06-01 09:01:59.999999999;2026-06-02 09:01:59.999999999;3,0;;8,0;2026-06-02 09:01:59.999999999;;AHP_APRENDIZAGEM_ESPECIALIZACAO_WORKLOAD;;;;;CONCLUIDA;True;0,8177068445880404;1,0;0,17189652149316292;0,8146396396400765;0,6586441863669917;0,03183076770822959;0,1272318905128192
Contencioso;Acordos, Mediação e Soluções Alternativas;;Adão;2026-05-14 09:02:00;2026-08-12 15:01:00.000000000;2026-08-13 15:01:00.000000000;3,0;;8,0;2026-08-13 15:01:00.000000000;;AHP_APRENDIZAGEM_ESPECIALIZACAO_WORKLOAD;;;;;CONCLUIDA;True;0,8438181935646629;1,0;1,0;0,0;0,6586441863669917;0,1851740071976712;0,0
Direito digital;Elaboração e atualização de políticas de privacidade e cookies;;Abel;2026-05-14 09:03:00;2026-06-02 09:01:59.999999999;2026-06-03 09:01:59.999999999;3,0;;8,0;2026-06-03 09:01:59.999999999;;AHP_APRENDIZAGEM_ESPECIALIZACAO_WORKLOAD;;;;;CONCLUIDA;True;0,9691229390218652;1,0;1,0;0,8023005260160141;0,6586441863669917;0,1851740071976712;0,12530474545720224
Societário;Due diligence societária;;Esaú;2026-05-14 09:04:00;2026-05-14 09:04:00.000000000;2026-05-19 09:03:59.999999999;5,0;;24,0;2026-05-19 09:03:59.999999999;;AHP_APRENDIZAGEM_ESPECIALIZACAO_WORKLOAD;;;;;CONCLUIDA;True;0,8692032803855372;1,0;0,29365507830243814;1,0;0,6586441863669917;0,054377287583208374;0,1561818064353371
Direito financeiro;Apoio na estruturação de financiamentos de aquisição;;Abel;2026-05-15 09:00:00;2026-06-03 09:01:59.999999999;2026-06-08 09:01:59.999999999;5,0;;24,0;2026-06-08 09:01:59.999999999;;AHP_APRENDIZAGEM_ESPECIALIZACAO_WORKLOAD;;;;;CONCLUIDA;True;0,9686339938944277;1,0;1,0;0,7991699108784569;0,6586441863669917;0,1851740071976712;0,12481580032976476
Governança;Avaliação periódica da efetividade da governança;;Adão;2026-05-15 09:01:00;2026-08-13 15:01:00.000000000;2026-08-14 15:01:00.000000000;3,0;;8,0;2026-08-14 15:01:00.000000000;;AHP_APRENDIZAGEM_ESPECIALIZACAO_WORKLOAD;;;;;CONCLUIDA;True;0,8438181935646629;1,0;1,0;0,0;0,6586441863669917;0,1851740071976712;0,0
Direito financeiro;Apoio em processos administrativos regulatórios;;Abel;2026-05-15 09:02:00;2026-06-08 09:01:59.999999999;2026-06-09 09:01:59.999999999;3,0;;8,0;2026-06-09 09:01:59.999999999;;AHP_APRENDIZAGEM_ESPECIALIZACAO_WORKLOAD;;;;;CONCLUIDA;True;0,961992576652574;1,0;1,0;0,7566462815682566;0,6586441863669917;0,1851740071976712;0,11817438308791103
Concorrencial;Revisão concorrencial de documentos;;Abel;2026-05-15 09:03:00;2026-06-09 09:01:59.999999999;2026-06-10 09:01:59.999999999;3,0;;8,0;2026-06-10 09:01:59.999999999;;AHP_APRENDIZAGEM_ESPECIALIZACAO_WORKLOAD;;;;;CONCLUIDA;True;0,9596207820931623;1,0;1,0;0,741460168578882;0,6586441863669917;0,1851740071976712;0,11580258852849937
Contratos;Contrato de Desenvolvimento de Software;;Caim;2026-05-15 09:04:00;2026-05-15 09:04:00.000000000;2026-05-18 09:03:59.999999999;3,0;;8,0;2026-05-18 09:03:59.999999999;;AHP_APRENDIZAGEM_ESPECIALIZACAO_WORKLOAD;;;;;CONCLUIDA;True;0,8148259928023288;1,0;0,0;1,0;0,6586441863669917;0,0;0,1561818064353371
Regulatório;Elaboração de defesas, manifestações e recursos;;Abel;2026-05-18 09:00:00;2026-06-10 09:01:59.999999999;2026-06-12 09:01:59.999999999;4,0;;16,0;2026-06-12 09:01:59.999999999;;AHP_APRENDIZAGEM_ESPECIALIZACAO_WORKLOAD;;;;;CONCLUIDA;True;0,8056427679066106;1,0;0,17189652149316292;0,7373958366851867;0,6586441863669917;0,03183076770822959;0,11516781383138928
Regulatório;Apoio jurídico a ofertas públicas (ICVM 160 e correlatas);;Abel;2026-05-18 09:01:00;2026-06-12 09:01:59.999999999;2026-06-12 13:01:59.999999999;2,0;;4,0;2026-06-12 13:01:59.999999999;;AHP_APRENDIZAGEM_ESPECIALIZACAO_WORKLOAD;;;;;CONCLUIDA;True;0,8008223249734003;1,0;0,17189652149316292;0,7065315315319103;0,6586441863669917;0,03183076770822959;0,11034737089817909
Direito financeiro;Análise de condições contratuais e riscos sistêmicos;;Abel;2026-05-18 09:02:00;2026-06-12 13:01:59.999999999;2026-06-12 15:01:59.999999999;1,0;;2,0;2026-06-12 15:01:59.999999999;;AHP_APRENDIZAGEM_ESPECIALIZACAO_WORKLOAD;;;;;CONCLUIDA;True;0,952963039086427;1,0;1,0;0,6988320087522651;0,6586441863669917;0,1851740071976712;0,10914484552176408
Direito financeiro;Estratégias de prevenção de litígios;;Abel;2026-05-18 09:03:00;2026-06-12 15:01:59.999999999;2026-06-16 15:02:00.000000000;4,0;;16,0;2026-06-16 15:02:00.000000000;;AHP_APRENDIZAGEM_ESPECIALIZACAO_WORKLOAD;;;;;CONCLUIDA;True;0,9523634936868927;1,0;1,0;0,6949932428087903;0,6586441863669917;0,1851740071976712;0,10854530012222972
Societário;Suporte jurídico às negociações comerciais;;Esaú;2026-05-18 09:04:00;2026-05-19 09:03:59.999999999;2026-05-20 09:03:59.999999999;3,0;;8,0;2026-05-20 09:03:59.999999999;;AHP_APRENDIZAGEM_ESPECIALIZACAO_WORKLOAD;;;;;CONCLUIDA;True;0,8667909733067845;1,0;0,29365507830243814;0,9845544936775239;0,6586441863669917;0,054377287583208374;0,15376949935658438
Contratos;Contrato de prestação de serviços;;Caim;2026-05-19 09:00:00;2026-05-19 09:00:00.000000000;2026-05-19 17:00:00.000000000;3,0;;8,0;2026-05-19 17:00:00.000000000;;AHP_APRENDIZAGEM_ESPECIALIZACAO_WORKLOAD;;;;;CONCLUIDA;True;0,8173464295014375;1,0;0,013611179761412972;1,0;0,6586441863669917;0,002520436699108682;0,1561818064353371
Regulatório;Apoio regulatório a fundos de investimento;;Abel;2026-05-19 09:01:00;2026-06-16 15:02:00.000000000;2026-06-19 15:02:00.000000000;5,0;;24,0;2026-06-19 15:02:00.000000000;;AHP_APRENDIZAGEM_ESPECIALIZACAO_WORKLOAD;;;;;CONCLUIDA;True;0,7958160097294918;1,0;0,17189652149316292;0,6744771241833739;0,6586441863669917;0,03183076770822959;0,10534105565427053
Regulatório;Análise regulatória de novos produtos financeiros e de investimento;;Abel;2026-05-19 09:02:00;2026-06-19 15:02:00.000000000;2026-06-22 15:02:00.000000000;3,0;;8,0;2026-06-22 15:02:00.000000000;;AHP_APRENDIZAGEM_ESPECIALIZACAO_WORKLOAD;;;;;CONCLUIDA;True;0,7884694800974335;1,0;0,17189652149316292;0,6274388051900539;0,6586441863669917;0,03183076770822959;0,09799452602221219
Concorrencial;Gestão de canal de dúvidas;;Abel;2026-05-19 09:03:00;2026-06-22 15:02:00.000000000;2026-06-23 09:02:00.000000000;1,0;;2,0;2026-06-23 09:02:00.000000000;;AHP_APRENDIZAGEM_ESPECIALIZACAO_WORKLOAD;;;;;CONCLUIDA;True;0,9393658514071581;1,0;1,0;0,6117720112428982;0,6586441863669917;0,1851740071976712;0,09554765784249519
Concorrencial;Gestão de canal de dúvidas;;Abel;2026-05-19 09:04:00;2026-06-23 09:02:00.000000000;2026-06-23 11:02:00.000000000;1,0;;2,0;2026-06-23 11:02:00.000000000;;AHP_APRENDIZAGEM_ESPECIALIZACAO_WORKLOAD;;;;;CONCLUIDA;True;0,9387564364607774;1,0;1,0;0,6078700526198689;0,6586441863669917;0,1851740071976712;0,09493824289611455
Contratos;Contrato de Representação Comercial;;Caim;2026-05-20 09:00:00;2026-05-20 09:00:00.000000000;2026-05-20 17:00:00.000000000;3,0;;8,0;2026-05-20 17:00:00.000000000;;AHP_APRENDIZAGEM_ESPECIALIZACAO_WORKLOAD;;;;;CONCLUIDA;True;0,8200132824714403;1,0;0,02801305511293603;1,0;0,6586441863669917;0,005187289669111576;0,1561818064353371
Governança;Governança e Regimentos de Comitês;;Adão;2026-05-20 09:01:00;2026-08-14 15:01:00.000000000;2026-08-17 15:01:00.000000000;3,0;;8,0;2026-08-17 15:01:00.000000000;;AHP_APRENDIZAGEM_ESPECIALIZACAO_WORKLOAD;;;;;CONCLUIDA;True;0,8438181935646629;1,0;1,0;0,0;0,6586441863669917;0,1851740071976712;0,0
Contratos;MoU;;Caim;2026-05-20 09:02:00;2026-05-21 09:00:00.000000000;2026-05-21 11:00:00.000000000;1,0;;2,0;2026-05-21 11:00:00.000000000;;AHP_APRENDIZAGEM_ESPECIALIZACAO_WORKLOAD;;;;;CONCLUIDA;True;0,8175735000120106;1,0;0,02801305511293603;0,9843785744632179;0,6586441863669917;0,005187289669111576;0,15374202397590736
Direito digital;Avaliação de uso de IA, algoritmos e automação;;Abel;2026-05-20 09:03:00;2026-06-23 11:02:00.000000000;2026-06-23 13:02:00.000000000;1,0;;2,0;2026-06-23 13:02:00.000000000;;AHP_APRENDIZAGEM_ESPECIALIZACAO_WORKLOAD;;;;;CONCLUIDA;True;0,940590886819371;1,0;1,0;0,6196156611543238;0,6586441863669917;0,1851740071976712;0,09677269325470801
Direito digital;Avaliação jurídica de campanhas de marketing digital;;Abel;2026-05-20 09:04:00;2026-06-23 13:02:00.000000000;2026-06-23 15:02:00.000000000;1,0;;2,0;2026-06-23 15:02:00.000000000;;AHP_APRENDIZAGEM_ESPECIALIZACAO_WORKLOAD;;;;;CONCLUIDA;True;0,939981511910753;1,0;1,0;0,615713958884858;0,6586441863669917;0,1851740071976712;0,09616331834609
Societário;Atas de Reunião e Assembleia;;Esaú;2026-05-21 09:00:00;2026-05-21 09:00:00.000000000;2026-05-21 13:00:00.000000000;2,0;;4,0;2026-05-21 13:00:00.000000000;;AHP_APRENDIZAGEM_ESPECIALIZACAO_WORKLOAD;;;;;CONCLUIDA;True;0,8987117324644921;1,0;0,45301033839277577;1,0;0,6586441863669917;0,08388573966216333;0,1561818064353371
Contencioso;Avaliação de precedentes relevantes;;Adão;2026-05-21 09:01:00;2026-08-17 15:01:00.000000000;2026-08-18 09:00:59.999999999;1,0;;2,0;2026-08-18 09:00:59.999999999;;AHP_APRENDIZAGEM_ESPECIALIZACAO_WORKLOAD;;;;;CONCLUIDA;True;0,8438181935646629;1,0;1,0;0,0;0,6586441863669917;0,1851740071976712;0,0
Contratos;Contratos de Seguros ou Previdência;;Caim;2026-05-21 09:02:00;2026-05-21 11:00:00.000000000;2026-05-22 11:00:00.000000000;3,0;;8,0;2026-05-22 11:00:00.000000000;;AHP_APRENDIZAGEM_ESPECIALIZACAO_WORKLOAD;;;;;CONCLUIDA;True;0,8222198175588562;1,0;0,0432203451247856;0,9960977545553755;0,6586441863669917;0,008003284499222881;0,15557234669264158
Regulatório;Análise de risco sancionador e reputacional;;Abel;2026-05-21 09:03:00;2026-06-23 15:02:00.000000000;2026-06-24 09:02:00.000000000;1,0;;2,0;2026-06-24 09:02:00.000000000;;AHP_APRENDIZAGEM_ESPECIALIZACAO_WORKLOAD;;;;;CONCLUIDA;True;0,7925219274069054;1,0;0,19750464081472874;0,6230240095244395;0,6586441863669917;0,036572725779800044;0,09730501526011363
Contratos;Contrato de trabalho;;Caim;2026-05-21 09:04:00;2026-05-22 11:00:00.000000000;2026-05-22 13:00:00.000000000;1,0;;2,0;2026-05-22 13:00:00.000000000;;AHP_APRENDIZAGEM_ESPECIALIZACAO_WORKLOAD;;;;;CONCLUIDA;True;0,8197507854989436;1,0;0,0432203451247856;0,9802890498396005;0,6586441863669917;0,008003284499222881;0,15310331463272903
Regulatório;Análise regulatória de modelos inovadores (open finance, cripto, tokenização);;Abel;2026-05-22 09:00:00;2026-06-24 09:02:00.000000000;2026-06-25 09:01:59.999999999;3,0;;8,0;2026-06-25 09:01:59.999999999;;AHP_APRENDIZAGEM_ESPECIALIZACAO_WORKLOAD;;;;;CONCLUIDA;True;0,7979852915936876;1,0;0,22198720233361469;0,628977520916636;0,6586441863669917;0,04110625980271566;0,09823484542398023
Governança;Governança e Regimentos de Comitês;;Adão;2026-05-22 09:01:00;2026-08-18 09:00:59.999999999;2026-08-19 09:00:59.999999999;3,0;;8,0;2026-08-19 09:00:59.999999999;;AHP_APRENDIZAGEM_ESPECIALIZACAO_WORKLOAD;;;;;CONCLUIDA;True;0,8438181935646629;1,0;1,0;0,0;0,6586441863669917;0,1851740071976712;0,0
Contratos;Contratos Administrativos;;Caim;2026-05-22 09:02:00;2026-05-22 13:00:00.000000000;2026-05-25 13:00:00.000000000;3,0;;8,0;2026-05-25 13:00:00.000000000;;AHP_APRENDIZAGEM_ESPECIALIZACAO_WORKLOAD;;;;;CONCLUIDA;True;0,8218414925658957;1,0;0,0445243325447082;0,9921293693574523;0,6586441863669917;0,008244749075105301;0,15495255712379868
Direito financeiro;Apoio em processos administrativos regulatórios;;Abel;2026-05-22 09:03:00;2026-06-25 09:01:59.999999999;2026-06-26 09:01:59.999999999;3,0;;8,0;2026-06-26 09:01:59.999999999;;AHP_APRENDIZAGEM_ESPECIALIZACAO_WORKLOAD;;;;;CONCLUIDA;True;0,9405033987588912;1,0;1,0;0,6190554930881672;0,6586441863669917;0,1851740071976712;0,0966852051942283
Regulatório;Apoio jurídico em pedidos de autorização ao BCB (instituições financeiras, fintechs, SCD, SEP, IPs);;Abel;2026-05-22 09:04:00;2026-06-26 09:01:59.999999999;2026-06-26 11:01:59.999999999;1,0;;2,0;2026-06-26 11:01:59.999999999;;AHP_APRENDIZAGEM_ESPECIALIZACAO_WORKLOAD;;;;;CONCLUIDA;True;0,7943438075400973;1,0;0,22406244420915852;0,6032013757978636;0,6586441863669917;0,04149054065671452;0,09420908051639097
Societário;Estruturação de veículos societários (SPVs);;Esaú;2026-05-25 09:00:00;2026-05-25 09:00:00.000000000;2026-05-27 17:00:00.000000000;5,0;;24,0;2026-05-27 17:00:00.000000000;;AHP_APRENDIZAGEM_ESPECIALIZACAO_WORKLOAD;;;;;CONCLUIDA;True;0,9003768071385165;1,0;0,4620022843965526;1,0;0,6586441863669917;0,08555081433618776;0,1561818064353371
Direito digital;Gestão de Processos com ANPD;;Abel;2026-05-25 09:01:00;2026-06-26 11:01:59.999999999;2026-06-26 13:01:59.999999999;1,0;;2,0;2026-06-26 13:01:59.999999999;;AHP_APRENDIZAGEM_ESPECIALIZACAO_WORKLOAD;;;;;CONCLUIDA;True;0,9389075131480592;1,0;1,0;0,6088373655913979;0,6586441863669917;0,1851740071976712;0,09508931958339628
Contencioso;Elaboração de petição inicial;;Adão;2026-05-25 09:02:00;2026-08-19 09:00:59.999999999;2026-08-19 11:00:59.999999999;1,0;;2,0;2026-08-19 11:00:59.999999999;;AHP_APRENDIZAGEM_ESPECIALIZACAO_WORKLOAD;;;;;CONCLUIDA;True;0,8438181935646629;1,0;1,0;0,0;0,6586441863669917;0,1851740071976712;0,0
Contratos;Contratos imobiliários;;Caim;2026-05-25 09:03:00;2026-05-25 13:00:00.000000000;2026-05-26 13:00:00.000000000;3,0;;8,0;2026-05-26 13:00:00.000000000;;AHP_APRENDIZAGEM_ESPECIALIZACAO_WORKLOAD;;;;;CONCLUIDA;True;0,8250667265458942;1,0;0,06199362576419114;0,9920677421514158;0,6586441863669917;0,011479608103468063;0,15494293207543436
Governança;Suporte jurídico às decisões do Conselho de Administração;;Adão;2026-05-25 09:04:00;2026-08-19 11:00:59.999999999;2026-08-19 13:00:59.999999999;1,0;;2,0;2026-08-19 13:00:59.999999999;;AHP_APRENDIZAGEM_ESPECIALIZACAO_WORKLOAD;;;;;CONCLUIDA;True;0,8438181935646629;1,0;1,0;0,0;0,6586441863669917;0,1851740071976712;0,0
Contencioso;Elaboração de petição inicial;;Adão;2026-05-26 09:00:00;2026-08-19 13:00:59.999999999;2026-08-19 15:00:59.999999999;1,0;;2,0;2026-08-19 15:00:59.999999999;;AHP_APRENDIZAGEM_ESPECIALIZACAO_WORKLOAD;;;;;CONCLUIDA;True;0,8438181935646629;1,0;1,0;0,0;0,6586441863669917;0,1851740071976712;0,0
Tributário;Interface com escritórios externos;;Abraão;2026-05-26 09:01:00;2026-05-26 09:01:00.000000000;2026-05-26 11:01:00.000000000;1,0;;2,0;2026-05-26 11:01:00.000000000;;AHP_APRENDIZAGEM_ESPECIALIZACAO_WORKLOAD;;;;;CONCLUIDA;True;1,0;1,0;1,0;1,0;0,6586441863669917;0,1851740071976712;0,1561818064353371
Societário;Suporte jurídico às negociações comerciais;;Esaú;2026-05-26 09:02:00;2026-05-28 09:00:00.000000000;2026-05-28 17:00:00.000000000;3,0;;8,0;2026-05-28 17:00:00.000000000;;AHP_APRENDIZAGEM_ESPECIALIZACAO_WORKLOAD;;;;;CONCLUIDA;True;0,895328655359946;1,0;0,4620022843965526;0,9676777219204428;0,6586441863669917;0,08555081433618776;0,15113365465676656
Tributário;Análise tributária de aquisições, cisões e incorporações;;Davi;2026-05-26 09:03:00;2026-05-26 09:03:00.000000000;2026-05-29 09:03:00.000000000;5,0;;24,0;2026-05-29 09:03:00.000000000;;AHP_APRENDIZAGEM_ESPECIALIZACAO_WORKLOAD;;;;;CONCLUIDA;True;1,0;1,0;1,0;1,0;0,6586441863669917;0,1851740071976712;0,1561818064353371
Contratos;Contrato de Distribuição;;Caim;2026-05-26 09:04:00;2026-05-26 13:00:00.000000000;2026-05-27 13:00:00.000000000;3,0;;8,0;2026-05-27 13:00:00.000000000;;AHP_APRENDIZAGEM_ESPECIALIZACAO_WORKLOAD;;;;;CONCLUIDA;True;0,8282063629684551;1,0;0,07897463100039866;0,9920369808010258;0,6586441863669917;0,014624048889301246;0,15493812771216203
Concorrencial;Análise de exclusividade, não concorrência e cláusulas MFN;;Abel;2026-05-27 09:00:00;2026-06-26 13:01:59.999999999;2026-06-26 15:01:59.999999999;1,0;;2,0;2026-06-26 15:01:59.999999999;;AHP_APRENDIZAGEM_ESPECIALIZACAO_WORKLOAD;;;;;CONCLUIDA;True;0,9421461584612025;1,0;1,0;0,6295737457566782;0,6586441863669917;0,1851740071976712;0,09832796489653965
Direito digital;Avaliação de riscos legais em plataformas e marketplaces;;Abel;2026-05-27 09:01:00;2026-06-26 15:01:59.999999999;2026-06-29 11:02:00.000000000;2,0;;4,0;2026-06-29 11:02:00.000000000;;AHP_APRENDIZAGEM_ESPECIALIZACAO_WORKLOAD;;;;;CONCLUIDA;True;0,9415068069931863;1,0;1,0;0,6254801097397266;0,6586441863669917;0,1851740071976712;0,09768861342852339
Concorrencial;Monitoramento regulatório e jurisprudencial;;Abel;2026-05-27 09:02:00;2026-06-29 11:02:00.000000000;2026-06-30 11:02:00.000000000;3,0;;8,0;2026-06-30 11:02:00.000000000;;AHP_APRENDIZAGEM_ESPECIALIZACAO_WORKLOAD;;;;;CONCLUIDA;True;0,9402246661470985;1,0;1,0;0,6172708254744774;0,6586441863669917;0,1851740071976712;0,09640647258243559
Contratos;Contratos Financeiros ou Bancários;;Caim;2026-05-27 09:03:00;2026-05-27 13:00:00.000000000;2026-05-28 13:00:00.000000000;3,0;;8,0;2026-05-28 13:00:00.000000000;;AHP_APRENDIZAGEM_ESPECIALIZACAO_WORKLOAD;;;;;CONCLUIDA;True;0,8314768666186185;1,0;0,0967756762190705;0,9918718704986579;0,6586441863669917;0,017920339764749656;0,15491234048687713
Governança;Política de Governaça Corporativa;;Adão;2026-05-27 09:04:00;2026-08-19 15:00:59.999999999;2026-08-20 15:01:00.000000000;3,0;;8,0;2026-08-20 15:01:00.000000000;;AHP_APRENDIZAGEM_ESPECIALIZACAO_WORKLOAD;;;;;CONCLUIDA;True;0,8438181935646629;1,0;1,0;0,0;0,6586441863669917;0,1851740071976712;0,0
Contratos;Contrato de Transferência de Tecnologia;;Caim;2026-05-28 09:00:00;2026-05-28 13:00:00.000000000;2026-05-29 13:00:00.000000000;3,0;;8,0;2026-05-29 13:00:00.000000000;;AHP_APRENDIZAGEM_ESPECIALIZACAO_WORKLOAD;;;;;CONCLUIDA;True;0,8349076593829595;1,0;0,11538914013637179;0,9917698295668825;0,6586441863669917;0,0213670694661456;0,15489640354982212
Direito digital;Mapeamento de dados pessoais (data mapping / data inventory);;Abel;2026-05-28 09:01:00;2026-06-30 11:02:00.000000000;2026-06-30 15:02:00.000000000;2,0;;4,0;2026-06-30 15:02:00.000000000;;AHP_APRENDIZAGEM_ESPECIALIZACAO_WORKLOAD;;;;;CONCLUIDA;True;0,9402213600266396;1,0;1,0;0,6172496570648247;0,6586441863669917;0,1851740071976712;0,09640316646197666
Direito financeiro;Avaliação de risco e provisões;;Abel;2026-05-28 09:02:00;2026-06-30 15:02:00.000000000;2026-07-01 09:02:00.000000000;1,0;;2,0;2026-07-01 09:02:00.000000000;;AHP_APRENDIZAGEM_ESPECIALIZACAO_WORKLOAD;;;;;CONCLUIDA;True;0,9389391750964966;1,0;1,0;0,6090400905384324;0,6586441863669917;0,1851740071976712;0,09512098153183364
Contratos;Contrato de Representação Comercial;;Caim;2026-05-28 09:03:00;2026-05-29 13:00:00.000000000;2026-06-01 13:00:00.000000000;3,0;;8,0;2026-06-01 13:00:00.000000000;;AHP_APRENDIZAGEM_ESPECIALIZACAO_WORKLOAD;;;;;CONCLUIDA;True;0,8323525260446525;1,0;0,11538914013637179;0,9754098360655598;0,6586441863669917;0,0213670694661456;0,15234127021151514
Contencioso;Elaboração de contestação;;Adão;2026-05-28 09:04:00;2026-08-20 15:01:00.000000000;2026-08-21 09:00:59.999999999;1,0;;2,0;2026-08-21 09:00:59.999999999;;AHP_APRENDIZAGEM_ESPECIALIZACAO_WORKLOAD;;;;;CONCLUIDA;True;0,8438181935646629;1,0;1,0;0,0;0,6586441863669917;0,1851740071976712;0,0
Governança;Suporte jurídico às decisões do Conselho de Administração;;Adão;2026-05-29 09:00:00;2026-08-21 09:00:59.999999999;2026-08-21 11:00:59.999999999;1,0;;2,0;2026-08-21 11:00:59.999999999;;AHP_APRENDIZAGEM_ESPECIALIZACAO_WORKLOAD;;;;;CONCLUIDA;True;0,8438181935646629;1,0;1,0;0,0;0,6586441863669917;0,1851740071976712;0,0
Propriedade intelectual;Apoio na prevenção de vazamento de informações estratégicas;;Abel;2026-05-29 09:01:00;2026-07-01 09:02:00.000000000;2026-07-01 11:02:00.000000000;1,0;;2,0;2026-07-01 11:02:00.000000000;;AHP_APRENDIZAGEM_ESPECIALIZACAO_WORKLOAD;;;;;CONCLUIDA;True;0,940373329016219;1,0;1,0;0,6182226832645333;0,6586441863669917;0,1851740071976712;0,09655513545155607
Contencioso;Análise de decisões judiciais;;Adão;2026-05-29 09:02:00;2026-08-21 11:00:59.999999999;2026-08-21 13:00:59.999999999;1,0;;2,0;2026-08-21 13:00:59.999999999;;AHP_APRENDIZAGEM_ESPECIALIZACAO_WORKLOAD;;;;;CONCLUIDA;True;0,8438181935646629;1,0;1,0;0,0;0,6586441863669917;0,1851740071976712;0,0
Contratos;Contrato de Mútuo, Doação ou Comodato;;Caim;2026-05-29 09:03:00;2026-06-01 13:00:00.000000000;2026-06-02 13:00:00.000000000;3,0;;8,0;2026-06-02 13:00:00.000000000;;AHP_APRENDIZAGEM_ESPECIALIZACAO_WORKLOAD;;;;;CONCLUIDA;True;0,8359311539153294;1,0;0,13480060615430603;0,975308216819326;0,6586441863669917;0,024961568414267905;0,15232539913406976
Societário;Regularização societária;;Esaú;2026-05-29 09:04:00;2026-05-29 09:04:00.000000000;2026-06-01 09:03:59.999999999;3,0;;8,0;2026-06-01 09:03:59.999999999;;AHP_APRENDIZAGEM_ESPECIALIZACAO_WORKLOAD;;;;;CONCLUIDA;True;0,92945110764173;1,0;0,6190129844575873;1,0;0,6586441863669917;0,1146251148394012;0,1561818064353371
Regulatório;Apoio jurídico à governança de instituições reguladas;;Abel;2026-06-01 09:00:00;2026-07-01 11:02:00.000000000;2026-07-02 11:02:00.000000000;3,0;;8,0;2026-07-02 11:02:00.000000000;;AHP_APRENDIZAGEM_ESPECIALIZACAO_WORKLOAD;;;;;CONCLUIDA;True;0,8074030572847397;1,0;0,2753630381263253;0,6259934876233477;0,6586441863669917;0,05099007720397676;0,09776879371377128
Trabalhista;Apoio em negociações sindicais;;Abel;2026-06-01 09:01:00;2026-07-02 11:02:00.000000000;2026-07-03 11:02:00.000000000;3,0;;8,0;2026-07-03 11:02:00.000000000;;AHP_APRENDIZAGEM_ESPECIALIZACAO_WORKLOAD;;;;;CONCLUIDA;True;0,9389655062456859;1,0;1,0;0,6092086834737449;0,6586441863669917;0,1851740071976712;0,09514731268102297
Governança;Outras atividades de governança;;Adão;2026-06-01 09:02:00;2026-08-21 13:00:59.999999999;2026-08-24 13:01:00.000000000;3,0;;8,0;2026-08-24 13:01:00.000000000;;AHP_APRENDIZAGEM_ESPECIALIZACAO_WORKLOAD;;;;;CONCLUIDA;True;0,8438181935646629;1,0;1,0;0,0;0,6586441863669917;0,1851740071976712;0,0
Direito financeiro;Apoio jurídico à governança financeira corporativa;;Abel;2026-06-01 09:03:00;2026-07-03 11:02:00.000000000;2026-07-06 11:02:00.000000000;3,0;;8,0;2026-07-06 11:02:00.000000000;;AHP_APRENDIZAGEM_ESPECIALIZACAO_WORKLOAD;;;;;CONCLUIDA;True;0,9373992683690568;1,0;1,0;0,5991803843243332;0,6586441863669917;0,1851740071976712;0,0935810748043939
Direito financeiro;Negociação jurídica com bancos e instituições de crédito;;Abel;2026-06-01 09:04:00;2026-07-06 11:02:00.000000000;2026-07-07 11:02:00.000000000;3,0;;8,0;2026-07-07 11:02:00.000000000;;AHP_APRENDIZAGEM_ESPECIALIZACAO_WORKLOAD;;;;;CONCLUIDA;True;0,934820707015811;1,0;1,0;0,5826703860595003;0,6586441863669917;0,1851740071976712;0,09100251345114801
Regulatório;Apoio a ofertas públicas e privadas sob a ótica regulatória;;Abel;2026-06-02 09:00:00;2026-07-07 11:02:00.000000000;2026-07-08 11:02:00.000000000;3,0;;8,0;2026-07-08 11:02:00.000000000;;AHP_APRENDIZAGEM_ESPECIALIZACAO_WORKLOAD;;;;;CONCLUIDA;True;0,7995286200708112;1,0;0,2753630381263253;0,5755750849063266;0,6586441863669917;0,05099007720397676;0,08989435649984262
Direito financeiro;Interface com processos de recuperação judicial e extrajudicial;;Abel;2026-06-02 09:01:00;2026-07-08 11:02:00.000000000;2026-07-10 11:02:00.000000000;4,0;;16,0;2026-07-10 11:02:00.000000000;;AHP_APRENDIZAGEM_ESPECIALIZACAO_WORKLOAD;;;;;CONCLUIDA;True;0,9310907933161685;1,0;1,0;0,5587885154064886;0,6586441863669917;0,1851740071976712;0,08727259975150559
Direito digital;Programa de conformidade com LGPD;;Abel;2026-06-02 09:02:00;2026-07-10 11:02:00.000000000;2026-07-10 13:02:00.000000000;1,0;;2,0;2026-07-10 13:02:00.000000000;;AHP_APRENDIZAGEM_ESPECIALIZACAO_WORKLOAD;;;;;CONCLUIDA;True;0,9258438567435203;1,0;1,0;0,5251934591550388;0,6586441863669917;0,1851740071976712;0,08202566317885739
Direito financeiro;Estruturação jurídica de debêntures, CRI, CRA, notas comerciais;;Abel;2026-06-02 09:03:00;2026-07-10 13:02:00.000000000;2026-07-15 13:01:59.999999999;5,0;;24,0;2026-07-15 13:01:59.999999999;;AHP_APRENDIZAGEM_ESPECIALIZACAO_WORKLOAD;;;;;CONCLUIDA;True;0,925190456956803;1,0;1,0;0,5210098746413854;0,6586441863669917;0,1851740071976712;0,0813722633921401
Governança;Política de Governaça Corporativa;;Adão;2026-06-02 09:04:00;2026-08-24 13:01:00.000000000;2026-08-25 13:01:00.000000000;3,0;;8,0;2026-08-25 13:01:00.000000000;;AHP_APRENDIZAGEM_ESPECIALIZACAO_WORKLOAD;;;;;CONCLUIDA;True;0,8438181935646629;1,0;1,0;0,0;0,6586441863669917;0,1851740071976712;0,0
Societário;Avaliação de impactos (societário, contratual, regulatório, concorrencial, trabalhista, tributário);;Esaú;2026-06-03 09:00:00;2026-06-03 09:00:00.000000000;2026-06-03 17:00:00.000000000;3,0;;8,0;2026-06-03 17:00:00.000000000;;AHP_APRENDIZAGEM_ESPECIALIZACAO_WORKLOAD;;;;;CONCLUIDA;True;0,9339969056392108;1,0;0,6435617754368107;1,0;0,6586441863669917;0,11917091283688203;0,1561818064353371
Contratos;Contrato de Distribuição;;Caim;2026-06-03 09:01:00;2026-06-03 09:01:00.000000000;2026-06-04 09:00:59.999999999;3,0;;8,0;2026-06-04 09:00:59.999999999;;AHP_APRENDIZAGEM_ESPECIALIZACAO_WORKLOAD;;;;;CONCLUIDA;True;0,8514105834296878;1,0;0,19756871485912897;1,0;0,6586441863669917;0,03658459062735899;0,1561818064353371
Regulatório;Enquadramento jurídico-regulatório de tokens, valores mobiliários e instrumentos financeiros;;Abel;2026-06-03 09:02:00;2026-07-15 13:01:59.999999999;2026-07-16 13:02:00.000000000;3,0;;8,0;2026-07-16 13:02:00.000000000;;AHP_APRENDIZAGEM_ESPECIALIZACAO_WORKLOAD;;;;;CONCLUIDA;True;0,7906840140891951;1,0;0,30198842098806306;0,487377008999199;0,6586441863669917;0,05592040604165695;0,07611942168054645
Contratos;Contrato de trabalho;;Caim;2026-06-03 09:03:00;2026-06-04 09:00:59.999999999;2026-06-04 11:00:59.999999999;1,0;;2,0;2026-06-04 11:00:59.999999999;;AHP_APRENDIZAGEM_ESPECIALIZACAO_WORKLOAD;;;;;CONCLUIDA;True;0,8487964331574862;1,0;0,19756871485912897;0,983262133203179;0,6586441863669917;0,03658459062735899;0,15356765616313556
Contratos;Contratos imobiliários;;Caim;2026-06-03 09:04:00;2026-06-04 11:00:59.999999999;2026-06-05 11:01:00.000000000;3,0;;8,0;2026-06-05 11:01:00.000000000;;AHP_APRENDIZAGEM_ESPECIALIZACAO_WORKLOAD;;;;;CONCLUIDA;True;0,8481455157251199;1,0;0,19756871485912897;0,9790944426941317;0,6586441863669917;0,03658459062735899;0,15291673873076914
Direito digital;Elaboração e atualização de políticas de privacidade e cookies;;Abel;2026-06-04 09:00:00;2026-07-16 13:02:00.000000000;2026-07-17 13:02:00.000000000;3,0;;8,0;2026-07-17 13:02:00.000000000;;AHP_APRENDIZAGEM_ESPECIALIZACAO_WORKLOAD;;;;;CONCLUIDA;True;0,9185636547906555;1,0;1,0;0,4785798226564818;0,6586441863669917;0,1851740071976712;0,0747454612259926
Trabalhista;Apoio jurídico ao RH em decisões do dia a dia;;Abel;2026-06-04 09:01:00;2026-07-17 13:02:00.000000000;2026-07-17 15:02:00.000000000;1,0;;2,0;2026-07-17 15:02:00.000000000;;AHP_APRENDIZAGEM_ESPECIALIZACAO_WORKLOAD;;;;;CONCLUIDA;True;0,9158965421970752;1,0;1,0;0,4615028490034426;0,6586441863669917;0,1851740071976712;0,07207834863241228
Propriedade intelectual;Interface com escritórios especializados e o INPI;;Abel;2026-06-04 09:02:00;2026-07-17 15:02:00.000000000;2026-07-20 09:02:00.000000000;1,0;;2,0;2026-07-20 09:02:00.000000000;;AHP_APRENDIZAGEM_ESPECIALIZACAO_WORKLOAD;;;;;CONCLUIDA;True;0,9152316417937985;1,0;1,0;0,4572456284061636;0,6586441863669917;0,1851740071976712;0,07141344822913552
Direito financeiro;Análise de impacto financeiro-jurídico;;Abel;2026-06-04 09:03:00;2026-07-20 09:02:00.000000000;2026-07-20 11:02:00.000000000;1,0;;2,0;2026-07-20 11:02:00.000000000;;AHP_APRENDIZAGEM_ESPECIALIZACAO_WORKLOAD;;;;;CONCLUIDA;True;0,9145666940295698;1,0;1,0;0,4529881045664459;0,6586441863669917;0,1851740071976712;0,0707485004649069
Contratos;Contrato de prestação de serviços;;Caim;2026-06-04 09:04:00;2026-06-05 11:01:00.000000000;2026-06-08 11:01:00.000000000;3,0;;8,0;2026-06-08 11:01:00.000000000;;AHP_APRENDIZAGEM_ESPECIALIZACAO_WORKLOAD;;;;;CONCLUIDA;True;0,8522210751888187;1,0;0,21987950573605447;0,978737044556636;0,6586441863669917;0,04071596917778853;0,15286091964403845
Contencioso;Avaliação de precedentes relevantes;;Adão;2026-06-05 09:00:00;2026-08-25 13:01:00.000000000;2026-08-25 15:01:00.000000000;1,0;;2,0;2026-08-25 15:01:00.000000000;;AHP_APRENDIZAGEM_ESPECIALIZACAO_WORKLOAD;;;;;CONCLUIDA;True;0,8438181935646629;1,0;1,0;0,0;0,6586441863669917;0,1851740071976712;0,0
Regulatório;Apoio regulatório a fundos de investimento;;Abel;2026-06-05 09:01:00;2026-07-20 11:02:00.000000000;2026-07-23 11:01:59.999999999;5,0;;24,0;2026-07-23 11:01:59.999999999;;AHP_APRENDIZAGEM_ESPECIALIZACAO_WORKLOAD;;;;;CONCLUIDA;True;0,7862268000584411;1,0;0,30198842098806306;0,4588383838386597;0,6586441863669917;0,05592040604165695;0,07166220764979246
Direito digital;Adequação de contratos a regras internacionais de privacidade;;Abel;2026-06-05 09:02:00;2026-07-23 11:01:59.999999999;2026-07-24 11:02:00.000000000;3,0;;8,0;2026-07-24 11:02:00.000000000;;AHP_APRENDIZAGEM_ESPECIALIZACAO_WORKLOAD;;;;;CONCLUIDA;True;0,9073693532307846;1,0;1,0;0,40690501100352766;0,6586441863669917;0,1851740071976712;0,06355115966612167
Contratos;Contrato de Cessão de Crédito;;Caim;2026-06-05 09:03:00;2026-06-08 11:01:00.000000000;2026-06-09 11:01:00.000000000;3,0;;8,0;2026-06-09 11:01:00.000000000;;AHP_APRENDIZAGEM_ESPECIALIZACAO_WORKLOAD;;;;;CONCLUIDA;True;0,8525219789194973;1,0;0,22176719023876332;0,9784255718305664;0,6586441863669917;0,04106551928148008;0,15281227327102556
Contratos;Contratos imobiliários;;Caim;2026-06-05 09:04:00;2026-06-09 11:01:00.000000000;2026-06-10 11:01:00.000000000;3,0;;8,0;2026-06-10 11:01:00.000000000;;AHP_APRENDIZAGEM_ESPECIALIZACAO_WORKLOAD;;;;;CONCLUIDA;True;0,8498227526390292;1,0;0,22176719023876332;0,9611429808420592;0,6586441863669917;0,04106551928148008;0,1501130469905574
Direito digital;Avaliação de riscos legais em plataformas e marketplaces;;Abel;2026-06-08 09:00:00;2026-07-24 11:02:00.000000000;2026-07-24 15:02:00.000000000;2,0;;4,0;2026-07-24 15:02:00.000000000;;AHP_APRENDIZAGEM_ESPECIALIZACAO_WORKLOAD;;;;;CONCLUIDA;True;0,9057324892107933;1,0;1,0;0,39642450717692473;0,6586441863669917;0,1851740071976712;0,061914295646130366
Contratos;Contratos imobiliários;;Caim;2026-06-08 09:01:00;2026-06-10 11:01:00.000000000;2026-06-11 11:01:00.000000000;3,0;;8,0;2026-06-11 11:01:00.000000000;;AHP_APRENDIZAGEM_ESPECIALIZACAO_WORKLOAD;;;;;CONCLUIDA;True;0,8539531687689621;1,0;0,24473956611713754;0,9603524229074647;0,6586441863669917;0,04531940617772975;0,14998957622424064
Regulatório;Gestão de prazos regulatórios críticos;;Abel;2026-06-08 09:02:00;2026-07-24 15:02:00.000000000;2026-07-27 15:02:00.000000000;3,0;;8,0;2026-07-27 15:02:00.000000000;;AHP_APRENDIZAGEM_ESPECIALIZACAO_WORKLOAD;;;;;CONCLUIDA;True;0,7751073323826467;1,0;0,30198842098806306;0,3876427181616969;0,6586441863669917;0,05592040604165695;0,060542739973998075
Direito digital;Gestão de Processos com ANPD;;Abel;2026-06-08 09:03:00;2026-07-27 15:02:00.000000000;2026-07-28 09:02:00.000000000;1,0;;2,0;2026-07-28 09:02:00.000000000;;AHP_APRENDIZAGEM_ESPECIALIZACAO_WORKLOAD;;;;;CONCLUIDA;True;0,9016108518752116;1,0;1,0;0,3700345106104034;0,6586441863669917;0,1851740071976712;0,057792658310548715
Governança;Acompanhamento de planos de mitigação;;Adão;2026-06-08 09:04:00;2026-08-25 15:01:00.000000000;2026-08-26 09:00:59.999999999;1,0;;2,0;2026-08-26 09:00:59.999999999;;AHP_APRENDIZAGEM_ESPECIALIZACAO_WORKLOAD;;;;;CONCLUIDA;True;0,8438181935646629;1,0;1,0;0,0;0,6586441863669917;0,1851740071976712;0,0
Contratos;Contrato de Representação Comercial;;Caim;2026-06-09 09:00:00;2026-06-11 11:01:00.000000000;2026-06-12 11:01:00.000000000;3,0;;8,0;2026-06-12 11:01:00.000000000;;AHP_APRENDIZAGEM_ESPECIALIZACAO_WORKLOAD;;;;;CONCLUIDA;True;0,8582200099325126;1,0;0,2682598731013841;0,9597857222573565;0,6586441863669917;0,04967475567252206;0,14990106789299867
Societário;Gestão jurídica do encerramento de operações;;Esaú;2026-06-09 09:01:00;2026-06-09 09:01:00.000000000;2026-06-09 11:01:00.000000000;1,0;;2,0;2026-06-09 11:01:00.000000000;;AHP_APRENDIZAGEM_ESPECIALIZACAO_WORKLOAD;;;;;CONCLUIDA;True;0,938421126976498;1,0;0,6674540128206701;1,0;0,6586441863669917;0,12359513417416927;0,1561818064353371
Concorrencial;Relacionamento CADE;;Abel;2026-06-09 09:02:00;2026-07-28 09:02:00.000000000;2026-07-28 11:02:00.000000000;1,0;;2,0;2026-07-28 11:02:00.000000000;;AHP_APRENDIZAGEM_ESPECIALIZACAO_WORKLOAD;;;;;CONCLUIDA;True;0,9023827393834942;1,0;1,0;0,37497674764748196;0,6586441863669917;0,1851740071976712;0,058564545818831276
Contratos;Contrato de Licenciamento de Software;;Caim;2026-06-09 09:03:00;2026-06-12 11:01:00.000000000;2026-06-16 11:00:59.999999999;4,0;;16,0;2026-06-16 11:00:59.999999999;;AHP_APRENDIZAGEM_ESPECIALIZACAO_WORKLOAD;;;;;CONCLUIDA;True;0,8554475728506878;1,0;0,2682598731013841;0,9420343775578539;0,6586441863669917;0,04967475567252206;0,147128630811174
Concorrencial;M&A Concorrencial;;Abel;2026-06-09 09:04:00;2026-07-28 11:02:00.000000000;2026-07-31 11:01:59.999999999;5,0;;24,0;2026-07-31 11:01:59.999999999;;AHP_APRENDIZAGEM_ESPECIALIZACAO_WORKLOAD;;;;;CONCLUIDA;True;0,9016897793179882;1,0;1,0;0,37053986680123024;0,6586441863669917;0,1851740071976712;0,057871585753325336
Direito financeiro;Registro de garantias em cartórios e sistemas competentes;;Abel;2026-06-10 09:00:00;2026-07-31 11:01:59.999999999;2026-07-31 13:01:59.999999999;1,0;;2,0;2026-07-31 13:01:59.999999999;;AHP_APRENDIZAGEM_ESPECIALIZACAO_WORKLOAD;;;;;CONCLUIDA;True;0,8942144970768495;1,0;1,0;0,3226771713198994;0,6586441863669917;0,1851740071976712;0,050396303512186644
Direito financeiro;Apoio em ofertas públicas e privadas;;Abel;2026-06-10 09:01:00;2026-07-31 13:01:59.999999999;2026-07-31 15:01:59.999999999;1,0;;2,0;2026-07-31 15:01:59.999999999;;AHP_APRENDIZAGEM_ESPECIALIZACAO_WORKLOAD;;;;;CONCLUIDA;True;0,8935064887257613;1,0;1,0;0,31814393939457064;0,6586441863669917;0,1851740071976712;0,049688295161098454
Contratos;Contrato de Joint Venture;;Caim;2026-06-10 09:02:00;2026-06-16 11:00:59.999999999;2026-06-19 11:00:59.999999999;5,0;;24,0;2026-06-19 11:00:59.999999999;;AHP_APRENDIZAGEM_ESPECIALIZACAO_WORKLOAD;;;;;CONCLUIDA;True;0,8568819476566585;1,0;0,2922607269043797;0,9227622258418879;0,6586441863669917;0,05411908994738822;0,14411867134227857
Direito financeiro;Implementação de políticas internas de compliance financeiro;;Abel;2026-06-10 09:03:00;2026-07-31 15:01:59.999999999;2026-08-03 15:02:00.000000000;3,0;;8,0;2026-08-03 15:02:00.000000000;;AHP_APRENDIZAGEM_ESPECIALIZACAO_WORKLOAD;;;;;CONCLUIDA;True;0,8928002821880723;1,0;1,0;0,31362224411003364;0,6586441863669917;0,1851740071976712;0,04898208862340932
Propriedade intelectual;Análise de riscos de colisão marcária;;Abel;2026-06-10 09:04:00;2026-08-03 15:02:00.000000000;2026-08-04 09:02:00.000000000;1,0;;2,0;2026-08-04 09:02:00.000000000;;AHP_APRENDIZAGEM_ESPECIALIZACAO_WORKLOAD;;;;;CONCLUIDA;True;0,8899621458468085;1,0;1,0;0,29545024055827046;0,6586441863669917;0,1851740071976712;0,04614395228214558
Direito financeiro;Apoio em processos administrativos regulatórios;;Abel;2026-06-11 09:00:00;2026-08-04 09:02:00.000000000;2026-08-05 09:01:59.999999999;3,0;;8,0;2026-08-05 09:01:59.999999999;;AHP_APRENDIZAGEM_ESPECIALIZACAO_WORKLOAD;;;;;CONCLUIDA;True;0,8900864737860172;1,0;1,0;0,29624628679468146;0,6586441863669917;0,1851740071976712;0,046268280221354305
Contratos;Contrato de Desenvolvimento de Software;;Caim;2026-06-11 09:01:00;2026-06-19 11:00:59.999999999;2026-06-22 11:01:00.000000000;3,0;;8,0;2026-06-22 11:01:00.000000000;;AHP_APRENDIZAGEM_ESPECIALIZACAO_WORKLOAD;;;;;CONCLUIDA;True;0,8553881619227577;1,0;0,31666845673916416;0,8842592592591848;0,6586441863669917;0,05863876708749341;0,13810520846827257
Societário;Elaboração e negociação de  SPA;;Esaú;2026-06-11 09:02:00;2026-06-11 09:02:00.000000000;2026-06-12 09:01:59.999999999;3,0;;8,0;2026-06-12 09:01:59.999999999;;AHP_APRENDIZAGEM_ESPECIALIZACAO_WORKLOAD;;;;;CONCLUIDA;True;0,9387839874879769;1,0;0,6694135778642211;1,0;0,6586441863669917;0,1239579946856481;0,1561818064353371
Concorrencial;M&A Concorrencial;;Abel;2026-06-11 09:03:00;2026-08-05 09:01:59.999999999;2026-08-10 09:01:59.999999999;5,0;;24,0;2026-08-10 09:01:59.999999999;;AHP_APRENDIZAGEM_ESPECIALIZACAO_WORKLOAD;;;;;CONCLUIDA;True;0,8871993504644513;1,0;1,0;0,27776062967839454;0,6586441863669917;0,1851740071976712;0,043381156899788366
Contratos;Outros tipos contratuais;;Caim;2026-06-11 09:04:00;2026-06-22 11:01:00.000000000;2026-06-23 11:01:00.000000000;3,0;;8,0;2026-06-23 11:01:00.000000000;;AHP_APRENDIZAGEM_ESPECIALIZACAO_WORKLOAD;;;;;CONCLUIDA;True;0,8525115577068529;1,0;0,31666845673916416;0,8658409538140126;0,6586441863669917;0,05863876708749341;0,13522860425236777
Trabalhista;Gestão de riscos relacionados a acidentes de trabalho;;Abel;2026-06-12 09:00:00;2026-08-10 09:01:59.999999999;2026-08-10 11:01:59.999999999;1,0;;2,0;2026-08-10 11:01:59.999999999;;AHP_APRENDIZAGEM_ESPECIALIZACAO_WORKLOAD;;;;;CONCLUIDA;True;0,8791725830643562;1,0;1,0;0,22636688809416977;0,6586441863669917;0,1851740071976712;0,03535438949969324
Contratos;Contrato de Locação;;Caim;2026-06-12 09:01:00;2026-06-23 11:01:00.000000000;2026-06-24 11:01:00.000000000;3,0;;8,0;2026-06-24 11:01:00.000000000;;AHP_APRENDIZAGEM_ESPECIALIZACAO_WORKLOAD;;;;;CONCLUIDA;True;0,8566806315936702;1,0;0,34140391590494207;0,8632075471697217;0,6586441863669917;0,06321913118109487;0,13481731404558359
Societário;Reorganizações societárias internas;;Esaú;2026-06-12 09:02:00;2026-06-12 09:02:00.000000000;2026-06-17 09:01:59.999999999;5,0;;24,0;2026-06-17 09:01:59.999999999;;AHP_APRENDIZAGEM_ESPECIALIZACAO_WORKLOAD;;;;;CONCLUIDA;True;0,9430648160987265;1,0;0,6925314477830801;1,0;0,6586441863669917;0,1282388232963977;0,1561818064353371
Contratos;MoU;;Caim;2026-06-12 09:03:00;2026-06-24 11:01:00.000000000;2026-06-24 13:01:00.000000000;1,0;;2,0;2026-06-24 13:01:00.000000000;;AHP_APRENDIZAGEM_ESPECIALIZACAO_WORKLOAD;;;;;CONCLUIDA;True;0,8537441730489372;1,0;0,34140391590494207;0,844406006761436;0,6586441863669917;0,06321913118109487;0,13188085550085055
Contratos;Contrato de Agência, Franquia ou Parceria Empresarial;;Caim;2026-06-12 09:04:00;2026-06-24 13:01:00.000000000;2026-06-25 13:01:00.000000000;3,0;;8,0;2026-06-25 13:01:00.000000000;;AHP_APRENDIZAGEM_ESPECIALIZACAO_WORKLOAD;;;;;CONCLUIDA;True;0,8530125641360642;1,0;0,34140391590494207;0,8397216652906132;0,6586441863669917;0,06321913118109487;0,1311492465879775
Direito digital;Interface entre jurídico, TI e segurança da informação;;Abel;2026-06-15 09:00:00;2026-08-10 11:01:59.999999999;2026-08-10 13:01:59.999999999;1,0;;2,0;2026-08-10 13:01:59.999999999;;AHP_APRENDIZAGEM_ESPECIALIZACAO_WORKLOAD;;;;;CONCLUIDA;True;0,8791016039443292;1,0;1,0;0,2259124233799568;0,6586441863669917;0,1851740071976712;0,035283410379666334
Direito financeiro;Apoio a programas de prevenção à lavagem de dinheiro (PLD/FT);;Abel;2026-06-15 09:01:00;2026-08-10 13:01:59.999999999;2026-08-10 15:01:59.999999999;1,0;;2,0;2026-08-10 15:01:59.999999999;;AHP_APRENDIZAGEM_ESPECIALIZACAO_WORKLOAD;;;;;CONCLUIDA;True;0,8783521434731003;1,0;1,0;0,22111378205076196;0,6586441863669917;0,1851740071976712;0,034533949908437424
Contratos;Contrato de Cessão de Crédito;;Caim;2026-06-15 09:02:00;2026-06-25 13:01:00.000000000;2026-06-26 13:01:00.000000000;3,0;;8,0;2026-06-26 13:01:00.000000000;;AHP_APRENDIZAGEM_ESPECIALIZACAO_WORKLOAD;;;;;CONCLUIDA;True;0,8571461997675038;1,0;0,3663834448638764;0,8365719780445507;0,6586441863669917;0,06784469065633102;0,1306573227441811
Contratos;Contratos de Seguros ou Previdência;;Caim;2026-06-15 09:03:00;2026-06-26 13:01:00.000000000;2026-06-29 13:01:00.000000000;3,0;;8,0;2026-06-29 13:01:00.000000000;;AHP_APRENDIZAGEM_ESPECIALIZACAO_WORKLOAD;;;;;CONCLUIDA;True;0,8541476978937053;1,0;0,3663834448638764;0,8173731869546287;0,6586441863669917;0,06784469065633102;0,12765882087038244
Societário;Estruturação de veículos societários (SPVs);;Esaú;2026-06-15 09:04:00;2026-06-17 09:01:59.999999999;2026-06-22 09:01:59.999999999;5,0;;24,0;2026-06-22 09:01:59.999999999;;AHP_APRENDIZAGEM_ESPECIALIZACAO_WORKLOAD;;;;;CONCLUIDA;True;0,9370696175346944;1,0;0,6925314477830801;0,9616139760394289;0,6586441863669917;0,1282388232963977;0,15018660787130497
Direito financeiro;Negociação jurídica com bancos e instituições de crédito;;Abel;2026-06-16 09:00:00;2026-08-10 15:01:59.999999999;2026-08-11 15:02:00.000000000;3,0;;8,0;2026-08-11 15:02:00.000000000;;AHP_APRENDIZAGEM_ESPECIALIZACAO_WORKLOAD;;;;;CONCLUIDA;True;0,8782622756259495;1,0;1,0;0,22053837669976767;0,6586441863669917;0,1851740071976712;0,034444082061286574
Societário;SPA / SHA e documentos correlatos;;Esaú;2026-06-16 09:01:00;2026-06-22 09:01:59.999999999;2026-06-22 11:01:59.999999999;1,0;;2,0;2026-06-22 11:01:59.999999999;;AHP_APRENDIZAGEM_ESPECIALIZACAO_WORKLOAD;;;;;CONCLUIDA;True;0,9308088826771627;1,0;0,6925314477830801;0,9215277777784052;0,6586441863669917;0,1282388232963977;0,14392587301377324
Contratos;Letter of Intent;;Caim;2026-06-16 09:02:00;2026-06-29 13:01:00.000000000;2026-06-29 15:01:00.000000000;1,0;;2,0;2026-06-29 15:01:00.000000000;;AHP_APRENDIZAGEM_ESPECIALIZACAO_WORKLOAD;;;;;CONCLUIDA;True;0,8535831857856919;1,0;0,3663834448638764;0,8137587319748995;0,6586441863669917;0,06784469065633102;0,1270943087623691
Contratos;Contrato de Licenciamento de Software;;Caim;2026-06-16 09:03:00;2026-06-29 15:01:00.000000000;2026-07-01 15:00:59.999999999;4,0;;16,0;2026-07-01 15:00:59.999999999;;AHP_APRENDIZAGEM_ESPECIALIZACAO_WORKLOAD;;;;;CONCLUIDA;True;0,8528227183266065;1,0;0,3663834448638764;0,8088896151651883;0,6586441863669917;0,06784469065633102;0,12633384130328376
Governança;Integração com outras áreas;;Adão;2026-06-16 09:04:00;2026-08-26 09:00:59.999999999;2026-08-26 11:00:59.999999999;1,0;;2,0;2026-08-26 11:00:59.999999999;;AHP_APRENDIZAGEM_ESPECIALIZACAO_WORKLOAD;;;;;CONCLUIDA;True;0,8438181935646629;1,0;1,0;0,0;0,6586441863669917;0,1851740071976712;0,0
Regulatório;Interface direta com equipes técnicas dos reguladores;;Abel;2026-06-17 09:00:00;2026-08-11 15:02:00.000000000;2026-08-12 15:02:00.000000000;3,0;;8,0;2026-08-12 15:02:00.000000000;;AHP_APRENDIZAGEM_ESPECIALIZACAO_WORKLOAD;;;;;CONCLUIDA;True;0,7625330166238642;1,0;0,384836159820611;0,20890510343683932;0,6586441863669917;0,07126165382854596;0,032627176428326514
Concorrencial;M&A Concorrencial;;Abel;2026-06-17 09:01:00;2026-08-12 15:02:00.000000000;2026-08-17 15:02:00.000000000;5,0;;24,0;2026-08-17 15:02:00.000000000;;AHP_APRENDIZAGEM_ESPECIALIZACAO_WORKLOAD;;;;;CONCLUIDA;True;0,8733386270447087;1,0;1,0;0,18901326699834167;0,6586441863669917;0,1851740071976712;0,02952043348004569
Trabalhista;Resposta a autos de infração;;Abel;2026-06-17 09:02:00;2026-08-17 15:02:00.000000000;2026-08-19 15:02:00.000000000;4,0;;16,0;2026-08-19 15:02:00.000000000;;AHP_APRENDIZAGEM_ESPECIALIZACAO_WORKLOAD;;;;;CONCLUIDA;True;0,8640151774475692;1,0;1,0;0,12931713586798793;0,6586441863669917;0,1851740071976712;0,02019698388290628
Contratos;Contratos Administrativos;;Caim;2026-06-17 09:03:00;2026-07-01 15:00:59.999999999;2026-07-02 15:01:00.000000000;3,0;;8,0;2026-07-02 15:01:00.000000000;;AHP_APRENDIZAGEM_ESPECIALIZACAO_WORKLOAD;;;;;CONCLUIDA;True;0,8617007797639947;1,0;0,433519993758089;0,7861348370518562;0,6586441863669917;0,08027663444449473;0,12277995895250828
Direito digital;Avaliação de bases legais para tratamento de dados;;Abel;2026-06-17 09:04:00;2026-08-19 15:02:00.000000000;2026-08-20 11:02:00.000000000;2,0;;4,0;2026-08-20 11:02:00.000000000;;AHP_APRENDIZAGEM_ESPECIALIZACAO_WORKLOAD;;;;;CONCLUIDA;True;0,8577998878091333;1,0;1,0;0,0895219140025707;0,6586441863669917;0,1851740071976712;0,013981694244470391
Governança;Outras atividades de governança;;Adão;2026-06-18 09:00:00;2026-08-26 11:00:59.999999999;2026-08-27 11:01:00.000000000;3,0;;8,0;2026-08-27 11:01:00.000000000;;AHP_APRENDIZAGEM_ESPECIALIZACAO_WORKLOAD;;;;;CONCLUIDA;True;0,8438181935646629;1,0;1,0;0,0;0,6586441863669917;0,1851740071976712;0,0
Direito financeiro;Gestão de relacionamento jurídico-financeiro;;Abel;2026-06-18 09:01:00;2026-08-20 11:02:00.000000000;2026-08-20 13:02:00.000000000;1,0;;2,0;2026-08-20 13:02:00.000000000;;AHP_APRENDIZAGEM_ESPECIALIZACAO_WORKLOAD;;;;;CONCLUIDA;True;0,8593521966176635;1,0;1,0;0,09946102819237151;0,6586441863669917;0,1851740071976712;0,015534003053000576
Contratos;NDA;;Caim;2026-06-18 09:02:00;2026-07-02 15:01:00.000000000;2026-07-03 09:00:59.999999999;1,0;;2,0;2026-07-03 09:00:59.999999999;;AHP_APRENDIZAGEM_ESPECIALIZACAO_WORKLOAD;;;;;CONCLUIDA;True;0,8616956891732177;1,0;0,433519993758089;0,7861022430455934;0,6586441863669917;0,08027663444449473;0,1227748683617312
Governança;Benchmarking de melhores práticas;;Adão;2026-06-18 09:03:00;2026-08-27 11:01:00.000000000;2026-08-27 13:01:00.000000000;1,0;;2,0;2026-08-27 13:01:00.000000000;;AHP_APRENDIZAGEM_ESPECIALIZACAO_WORKLOAD;;;;;CONCLUIDA;True;0,8438181935646629;1,0;1,0;0,0;0,6586441863669917;0,1851740071976712;0,0
Contratos;Contrato de Cessão de Crédito;;Caim;2026-06-18 09:04:00;2026-07-03 09:00:59.999999999;2026-07-06 09:00:59.999999999;3,0;;8,0;2026-07-06 09:00:59.999999999;;AHP_APRENDIZAGEM_ESPECIALIZACAO_WORKLOAD;;;;;CONCLUIDA;True;0,8610979487570488;1,0;0,433519993758089;0,7822750340395538;0,6586441863669917;0,08027663444449473;0,12217712794556233
Governança;Governança e Regimentos de Comitês;;Adão;2026-06-19 09:00:00;2026-08-27 13:01:00.000000000;2026-08-28 13:01:00.000000000;3,0;;8,0;2026-08-28 13:01:00.000000000;;AHP_APRENDIZAGEM_ESPECIALIZACAO_WORKLOAD;;;;;CONCLUIDA;True;0,8438181935646629;1,0;1,0;0,0;0,6586441863669917;0,1851740071976712;0,0
Governança;Monitoramento de aderência a políticas;;Adão;2026-06-19 09:01:00;2026-08-28 13:01:00.000000000;2026-08-31 13:01:00.000000000;3,0;;8,0;2026-08-31 13:01:00.000000000;;AHP_APRENDIZAGEM_ESPECIALIZACAO_WORKLOAD;;;;;CONCLUIDA;True;0,8438181935646629;1,0;1,0;0,0;0,6586441863669917;0,1851740071976712;0,0
Direito financeiro;Interface com assessores financeiros, bancos de investimento e reguladores;;Abel;2026-06-19 09:02:00;2026-08-20 13:02:00.000000000;2026-08-21 13:02:00.000000000;3,0;;8,0;2026-08-21 13:02:00.000000000;;AHP_APRENDIZAGEM_ESPECIALIZACAO_WORKLOAD;;;;;CONCLUIDA;True;0,8650413291209677;1,0;1,0;0,1358873740847122;0,6586441863669917;0,1851740071976712;0,021223135556304763
Contratos;Contratos imobiliários;;Caim;2026-06-19 09:03:00;2026-07-06 09:00:59.999999999;2026-07-07 09:00:59.999999999;3,0;;8,0;2026-07-07 09:00:59.999999999;;AHP_APRENDIZAGEM_ESPECIALIZACAO_WORKLOAD;;;;;CONCLUIDA;True;0,8617533443613512;1,0;0,433519993758089;0,7864713973629204;0,6586441863669917;0,08027663444449473;0,12283252354986472
Propriedade intelectual;Definição de estratégias de proteção de informações confidenciais;;Abel;2026-06-19 09:04:00;2026-08-21 13:02:00.000000000;2026-08-21 15:02:00.000000000;1,0;;2,0;2026-08-21 15:02:00.000000000;;AHP_APRENDIZAGEM_ESPECIALIZACAO_WORKLOAD;;;;;CONCLUIDA;True;0,8620100218904038;1,0;1,0;0,11647853703928461;0,6586441863669917;0,1851740071976712;0,018191828325740792
Contratos;Contratos Financeiros ou Bancários;;Caim;2026-06-22 09:00:00;2026-07-07 09:00:59.999999999;2026-07-08 09:00:59.999999999;3,0;;8,0;2026-07-08 09:00:59.999999999;;AHP_APRENDIZAGEM_ESPECIALIZACAO_WORKLOAD;;;;;CONCLUIDA;True;0,883857684373178;1,0;0,556538857860748;0,7821459510744759;0,6586441863669917;0,10305653047128985;0,12215696753489645
Societário;Estruturação de holdings e grupos;;Esaú;2026-06-22 09:01:00;2026-06-22 11:01:59.999999999;2026-06-25 11:01:59.999999999;5,0;;24,0;2026-06-25 11:01:59.999999999;;AHP_APRENDIZAGEM_ESPECIALIZACAO_WORKLOAD;;;;;CONCLUIDA;True;0,9614455013537596;1,0;0,7960033440189462;0,9950082508257666;0,6586441863669917;0,14739912895473467;0,15540218603203323
Propriedade intelectual;Análise de titularidade de software desenvolvido internamente;;Abel;2026-06-22 09:02:00;2026-08-21 15:02:00.000000000;2026-08-24 09:02:00.000000000;1,0;;2,0;2026-08-24 09:02:00.000000000;;AHP_APRENDIZAGEM_ESPECIALIZACAO_WORKLOAD;;;;;CONCLUIDA;True;0,8615955607808348;1,0;1,0;0,11382482775631134;0,6586441863669917;0,1851740071976712;0,017777367216171805
Contratos;Contrato de Escrow de Código-Fonte;;Caim;2026-06-22 09:03:00;2026-07-08 09:00:59.999999999;2026-07-09 09:00:59.999999999;3,0;;8,0;2026-07-09 09:00:59.999999999;;AHP_APRENDIZAGEM_ESPECIALIZACAO_WORKLOAD;;;;;CONCLUIDA;True;0,8807798398238584;1,0;0,556538857860748;0,7624391451438255;0,6586441863669917;0,10305653047128985;0,11907912298557685
Direito financeiro;Due diligence financeira e bancária;;Abel;2026-06-22 09:04:00;2026-08-24 09:02:00.000000000;2026-08-27 09:01:59.999999999;5,0;;24,0;2026-08-27 09:01:59.999999999;;AHP_APRENDIZAGEM_ESPECIALIZACAO_WORKLOAD;;;;;CONCLUIDA;True;0,8608237547801819;1,0;1,0;0,10888311259583054;0,6586441863669917;0,1851740071976712;0,01700556121551902
Societário;Elaboração e negociação de  SHA;;Eva;2026-06-23 09:00:00;2026-06-23 09:00:00.000000000;2026-06-23 17:00:00.000000000;3,0;;8,0;2026-06-23 17:00:00.000000000;;AHP_APRENDIZAGEM_ESPECIALIZACAO_WORKLOAD;;;;;CONCLUIDA;True;0,8299140963124235;1,0;0,08148067722047173;1,0;0,6586441863669917;0,015088103510094753;0,1561818064353371
Societário;Aprovações regulatórias e concorrenciais;;Eva;2026-06-23 09:01:00;2026-06-24 09:00:00.000000000;2026-06-24 17:00:00.000000000;3,0;;8,0;2026-06-24 17:00:00.000000000;;AHP_APRENDIZAGEM_ESPECIALIZACAO_WORKLOAD;;;;;CONCLUIDA;True;0,8267654816119783;1,0;0,08148067722047173;0,9798400673400531;0,6586441863669917;0,015088103510094753;0,15303319173489185
Trabalhista;Avaliação de riscos trabalhistas em práticas internas;;Abel;2026-06-23 09:02:00;2026-08-27 09:01:59.999999999;2026-08-27 11:01:59.999999999;1,0;;2,0;2026-08-27 11:01:59.999999999;;AHP_APRENDIZAGEM_ESPECIALIZACAO_WORKLOAD;;;;;CONCLUIDA;True;0,8516999220007713;1,0;1,0;0,05046508691376633;0,6586441863669917;0,1851740071976712;0,007881728436108317
Contratos;Contrato de Transferência de Tecnologia;;Caim;2026-06-23 09:03:00;2026-07-09 09:00:59.999999999;2026-07-10 09:00:59.999999999;3,0;;8,0;2026-07-10 09:00:59.999999999;;AHP_APRENDIZAGEM_ESPECIALIZACAO_WORKLOAD;;;;;CONCLUIDA;True;0,8843694997905585;1,0;0,5799723423526869;0,7576395319469637;0,6586441863669917;0,10739580269726666;0,11832951072630007
Trabalhista;Gestão de escritórios externos;;Abel;2026-06-23 09:04:00;2026-08-27 11:01:59.999999999;2026-08-27 13:01:59.999999999;1,0;;2,0;2026-08-27 13:01:59.999999999;;AHP_APRENDIZAGEM_ESPECIALIZACAO_WORKLOAD;;;;;CONCLUIDA;True;0,8509116889193475;1,0;1,0;0,045418192532057367;0,6586441863669917;0,1851740071976712;0,007093495354684657
Contratos;Letter of Intent;;Caim;2026-06-24 09:00:00;2026-07-10 09:00:59.999999999;2026-07-10 11:00:59.999999999;1,0;;2,0;2026-07-10 11:00:59.999999999;;AHP_APRENDIZAGEM_ESPECIALIZACAO_WORKLOAD;;;;;CONCLUIDA;True;0,8878096776088144;1,0;0,602847323877071;0,7525449937715681;0,6586441863669917;0,11163165469070956;0,11753383655111302
Trabalhista;Apoio em programas de stock options e incentivos de longo prazo;;Abel;2026-06-24 09:01:00;2026-08-27 13:01:59.999999999;2026-08-27 15:01:59.999999999;1,0;;2,0;2026-08-27 15:01:59.999999999;;AHP_APRENDIZAGEM_ESPECIALIZACAO_WORKLOAD;;;;;CONCLUIDA;True;0,850251971587386;1,0;1,0;0,041194158074914944;0,6586441863669917;0,1851740071976712;0,006433778022723045
Governança;Planejamento de Agenda do Conselho de Administração;;Adão;2026-06-24 09:02:00;2026-08-31 13:01:00.000000000;2026-08-31 15:01:00.000000000;1,0;;2,0;2026-08-31 15:01:00.000000000;;AHP_APRENDIZAGEM_ESPECIALIZACAO_WORKLOAD;;;;;CONCLUIDA;True;0,8438181935646629;1,0;1,0;0,0;0,6586441863669917;0,1851740071976712;0,0
Regulatório;Elaboração de defesas, manifestações e recursos;;Abel;2026-06-24 09:03:00;2026-08-27 15:01:59.999999999;2026-08-31 15:02:00.000000000;4,0;;16,0;2026-08-31 15:02:00.000000000;;AHP_APRENDIZAGEM_ESPECIALIZACAO_WORKLOAD;;;;;CONCLUIDA;True;0,7683353232826732;1,0;0,557798619077749;0,04098640909482366;0,6586441863669917;0,10328980550395414;0,006401331411727289
Regulatório;Tradução da norma para áreas de negócio, compliance e produto;;Abel;2026-06-24 09:04:00;2026-08-31 15:02:00.000000000;2026-09-01 15:02:00.000000000;3,0;;8,0;2026-09-01 15:02:00.000000000;;AHP_APRENDIZAGEM_ESPECIALIZACAO_WORKLOAD;;;;;CONCLUIDA;True;0,7619339918709459;1,0;0,557798619077749;0,0;0,6586441863669917;0,10328980550395414;0,0
Governança;Gestão de documentos de governança;;Adão;2026-06-25 09:00:00;2026-08-31 15:01:00.000000000;2026-09-01 15:01:00.000000000;3,0;;8,0;2026-09-01 15:01:00.000000000;;AHP_APRENDIZAGEM_ESPECIALIZACAO_WORKLOAD;;;;;CONCLUIDA;True;0,8470283229935771;1,0;1,0;0,020553798820628223;0,6586441863669917;0,1851740071976712;0,0032101294289142174
Contratos;Contrato de compra e venda;;Caim;2026-06-25 09:01:00;2026-07-10 11:00:59.999999999;2026-07-13 11:01:00.000000000;3,0;;8,0;2026-07-13 11:01:00.000000000;;AHP_APRENDIZAGEM_ESPECIALIZACAO_WORKLOAD;;;;;CONCLUIDA;True;0,8948766731338251;1,0;0,6269297577502132;0,7692406307421117;0,6586441863669917;0,11609109547407223;0,12014139129276111
Contencioso;Elaboração de recursos;;Adão;2026-06-25 09:02:00;2026-09-01 15:01:00.000000000;2026-09-03 15:00:59.999999999;4,0;;16,0;2026-09-03 15:00:59.999999999;;AHP_APRENDIZAGEM_ESPECIALIZACAO_WORKLOAD;;;;;CONCLUIDA;True;0,8438248680008353;1,0;1,0;4,2735042735034305e-05;0,6586441863669917;0,1851740071976712;6,674436172448987e-06
Societário;Estruturação de veículos societários (SPVs);;Eva;2026-06-25 09:03:00;2026-06-25 09:03:00.000000000;2026-06-30 09:03:00.000000000;5,0;;24,0;2026-06-30 09:03:00.000000000;;AHP_APRENDIZAGEM_ESPECIALIZACAO_WORKLOAD;;;;;CONCLUIDA;True;0,8370813579058394;1,0;0,12018622613568661;1,0;0,6586441863669917;0,022255365103510567;0,1561818064353371
Governança;Política de Governaça Corporativa;;Adão;2026-06-25 09:04:00;2026-09-03 15:00:59.999999999;2026-09-04 15:01:00.000000000;3,0;;8,0;2026-09-04 15:01:00.000000000;;AHP_APRENDIZAGEM_ESPECIALIZACAO_WORKLOAD;;;;;CONCLUIDA;True;0,8438181935646629;1,0;1,0;0,0;0,6586441863669917;0,1851740071976712;0,0
Societário;Estruturação de veículos societários (SPVs);;Eva;2026-06-26 09:00:00;2026-06-30 09:03:00.000000000;2026-07-03 09:03:00.000000000;5,0;;24,0;2026-07-03 09:03:00.000000000;;AHP_APRENDIZAGEM_ESPECIALIZACAO_WORKLOAD;;;;;CONCLUIDA;True;0,8309074291017127;1,0;0,12018622613568661;0,9604696030540347;0,6586441863669917;0,022255365103510567;0,15000787763121032
Contratos;Letter of Intent;;Caim;2026-06-26 09:01:00;2026-07-13 11:01:00.000000000;2026-07-13 13:01:00.000000000;1,0;;2,0;2026-07-13 13:01:00.000000000;;AHP_APRENDIZAGEM_ESPECIALIZACAO_WORKLOAD;;;;;CONCLUIDA;True;0,9002822623980066;1,0;0,648459544188944;0,7783251231525576;0,6586441863669917;0,1200778523030421;0,12156022372797268
Regulatório;Gestão de prazos regulatórios críticos;;Abel;2026-06-26 09:02:00;2026-09-01 15:02:00.000000000;2026-09-02 15:02:00.000000000;3,0;;8,0;2026-09-02 15:02:00.000000000;;AHP_APRENDIZAGEM_ESPECIALIZACAO_WORKLOAD;;;;;CONCLUIDA;True;0,7763226962113696;1,0;0,5856768025001311;0,05907467465827766;0,6586441863669917;0,10845212044166833;0,009226389402709636
Trabalhista;Resposta a autos de infração;;Abel;2026-06-26 09:03:00;2026-09-02 15:02:00.000000000;2026-09-04 15:02:00.000000000;4,0;;16,0;2026-09-04 15:02:00.000000000;;AHP_APRENDIZAGEM_ESPECIALIZACAO_WORKLOAD;;;;;CONCLUIDA;True;0,8499672350447348;1,0;1,0;0,03937104852617855;0,6586441863669917;0,1851740071976712;0,0061490414800718825
Contratos;Contrato de Desenvolvimento de Software;;Caim;2026-06-26 09:04:00;2026-07-13 13:01:00.000000000;2026-07-14 13:01:00.000000000;3,0;;8,0;2026-07-14 13:01:00.000000000;;AHP_APRENDIZAGEM_ESPECIALIZACAO_WORKLOAD;;;;;CONCLUIDA;True;0,8995292237857082;1,0;0,648459544188944;0,7735035717216613;0,6586441863669917;0,1200778523030421;0,1208071851156744
Contratos;NDA;;Caim;2026-06-29 09:00:00;2026-07-14 13:01:00.000000000;2026-07-14 15:01:00.000000000;1,0;;2,0;2026-07-14 15:01:00.000000000;;AHP_APRENDIZAGEM_ESPECIALIZACAO_WORKLOAD;;;;;CONCLUIDA;True;0,9026519978125125;1,0;0,6692723797366311;0,7688217067247299;0,6586441863669917;0,12393184846255345;0,12007596298296729
Direito financeiro;Avaliação de endividamento e garantias;;Abel;2026-06-29 09:01:00;2026-09-04 15:02:00.000000000;2026-09-07 09:02:00.000000000;1,0;;2,0;2026-09-07 09:02:00.000000000;;AHP_APRENDIZAGEM_ESPECIALIZACAO_WORKLOAD;;;;;CONCLUIDA;True;0,8438181935646629;1,0;1,0;0,0;0,6586441863669917;0,1851740071976712;0,0
Direito financeiro;Operações de Crédito e Financiamento;;Abel;2026-06-29 09:02:00;2026-09-07 09:02:00.000000000;2026-09-07 11:02:00.000000000;1,0;;2,0;2026-09-07 11:02:00.000000000;;AHP_APRENDIZAGEM_ESPECIALIZACAO_WORKLOAD;;;;;CONCLUIDA;True;0,8438181935646629;1,0;1,0;0,0;0,6586441863669917;0,1851740071976712;0,0
Concorrencial;Relacionamento CADE;;Abel;2026-06-29 09:03:00;2026-09-07 11:02:00.000000000;2026-09-07 13:02:00.000000000;1,0;;2,0;2026-09-07 13:02:00.000000000;;AHP_APRENDIZAGEM_ESPECIALIZACAO_WORKLOAD;;;;;CONCLUIDA;True;0,8438181935646629;1,0;1,0;0,0;0,6586441863669917;0,1851740071976712;0,0
Direito financeiro;Apoio na estruturação de financiamentos de aquisição;;Abel;2026-06-29 09:04:00;2026-09-07 13:02:00.000000000;2026-09-10 13:01:59.999999999;5,0;;24,0;2026-09-10 13:01:59.999999999;;AHP_APRENDIZAGEM_ESPECIALIZACAO_WORKLOAD;;;;;CONCLUIDA;True;0,8438181935646629;1,0;1,0;0,0;0,6586441863669917;0,1851740071976712;0,0
Societário;Análise jurídica preliminar e de estrutura da operação;;Eva;2026-06-30 09:00:00;2026-07-03 09:03:00.000000000;2026-07-08 09:03:00.000000000;5,0;;24,0;2026-07-08 09:03:00.000000000;;AHP_APRENDIZAGEM_ESPECIALIZACAO_WORKLOAD;;;;;CONCLUIDA;True;0,8281387999070222;1,0;0,12018622613568661;0,9427426394730577;0,6586441863669917;0,022255365103510567;0,1472392484365199
Regulatório;Registro de companhias abertas, emissores e participantes de mercado na CVM;;Abel;2026-06-30 09:01:00;2026-09-10 13:01:59.999999999;2026-09-10 15:01:59.999999999;1,0;;2,0;2026-09-10 15:01:59.999999999;;AHP_APRENDIZAGEM_ESPECIALIZACAO_WORKLOAD;;;;;CONCLUIDA;True;0,7675232411068704;1,0;0,5879823868781513;0,0;0,6586441863669917;0,10887905473987868;0,0
Societário;Suporte jurídico às negociações comerciais;;Eva;2026-06-30 09:02:00;2026-07-08 09:03:00.000000000;2026-07-09 09:02:59.999999999;3,0;;8,0;2026-07-09 09:02:59.999999999;;AHP_APRENDIZAGEM_ESPECIALIZACAO_WORKLOAD;;;;;CONCLUIDA;True;0,8193104343536985;1,0;0,12018622613568661;0,886216429699842;0,6586441863669917;0,022255365103510567;0,13841088288319625
Contratos;MoU;;Caim;2026-06-30 09:03:00;2026-07-14 15:01:00.000000000;2026-07-15 09:00:59.999999999;1,0;;2,0;2026-07-15 09:00:59.999999999;;AHP_APRENDIZAGEM_ESPECIALIZACAO_WORKLOAD;;;;;CONCLUIDA;True;0,9109581300467818;1,0;0,6909694235865961;0,79627947391353;0,6586441863669917;0,12794957701659504;0,12436436666319502
Concorrencial;M&A Concorrencial;;Abel;2026-06-30 09:04:00;2026-09-10 15:01:59.999999999;2026-09-15 15:02:00.000000000;5,0;;24,0;2026-09-15 15:02:00.000000000;;AHP_APRENDIZAGEM_ESPECIALIZACAO_WORKLOAD;;;;;CONCLUIDA;True;0,8438181935646629;1,0;1,0;0,0;0,6586441863669917;0,1851740071976712;0,0
Societário;Due diligence;;Eva;2026-07-01 09:00:00;2026-07-09 09:02:59.999999999;2026-07-14 09:03:00.000000000;5,0;;24,0;2026-07-14 09:03:00.000000000;;AHP_APRENDIZAGEM_ESPECIALIZACAO_WORKLOAD;;;;;CONCLUIDA;True;0,8405495631112134;1,0;0,23143588294943884;0,8903051518149303;0,6586441863669917;0,042855909855078776;0,13904946688914285
Regulatório;Alterações cadastrais e societárias perante CVM e BCB;;Abel;2026-07-01 09:01:00;2026-09-15 15:02:00.000000000;2026-09-16 09:02:00.000000000;1,0;;2,0;2026-09-16 09:02:00.000000000;;AHP_APRENDIZAGEM_ESPECIALIZACAO_WORKLOAD;;;;;CONCLUIDA;True;0,7675232411068704;1,0;0,5879823868781513;0,0;0,6586441863669917;0,10887905473987868;0,0
Regulatório;Avaliação de conflitos de interesses e deveres fiduciários;;Abel;2026-07-01 09:02:00;2026-09-16 09:02:00.000000000;2026-09-16 11:02:00.000000000;1,0;;2,0;2026-09-16 11:02:00.000000000;;AHP_APRENDIZAGEM_ESPECIALIZACAO_WORKLOAD;;;;;CONCLUIDA;True;0,7675232411068704;1,0;0,5879823868781513;0,0;0,6586441863669917;0,10887905473987868;0,0
Regulatório;Interface com escritórios externos especializados;;Abel;2026-07-01 09:03:00;2026-09-16 11:02:00.000000000;2026-09-16 13:02:00.000000000;1,0;;2,0;2026-09-16 13:02:00.000000000;;AHP_APRENDIZAGEM_ESPECIALIZACAO_WORKLOAD;;;;;CONCLUIDA;True;0,7675232411068704;1,0;0,5879823868781513;0,0;0,6586441863669917;0,10887905473987868;0,0
Contencioso;Elaboração de contestação;;Adão;2026-07-01 09:04:00;2026-09-04 15:01:00.000000000;2026-09-07 09:00:59.999999999;1,0;;2,0;2026-09-07 09:00:59.999999999;;AHP_APRENDIZAGEM_ESPECIALIZACAO_WORKLOAD;;;;;CONCLUIDA;True;0,8656348653022516;1,0;1,0;0,13968766423905707;0,6586441863669917;0,1851740071976712;0,02181667173758877
Societário;Atualização de Contrato Social / Estatuto;;Eva;2026-07-02 09:00:00;2026-07-14 09:03:00.000000000;2026-07-15 09:02:59.999999999;3,0;;8,0;2026-07-15 09:02:59.999999999;;AHP_APRENDIZAGEM_ESPECIALIZACAO_WORKLOAD;;;;;CONCLUIDA;True;0,8347399761177318;1,0;0,23143588294943884;0,8531075605840531;0,6586441863669917;0,042855909855078776;0,13323987989566122
Contratos;Contrato de Cessão de Direitos Autorais;;Caim;2026-07-02 09:01:00;2026-07-15 09:00:59.999999999;2026-07-16 09:00:59.999999999;3,0;;8,0;2026-07-16 09:00:59.999999999;;AHP_APRENDIZAGEM_ESPECIALIZACAO_WORKLOAD;;;;;CONCLUIDA;True;0,926141399204331;1,0;0,7404166144713779;0,8348686976797522;0,6586441863669917;0,13710591149739826;0,13039130133994103
Propriedade intelectual;Definição de estratégias de proteção de informações confidenciais;;Abel;2026-07-02 09:02:00;2026-09-16 13:02:00.000000000;2026-09-16 15:02:00.000000000;1,0;;2,0;2026-09-16 15:02:00.000000000;;AHP_APRENDIZAGEM_ESPECIALIZACAO_WORKLOAD;;;;;CONCLUIDA;True;0,8438181935646629;1,0;1,0;0,0;0,6586441863669917;0,1851740071976712;0,0
Contencioso;Gestão de provas e documentos;;Adão;2026-07-02 09:03:00;2026-09-07 09:00:59.999999999;2026-09-07 11:00:59.999999999;1,0;;2,0;2026-09-07 11:00:59.999999999;;AHP_APRENDIZAGEM_ESPECIALIZACAO_WORKLOAD;;;;;CONCLUIDA;True;0,8659329049975899;1,0;1,0;0,14159595113969325;0,6586441863669917;0,1851740071976712;0,022114711432927023
Contratos;Outros tipos contratuais;;Caim;2026-07-02 09:04:00;2026-07-16 09:00:59.999999999;2026-07-17 09:00:59.999999999;3,0;;8,0;2026-07-17 09:00:59.999999999;;AHP_APRENDIZAGEM_ESPECIALIZACAO_WORKLOAD;;;;;CONCLUIDA;True;0,92342120616934;1,0;0,7404166144713779;0,8174518608722126;0,6586441863669917;0,13710591149739826;0,12767110830495002
Governança;Planejamento de Agenda do Conselho de Administração;;Adão;2026-07-03 09:00:00;2026-09-07 11:00:59.999999999;2026-09-07 13:00:59.999999999;1,0;;2,0;2026-09-07 13:00:59.999999999;;AHP_APRENDIZAGEM_ESPECIALIZACAO_WORKLOAD;;;;;CONCLUIDA;True;0,8656153676199163;1,0;1,0;0,13956282458724129;0,6586441863669917;0,1851740071976712;0,021797174055253426
Regulatório;Análise regulatória de novos produtos financeiros e de investimento;;Abel;2026-07-03 09:01:00;2026-09-16 15:02:00.000000000;2026-09-17 15:02:00.000000000;3,0;;8,0;2026-09-17 15:02:00.000000000;;AHP_APRENDIZAGEM_ESPECIALIZACAO_WORKLOAD;;;;;CONCLUIDA;True;0,7726011083429365;1,0;0,6154045251842337;0,0;0,6586441863669917;0,11395692197594472;0,0
Contratos;Contrato de Joint Venture;;Caim;2026-07-03 09:02:00;2026-07-17 09:00:59.999999999;2026-07-22 09:00:59.999999999;5,0;;24,0;2026-07-22 09:00:59.999999999;;AHP_APRENDIZAGEM_ESPECIALIZACAO_WORKLOAD;;;;;CONCLUIDA;True;0,9268248333064582;1,0;0,7588497812368596;0,8173896499245307;0,6586441863669917;0,14051925485270544;0,127661392086761
Trabalhista;Análise de regimes de jornada e banco de horas;;Abel;2026-07-03 09:03:00;2026-09-17 15:02:00.000000000;2026-09-18 09:02:00.000000000;1,0;;2,0;2026-09-18 09:02:00.000000000;;AHP_APRENDIZAGEM_ESPECIALIZACAO_WORKLOAD;;;;;CONCLUIDA;True;0,8438181935646629;1,0;1,0;0,0;0,6586441863669917;0,1851740071976712;0,0
Societário;Atas de Reunião e Assembleia;;Eva;2026-07-03 09:04:00;2026-07-15 09:02:59.999999999;2026-07-15 13:02:59.999999999;2,0;;4,0;2026-07-15 13:02:59.999999999;;AHP_APRENDIZAGEM_ESPECIALIZACAO_WORKLOAD;;;;;CONCLUIDA;True;0,8585816441698563;1,0;0,3589532394586816;0,8545723160845519;0,6586441863669917;0,0664688097471493;0,1334686480557152
Concorrencial;M&A Concorrencial;;Abel;2026-07-06 09:00:00;2026-09-18 09:02:00.000000000;2026-09-23 09:01:59.999999999;5,0;;24,0;2026-09-23 09:01:59.999999999;;AHP_APRENDIZAGEM_ESPECIALIZACAO_WORKLOAD;;;;;CONCLUIDA;True;0,8438181935646629;1,0;1,0;0,0;0,6586441863669917;0,1851740071976712;0,0
Concorrencial;Análise de exclusividade, não concorrência e cláusulas MFN;;Abel;2026-07-06 09:01:00;2026-09-23 09:01:59.999999999;2026-09-23 11:01:59.999999999;1,0;;2,0;2026-09-23 11:01:59.999999999;;AHP_APRENDIZAGEM_ESPECIALIZACAO_WORKLOAD;;;;;CONCLUIDA;True;0,8438181935646629;1,0;1,0;0,0;0,6586441863669917;0,1851740071976712;0,0
Societário;Estruturação de veículos societários (SPVs);;Eva;2026-07-06 09:02:00;2026-07-15 13:02:59.999999999;2026-07-20 13:03:00.000000000;5,0;;24,0;2026-07-20 13:03:00.000000000;;AHP_APRENDIZAGEM_ESPECIALIZACAO_WORKLOAD;;;;;CONCLUIDA;True;0,8608286204179771;1,0;0,3589532394586816;0,8689592430858807;0,6586441863669917;0,0664688097471493;0,13571562430383605
Direito financeiro;Análise de condições contratuais e riscos sistêmicos;;Abel;2026-07-06 09:03:00;2026-09-23 11:01:59.999999999;2026-09-23 13:01:59.999999999;1,0;;2,0;2026-09-23 13:01:59.999999999;;AHP_APRENDIZAGEM_ESPECIALIZACAO_WORKLOAD;;;;;CONCLUIDA;True;0,8438181935646629;1,0;1,0;0,0;0,6586441863669917;0,1851740071976712;0,0
Contratos;Letter of Intent;;Caim;2026-07-06 09:04:00;2026-07-22 09:00:59.999999999;2026-07-22 11:00:59.999999999;1,0;;2,0;2026-07-22 11:00:59.999999999;;AHP_APRENDIZAGEM_ESPECIALIZACAO_WORKLOAD;;;;;CONCLUIDA;True;0,9257577432439854;1,0;0,7750094148762924;0,7913979273866465;0,6586441863669917;0,1435115989685655;0,12360195790842819
Governança;Trasnparência e divulgação de informações;;Adão;2026-07-07 09:00:00;2026-09-07 13:00:59.999999999;2026-09-07 15:00:59.999999999;1,0;;2,0;2026-09-07 15:00:59.999999999;;AHP_APRENDIZAGEM_ESPECIALIZACAO_WORKLOAD;;;;;CONCLUIDA;True;0,876992863090287;1,0;1,0;0,21241058918958777;0,6586441863669917;0,1851740071976712;0,033174669525624104
Governança;Código de Conduta;;Adão;2026-07-07 09:01:00;2026-09-07 15:00:59.999999999;2026-09-08 09:00:59.999999999;1,0;;2,0;2026-09-08 09:00:59.999999999;;AHP_APRENDIZAGEM_ESPECIALIZACAO_WORKLOAD;;;;;CONCLUIDA;True;0,8763030418409704;1,0;1,0;0,20799380553814384;0,6586441863669917;0,1851740071976712;0,03248484827630753
Contratos;MoU;;Caim;2026-07-07 09:02:00;2026-07-22 11:00:59.999999999;2026-07-22 13:00:59.999999999;1,0;;2,0;2026-07-22 13:00:59.999999999;;AHP_APRENDIZAGEM_ESPECIALIZACAO_WORKLOAD;;;;;CONCLUIDA;True;0,9300862646042604;1,0;0,790352071543771;0,8009218289091691;0,6586441863669917;0,14635266018474058;0,12508941805252802
Direito financeiro;Apoio em processos administrativos regulatórios;;Abel;2026-07-07 09:03:00;2026-09-23 13:01:59.999999999;2026-09-24 13:02:00.000000000;3,0;;8,0;2026-09-24 13:02:00.000000000;;AHP_APRENDIZAGEM_ESPECIALIZACAO_WORKLOAD;;;;;CONCLUIDA;True;0,8438181935646629;1,0;1,0;0,0;0,6586441863669917;0,1851740071976712;0,0
Contratos;Contrato de Locação;;Caim;2026-07-07 09:04:00;2026-07-22 13:00:59.999999999;2026-07-23 13:01:00.000000000;3,0;;8,0;2026-07-23 13:01:00.000000000;;AHP_APRENDIZAGEM_ESPECIALIZACAO_WORKLOAD;;;;;CONCLUIDA;True;0,9299570055451841;1,0;0,790352071543771;0,8000942097259464;0,6586441863669917;0,14635266018474058;0,12496015899345177
Direito digital;Programa de conformidade com LGPD;;Abel;2026-07-08 09:00:00;2026-09-24 13:02:00.000000000;2026-09-24 15:02:00.000000000;1,0;;2,0;2026-09-24 15:02:00.000000000;;AHP_APRENDIZAGEM_ESPECIALIZACAO_WORKLOAD;;;;;CONCLUIDA;True;0,8438181935646629;1,0;1,0;0,0;0,6586441863669917;0,1851740071976712;0,0
Contencioso;Contencioso Trabalhista;;Adão;2026-07-08 09:01:00;2026-09-08 09:00:59.999999999;2026-09-10 09:00:59.999999999;4,0;;16,0;2026-09-10 09:00:59.999999999;;AHP_APRENDIZAGEM_ESPECIALIZACAO_WORKLOAD;;;;;CONCLUIDA;True;0,8789119433238751;1,0;1,0;0,2246980654161007;0,6586441863669917;0,1851740071976712;0,03509374975921216
Contratos;Contratos de Seguros ou Previdência;;Caim;2026-07-08 09:02:00;2026-07-23 13:01:00.000000000;2026-07-24 13:01:00.000000000;3,0;;8,0;2026-07-24 13:01:00.000000000;;AHP_APRENDIZAGEM_ESPECIALIZACAO_WORKLOAD;;;;;CONCLUIDA;True;0,932226751168066;1,0;0,8048872717568853;0,7973935389139746;0,6586441863669917;0,1490442014536234;0,12453836334745082
Contratos;Contratos imobiliários;;Caim;2026-07-08 09:03:00;2026-07-24 13:01:00.000000000;2026-07-27 13:01:00.000000000;3,0;;8,0;2026-07-27 13:01:00.000000000;;AHP_APRENDIZAGEM_ESPECIALIZACAO_WORKLOAD;;;;;CONCLUIDA;True;0,9294791198774307;1,0;0,8048872717568853;0,7798010205960816;0,6586441863669917;0,1490442014536234;0,12179073205681554
Societário;Gestão de conflitos societários;;Eva;2026-07-08 09:04:00;2026-07-20 13:03:00.000000000;2026-07-20 15:03:00.000000000;1,0;;2,0;2026-07-20 15:03:00.000000000;;AHP_APRENDIZAGEM_ESPECIALIZACAO_WORKLOAD;;;;;CONCLUIDA;True;0,8827983371610777;1,0;0,49338024879624637;0,8502459798816604;0,6586441863669917;0,09136119774178493;0,13279295305230102
Governança;Planejamento de Agenda do Conselho de Administração;;Adão;2026-07-09 09:00:00;2026-09-10 09:00:59.999999999;2026-09-10 11:00:59.999999999;1,0;;2,0;2026-09-10 11:00:59.999999999;;AHP_APRENDIZAGEM_ESPECIALIZACAO_WORKLOAD;;;;;CONCLUIDA;True;0,8739375532168853;1,0;1,0;0,19284806815634106;0,6586441863669917;0,1851740071976712;0,030119359652222358
Direito financeiro;Apoio jurídico à governança financeira corporativa;;Abel;2026-07-09 09:01:00;2026-09-24 15:02:00.000000000;2026-09-25 15:02:00.000000000;3,0;;8,0;2026-09-25 15:02:00.000000000;;AHP_APRENDIZAGEM_ESPECIALIZACAO_WORKLOAD;;;;;CONCLUIDA;True;0,8438181935646629;1,0;1,0;0,0;0,6586441863669917;0,1851740071976712;0,0
Contratos;Contrato de Locação;;Caim;2026-07-09 09:02:00;2026-07-27 13:01:00.000000000;2026-07-28 13:01:00.000000000;3,0;;8,0;2026-07-28 13:01:00.000000000;;AHP_APRENDIZAGEM_ESPECIALIZACAO_WORKLOAD;;;;;CONCLUIDA;True;0,9320192678306508;1,0;0,8186290437103843;0,7797723935395252;0,6586441863669917;0,15158882043224936;0,12178626103140963
Direito digital;Apoio a litígios envolvendo dados, tecnologia e plataformas;;Abel;2026-07-09 09:03:00;2026-09-25 15:02:00.000000000;2026-09-29 15:02:00.000000000;4,0;;16,0;2026-09-29 15:02:00.000000000;;AHP_APRENDIZAGEM_ESPECIALIZACAO_WORKLOAD;;;;;CONCLUIDA;True;0,8438181935646629;1,0;1,0;0,0;0,6586441863669917;0,1851740071976712;0,0
Contencioso;Contencioso Tributário e Administrativo;;Adão;2026-07-09 09:04:00;2026-09-10 11:00:59.999999999;2026-09-14 11:00:59.999999999;4,0;;16,0;2026-09-14 11:00:59.999999999;;AHP_APRENDIZAGEM_ESPECIALIZACAO_WORKLOAD;;;;;CONCLUIDA;True;0,8797148630982263;1,0;1,0;0,2298389956734521;0,6586441863669917;0,1851740071976712;0,03589666953356338
Trabalhista;Estruturação de planos de remuneração fixa e variável;;Abel;2026-07-10 09:00:00;2026-09-29 15:02:00.000000000;2026-10-02 15:02:00.000000000;5,0;;24,0;2026-10-02 15:02:00.000000000;;AHP_APRENDIZAGEM_ESPECIALIZACAO_WORKLOAD;;;;;CONCLUIDA;True;0,8438181935646629;1,0;1,0;0,0;0,6586441863669917;0,1851740071976712;0,0
Regulatório;Apoio jurídico em pedidos de autorização ao BCB (instituições financeiras, fintechs, SCD, SEP, IPs);;Abel;2026-07-10 09:01:00;2026-10-02 15:02:00.000000000;2026-10-05 09:02:00.000000000;1,0;;2,0;2026-10-05 09:02:00.000000000;;AHP_APRENDIZAGEM_ESPECIALIZACAO_WORKLOAD;;;;;CONCLUIDA;True;0,7775843529669308;1,0;0,6423156705410159;0,0;0,6586441863669917;0,11894016659993907;0,0
Contratos;Contratos imobiliários;;Caim;2026-07-10 09:02:00;2026-07-28 13:01:00.000000000;2026-07-29 13:01:00.000000000;3,0;;8,0;2026-07-29 13:01:00.000000000;;AHP_APRENDIZAGEM_ESPECIALIZACAO_WORKLOAD;;;;;CONCLUIDA;True;0,9039455211018671;0,9500926710855847;0,8315953039531863;0,7951161202191485;0,6257730143204069;0,15398983479977688;0,12418267198168327
Regulatório;Elaboração de pareceres e notas técnicas internas;;Abel;2026-07-10 09:03:00;2026-10-05 09:02:00.000000000;2026-10-06 09:01:59.999999999;3,0;;8,0;2026-10-06 09:01:59.999999999;;AHP_APRENDIZAGEM_ESPECIALIZACAO_WORKLOAD;;;;;CONCLUIDA;True;0,7775843529669308;1,0;0,6423156705410159;0,0;0,6586441863669917;0,11894016659993907;0,0
Societário;Due diligence;;Eva;2026-07-10 09:04:00;2026-07-20 15:03:00.000000000;2026-07-23 15:03:00.000000000;5,0;;24,0;2026-07-23 15:03:00.000000000;;AHP_APRENDIZAGEM_ESPECIALIZACAO_WORKLOAD;;;;;CONCLUIDA;True;0,8941305593632914;1,0;0,5200736692345543;0,8911553195779286;0,6586441863669917;0,09630412537015863;0,13918224762614104
Governança;Acompanhamento de planos de mitigação;;Adão;2026-07-13 09:00:00;2026-09-14 11:00:59.999999999;2026-09-14 13:00:59.999999999;1,0;;2,0;2026-09-14 13:00:59.999999999;;AHP_APRENDIZAGEM_ESPECIALIZACAO_WORKLOAD;;;;;CONCLUIDA;True;0,8841464033336559;1,0;1,0;0,2582132368003428;0,6586441863669917;0,1851740071976712;0,040328209768993005
Contratos;Contrato de Manutenção de Sistemas;;Caim;2026-07-13 09:01:00;2026-07-29 13:01:00.000000000;2026-07-30 13:01:00.000000000;3,0;;8,0;2026-07-30 13:01:00.000000000;;AHP_APRENDIZAGEM_ESPECIALIZACAO_WORKLOAD;;;;;CONCLUIDA;True;0,9008912607558609;0,9451677952689904;0,832641463448472;0,7950889655406778;0,6225292734952276;0,15418355634568684;0,12417843091494656
Societário;Consolidação das versões finais dos documentos;;Eva;2026-07-13 09:02:00;2026-07-23 15:03:00.000000000;2026-07-24 09:03:00.000000000;1,0;;2,0;2026-07-24 09:03:00.000000000;;AHP_APRENDIZAGEM_ESPECIALIZACAO_WORKLOAD;;;;;CONCLUIDA;True;0,8887216561221041;1,0;0,5200736692345543;0,8565232240436342;0,6586441863669917;0,09630412537015863;0,13377334438495375
Societário;Acordo de Sócios / Acionistas;;Eva;2026-07-13 09:03:00;2026-07-24 09:03:00.000000000;2026-07-27 09:02:59.999999999;3,0;;8,0;2026-07-27 09:02:59.999999999;;AHP_APRENDIZAGEM_ESPECIALIZACAO_WORKLOAD;;;;;CONCLUIDA;True;0,8880861138075488;1,0;0,5200736692345543;0,8524539772532375;0,6586441863669917;0,09630412537015863;0,13313780207039838
Trabalhista;Análise de regimes de jornada e banco de horas;;Abel;2026-07-13 09:04:00;2026-10-06 09:01:59.999999999;2026-10-06 11:01:59.999999999;1,0;;2,0;2026-10-06 11:01:59.999999999;;AHP_APRENDIZAGEM_ESPECIALIZACAO_WORKLOAD;;;;;CONCLUIDA;True;0,8438181935646629;1,0;1,0;0,0;0,6586441863669917;0,1851740071976712;0,0
Societário;Gestão de conflitos societários;;Eva;2026-07-14 09:00:00;2026-07-27 09:02:59.999999999;2026-07-27 11:02:59.999999999;1,0;;2,0;2026-07-27 11:02:59.999999999;;AHP_APRENDIZAGEM_ESPECIALIZACAO_WORKLOAD;;;;;CONCLUIDA;True;0,887785468797605;1,0;0,5200736692345543;0,8505290090587618;0,6586441863669917;0,09630412537015863;0,13283715706045462
Contratos;MoU;;Caim;2026-07-14 09:01:00;2026-07-30 13:01:00.000000000;2026-07-30 15:01:00.000000000;1,0;;2,0;2026-07-30 15:01:00.000000000;;AHP_APRENDIZAGEM_ESPECIALIZACAO_WORKLOAD;;;;;CONCLUIDA;True;0,8615305714841287;0,8823211946920667;0,8457708835059884;0,7925382939731179;0,5811357253923084;0,1566147836699186;0,1237800624219018
Contratos;Contrato de Locação;;Caim;2026-07-14 09:02:00;2026-07-30 15:01:00.000000000;2026-07-31 15:01:00.000000000;3,0;;8,0;2026-07-31 15:01:00.000000000;;AHP_APRENDIZAGEM_ESPECIALIZACAO_WORKLOAD;;;;;CONCLUIDA;True;0,8608867942811609;0,8823211946920667;0,8457708835059884;0,7884163208850786;0,5811357253923084;0,1566147836699186;0,12313628521893398
Contratos;Contrato de Agência, Franquia ou Parceria Empresarial;;Caim;2026-07-14 09:03:00;2026-07-31 15:01:00.000000000;2026-08-03 15:01:00.000000000;3,0;;8,0;2026-08-03 15:01:00.000000000;;AHP_APRENDIZAGEM_ESPECIALIZACAO_WORKLOAD;;;;;CONCLUIDA;True;0,8582987334628828;0,8823211946920667;0,8457708835059884;0,7718454994984681;0,5811357253923084;0,1566147836699186;0,12054822440065584
Regulatório;Interface com reguladores durante processos de autorização;;Abel;2026-07-14 09:04:00;2026-10-06 11:01:59.999999999;2026-10-07 11:02:00.000000000;3,0;;8,0;2026-10-07 11:02:00.000000000;;AHP_APRENDIZAGEM_ESPECIALIZACAO_WORKLOAD;;;;;EM_EXECUCAO;True;0,7775843529669308;1,0;0,6423156705410159;0,0;0,6586441863669917;0,11894016659993907;0,0
Direito financeiro;Interface com CFO, tesouraria e controladoria;;Abraão;2026-07-15 09:00:00;2026-07-15 09:00:00.000000000;2026-07-15 11:00:00.000000000;1,0;;2,0;2026-07-15 11:00:00.000000000;;AHP_APRENDIZAGEM_ESPECIALIZACAO_WORKLOAD;;;;;CONCLUIDA;True;0,8148259928023288;1,0;0,0;1,0;0,6586441863669917;0,0;0,1561818064353371
Regulatório;Revisão de prospectos, formulários de referência e fatos relevantes;;Abel;2026-07-15 09:01:00;2026-10-07 11:02:00.000000000;2026-10-08 11:02:00.000000000;3,0;;8,0;2026-10-08 11:02:00.000000000;;AHP_APRENDIZAGEM_ESPECIALIZACAO_WORKLOAD;;;;;PENDENTE;True;0,7775843529669308;1,0;0,6423156705410159;0,0;0,6586441863669917;0,11894016659993907;0,0
Societário;Estruturação de regras de governança;;Eva;2026-07-15 09:02:00;2026-07-27 11:02:59.999999999;2026-07-30 11:03:00.000000000;5,0;;24,0;2026-07-30 11:03:00.000000000;;AHP_APRENDIZAGEM_ESPECIALIZACAO_WORKLOAD;;;;;CONCLUIDA;True;0,9137009726465948;1,0;0,6475910257437973;0,8652721088440279;0,6586441863669917;0,1199170252622292;0,1351397610173739
Direito financeiro;Avaliação de impactos regulatórios em operações;;Davi;2026-07-15 09:03:00;2026-07-15 09:03:00.000000000;2026-07-16 09:02:59.999999999;3,0;;8,0;2026-07-16 09:02:59.999999999;;AHP_APRENDIZAGEM_ESPECIALIZACAO_WORKLOAD;;;;;CONCLUIDA;True;0,8148259928023288;1,0;0,0;1,0;0,6586441863669917;0,0;0,1561818064353371
Societário;Estruturação de veículos societários (SPVs);;Eva;2026-07-15 09:04:00;2026-07-30 11:03:00.000000000;2026-08-04 11:03:00.000000000;5,0;;24,0;2026-08-04 11:03:00.000000000;;AHP_APRENDIZAGEM_ESPECIALIZACAO_WORKLOAD;;;;;CONCLUIDA;True;0,9104628319275178;1,0;0,6713681589237201;0,8163480508882783;0,6586441863669917;0,12431993229282821;0,12749871326769782
Contratos;MoU;;Caim;2026-07-16 09:00:00;2026-08-03 15:01:00.000000000;2026-08-04 09:00:59.999999999;1,0;;2,0;2026-08-04 09:00:59.999999999;;AHP_APRENDIZAGEM_ESPECIALIZACAO_WORKLOAD;;;;;CONCLUIDA;True;0,8204685913553246;0,8172608505845204;0,8589580990372492;0,7883618007059217;0,538284107982837;0,15905671321362153;0,12312777015886607
Direito financeiro;Interface com reguladores e autorreguladores;;Abraão;2026-07-16 09:01:00;2026-07-16 09:01:00.000000000;2026-07-17 09:00:59.999999999;3,0;;8,0;2026-07-17 09:00:59.999999999;;AHP_APRENDIZAGEM_ESPECIALIZACAO_WORKLOAD;;;;;CONCLUIDA;True;0,815055201808898;1,0;0,0012378033506855544;1,0;0,6586441863669917;0,00022920900656914835;0,1561818064353371
Societário;Avaliação de impactos (societário, contratual, regulatório, concorrencial, trabalhista, tributário);;Eva;2026-07-16 09:02:00;2026-08-04 11:03:00.000000000;2026-08-05 11:02:59.999999999;3,0;;8,0;2026-08-05 11:02:59.999999999;;AHP_APRENDIZAGEM_ESPECIALIZACAO_WORKLOAD;;;;;CONCLUIDA;True;0,9062319014649655;1,0;0,6791360586359395;0,7800484094052559;0,6586441863669917;0,12575834541004952;0,12182936968792427
Concorrencial;Relacionamento CADE;;Abel;2026-07-16 09:03:00;2026-10-08 11:02:00.000000000;2026-10-08 13:02:00.000000000;1,0;;2,0;2026-10-08 13:02:00.000000000;;AHP_APRENDIZAGEM_ESPECIALIZACAO_WORKLOAD;;;;;PENDENTE;True;0,8438181935646629;1,0;1,0;0,0;0,6586441863669917;0,1851740071976712;0,0
Regulatório;Registro de companhias abertas, emissores e participantes de mercado na CVM;;Abel;2026-07-16 09:04:00;2026-10-08 13:02:00.000000000;2026-10-08 15:02:00.000000000;1,0;;2,0;2026-10-08 15:02:00.000000000;;AHP_APRENDIZAGEM_ESPECIALIZACAO_WORKLOAD;;;;;PENDENTE;True;0,7775843529669308;1,0;0,6423156705410159;0,0;0,6586441863669917;0,11894016659993907;0,0
Contencioso;Gestão de escritórios externos;;Adão;2026-07-17 09:00:00;2026-09-14 13:00:59.999999999;2026-09-14 15:00:59.999999999;1,0;;2,0;2026-09-14 15:00:59.999999999;;AHP_APRENDIZAGEM_ESPECIALIZACAO_WORKLOAD;;;;;CONCLUIDA;True;0,8915243788439318;1,0;1,0;0,30545289728749736;0,6586441863669917;0,1851740071976712;0,04770618527926882
Contratos;Contrato de Licenciamento de Software;;Davi;2026-07-17 09:01:00;2026-07-17 09:01:00.000000000;2026-07-21 09:00:59.999999999;4,0;;16,0;2026-07-21 09:00:59.999999999;;AHP_APRENDIZAGEM_ESPECIALIZACAO_WORKLOAD;;;;;CONCLUIDA;True;0,8148259928023288;1,0;0,0;1,0;0,6586441863669917;0,0;0,1561818064353371
Contratos;Outros tipos contratuais;;Esaú;2026-07-17 09:02:00;2026-07-17 09:02:00.000000000;2026-07-20 09:01:59.999999999;3,0;;8,0;2026-07-20 09:01:59.999999999;;AHP_APRENDIZAGEM_ESPECIALIZACAO_WORKLOAD;;;;;CONCLUIDA;True;0,8148259928023288;1,0;0,0;1,0;0,6586441863669917;0,0;0,1561818064353371
Direito digital;Apoio em planos de resposta a incidentes;;Abel;2026-07-17 09:03:00;2026-10-08 15:02:00.000000000;2026-10-09 09:02:00.000000000;1,0;;2,0;2026-10-09 09:02:00.000000000;;AHP_APRENDIZAGEM_ESPECIALIZACAO_WORKLOAD;;;;;PENDENTE;True;0,8438181935646629;1,0;1,0;0,0;0,6586441863669917;0,1851740071976712;0,0
Societário;Estruturação de regras de governança;;Eva;2026-07-17 09:04:00;2026-08-05 11:02:59.999999999;2026-08-10 11:03:00.000000000;5,0;;24,0;2026-08-10 11:03:00.000000000;;AHP_APRENDIZAGEM_ESPECIALIZACAO_WORKLOAD;;;;;CONCLUIDA;True;0,9060972173316815;1,0;0,6791360586359395;0,7791860545871241;0,6586441863669917;0,12575834541004952;0,12169468555464023
Regulatório;Análise de impactos regulatórios em operações, produtos e modelos de negócio;;Abel;2026-07-20 09:00:00;2026-10-09 09:02:00.000000000;2026-10-12 09:01:59.999999999;3,0;;8,0;2026-10-12 09:01:59.999999999;;AHP_APRENDIZAGEM_ESPECIALIZACAO_WORKLOAD;;;;;PENDENTE;True;0,7824582553375534;1,0;0,668636332087319;0,0;0,6586441863669917;0,12381406897056167;0,0
Direito digital;Análise jurídica de novos produtos digitais;;Abel;2026-07-20 09:01:00;2026-10-12 09:01:59.999999999;2026-10-12 11:01:59.999999999;1,0;;2,0;2026-10-12 11:01:59.999999999;;AHP_APRENDIZAGEM_ESPECIALIZACAO_WORKLOAD;;;;;PENDENTE;True;0,8438181935646629;1,0;1,0;0,0;0,6586441863669917;0,1851740071976712;0,0
Contratos;Contratos Administrativos;;Esaú;2026-07-20 09:02:00;2026-07-20 09:02:00.000000000;2026-07-21 09:01:59.999999999;3,0;;8,0;2026-07-21 09:01:59.999999999;;AHP_APRENDIZAGEM_ESPECIALIZACAO_WORKLOAD;;;;;CONCLUIDA;True;0,8173464295014375;1,0;0,013611179761412972;1,0;0,6586441863669917;0,002520436699108682;0,1561818064353371
Societário;Closing da operação;;Eva;2026-07-20 09:03:00;2026-08-10 11:03:00.000000000;2026-08-10 13:03:00.000000000;1,0;;2,0;2026-08-10 13:03:00.000000000;;AHP_APRENDIZAGEM_ESPECIALIZACAO_WORKLOAD;;;;;CONCLUIDA;True;0,9010514766643765;1,0;0,6791360586359395;0,746879214357343;0,6586441863669917;0,12575834541004952;0,11664894488733518
Societário;Consolidação das versões finais dos documentos;;Eva;2026-07-20 09:04:00;2026-08-10 13:03:00.000000000;2026-08-10 15:03:00.000000000;1,0;;2,0;2026-08-10 15:03:00.000000000;;AHP_APRENDIZAGEM_ESPECIALIZACAO_WORKLOAD;;;;;CONCLUIDA;True;0,9004074083392034;1,0;0,6791360586359395;0,7427553772736704;0,6586441863669917;0,12575834541004952;0,11600487656216217
Regulatório;Apoio jurídico a ofertas públicas (ICVM 160 e correlatas);;Abel;2026-07-21 09:00:00;2026-10-12 11:01:59.999999999;2026-10-12 15:01:59.999999999;2,0;;4,0;2026-10-12 15:01:59.999999999;;AHP_APRENDIZAGEM_ESPECIALIZACAO_WORKLOAD;;;;;PENDENTE;True;0,7824582553375534;1,0;0,668636332087319;0,0;0,6586441863669917;0,12381406897056167;0,0
Regulatório;Apoio jurídico à governança de instituições reguladas;;Abel;2026-07-21 09:01:00;2026-10-12 15:01:59.999999999;2026-10-13 15:02:00.000000000;3,0;;8,0;2026-10-13 15:02:00.000000000;;AHP_APRENDIZAGEM_ESPECIALIZACAO_WORKLOAD;;;;;PENDENTE;True;0,7824582553375534;1,0;0,668636332087319;0,0;0,6586441863669917;0,12381406897056167;0,0
Governança;Política de Governaça Corporativa;;Adão;2026-07-21 09:02:00;2026-09-14 15:00:59.999999999;2026-09-15 15:01:00.000000000;3,0;;8,0;2026-09-15 15:01:00.000000000;;AHP_APRENDIZAGEM_ESPECIALIZACAO_WORKLOAD;;;;;CONCLUIDA;True;0,8978123221886524;1,0;1,0;0,34571330589868865;0,6586441863669917;0,1851740071976712;0,053994128623989474
Direito digital;Gestão de incidentes e vazamentos de dados (data breach);;Abel;2026-07-21 09:03:00;2026-10-13 15:02:00.000000000;2026-10-14 11:02:00.000000000;2,0;;4,0;2026-10-14 11:02:00.000000000;;AHP_APRENDIZAGEM_ESPECIALIZACAO_WORKLOAD;;;;;PENDENTE;True;0,8438181935646629;1,0;1,0;0,0;0,6586441863669917;0,1851740071976712;0,0
Contratos;Contrato de Mútuo, Doação ou Comodato;;Davi;2026-07-21 09:04:00;2026-07-21 09:04:00.000000000;2026-07-22 09:03:59.999999999;3,0;;8,0;2026-07-22 09:03:59.999999999;;AHP_APRENDIZAGEM_ESPECIALIZACAO_WORKLOAD;;;;;CONCLUIDA;True;0,8218739050908979;1,0;0,038061023764774424;1,0;0,6586441863669917;0,007047912288569073;0,1561818064353371
Contratos;Contrato de Transferência de Tecnologia;;Davi;2026-07-22 09:00:00;2026-07-22 09:03:59.999999999;2026-07-23 09:03:59.999999999;3,0;;8,0;2026-07-23 09:03:59.999999999;;AHP_APRENDIZAGEM_ESPECIALIZACAO_WORKLOAD;;;;;CONCLUIDA;True;0,8218523046751888;1,0;0,038061023764774424;0,9998616969786552;0,6586441863669917;0,007047912288569073;0,15616020601962802
Contratos;Contrato de Agência, Franquia ou Parceria Empresarial;;Davi;2026-07-22 09:01:00;2026-07-23 09:03:59.999999999;2026-07-24 09:03:59.999999999;3,0;;8,0;2026-07-24 09:03:59.999999999;;AHP_APRENDIZAGEM_ESPECIALIZACAO_WORKLOAD;;;;;CONCLUIDA;True;0,8192655646979063;1,0;0,038061023764774424;0,9832993326654123;0,6586441863669917;0,007047912288569073;0,15357346604234556
Direito digital;Interface entre jurídico, TI e segurança da informação;;Abel;2026-07-22 09:02:00;2026-10-14 11:02:00.000000000;2026-10-14 13:02:00.000000000;1,0;;2,0;2026-10-14 13:02:00.000000000;;AHP_APRENDIZAGEM_ESPECIALIZACAO_WORKLOAD;;;;;PENDENTE;True;0,8438181935646629;1,0;1,0;0,0;0,6586441863669917;0,1851740071976712;0,0
Societário;Aprovações regulatórias e concorrenciais;;Eva;2026-07-22 09:03:00;2026-08-10 15:03:00.000000000;2026-08-11 15:03:00.000000000;3,0;;8,0;2026-08-11 15:03:00.000000000;;AHP_APRENDIZAGEM_ESPECIALIZACAO_WORKLOAD;;;;;CONCLUIDA;True;0,9249900975078464;1,0;0,7866179187907449;0,7727194462617931;0,6586441863669917;0,14566119215597453;0,12068471898488024
Contratos;Contrato de trabalho;;Davi;2026-07-22 09:04:00;2026-07-24 09:03:59.999999999;2026-07-24 11:03:59.999999999;1,0;;2,0;2026-07-24 11:03:59.999999999;;AHP_APRENDIZAGEM_ESPECIALIZACAO_WORKLOAD;;;;;CONCLUIDA;True;0,8196270535223953;1,0;0,05381128485399854;0,9669398718925586;0,6586441863669917;0,00996445124887026;0,15101841590653325
Contratos;Contratos Administrativos;;Davi;2026-07-23 09:00:00;2026-07-24 11:03:59.999999999;2026-07-27 11:03:59.999999999;3,0;;8,0;2026-07-27 11:03:59.999999999;;AHP_APRENDIZAGEM_ESPECIALIZACAO_WORKLOAD;;;;;CONCLUIDA;True;0,8214876707480552;1,0;0,05381128485399854;0,9788530214976653;0,6586441863669917;0,00996445124887026;0,15287903313219323
Trabalhista;Interpretação e negociação de acordos e convenções coletivas;;Abel;2026-07-23 09:01:00;2026-10-14 13:02:00.000000000;2026-10-15 13:02:00.000000000;3,0;;8,0;2026-10-15 13:02:00.000000000;;AHP_APRENDIZAGEM_ESPECIALIZACAO_WORKLOAD;;;;;PENDENTE;True;0,8438181935646629;1,0;1,0;0,0;0,6586441863669917;0,1851740071976712;0,0
Governança;Monitoramento de aderência a políticas;;Adão;2026-07-23 09:02:00;2026-09-15 15:01:00.000000000;2026-09-16 15:01:00.000000000;3,0;;8,0;2026-09-16 15:01:00.000000000;;AHP_APRENDIZAGEM_ESPECIALIZACAO_WORKLOAD;;;;;CONCLUIDA;True;0,8999715765189429;1,0;1,0;0,35953856749331925;0,6586441863669917;0,1851740071976712;0,056153382954279976
Societário;Aumento e redução de capital;;Eva;2026-07-23 09:03:00;2026-08-11 15:03:00.000000000;2026-08-12 09:03:00.000000000;1,0;;2,0;2026-08-12 09:03:00.000000000;;AHP_APRENDIZAGEM_ESPECIALIZACAO_WORKLOAD;;;;;CONCLUIDA;True;0,9249900975078464;1,0;0,7866179187907449;0,7727194462617931;0,6586441863669917;0,14566119215597453;0,12068471898488024
Direito financeiro;Interface com reguladores e autorreguladores;;Abraão;2026-07-23 09:04:00;2026-07-23 09:04:00.000000000;2026-07-24 09:03:59.999999999;3,0;;8,0;2026-07-24 09:03:59.999999999;;AHP_APRENDIZAGEM_ESPECIALIZACAO_WORKLOAD;;;;;CONCLUIDA;True;0,8178909078935119;1,0;0,01655154056212298;1,0;0,6586441863669917;0,003064915091183107;0,1561818064353371
Contratos;Contrato de prestação de serviços;;Davi;2026-07-24 09:00:00;2026-07-27 11:03:59.999999999;2026-07-28 11:03:59.999999999;3,0;;8,0;2026-07-28 11:03:59.999999999;;AHP_APRENDIZAGEM_ESPECIALIZACAO_WORKLOAD;;;;;CONCLUIDA;True;0,8245560252059712;1,0;0,07038139911759776;0,9788530214976776;0,6586441863669917;0,013032805706784216;0,15287903313219517
Contratos;Contrato de Cessão de Direitos Autorais;;Davi;2026-07-24 09:01:00;2026-07-28 11:03:59.999999999;2026-07-29 11:03:59.999999999;3,0;;8,0;2026-07-29 11:03:59.999999999;;AHP_APRENDIZAGEM_ESPECIALIZACAO_WORKLOAD;;;;;CONCLUIDA;True;0,8219365655212321;1,0;0,07038139911759776;0,962081159623846;0,6586441863669917;0,013032805706784216;0,15025957344745616
Regulatório;Tradução da norma para áreas de negócio, compliance e produto;;Abel;2026-07-24 09:02:00;2026-10-15 13:02:00.000000000;2026-10-16 13:02:00.000000000;3,0;;8,0;2026-10-16 13:02:00.000000000;;AHP_APRENDIZAGEM_ESPECIALIZACAO_WORKLOAD;;;;;PENDENTE;True;0,8047759898562621;1,0;0,7891593733956207;0,0;0,6586441863669917;0,14613180348927035;0,0
Concorrencial;Contencioso Administrativo Concorrencial;;Abel;2026-07-24 09:03:00;2026-10-16 13:02:00.000000000;2026-10-20 13:02:00.000000000;4,0;;16,0;2026-10-20 13:02:00.000000000;;AHP_APRENDIZAGEM_ESPECIALIZACAO_WORKLOAD;;;;;PENDENTE;True;0,8438181935646629;1,0;1,0;0,0;0,6586441863669917;0,1851740071976712;0,0
Contratos;Contrato de Transferência de Tecnologia;;Davi;2026-07-24 09:04:00;2026-07-29 11:03:59.999999999;2026-07-30 11:03:59.999999999;3,0;;8,0;2026-07-30 11:03:59.999999999;;AHP_APRENDIZAGEM_ESPECIALIZACAO_WORKLOAD;;;;;CONCLUIDA;True;0,8229572702146488;1,0;0,08777297126740166;0,9479965331027624;0,6586441863669917;0,016253272813230822;0,14805981103442628
Trabalhista;Gestão de escritórios externos;;Abel;2026-07-27 09:00:00;2026-10-20 13:02:00.000000000;2026-10-20 15:02:00.000000000;1,0;;2,0;2026-10-20 15:02:00.000000000;;AHP_APRENDIZAGEM_ESPECIALIZACAO_WORKLOAD;;;;;PENDENTE;True;0,8438181935646629;1,0;1,0;0,0;0,6586441863669917;0,1851740071976712;0,0
Contratos;Contrato de Joint Venture;;Davi;2026-07-27 09:01:00;2026-07-30 11:03:59.999999999;2026-08-04 11:03:59.999999999;5,0;;24,0;2026-08-04 11:03:59.999999999;;AHP_APRENDIZAGEM_ESPECIALIZACAO_WORKLOAD;;;;;CONCLUIDA;True;0,823118861837828;1,0;0,0892592560972068;0,9472689855273664;0,6586441863669917;0,016528494131002946;0,14794618133983328
Governança;Suporte jurídico às decisões do Conselho de Administração;;Adão;2026-07-27 09:02:00;2026-09-16 15:01:00.000000000;2026-09-17 09:00:59.999999999;1,0;;2,0;2026-09-17 09:00:59.999999999;;AHP_APRENDIZAGEM_ESPECIALIZACAO_WORKLOAD;;;;;CONCLUIDA;True;0,9045257034142418;1,0;1,0;0,3886977058029689;0,6586441863669917;0,1851740071976712;0,0607075098495789
Direito digital;Apoio em planos de resposta a incidentes;;Abel;2026-07-27 09:03:00;2026-10-20 15:02:00.000000000;2026-10-21 09:02:00.000000000;1,0;;2,0;2026-10-21 09:02:00.000000000;;AHP_APRENDIZAGEM_ESPECIALIZACAO_WORKLOAD;;;;;PENDENTE;True;0,8438181935646629;1,0;1,0;0,0;0,6586441863669917;0,1851740071976712;0,0
Direito financeiro;Interface com escritórios externos;;Abraão;2026-07-27 09:04:00;2026-07-27 09:04:00.000000000;2026-07-27 11:04:00.000000000;1,0;;2,0;2026-07-27 11:04:00.000000000;;AHP_APRENDIZAGEM_ESPECIALIZACAO_WORKLOAD;;;;;CONCLUIDA;True;0,8208910410276541;1,0;0,03275323743926408;1,0;0,6586441863669917;0,00606504822532532;0,1561818064353371
Direito financeiro;Apoio em auditorias internas e externas;;Abraão;2026-07-28 09:00:00;2026-07-28 09:00:00.000000000;2026-07-28 17:00:00.000000000;3,0;;8,0;2026-07-28 17:00:00.000000000;;AHP_APRENDIZAGEM_ESPECIALIZACAO_WORKLOAD;;;;;CONCLUIDA;True;0,82114856553984;1,0;0,03414395375027935;1,0;0,6586441863669917;0,006322572737511181;0,1561818064353371
Governança;Monitoramento de aderência a políticas;;Adão;2026-07-28 09:01:00;2026-09-17 09:00:59.999999999;2026-09-18 09:00:59.999999999;3,0;;8,0;2026-09-18 09:00:59.999999999;;AHP_APRENDIZAGEM_ESPECIALIZACAO_WORKLOAD;;;;;CONCLUIDA;True;0,9052700084597868;1,0;1,0;0,39346333800132055;0,6586441863669917;0,1851740071976712;0,061451814895123864
Regulatório;Interface com áreas de produto, tecnologia e negócios;;Abel;2026-07-28 09:02:00;2026-10-21 09:02:00.000000000;2026-10-21 11:02:00.000000000;1,0;;2,0;2026-10-21 11:02:00.000000000;;AHP_APRENDIZAGEM_ESPECIALIZACAO_WORKLOAD;;;;;PENDENTE;True;0,8087691857273325;1,0;0,8107239327606274;0,0;0,6586441863669917;0,1501249993603407;0,0
Regulatório;Monitoramento contínuo de normas da CVM, BCB, CMN e circulares associadas;;Abel;2026-07-28 09:03:00;2026-10-21 11:02:00.000000000;2026-10-21 13:02:00.000000000;1,0;;2,0;2026-10-21 13:02:00.000000000;;AHP_APRENDIZAGEM_ESPECIALIZACAO_WORKLOAD;;;;;PENDENTE;True;0,8087691857273325;1,0;0,8107239327606274;0,0;0,6586441863669917;0,1501249993603407;0,0
Governança;Política de Governaça Corporativa;;Adão;2026-07-28 09:04:00;2026-09-18 09:00:59.999999999;2026-09-21 09:00:59.999999999;3,0;;8,0;2026-09-21 09:00:59.999999999;;AHP_APRENDIZAGEM_ESPECIALIZACAO_WORKLOAD;;;;;CONCLUIDA;True;0,9035067550661076;1,0;1,0;0,3821735889971092;0,6586441863669917;0,1851740071976712;0,05968856150144459
Contratos;Contrato de SaaS;;Davi;2026-07-29 09:00:00;2026-08-04 11:03:59.999999999;2026-08-05 11:03:59.999999999;3,0;;8,0;2026-08-05 11:03:59.999999999;;AHP_APRENDIZAGEM_ESPECIALIZACAO_WORKLOAD;;;;;CONCLUIDA;True;0,8272799162477629;1,0;0,126616735357123;0,9296191722338508;0,6586441863669917;0,023446128264365523;0,1451896016164056
Contratos;Contrato de Hosting;;Davi;2026-07-29 09:01:00;2026-08-05 11:03:59.999999999;2026-08-06 11:03:59.999999999;3,0;;8,0;2026-08-06 11:03:59.999999999;;AHP_APRENDIZAGEM_ESPECIALIZACAO_WORKLOAD;;;;;CONCLUIDA;True;0,8247034871479595;1,0;0,126616735357123;0,9131228263494789;0,6586441863669917;0,023446128264365523;0,14261317251660227
Regulatório;Registro de companhias abertas, emissores e participantes de mercado na CVM;;Abel;2026-07-29 09:02:00;2026-10-21 13:02:00.000000000;2026-10-21 15:02:00.000000000;1,0;;2,0;2026-10-21 15:02:00.000000000;;AHP_APRENDIZAGEM_ESPECIALIZACAO_WORKLOAD;;;;;PENDENTE;True;0,8087691857273325;1,0;0,8107239327606274;0,0;0,6586441863669917;0,1501249993603407;0,0
Direito financeiro;Interpretação de normas do Banco Central e do CMN;;Abraão;2026-07-29 09:03:00;2026-07-29 09:03:00.000000000;2026-07-29 11:03:00.000000000;1,0;;2,0;2026-07-29 11:03:00.000000000;;AHP_APRENDIZAGEM_ESPECIALIZACAO_WORKLOAD;;;;;CONCLUIDA;True;0,8243299631832034;1,0;0,051324538063969416;1,0;0,6586441863669917;0,009503970380874622;0,1561818064353371
Regulatório;Análise de requisitos de administradores, conselheiros e diretores;;Abel;2026-07-29 09:04:00;2026-10-21 15:02:00.000000000;2026-10-22 09:02:00.000000000;1,0;;2,0;2026-10-22 09:02:00.000000000;;AHP_APRENDIZAGEM_ESPECIALIZACAO_WORKLOAD;;;;;PENDENTE;True;0,8087691857273325;1,0;0,8107239327606274;0,0;0,6586441863669917;0,1501249993603407;0,0
Contratos;Contrato de Cessão de Crédito;;Davi;2026-07-30 09:00:00;2026-08-06 11:03:59.999999999;2026-08-07 11:03:59.999999999;3,0;;8,0;2026-08-07 11:03:59.999999999;;AHP_APRENDIZAGEM_ESPECIALIZACAO_WORKLOAD;;;;;CONCLUIDA;True;0,8282644073838029;1,0;0,14648418809296612;0,9123671967229778;0,6586441863669917;0,027125064100271927;0,14249515691653925
Societário;Estruturação de regras de governança;;Eva;2026-07-30 09:01:00;2026-08-12 09:03:00.000000000;2026-08-17 09:03:00.000000000;5,0;;24,0;2026-08-17 09:03:00.000000000;;AHP_APRENDIZAGEM_ESPECIALIZACAO_WORKLOAD;;;;;CONCLUIDA;True;0,9111764875344761;0,9324542272134405;0,8871462626240194;0,8499357661191452;0,6141555558074586;0,16427642842052725;0,1327445033064903
Contratos;Contratos de Seguros ou Previdência;;Davi;2026-07-30 09:02:00;2026-08-07 11:03:59.999999999;2026-08-10 11:03:59.999999999;3,0;;8,0;2026-08-10 11:03:59.999999999;;AHP_APRENDIZAGEM_ESPECIALIZACAO_WORKLOAD;;;;;CONCLUIDA;True;0,8256712727735539;1,0;0,14648418809296612;0,8957638888894073;0,6586441863669917;0,027125064100271927;0,13990202230629023
Societário;Estruturação de veículos societários (SPVs);;Eva;2026-07-30 09:03:00;2026-08-17 09:03:00.000000000;2026-08-20 09:03:00.000000000;5,0;;24,0;2026-08-20 09:03:00.000000000;;AHP_APRENDIZAGEM_ESPECIALIZACAO_WORKLOAD;;;;;CONCLUIDA;True;0,9033763447426986;0,9324542272134405;0,8871462626240194;0,7999930553143049;0,6141555558074586;0,16427642842052725;0,1249443605147127
Direito digital;Análise de risco jurídico digital;;Abel;2026-07-30 09:04:00;2026-10-22 09:02:00.000000000;2026-10-22 11:02:00.000000000;1,0;;2,0;2026-10-22 11:02:00.000000000;;AHP_APRENDIZAGEM_ESPECIALIZACAO_WORKLOAD;;;;;PENDENTE;True;0,8438181935646629;1,0;1,0;0,0;0,6586441863669917;0,1851740071976712;0,0
Concorrencial;Programa de Compliance Concorrencial;;Abel;2026-07-31 09:00:00;2026-10-22 11:02:00.000000000;2026-10-23 11:02:00.000000000;3,0;;8,0;2026-10-23 11:02:00.000000000;;AHP_APRENDIZAGEM_ESPECIALIZACAO_WORKLOAD;;;;;PENDENTE;True;0,8438181935646629;1,0;1,0;0,0;0,6586441863669917;0,1851740071976712;0,0
Direito digital;Adequação de contratos a regras internacionais de privacidade;;Abel;2026-07-31 09:01:00;2026-10-23 11:02:00.000000000;2026-10-26 11:02:00.000000000;3,0;;8,0;2026-10-26 11:02:00.000000000;;AHP_APRENDIZAGEM_ESPECIALIZACAO_WORKLOAD;;;;;PENDENTE;True;0,8438181935646629;1,0;1,0;0,0;0,6586441863669917;0,1851740071976712;0,0
Contratos;Contrato de Cessão de Crédito;;Davi;2026-07-31 09:02:00;2026-08-10 11:03:59.999999999;2026-08-11 11:03:59.999999999;3,0;;8,0;2026-08-11 11:03:59.999999999;;AHP_APRENDIZAGEM_ESPECIALIZACAO_WORKLOAD;;;;;CONCLUIDA;True;0,8298232320761174;1,0;0,16711191478063456;0,897891156463094;0,6586441863669917;0,030944782910405838;0,14023426279871992
Governança;Outras atividades de governança;;Adão;2026-07-31 09:03:00;2026-09-21 09:00:59.999999999;2026-09-22 09:00:59.999999999;3,0;;8,0;2026-09-22 09:00:59.999999999;;AHP_APRENDIZAGEM_ESPECIALIZACAO_WORKLOAD;;;;;CONCLUIDA;True;0,908210848954431;1,0;1,0;0,4122929351340818;0,6586441863669917;0,1851740071976712;0,06439265538976816
Concorrencial;Gestão de canal de dúvidas;;Abel;2026-07-31 09:04:00;2026-10-26 11:02:00.000000000;2026-10-26 13:02:00.000000000;1,0;;2,0;2026-10-26 13:02:00.000000000;;AHP_APRENDIZAGEM_ESPECIALIZACAO_WORKLOAD;;;;;PENDENTE;True;0,8438181935646629;1,0;1,0;0,0;0,6586441863669917;0,1851740071976712;0,0
Direito financeiro;Interface com processos de recuperação judicial e extrajudicial;;Abraão;2026-08-03 09:00:00;2026-08-03 09:00:00.000000000;2026-08-04 17:00:00.000000000;4,0;;16,0;2026-08-04 17:00:00.000000000;;AHP_APRENDIZAGEM_ESPECIALIZACAO_WORKLOAD;;;;;CONCLUIDA;True;0,8245870675756857;1,0;0,05271298559163873;1,0;0,6586441863669917;0,009761074773356847;0,1561818064353371
Trabalhista;Avaliação de riscos trabalhistas em práticas internas;;Abel;2026-08-03 09:01:00;2026-10-26 13:02:00.000000000;2026-10-26 15:02:00.000000000;1,0;;2,0;2026-10-26 15:02:00.000000000;;AHP_APRENDIZAGEM_ESPECIALIZACAO_WORKLOAD;;;;;PENDENTE;True;0,8438181935646629;1,0;1,0;0,0;0,6586441863669917;0,1851740071976712;0,0
Governança;Política de PLDFTP e Fraudes;;Adão;2026-08-03 09:02:00;2026-09-22 09:00:59.999999999;2026-09-23 09:00:59.999999999;3,0;;8,0;2026-09-23 09:00:59.999999999;;AHP_APRENDIZAGEM_ESPECIALIZACAO_WORKLOAD;;;;;CONCLUIDA;True;0,9074531744378057;1,0;1,0;0,407441700960791;0,6586441863669917;0,1851740071976712;0,06363498087314277
Contratos;Contrato de compra e venda;;Davi;2026-08-03 09:03:00;2026-08-11 11:03:59.999999999;2026-08-12 11:03:59.999999999;3,0;;8,0;2026-08-12 11:03:59.999999999;;AHP_APRENDIZAGEM_ESPECIALIZACAO_WORKLOAD;;;;;CONCLUIDA;True;0,8296967813675978;1,0;0,16711191478063456;0,8970815185711672;0,6586441863669917;0,030944782910405838;0,14010781209020032
Contencioso;Estratégia processual;;Adão;2026-08-03 09:04:00;2026-09-23 09:00:59.999999999;2026-09-23 11:00:59.999999999;1,0;;2,0;2026-09-23 11:00:59.999999999;;AHP_APRENDIZAGEM_ESPECIALIZACAO_WORKLOAD;;;;;CONCLUIDA;True;0,9048864690009714;1,0;1,0;0,391007613691497;0,6586441863669917;0,1851740071976712;0,06106827543630845
Trabalhista;Interpretação e negociação de acordos e convenções coletivas;;Abel;2026-08-04 09:00:00;2026-10-26 15:02:00.000000000;2026-10-27 15:02:00.000000000;3,0;;8,0;2026-10-27 15:02:00.000000000;;AHP_APRENDIZAGEM_ESPECIALIZACAO_WORKLOAD;;;;;PENDENTE;True;0,8438181935646629;1,0;1,0;0,0;0,6586441863669917;0,1851740071976712;0,0
Direito financeiro;Análise de políticas de endividamento;;Abraão;2026-08-04 09:01:00;2026-08-05 09:00:00.000000000;2026-08-05 17:00:00.000000000;3,0;;8,0;2026-08-05 17:00:00.000000000;;AHP_APRENDIZAGEM_ESPECIALIZACAO_WORKLOAD;;;;;CONCLUIDA;True;0,8219324469288332;1,0;0,05223143463030372;0,9835739515105791;0,6586441863669917;0,009671904052176553;0,1536163565096649
Contratos;Contratos imobiliários;;Davi;2026-08-04 09:02:00;2026-08-12 11:03:59.999999999;2026-08-13 11:03:59.999999999;3,0;;8,0;2026-08-13 11:03:59.999999999;;AHP_APRENDIZAGEM_ESPECIALIZACAO_WORKLOAD;;;;;CONCLUIDA;True;0,8296919765729354;1,0;0,16711191478063456;0,8970507544586745;0,6586441863669917;0,030944782910405838;0,14010300729553782
Contratos;Contrato de SaaS;;Davi;2026-08-04 09:03:00;2026-08-13 11:03:59.999999999;2026-08-14 11:03:59.999999999;3,0;;8,0;2026-08-14 11:03:59.999999999;;AHP_APRENDIZAGEM_ESPECIALIZACAO_WORKLOAD;;;;;CONCLUIDA;True;0,8271257992663847;1,0;0,16711191478063456;0,8806200486990184;0,6586441863669917;0,030944782910405838;0,13753682998898722
Regulatório;Avaliação de impactos de normas prudenciais em operações;;Abel;2026-08-04 09:04:00;2026-10-27 15:02:00.000000000;2026-10-28 09:02:00.000000000;1,0;;2,0;2026-10-28 09:02:00.000000000;;AHP_APRENDIZAGEM_ESPECIALIZACAO_WORKLOAD;;;;;PENDENTE;True;0,8087691857273325;1,0;0,8107239327606274;0,0;0,6586441863669917;0,1501249993603407;0,0
Regulatório;Apoio jurídico em consultas públicas e audiências regulatórias;;Abel;2026-08-05 09:00:00;2026-10-28 09:02:00.000000000;2026-10-29 09:01:59.999999999;3,0;;8,0;2026-10-29 09:01:59.999999999;;AHP_APRENDIZAGEM_ESPECIALIZACAO_WORKLOAD;;;;;PENDENTE;True;0,8087691857273325;1,0;0,8107239327606274;0,0;0,6586441863669917;0,1501249993603407;0,0
Contencioso;Relatórios gerenciais;;Adão;2026-08-05 09:01:00;2026-09-23 11:00:59.999999999;2026-09-23 13:00:59.999999999;1,0;;2,0;2026-09-23 13:00:59.999999999;;AHP_APRENDIZAGEM_ESPECIALIZACAO_WORKLOAD;;;;;CONCLUIDA;True;0,9097504810324987;1,0;1,0;0,42215088282471125;0,6586441863669917;0,1851740071976712;0,06593228746783573
Contencioso;Prevenção de Litígios e Atuação Preventiva;;Adão;2026-08-05 09:02:00;2026-09-23 13:00:59.999999999;2026-09-25 13:00:59.999999999;4,0;;16,0;2026-09-25 13:00:59.999999999;;AHP_APRENDIZAGEM_ESPECIALIZACAO_WORKLOAD;;;;;CONCLUIDA;True;0,9091126434476358;1,0;1,0;0,4180669398903791;0,6586441863669917;0,1851740071976712;0,0652944498829729
Propriedade intelectual;Elaboração e revisão de NDAs;;Abel;2026-08-05 09:03:00;2026-10-29 09:01:59.999999999;2026-10-30 09:01:59.999999999;3,0;;8,0;2026-10-30 09:01:59.999999999;;AHP_APRENDIZAGEM_ESPECIALIZACAO_WORKLOAD;;;;;PENDENTE;True;0,8438181935646629;1,0;1,0;0,0;0,6586441863669917;0,1851740071976712;0,0
Societário;Estruturação de regras de governança;;Isaque;2026-08-05 09:04:00;2026-08-05 09:04:00.000000000;2026-08-10 09:03:59.999999999;5,0;;24,0;2026-08-10 09:03:59.999999999;;AHP_APRENDIZAGEM_ESPECIALIZACAO_WORKLOAD;;;;;CONCLUIDA;True;0,8150450134816885;1,0;0,0011827830626673014;1,0;0,6586441863669917;0,00021902067935963845;0,1561818064353371
Contencioso;Contencioso Civil;;Adão;2026-08-06 09:00:00;2026-09-25 13:00:59.999999999;2026-09-29 13:00:59.999999999;4,0;;16,0;2026-09-29 13:00:59.999999999;;AHP_APRENDIZAGEM_ESPECIALIZACAO_WORKLOAD;;;;;CONCLUIDA;True;0,9065480011421659;1,0;1,0;0,4016460624270893;0,6586441863669917;0,1851740071976712;0,06272980757750297
Contratos;Contrato de Mandato;;Davi;2026-08-06 09:01:00;2026-08-14 11:03:59.999999999;2026-08-17 11:03:59.999999999;3,0;;8,0;2026-08-17 11:03:59.999999999;;AHP_APRENDIZAGEM_ESPECIALIZACAO_WORKLOAD;;;;;CONCLUIDA;True;0,8551787082036343;1,0;0,30441856123466166;0,8974420272536784;0,6586441863669917;0,05637040484917195;0,14016411698747053
Contratos;Contrato de Licença de Uso de Marca;;Davi;2026-08-06 09:02:00;2026-08-17 11:03:59.999999999;2026-08-18 11:03:59.999999999;3,0;;8,0;2026-08-18 11:03:59.999999999;;AHP_APRENDIZAGEM_ESPECIALIZACAO_WORKLOAD;;;;;CONCLUIDA;True;0,8526231377469397;1,0;0,30441856123466166;0,8810792349731791;0,6586441863669917;0,05637040484917195;0,13760854653077595
Societário;Elaboração e negociação de LOI;;Isaque;2026-08-06 09:03:00;2026-08-10 09:03:59.999999999;2026-08-11 09:03:59.999999999;3,0;;8,0;2026-08-11 09:03:59.999999999;;AHP_APRENDIZAGEM_ESPECIALIZACAO_WORKLOAD;;;;;CONCLUIDA;True;0,8099187893626325;1,0;0,0011827830626673014;0,967177840773801;0,6586441863669917;0,00021902067935963845;0,15105558231628108
Governança;Código de Conduta;;Adão;2026-08-06 09:04:00;2026-09-29 13:00:59.999999999;2026-09-29 15:00:59.999999999;1,0;;2,0;2026-09-29 15:00:59.999999999;;AHP_APRENDIZAGEM_ESPECIALIZACAO_WORKLOAD;;;;;CONCLUIDA;True;0,9014355066088064;1,0;1,0;0,368911810915687;0,6586441863669917;0,1851740071976712;0,057617313044143505
Contratos;Contrato de Manutenção de Sistemas;;Davi;2026-08-07 09:00:00;2026-08-18 11:03:59.999999999;2026-08-19 11:03:59.999999999;3,0;;8,0;2026-08-19 11:03:59.999999999;;AHP_APRENDIZAGEM_ESPECIALIZACAO_WORKLOAD;;;;;CONCLUIDA;True;0,8568559587445286;1,0;0,32900035534481453;0,8790361780437002;0,6586441863669917;0,060922314168657066;0,1372894582088797
Societário;Organização de livros societários;;Isaque;2026-08-07 09:01:00;2026-08-11 09:03:59.999999999;2026-08-11 11:03:59.999999999;1,0;;2,0;2026-08-11 11:03:59.999999999;;AHP_APRENDIZAGEM_ESPECIALIZACAO_WORKLOAD;;;;;CONCLUIDA;True;0,8098228656536717;1,0;0,0011827830626673014;0,9665636609845529;0,6586441863669917;0,00021902067935963845;0,15095965860732025
Direito digital;Avaliação jurídica de campanhas de marketing digital;;Abel;2026-08-07 09:02:00;2026-10-30 09:01:59.999999999;2026-10-30 11:01:59.999999999;1,0;;2,0;2026-10-30 11:01:59.999999999;;AHP_APRENDIZAGEM_ESPECIALIZACAO_WORKLOAD;;;;;PENDENTE;True;0,8438181935646629;1,0;1,0;0,0;0,6586441863669917;0,1851740071976712;0,0
Societário;Estruturação jurídica de carve-outs, spin-offs e alienação de ativos;;Abraão;2026-08-07 09:03:00;2026-08-07 09:03:00.000000000;2026-08-12 09:03:00.000000000;5,0;;24,0;2026-08-12 09:03:00.000000000;;AHP_APRENDIZAGEM_ESPECIALIZACAO_WORKLOAD;;;;;CONCLUIDA;True;0,8092210266996916;0,9914901456375809;0,0;1,0;0,6530392202643546;0,0;0,1561818064353371
Direito financeiro;Apoio na estruturação de financiamentos de aquisição;;Abraão;2026-08-07 09:04:00;2026-08-12 09:03:00.000000000;2026-08-17 09:03:00.000000000;5,0;;24,0;2026-08-17 09:03:00.000000000;;AHP_APRENDIZAGEM_ESPECIALIZACAO_WORKLOAD;;;;;CONCLUIDA;True;0,8295625835172585;1,0;0,12155277895691666;0,9502386057126762;0,6586441863669917;0,02250841516546502;0,1484099819848018
Concorrencial;Programa de Compliance Concorrencial;;Caim;2026-08-10 09:00:00;2026-08-10 09:00:00.000000000;2026-08-10 17:00:00.000000000;3,0;;8,0;2026-08-10 17:00:00.000000000;;AHP_APRENDIZAGEM_ESPECIALIZACAO_WORKLOAD;;;;;CONCLUIDA;True;0,8148259928023288;1,0;0,0;1,0;0,6586441863669917;0,0;0,1561818064353371
Contratos;Contrato de Distribuição;;Davi;2026-08-10 09:01:00;2026-08-19 11:03:59.999999999;2026-08-20 11:03:59.999999999;3,0;;8,0;2026-08-20 11:03:59.999999999;;AHP_APRENDIZAGEM_ESPECIALIZACAO_WORKLOAD;;;;;CONCLUIDA;True;0,8612265934738703;1,0;0,35386854754954106;0,8775359516196556;0,6586441863669917;0,06552725697096816;0,1370551501359104
Contencioso;Padronização de teses jurídicas;;Adão;2026-08-10 09:02:00;2026-09-29 15:00:59.999999999;2026-09-30 09:00:59.999999999;1,0;;2,0;2026-09-30 09:00:59.999999999;;AHP_APRENDIZAGEM_ESPECIALIZACAO_WORKLOAD;;;;;CONCLUIDA;True;0,9031332319369014;1,0;1,0;0,379781997186697;0,6586441863669917;0,1851740071976712;0,05931503837223845
Contratos;Contrato de compra e venda;;Davi;2026-08-10 09:03:00;2026-08-20 11:03:59.999999999;2026-08-21 11:03:59.999999999;3,0;;8,0;2026-08-21 11:03:59.999999999;;AHP_APRENDIZAGEM_ESPECIALIZACAO_WORKLOAD;;;;;CONCLUIDA;True;0,8586001594646318;1,0;0,35386854754954106;0,8607194345797794;0,6586441863669917;0,06552725697096816;0,1344287161266719
Contratos;Contrato de Cessão de Direitos Autorais;;Davi;2026-08-10 09:04:00;2026-08-21 11:03:59.999999999;2026-08-24 11:03:59.999999999;3,0;;8,0;2026-08-24 11:03:59.999999999;;AHP_APRENDIZAGEM_ESPECIALIZACAO_WORKLOAD;;;;;CONCLUIDA;True;0,8559687213053773;1,0;0,35386854754954106;0,8438708769960639;0,6586441863669917;0,06552725697096816;0,13179727796741741
Direito digital;Interface entre jurídico, TI e segurança da informação;;Abel;2026-08-11 09:00:00;2026-10-30 11:01:59.999999999;2026-10-30 13:01:59.999999999;1,0;;2,0;2026-10-30 13:01:59.999999999;;AHP_APRENDIZAGEM_ESPECIALIZACAO_WORKLOAD;;;;;PENDENTE;True;0,8438181935646629;1,0;1,0;0,0;0,6586441863669917;0,1851740071976712;0,0
Trabalhista;Interpretação e negociação de acordos e convenções coletivas;;Abel;2026-08-11 09:01:00;2026-10-30 13:01:59.999999999;2026-11-02 13:02:00.000000000;3,0;;8,0;2026-11-02 13:02:00.000000000;;AHP_APRENDIZAGEM_ESPECIALIZACAO_WORKLOAD;;;;;PENDENTE;True;0,8438181935646629;1,0;1,0;0,0;0,6586441863669917;0,1851740071976712;0,0
Direito financeiro;Relatórios jurídicos de risco financeiro;;Abraão;2026-08-11 09:02:00;2026-08-17 09:03:00.000000000;2026-08-17 11:03:00.000000000;1,0;;2,0;2026-08-17 11:03:00.000000000;;AHP_APRENDIZAGEM_ESPECIALIZACAO_WORKLOAD;;;;;CONCLUIDA;True;0,8268140911640249;1,0;0,12147052651769173;0,9327380952380953;0,6586441863669917;0,022493184151691957;0,1456767206453412
Direito digital;Mapeamento de dados pessoais (data mapping / data inventory);;Abel;2026-08-11 09:03:00;2026-11-02 13:02:00.000000000;2026-11-03 09:01:59.999999999;2,0;;4,0;2026-11-03 09:01:59.999999999;;AHP_APRENDIZAGEM_ESPECIALIZACAO_WORKLOAD;;;;;PENDENTE;True;0,8438181935646629;1,0;1,0;0,0;0,6586441863669917;0,1851740071976712;0,0
Propriedade intelectual;Estratégia de Ativos Intangíveis;;Abel;2026-08-11 09:04:00;2026-11-03 09:01:59.999999999;2026-11-03 11:01:59.999999999;1,0;;2,0;2026-11-03 11:01:59.999999999;;AHP_APRENDIZAGEM_ESPECIALIZACAO_WORKLOAD;;;;;PENDENTE;True;0,8438181935646629;1,0;1,0;0,0;0,6586441863669917;0,1851740071976712;0,0
Direito financeiro;Avaliação de risco e provisões;;Abraão;2026-08-12 09:00:00;2026-08-17 11:03:00.000000000;2026-08-17 13:03:00.000000000;1,0;;2,0;2026-08-17 13:03:00.000000000;;AHP_APRENDIZAGEM_ESPECIALIZACAO_WORKLOAD;;;;;CONCLUIDA;True;0,8285619931287005;1,0;0,12052882850889692;0,9450460586456648;0,6586441863669917;0,022318806157833354;0,14759900060387546
Direito financeiro;Gestão de vencimentos, liberações e substituições de garantias;;Abraão;2026-08-12 09:01:00;2026-08-17 13:03:00.000000000;2026-08-17 15:03:00.000000000;1,0;;2,0;2026-08-17 15:03:00.000000000;;AHP_APRENDIZAGEM_ESPECIALIZACAO_WORKLOAD;;;;;CONCLUIDA;True;0,8279082109912357;1,0;0,12052882850889692;0,9408600260187756;0,6586441863669917;0,022318806157833354;0,14694521846641065
Contratos;Contrato de Joint Venture;;Davi;2026-08-12 09:02:00;2026-08-24 11:03:59.999999999;2026-08-27 11:03:59.999999999;5,0;;24,0;2026-08-27 11:03:59.999999999;;AHP_APRENDIZAGEM_ESPECIALIZACAO_WORKLOAD;;;;;CONCLUIDA;True;0,8678641276808449;1,0;0,40392252167136194;0,860689170183427;0,6586441863669917;0,07479595193527427;0,1344239893785789
Regulatório;Apoio regulatório a fundos de investimento;;Abel;2026-08-12 09:03:00;2026-11-03 11:01:59.999999999;2026-11-06 11:01:59.999999999;5,0;;24,0;2026-11-06 11:01:59.999999999;;AHP_APRENDIZAGEM_ESPECIALIZACAO_WORKLOAD;;;;;PENDENTE;True;0,8087691857273325;1,0;0,8107239327606274;0,0;0,6586441863669917;0,1501249993603407;0,0
Societário;Estruturação societária internacional;;Isaque;2026-08-12 09:04:00;2026-08-12 09:04:00.000000000;2026-08-17 09:03:59.999999999;5,0;;24,0;2026-08-17 09:03:59.999999999;;AHP_APRENDIZAGEM_ESPECIALIZACAO_WORKLOAD;;;;;CONCLUIDA;True;0,8335087340998141;1,0;0,10089289301571142;1,0;0,6586441863669917;0,018682741297485216;0,1561818064353371
Contratos;Contrato de Licença de Uso de Marca;;Davi;2026-08-13 09:00:00;2026-08-27 11:03:59.999999999;2026-08-28 11:03:59.999999999;3,0;;8,0;2026-08-28 11:03:59.999999999;;AHP_APRENDIZAGEM_ESPECIALIZACAO_WORKLOAD;;;;;CONCLUIDA;True;0,8680981206204785;1,0;0,4289378737542215;0,8325283994291772;0,6586441863669917;0,07942814492191798;0,13002578933156878
Contratos;Contrato de Transferência de Tecnologia;;Davi;2026-08-13 09:01:00;2026-08-28 11:03:59.999999999;2026-08-31 11:03:59.999999999;3,0;;8,0;2026-08-31 11:03:59.999999999;;AHP_APRENDIZAGEM_ESPECIALIZACAO_WORKLOAD;;;;;CONCLUIDA;True;0,865552722800689;1,0;0,4289378737542215;0,816230740451572;0,6586441863669917;0,07942814492191798;0,12748039151177928
Contencioso;Monitoramento processual e de prazos;;Adão;2026-08-13 09:02:00;2026-09-30 09:00:59.999999999;2026-09-30 11:00:59.999999999;1,0;;2,0;2026-09-30 11:00:59.999999999;;AHP_APRENDIZAGEM_ESPECIALIZACAO_WORKLOAD;;;;;CONCLUIDA;True;0,9133084728157053;1,0;1,0;0,4449319727891156;0,6586441863669917;0,1851740071976712;0,06949027925104233
Contratos;Contrato de Representação Comercial;;Davi;2026-08-13 09:03:00;2026-08-31 11:03:59.999999999;2026-09-01 11:03:59.999999999;3,0;;8,0;2026-09-01 11:03:59.999999999;;AHP_APRENDIZAGEM_ESPECIALIZACAO_WORKLOAD;;;;;CONCLUIDA;True;0,8630114014528221;1,0;0,4289378737542215;0,7999591822856786;0,6586441863669917;0,07942814492191798;0,12493907016391241
Contratos;Contrato de Licenciamento de Software;;Davi;2026-08-13 09:04:00;2026-09-01 11:03:59.999999999;2026-09-03 11:03:59.999999999;4,0;;16,0;2026-09-03 11:03:59.999999999;;AHP_APRENDIZAGEM_ESPECIALIZACAO_WORKLOAD;;;;;CONCLUIDA;True;0,8604655708514616;1,0;0,4289378737542215;0,7836587522966415;0,6586441863669917;0,07942814492191798;0,12239323956255185
Contratos;Contrato de Licenciamento de Software;;Davi;2026-08-14 09:00:00;2026-09-03 11:03:59.999999999;2026-09-07 11:03:59.999999999;4,0;;16,0;2026-09-07 11:03:59.999999999;;AHP_APRENDIZAGEM_ESPECIALIZACAO_WORKLOAD;;;;;CONCLUIDA;True;0,8619462760204666;1,0;0,45405181819358587;0,7633635294936957;0,6586441863669917;0,08407859465029476;0,11922349500318012
Societário;Análise jurídica preliminar e de estrutura da operação;;Isaque;2026-08-14 09:01:00;2026-08-17 09:03:59.999999999;2026-08-20 09:03:59.999999999;5,0;;24,0;2026-08-20 09:03:59.999999999;;AHP_APRENDIZAGEM_ESPECIALIZACAO_WORKLOAD;;;;;CONCLUIDA;True;0,830900393706824;1,0;0,10089289301571142;0,9832993326654219;0,6586441863669917;0,018682741297485216;0,15357346604234706
Regulatório;Tradução da norma para áreas de negócio, compliance e produto;;Abel;2026-08-14 09:02:00;2026-11-06 11:01:59.999999999;2026-11-09 11:02:00.000000000;3,0;;8,0;2026-11-09 11:02:00.000000000;;AHP_APRENDIZAGEM_ESPECIALIZACAO_WORKLOAD;;;;;PENDENTE;True;0,8125930984694435;1,0;0,8313743080480673;0,0;0,6586441863669917;0,15394891210245173;0,0
Societário;Elaboração e negociação de LOI;;Isaque;2026-08-14 09:03:00;2026-08-20 09:03:59.999999999;2026-08-21 09:03:59.999999999;3,0;;8,0;2026-08-21 09:03:59.999999999;;AHP_APRENDIZAGEM_ESPECIALIZACAO_WORKLOAD;;;;;CONCLUIDA;True;0,8233034464995664;1,0;0,10089289301571142;0,9346576414169415;0,6586441863669917;0,018682741297485216;0,14597651883508947
Concorrencial;Contencioso Administrativo Concorrencial;;Caim;2026-08-14 09:04:00;2026-08-14 09:04:00.000000000;2026-08-18 09:03:59.999999999;4,0;;16,0;2026-08-18 09:03:59.999999999;;AHP_APRENDIZAGEM_ESPECIALIZACAO_WORKLOAD;;;;;CONCLUIDA;True;0,8175907876506143;1,0;0,014930793420343112;1,0;0,6586441863669917;0,002764794848285557;0,1561818064353371
Contratos;Contrato de Hosting;;Davi;2026-08-17 09:00:00;2026-09-07 11:03:59.999999999;2026-09-08 11:03:59.999999999;3,0;;8,0;2026-09-08 11:03:59.999999999;;AHP_APRENDIZAGEM_ESPECIALIZACAO_WORKLOAD;;;;;CONCLUIDA;True;0,8639756314514976;1,0;0,4790089133974974;0,7467671668631722;0,6586441863669917;0,08869999997721684;0,11663144510728905
Contratos;Contrato de Desenvolvimento de Software;;Davi;2026-08-17 09:01:00;2026-09-08 11:03:59.999999999;2026-09-09 11:03:59.999999999;3,0;;8,0;2026-09-09 11:03:59.999999999;;AHP_APRENDIZAGEM_ESPECIALIZACAO_WORKLOAD;;;;;CONCLUIDA;True;0,8613875246901873;1,0;0,4790089133974974;0,7301960513127715;0,6586441863669917;0,08869999997721684;0,11404333834597877
Trabalhista;Gestão de escritórios externos;;Abel;2026-08-17 09:02:00;2026-11-09 11:02:00.000000000;2026-11-09 13:02:00.000000000;1,0;;2,0;2026-11-09 13:02:00.000000000;;AHP_APRENDIZAGEM_ESPECIALIZACAO_WORKLOAD;;;;;PENDENTE;True;0,8438181935646629;1,0;1,0;0,0;0,6586441863669917;0,1851740071976712;0,0
Contratos;NDA;;Davi;2026-08-17 09:03:00;2026-09-09 11:03:59.999999999;2026-09-09 13:03:59.999999999;1,0;;2,0;2026-09-09 13:03:59.999999999;;AHP_APRENDIZAGEM_ESPECIALIZACAO_WORKLOAD;;;;;CONCLUIDA;True;0,8589879047225043;1,0;0,4790089133974974;0,7148317779543601;0,6586441863669917;0,08869999997721684;0,11164371837829574
Concorrencial;Monitoramento regulatório e jurisprudencial;;Caim;2026-08-17 09:04:00;2026-08-18 09:03:59.999999999;2026-08-19 09:03:59.999999999;3,0;;8,0;2026-08-19 09:03:59.999999999;;AHP_APRENDIZAGEM_ESPECIALIZACAO_WORKLOAD;;;;;CONCLUIDA;True;0,8150090923862587;1,0;0,014930793420343112;0,9834699359465758;0,6586441863669917;0,002764794848285557;0,1536001111709815
Direito digital;Apoio em planos de resposta a incidentes;;Abel;2026-08-18 09:00:00;2026-11-09 13:02:00.000000000;2026-11-09 15:02:00.000000000;1,0;;2,0;2026-11-09 15:02:00.000000000;;AHP_APRENDIZAGEM_ESPECIALIZACAO_WORKLOAD;;;;;PENDENTE;True;0,8438181935646629;1,0;1,0;0,0;0,6586441863669917;0,1851740071976712;0,0
Contencioso;Contencioso Trabalhista;;Adão;2026-08-18 09:01:00;2026-09-30 11:00:59.999999999;2026-10-02 11:00:59.999999999;4,0;;16,0;2026-10-02 11:00:59.999999999;;AHP_APRENDIZAGEM_ESPECIALIZACAO_WORKLOAD;;;;;CONCLUIDA;True;0,9183178028476185;1,0;1,0;0,4770056832054903;0,6586441863669917;0,1851740071976712;0,07449960928295563
Concorrencial;Análise de exclusividade, não concorrência e cláusulas MFN;;Caim;2026-08-18 09:02:00;2026-08-19 09:03:59.999999999;2026-08-19 11:03:59.999999999;1,0;;2,0;2026-08-19 11:03:59.999999999;;AHP_APRENDIZAGEM_ESPECIALIZACAO_WORKLOAD;;;;;CONCLUIDA;True;0,8148758380354282;1,0;0,014444025160242093;0,9831938633199674;0,6586441863669917;0,002674658018986013;0,15355699364945044
Trabalhista;Gestão de riscos relacionados a acidentes de trabalho;;Abel;2026-08-18 09:03:00;2026-11-09 15:02:00.000000000;2026-11-10 09:02:00.000000000;1,0;;2,0;2026-11-10 09:02:00.000000000;;AHP_APRENDIZAGEM_ESPECIALIZACAO_WORKLOAD;;;;;PENDENTE;True;0,8438181935646629;1,0;1,0;0,0;0,6586441863669917;0,1851740071976712;0,0
Concorrencial;M&A Concorrencial;;Caim;2026-08-18 09:04:00;2026-08-19 11:03:59.999999999;2026-08-24 11:03:59.999999999;5,0;;24,0;2026-08-24 11:03:59.999999999;;AHP_APRENDIZAGEM_ESPECIALIZACAO_WORKLOAD;;;;;CONCLUIDA;True;0,8221461386045464;1,0;0,057103907667106074;0,9791652198075098;0,6586441863669917;0,010574159409363851;0,1529277928281908
Societário;Elaboração e negociação de LOI;;Isaque;2026-08-19 09:00:00;2026-08-21 09:03:59.999999999;2026-08-24 09:03:59.999999999;3,0;;8,0;2026-08-24 09:03:59.999999999;;AHP_APRENDIZAGEM_ESPECIALIZACAO_WORKLOAD;;;;;CONCLUIDA;True;0,8470405399102552;1,0;0,20267709466198092;0,9659628557311161;0,6586441863669917;0,037530529785740736;0,15086582375752264
Direito financeiro;Interface com escritórios externos;;Abraão;2026-08-19 09:01:00;2026-08-19 09:01:00.000000000;2026-08-19 11:01:00.000000000;1,0;;2,0;2026-08-19 11:01:00.000000000;;AHP_APRENDIZAGEM_ESPECIALIZACAO_WORKLOAD;;;;;CONCLUIDA;True;0,8591729632034659;1,0;0,23948809593884934;1,0;0,6586441863669917;0,044346970401137054;0,1561818064353371
Contratos;Letter of Intent;;Davi;2026-08-19 09:02:00;2026-09-09 13:03:59.999999999;2026-09-09 15:03:59.999999999;1,0;;2,0;2026-09-09 15:03:59.999999999;;AHP_APRENDIZAGEM_ESPECIALIZACAO_WORKLOAD;;;;;CONCLUIDA;True;0,8715760180538004;1,0;0,5281079676081326;0,7372175141248822;0,6586441863669917;0,09779186859501585;0,11513996309179275
Contratos;Contrato de Licença de Uso de Marca;;Davi;2026-08-19 09:03:00;2026-09-09 15:03:59.999999999;2026-09-10 15:04:00.000000000;3,0;;8,0;2026-09-10 15:04:00.000000000;;AHP_APRENDIZAGEM_ESPECIALIZACAO_WORKLOAD;;;;;CONCLUIDA;True;0,870918273189605;1,0;0,5281079676081326;0,7330061089733629;0,6586441863669917;0,09779186859501585;0,11448221822759738
Governança;Trasnparência e divulgação de informações;;Adão;2026-08-19 09:04:00;2026-10-02 11:00:59.999999999;2026-10-02 13:00:59.999999999;1,0;;2,0;2026-10-02 13:00:59.999999999;;AHP_APRENDIZAGEM_ESPECIALIZACAO_WORKLOAD;;;;;CONCLUIDA;True;0,9146399527439399;1,0;1,0;0,45345716505461786;0,6586441863669917;0,1851740071976712;0,07082175917927704
Contratos;Contratos de Seguros ou Previdência;;Davi;2026-08-20 09:00:00;2026-09-10 15:04:00.000000000;2026-09-11 15:04:00.000000000;3,0;;8,0;2026-09-11 15:04:00.000000000;;AHP_APRENDIZAGEM_ESPECIALIZACAO_WORKLOAD;;;;;CONCLUIDA;True;0,8746273737403704;1,0;0,552087266590161;0,7283241146475349;0,6586441863669917;0,1022322114773091;0,11375097589606957
Contratos;Contrato de Locação;;Davi;2026-08-20 09:01:00;2026-09-11 15:04:00.000000000;2026-09-14 15:04:00.000000000;3,0;;8,0;2026-09-14 15:04:00.000000000;;AHP_APRENDIZAGEM_ESPECIALIZACAO_WORKLOAD;;;;;CONCLUIDA;True;0,8719387664305372;1,0;0,552087266590161;0,7111095147450402;0,6586441863669917;0,1022322114773091;0,11106236858623637
Direito digital;Análise de risco jurídico digital;;Abel;2026-08-20 09:02:00;2026-11-10 09:02:00.000000000;2026-11-10 11:02:00.000000000;1,0;;2,0;2026-11-10 11:02:00.000000000;;AHP_APRENDIZAGEM_ESPECIALIZACAO_WORKLOAD;;;;;PENDENTE;True;0,8438181935646629;1,0;1,0;0,0;0,6586441863669917;0,1851740071976712;0,0
Governança;Suporte jurídico às decisões do Conselho de Administração;;Adão;2026-08-20 09:03:00;2026-10-02 13:00:59.999999999;2026-10-02 15:00:59.999999999;1,0;;2,0;2026-10-02 15:00:59.999999999;;AHP_APRENDIZAGEM_ESPECIALIZACAO_WORKLOAD;;;;;CONCLUIDA;True;0,9155493204446001;1,0;1,0;0,4592796595014128;0,6586441863669917;0,1851740071976712;0,07173112687993718
Societário;Elaboração e negociação de LOI;;Isaque;2026-08-20 09:04:00;2026-08-24 09:03:59.999999999;2026-08-25 09:03:59.999999999;3,0;;8,0;2026-08-25 09:03:59.999999999;;AHP_APRENDIZAGEM_ESPECIALIZACAO_WORKLOAD;;;;;CONCLUIDA;True;0,8685953379542651;1,0;0,3193331240835946;0,9656627798847081;0,6586441863669917;0,05913219421751037;0,15081895736976303
Direito digital;Treinamentos e conscientização sobre LGPD e segurança da informação;;Abel;2026-08-21 09:00:00;2026-11-10 11:02:00.000000000;2026-11-10 13:02:00.000000000;1,0;;2,0;2026-11-10 13:02:00.000000000;;AHP_APRENDIZAGEM_ESPECIALIZACAO_WORKLOAD;;;;;PENDENTE;True;0,8438181935646629;1,0;1,0;0,0;0,6586441863669917;0,1851740071976712;0,0
Regulatório;Tradução da norma para áreas de negócio, compliance e produto;;Abel;2026-08-21 09:01:00;2026-11-10 13:02:00.000000000;2026-11-11 13:02:00.000000000;3,0;;8,0;2026-11-11 13:02:00.000000000;;AHP_APRENDIZAGEM_ESPECIALIZACAO_WORKLOAD;;;;;PENDENTE;True;0,8125930984694435;1,0;0,8313743080480673;0,0;0,6586441863669917;0,15394891210245173;0,0
Societário;Análise jurídica preliminar e de estrutura da operação;;Isaque;2026-08-21 09:02:00;2026-08-25 09:03:59.999999999;2026-08-28 09:03:59.999999999;5,0;;24,0;2026-08-28 09:03:59.999999999;;AHP_APRENDIZAGEM_ESPECIALIZACAO_WORKLOAD;;;;;CONCLUIDA;True;0,8686075140216842;1,0;0,3193331240835946;0,9657407407413343;0,6586441863669917;0,05913219421751037;0,15083113343718216
Contratos;Contrato de Licenciamento de Software;;Davi;2026-08-21 09:03:00;2026-09-14 15:04:00.000000000;2026-09-16 15:04:00.000000000;4,0;;16,0;2026-09-16 15:04:00.000000000;;AHP_APRENDIZAGEM_ESPECIALIZACAO_WORKLOAD;;;;;CONCLUIDA;True;0,876683765110444;1,0;0,575586450325614;0,713629402757102;0,6586441863669917;0,10658364949547725;0,11145592924797493
Contratos;Contrato de Joint Venture;;Davi;2026-08-21 09:04:00;2026-09-16 15:04:00.000000000;2026-09-21 15:04:00.000000000;5,0;;24,0;2026-09-21 15:04:00.000000000;;AHP_APRENDIZAGEM_ESPECIALIZACAO_WORKLOAD;;;;;CONCLUIDA;True;0,871347805346619;1,0;0,575586450325614;0,6794643493132227;0,6586441863669917;0,10658364949547725;0,10611996948415003
Concorrencial;Monitoramento regulatório e jurisprudencial;;Caim;2026-08-24 09:00:00;2026-08-24 11:03:59.999999999;2026-08-25 11:03:59.999999999;3,0;;8,0;2026-08-25 11:03:59.999999999;;AHP_APRENDIZAGEM_ESPECIALIZACAO_WORKLOAD;;;;;CONCLUIDA;True;0,8282332506209942;1,0;0,07619262317466492;0,9955075719156825;0,6586441863669917;0,014108893352154851;0,15548017090184757
Direito financeiro;Estruturação de Produtos Financeiros;;Abraão;2026-08-24 09:01:00;2026-08-24 09:01:00.000000000;2026-08-27 09:00:59.999999999;5,0;;24,0;2026-08-27 09:00:59.999999999;;AHP_APRENDIZAGEM_ESPECIALIZACAO_WORKLOAD;;;;;CONCLUIDA;True;0,8592079655907078;1,0;0,23967712023967647;1,0;0,6586441863669917;0,04438197278837895;0,1561818064353371
Contratos;Contratos Financeiros ou Bancários;;Davi;2026-08-24 09:02:00;2026-09-21 15:04:00.000000000;2026-09-22 15:04:00.000000000;3,0;;8,0;2026-09-22 15:04:00.000000000;;AHP_APRENDIZAGEM_ESPECIALIZACAO_WORKLOAD;;;;;CONCLUIDA;True;0,8692871307341974;1,0;0,5985381950442257;0,6390579710148786;0,6586441863669917;0,11083371603720056;0,09980922833000504
Societário;Estruturação societária internacional;;Isaque;2026-08-24 09:03:00;2026-08-28 09:03:59.999999999;2026-09-02 09:03:59.999999999;5,0;;24,0;2026-09-02 09:03:59.999999999;;AHP_APRENDIZAGEM_ESPECIALIZACAO_WORKLOAD;;;;;CONCLUIDA;True;0,8677317374980548;1,0;0,3444145299407245;0,9303960288421866;0,6586441863669917;0,06377661864622626;0,1453109324848367
Contencioso;Estratégia processual;;Adão;2026-08-24 09:04:00;2026-10-02 15:00:59.999999999;2026-10-05 09:00:59.999999999;1,0;;2,0;2026-10-05 09:00:59.999999999;;AHP_APRENDIZAGEM_ESPECIALIZACAO_WORKLOAD;;;;;CONCLUIDA;True;0,9192040129546107;1,0;1,0;0,4826799043405819;0,6586441863669917;0,1851740071976712;0,07538581938994779
Contratos;Contrato de Cessão de Crédito;;Davi;2026-08-25 09:00:00;2026-09-22 15:04:00.000000000;2026-09-23 15:04:00.000000000;3,0;;8,0;2026-09-23 15:04:00.000000000;;AHP_APRENDIZAGEM_ESPECIALIZACAO_WORKLOAD;;;;;CONCLUIDA;True;0,8724196098981285;1,0;0,6208820996612427;0,6326229629087289;0,6586441863669917;0,11497122639157617;0,09880419713956054
Direito financeiro;Apoio jurídico em renegociação de dívidas;;Abraão;2026-08-25 09:01:00;2026-08-27 09:00:59.999999999;2026-08-28 09:00:59.999999999;3,0;;8,0;2026-08-28 09:00:59.999999999;;AHP_APRENDIZAGEM_ESPECIALIZACAO_WORKLOAD;;;;;CONCLUIDA;True;0,8536796099188885;1,0;0,23967712023967647;0,9646030751084428;0,6586441863669917;0,04438197278837895;0,15065345076351774
Societário;Organização de livros societários;;Isaque;2026-08-25 09:02:00;2026-09-02 09:03:59.999999999;2026-09-02 11:03:59.999999999;1,0;;2,0;2026-09-02 11:03:59.999999999;;AHP_APRENDIZAGEM_ESPECIALIZACAO_WORKLOAD;;;;;CONCLUIDA;True;0,8666970496137627;1,0;0,3697508858794461;0,8937315634223781;0,6586441863669917;0,06846825320318585;0,13958461004358508
Societário;Estruturação societária internacional;;Isaque;2026-08-25 09:03:00;2026-09-02 11:03:59.999999999;2026-09-07 11:03:59.999999999;5,0;;24,0;2026-09-07 11:03:59.999999999;;AHP_APRENDIZAGEM_ESPECIALIZACAO_WORKLOAD;;;;;CONCLUIDA;True;0,8660111013058528;1,0;0,3697508858794461;0,889339577418593;0,6586441863669917;0,06846825320318585;0,1388986617356752
Regulatório;Atuação em processos administrativos na CVM e no BCB;;Abel;2026-08-25 09:04:00;2026-11-11 13:02:00.000000000;2026-11-11 15:02:00.000000000;1,0;;2,0;2026-11-11 15:02:00.000000000;;AHP_APRENDIZAGEM_ESPECIALIZACAO_WORKLOAD;;;;;PENDENTE;True;0,8125930984694435;1,0;0,8313743080480673;0,0;0,6586441863669917;0,15394891210245173;0,0
Governança;Outras atividades de governança;;Adão;2026-08-26 09:00:00;2026-10-05 09:00:59.999999999;2026-10-06 09:00:59.999999999;3,0;;8,0;2026-10-06 09:00:59.999999999;;AHP_APRENDIZAGEM_ESPECIALIZACAO_WORKLOAD;;;;;CONCLUIDA;True;0,9215589395300774;1,0;1,0;0,4977580150963417;0,6586441863669917;0,1851740071976712;0,07774074596541444
Propriedade intelectual;Criação de políticas internas de PI;;Abel;2026-08-26 09:01:00;2026-11-11 15:02:00.000000000;2026-11-12 15:02:00.000000000;3,0;;8,0;2026-11-12 15:02:00.000000000;;AHP_APRENDIZAGEM_ESPECIALIZACAO_WORKLOAD;;;;;PENDENTE;True;0,8438181935646629;1,0;1,0;0,0;0,6586441863669917;0,1851740071976712;0,0
Societário;Elaboração e negociação de  SPA;;Isaque;2026-08-26 09:02:00;2026-09-07 11:03:59.999999999;2026-09-08 11:03:59.999999999;3,0;;8,0;2026-09-08 11:03:59.999999999;;AHP_APRENDIZAGEM_ESPECIALIZACAO_WORKLOAD;;;;;CONCLUIDA;True;0,865300458323925;1,0;0,3952540522801741;0,8545521292222555;0,6586441863669917;0,07319077672183766;0,1334654952350955
Concorrencial;M&A Concorrencial;;Caim;2026-08-26 09:03:00;2026-08-26 09:03:00.000000000;2026-08-31 09:03:00.000000000;5,0;;24,0;2026-08-31 09:03:00.000000000;;AHP_APRENDIZAGEM_ESPECIALIZACAO_WORKLOAD;;;;;CONCLUIDA;True;0,851860454428573;1,0;0,19999816489746508;1,0;0,6586441863669917;0,03703446162624423;0,1561818064353371
Direito financeiro;Avaliação de endividamento e garantias;;Abraão;2026-08-26 09:04:00;2026-08-28 09:00:59.999999999;2026-08-28 11:00:59.999999999;1,0;;2,0;2026-08-28 11:00:59.999999999;;AHP_APRENDIZAGEM_ESPECIALIZACAO_WORKLOAD;;;;;CONCLUIDA;True;0,8537205587048826;1,0;0,23967712023967647;0,9648652617672399;0,6586441863669917;0,04438197278837895;0,15069439954951191
Contratos;Contrato de Agência, Franquia ou Parceria Empresarial;;Davi;2026-08-27 09:00:00;2026-09-23 15:04:00.000000000;2026-09-24 15:04:00.000000000;3,0;;8,0;2026-09-24 15:04:00.000000000;;AHP_APRENDIZAGEM_ESPECIALIZACAO_WORKLOAD;;;;;CONCLUIDA;True;0,8744490295133485;1,0;0,6208820996612427;0,645616919513144;0,6586441863669917;0,11497122639157617;0,10083361675478048
Contratos;NDA;;Davi;2026-08-27 09:01:00;2026-09-24 15:04:00.000000000;2026-09-25 09:03:59.999999999;1,0;;2,0;2026-09-25 09:03:59.999999999;;AHP_APRENDIZAGEM_ESPECIALIZACAO_WORKLOAD;;;;;CONCLUIDA;True;0,8716514347496156;1,0;0,6208820996612427;0,6277044953480985;0,6586441863669917;0,11497122639157617;0,09803602199104768
Societário;Gestão de earn-outs, ajustes de preço e garantias;;Isaque;2026-08-27 09:02:00;2026-09-08 11:03:59.999999999;2026-09-08 13:03:59.999999999;1,0;;2,0;2026-09-08 13:03:59.999999999;;AHP_APRENDIZAGEM_ESPECIALIZACAO_WORKLOAD;;;;;CONCLUIDA;True;0,8648929908584495;1,0;0,3952540522801741;0,8519431988047159;0,6586441863669917;0,07319077672183766;0,13305802776962006
Contencioso;Avaliação de precedentes relevantes;;Adão;2026-08-27 09:03:00;2026-10-06 09:00:59.999999999;2026-10-06 11:00:59.999999999;1,0;;2,0;2026-10-06 11:00:59.999999999;;AHP_APRENDIZAGEM_ESPECIALIZACAO_WORKLOAD;;;;;CONCLUIDA;True;0,9215676551859424;1,0;1,0;0,49781381964915095;0,6586441863669917;0,1851740071976712;0,0777494616212795
Contratos;Contratos imobiliários;;Davi;2026-08-27 09:04:00;2026-09-25 09:03:59.999999999;2026-09-28 09:03:59.999999999;3,0;;8,0;2026-09-28 09:03:59.999999999;;AHP_APRENDIZAGEM_ESPECIALIZACAO_WORKLOAD;;;;;CONCLUIDA;True;0,8709620069632983;1,0;0,6208820996612427;0,6232902309593538;0,6586441863669917;0,11497122639157617;0,09734659420473035
Trabalhista;Estruturação de planos de remuneração fixa e variável;;Abel;2026-08-28 09:00:00;2026-11-12 15:02:00.000000000;2026-11-17 15:02:00.000000000;5,0;;24,0;2026-11-17 15:02:00.000000000;;AHP_APRENDIZAGEM_ESPECIALIZACAO_WORKLOAD;;;;;PENDENTE;True;0,8438181935646629;1,0;1,0;0,0;0,6586441863669917;0,1851740071976712;0,0
Regulatório;Preparação de informações e documentos para fiscalização;;Abel;2026-08-28 09:01:00;2026-11-17 15:02:00.000000000;2026-11-19 15:02:00.000000000;4,0;;16,0;2026-11-19 15:02:00.000000000;;AHP_APRENDIZAGEM_ESPECIALIZACAO_WORKLOAD;;;;;PENDENTE;True;0,8125930984694435;1,0;0,8313743080480673;0,0;0,6586441863669917;0,15394891210245173;0,0
Contratos;Contrato de Licenciamento de Software;;Davi;2026-08-28 09:02:00;2026-09-28 09:03:59.999999999;2026-09-30 09:03:59.999999999;4,0;;16,0;2026-09-30 09:03:59.999999999;;AHP_APRENDIZAGEM_ESPECIALIZACAO_WORKLOAD;;;;;CONCLUIDA;True;0,8935996032934035;1,0;0,7218985765458604;0,648465829847164;0,6586441863669917;0,13367685220929174;0,10127856471712002
Regulatório;Atuação em processos administrativos na CVM e no BCB;;Abel;2026-08-28 09:03:00;2026-11-19 15:02:00.000000000;2026-11-20 09:02:00.000000000;1,0;;2,0;2026-11-20 09:02:00.000000000;;AHP_APRENDIZAGEM_ESPECIALIZACAO_WORKLOAD;;;;;PENDENTE;True;0,8125930984694435;1,0;0,8313743080480673;0,0;0,6586441863669917;0,15394891210245173;0,0
Direito digital;Comunicação de incidentes às autoridades competentes;;Abel;2026-08-28 09:04:00;2026-11-20 09:02:00.000000000;2026-11-20 11:02:00.000000000;1,0;;2,0;2026-11-20 11:02:00.000000000;;AHP_APRENDIZAGEM_ESPECIALIZACAO_WORKLOAD;;;;;PENDENTE;True;0,8438181935646629;1,0;1,0;0,0;0,6586441863669917;0,1851740071976712;0,0
Societário;Due diligence;;Isaque;2026-08-31 09:00:00;2026-09-08 13:03:59.999999999;2026-09-11 13:04:00.000000000;5,0;;24,0;2026-09-11 13:04:00.000000000;;AHP_APRENDIZAGEM_ESPECIALIZACAO_WORKLOAD;;;;;CONCLUIDA;True;0,8943495414411959;1,0;0,5220936744184853;0,8901624358349155;0,6586441863669917;0,09667817782462719;0,13902717724957697
Governança;Trasnparência e divulgação de informações;;Abraão;2026-08-31 09:01:00;2026-08-31 09:01:00.000000000;2026-08-31 11:01:00.000000000;1,0;;2,0;2026-08-31 11:01:00.000000000;;AHP_APRENDIZAGEM_ESPECIALIZACAO_WORKLOAD;;;;;CONCLUIDA;True;0,8148259928023288;1,0;0,0;1,0;0,6586441863669917;0,0;0,1561818064353371
Concorrencial;Relacionamento CADE;;Caim;2026-08-31 09:02:00;2026-08-31 09:03:00.000000000;2026-08-31 11:03:00.000000000;1,0;;2,0;2026-08-31 11:03:00.000000000;;AHP_APRENDIZAGEM_ESPECIALIZACAO_WORKLOAD;;;;;CONCLUIDA;True;0,8518549628038743;1,0;0,19999816489746508;0,9999648382559775;0,6586441863669917;0,03703446162624423;0,15617631481063826
Contratos;Contrato de Distribuição;;Davi;2026-08-31 09:03:00;2026-09-30 09:03:59.999999999;2026-10-01 09:03:59.999999999;3,0;;8,0;2026-10-01 09:03:59.999999999;;AHP_APRENDIZAGEM_ESPECIALIZACAO_WORKLOAD;;;;;CONCLUIDA;True;0,8938096836626407;1,0;0,7397516569787366;0,6286437638460095;0,6586441863669917;0,13698277865386976;0,09818271864177923
Contencioso;Gestão de escritórios externos;;Adão;2026-08-31 09:04:00;2026-10-06 11:00:59.999999999;2026-10-06 13:00:59.999999999;1,0;;2,0;2026-10-06 13:00:59.999999999;;AHP_APRENDIZAGEM_ESPECIALIZACAO_WORKLOAD;;;;;CONCLUIDA;True;0,9308171384884331;1,0;1,0;0,5570363598002673;0,6586441863669917;0,1851740071976712;0,08699894492377015
Governança;Treinamentos corporativos;;Abraão;2026-09-01 09:00:00;2026-09-01 09:00:00.000000000;2026-09-01 11:00:00.000000000;1,0;;2,0;2026-09-01 11:00:00.000000000;;AHP_APRENDIZAGEM_ESPECIALIZACAO_WORKLOAD;;;;;CONCLUIDA;True;0,8150672574762614;1,0;0,001302907884231536;1,0;0,6586441863669917;0,00024126467393259296;0,1561818064353371
Societário;Gestão de conflitos societários;;Isaque;2026-09-01 09:01:00;2026-09-11 13:04:00.000000000;2026-09-11 15:04:00.000000000;1,0;;2,0;2026-09-11 15:04:00.000000000;;AHP_APRENDIZAGEM_ESPECIALIZACAO_WORKLOAD;;;;;CONCLUIDA;True;0,8886977504104803;1,0;0,5220936744184853;0,8539751797151985;0,6586441863669917;0,09667817782462719;0,13337538621886136
Direito financeiro;Interpretação de normas do Banco Central e do CMN;;Abraão;2026-09-01 09:02:00;2026-09-01 11:00:00.000000000;2026-09-01 13:00:00.000000000;1,0;;2,0;2026-09-01 13:00:00.000000000;;AHP_APRENDIZAGEM_ESPECIALIZACAO_WORKLOAD;;;;;CONCLUIDA;True;0,8858575929077299;1,0;0,38715334603070095;0,9957796852646639;0,6586441863669917;0,07169073648449151;0,15552267005624665
Governança;Outras atividades de governança;;Abraão;2026-09-01 09:03:00;2026-09-01 13:00:00.000000000;2026-09-02 13:00:00.000000000;3,0;;8,0;2026-09-02 13:00:00.000000000;;AHP_APRENDIZAGEM_ESPECIALIZACAO_WORKLOAD;;;;;CONCLUIDA;True;0,8137433514665624;1,0;0,001302907884231536;0,9915233019778962;0,6586441863669917;0,00024126467393259296;0,15485790042563807
Direito financeiro;Revisão de documentos de disclosure;;Abraão;2026-09-01 09:04:00;2026-09-02 13:00:00.000000000;2026-09-03 13:00:00.000000000;3,0;;8,0;2026-09-03 13:00:00.000000000;;AHP_APRENDIZAGEM_ESPECIALIZACAO_WORKLOAD;;;;;CONCLUIDA;True;0,8825169376920102;1,0;0,38715334603070095;0,9743901566635668;0,6586441863669917;0,07169073648449151;0,15218201484052699
Governança;Política de Conflito de Interesses e de Partes Relacionadas;;Abraão;2026-09-02 09:00:00;2026-09-03 13:00:00.000000000;2026-09-04 13:00:00.000000000;3,0;;8,0;2026-09-04 13:00:00.000000000;;AHP_APRENDIZAGEM_ESPECIALIZACAO_WORKLOAD;;;;;CONCLUIDA;True;0,8112115628472795;1,0;0,0025779642722370613;0,9738010334036824;0,6586441863669917;0,00047737197470256473;0,15209000450558516
Direito digital;Análise de risco jurídico digital;;Abel;2026-09-02 09:01:00;2026-11-20 11:02:00.000000000;2026-11-20 13:02:00.000000000;1,0;;2,0;2026-11-20 13:02:00.000000000;;AHP_APRENDIZAGEM_ESPECIALIZACAO_WORKLOAD;;;;;PENDENTE;True;0,8438181935646629;1,0;1,0;0,0;0,6586441863669917;0,1851740071976712;0,0
Direito digital;Uso de dados para publicidade, remarketing e analytics;;Abel;2026-09-02 09:02:00;2026-11-20 13:02:00.000000000;2026-11-20 15:02:00.000000000;1,0;;2,0;2026-11-20 15:02:00.000000000;;AHP_APRENDIZAGEM_ESPECIALIZACAO_WORKLOAD;;;;;PENDENTE;True;0,8438181935646629;1,0;1,0;0,0;0,6586441863669917;0,1851740071976712;0,0
Contratos;Outros tipos contratuais;;Davi;2026-09-02 09:03:00;2026-10-01 09:03:59.999999999;2026-10-02 09:03:59.999999999;3,0;;8,0;2026-10-02 09:03:59.999999999;;AHP_APRENDIZAGEM_ESPECIALIZACAO_WORKLOAD;;;;;CONCLUIDA;True;0,901164291257899;1,0;0,7729992353939954;0,6363144413585146;0,6586441863669917;0,14313936597864202;0,09938073891226519
Contratos;MoU;;Davi;2026-09-02 09:04:00;2026-10-02 09:03:59.999999999;2026-10-02 11:03:59.999999999;1,0;;2,0;2026-10-02 11:03:59.999999999;;AHP_APRENDIZAGEM_ESPECIALIZACAO_WORKLOAD;;;;;CONCLUIDA;True;0,898463234675532;1,0;0,7729992353939954;0,6190201313232077;0,6586441863669917;0,14313936597864202;0,09667968232989817
Contratos;Contrato de SaaS;;Davi;2026-09-03 09:00:00;2026-10-02 11:03:59.999999999;2026-10-05 11:03:59.999999999;3,0;;8,0;2026-10-05 11:03:59.999999999;;AHP_APRENDIZAGEM_ESPECIALIZACAO_WORKLOAD;;;;;CONCLUIDA;True;0,8994645455931147;1,0;0,7729992353939954;0,6254313192870078;0,6586441863669917;0,14313936597864202;0,09768099324748097
Governança;Política de PLDFTP e Fraudes;;Abraão;2026-09-03 09:01:00;2026-09-04 13:00:00.000000000;2026-09-07 13:00:00.000000000;3,0;;8,0;2026-09-07 13:00:00.000000000;;AHP_APRENDIZAGEM_ESPECIALIZACAO_WORKLOAD;;;;;CONCLUIDA;True;0,8141435445022845;1,0;0,018576150876334747;0,973605961601997;0,6586441863669917;0,0034398202960794363;0,15205953783921333
Governança;Outras atividades de governança;;Abraão;2026-09-03 09:02:00;2026-09-07 13:00:00.000000000;2026-09-08 13:00:00.000000000;3,0;;8,0;2026-09-08 13:00:00.000000000;;AHP_APRENDIZAGEM_ESPECIALIZACAO_WORKLOAD;;;;;CONCLUIDA;True;0,8113970244012889;1,0;0,018576150876334747;0,9560205580029368;0,6586441863669917;0,0034398202960794363;0,14931301773821765
Contratos;Contrato de trabalho;;Davi;2026-09-03 09:03:00;2026-10-05 11:03:59.999999999;2026-10-05 13:03:59.999999999;1,0;;2,0;2026-10-05 13:03:59.999999999;;AHP_APRENDIZAGEM_ESPECIALIZACAO_WORKLOAD;;;;;CONCLUIDA;True;0,8967231004552896;1,0;0,7729992353939954;0,6078784096338583;0,6586441863669917;0,14313936597864202;0,09493954810965581
Governança;Planejamento de Agenda do Conselho de Administração;;Abraão;2026-09-03 09:04:00;2026-09-08 13:00:00.000000000;2026-09-08 15:00:00.000000000;1,0;;2,0;2026-09-08 15:00:00.000000000;;AHP_APRENDIZAGEM_ESPECIALIZACAO_WORKLOAD;;;;;CONCLUIDA;True;0,808655683588693;1,0;0,018576150876334747;0,9384683163227844;0,6586441863669917;0,0034398202960794363;0,1465716769256218
Contratos;NDA;;Davi;2026-09-04 09:00:00;2026-10-05 13:03:59.999999999;2026-10-05 15:03:59.999999999;1,0;;2,0;2026-10-05 15:03:59.999999999;;AHP_APRENDIZAGEM_ESPECIALIZACAO_WORKLOAD;;;;;CONCLUIDA;True;0,8534739861133507;0,9217898934778666;0,8122685185462541;0,6142291308578084;0,6071315543910454;0,15041101649972577;0,09593141522257957
Concorrencial;Relacionamento CADE;;Caim;2026-09-04 09:01:00;2026-09-04 09:01:00.000000000;2026-09-04 11:01:00.000000000;1,0;;2,0;2026-09-04 11:01:00.000000000;;AHP_APRENDIZAGEM_ESPECIALIZACAO_WORKLOAD;;;;;CONCLUIDA;True;0,8750455983715165;1,0;0,32520549984590424;1,0;0,6586441863669917;0,06021960556918773;0,1561818064353371
Contencioso;Elaboração de recursos;;Adão;2026-09-04 09:02:00;2026-10-06 13:00:59.999999999;2026-10-08 13:00:59.999999999;4,0;;16,0;2026-10-08 13:00:59.999999999;;AHP_APRENDIZAGEM_ESPECIALIZACAO_WORKLOAD;;;;;EM_EXECUCAO;True;0,936972820340239;1,0;1,0;0,5964499252615845;0,6586441863669917;0,1851740071976712;0,09315462677557607
Contratos;Contrato de trabalho;;Davi;2026-09-04 09:03:00;2026-10-05 15:03:59.999999999;2026-10-06 09:03:59.999999999;1,0;;2,0;2026-10-06 09:03:59.999999999;;AHP_APRENDIZAGEM_ESPECIALIZACAO_WORKLOAD;;;;;CONCLUIDA;True;0,8527843481400866;0,9217898934778666;0,8122685185462541;0,6098135206852523;0,6071315543910454;0,15041101649972577;0,09524177724931551
Contratos;Contratos Financeiros ou Bancários;;Davi;2026-09-04 09:04:00;2026-10-06 09:03:59.999999999;2026-10-07 09:03:59.999999999;3,0;;8,0;2026-10-07 09:03:59.999999999;;AHP_APRENDIZAGEM_ESPECIALIZACAO_WORKLOAD;;;;;CONCLUIDA;True;0,8520874883226492;0,9217898934778666;0,8122685185462541;0,605351670529063;0,6071315543910454;0,15041101649972577;0,09454491743187808
Societário;Due diligence societária;;Isaque;2026-09-07 09:00:00;2026-09-11 15:04:00.000000000;2026-09-16 15:04:00.000000000;5,0;;24,0;2026-09-16 15:04:00.000000000;;AHP_APRENDIZAGEM_ESPECIALIZACAO_WORKLOAD;;;;;CONCLUIDA;True;0,9201069320858982;1,0;0,6418487121844649;0,9130964157985186;0,6586441863669917;0,1188536980498621;0,14260904766904434
Contratos;NDA;;Davi;2026-09-07 09:01:00;2026-10-07 09:03:59.999999999;2026-10-07 11:03:59.999999999;1,0;;2,0;2026-10-07 11:03:59.999999999;;AHP_APRENDIZAGEM_ESPECIALIZACAO_WORKLOAD;;;;;EM_EXECUCAO;True;0,8509509508440922;0,9217898934778666;0,8122685185462541;0,598074654694139;0,6071315543910454;0,15041101649972577;0,0934083799533211
Societário;Gestão de passivos;;Isaque;2026-09-07 09:02:00;2026-09-16 15:04:00.000000000;2026-09-17 09:03:59.999999999;1,0;;2,0;2026-09-17 09:03:59.999999999;;AHP_APRENDIZAGEM_ESPECIALIZACAO_WORKLOAD;;;;;CONCLUIDA;True;0,9115598779317298;1,0;0,6418487121844649;0,8583713850843481;0,6586441863669917;0,1188536980498621;0,13406199351487585
Direito digital;Relacionamento ANPD;;Abel;2026-09-07 09:03:00;2026-11-20 15:02:00.000000000;2026-11-23 09:02:00.000000000;1,0;;2,0;2026-11-23 09:02:00.000000000;;AHP_APRENDIZAGEM_ESPECIALIZACAO_WORKLOAD;;;;;PENDENTE;True;0,8438181935646629;1,0;1,0;0,0;0,6586441863669917;0,1851740071976712;0,0
Governança;Estruturação de framework de riscos;;Abraão;2026-09-07 09:04:00;2026-09-08 15:00:00.000000000;2026-09-11 15:00:00.000000000;5,0;;24,0;2026-09-11 15:00:00.000000000;;AHP_APRENDIZAGEM_ESPECIALIZACAO_WORKLOAD;;;;;CONCLUIDA;True;0,8163734320287159;1,0;0,03506740084856404;0,9683309341616789;0,6586441863669917;0,006493571137135618;0,1512356745245885
Regulatório;Tradução da norma para áreas de negócio, compliance e produto;;Abel;2026-09-08 09:00:00;2026-11-23 09:02:00.000000000;2026-11-24 09:01:59.999999999;3,0;;8,0;2026-11-24 09:01:59.999999999;;AHP_APRENDIZAGEM_ESPECIALIZACAO_WORKLOAD;;;;;PENDENTE;True;0,8281674915500887;1,0;0,9154811074652222;0,0;0,6586441863669917;0,16952330518309702;0,0
Direito financeiro;Revisão de documentos de disclosure;;Abraão;2026-09-08 09:01:00;2026-09-11 15:00:00.000000000;2026-09-14 15:00:00.000000000;3,0;;8,0;2026-09-14 15:00:00.000000000;;AHP_APRENDIZAGEM_ESPECIALIZACAO_WORKLOAD;;;;;CONCLUIDA;True;0,8811168376872185;1,0;0,4154648186243172;0,9318586417180736;0,6586441863669917;0,07693328531431848;0,14553936600590833
Concorrencial;M&A Concorrencial;;Caim;2026-09-08 09:02:00;2026-09-08 09:02:00.000000000;2026-09-11 09:01:59.999999999;5,0;;24,0;2026-09-11 09:01:59.999999999;;AHP_APRENDIZAGEM_ESPECIALIZACAO_WORKLOAD;;;;;CONCLUIDA;True;0,8754189848493961;1,0;0,3272219085391663;1,0;0,6586441863669917;0,06059299204706728;0,1561818064353371
Concorrencial;Gestão de canal de dúvidas;;Caim;2026-09-08 09:03:00;2026-09-11 09:01:59.999999999;2026-09-11 11:01:59.999999999;1,0;;2,0;2026-09-11 11:01:59.999999999;;AHP_APRENDIZAGEM_ESPECIALIZACAO_WORKLOAD;;;;;CONCLUIDA;True;0,8669055707254525;1,0;0,3272219085391663;0,9454903594839107;0,6586441863669917;0,06059299204706728;0,14766839231139345
Regulatório;Elaboração de defesas, manifestações e recursos;;Abel;2026-09-08 09:04:00;2026-11-24 09:01:59.999999999;2026-11-26 09:01:59.999999999;4,0;;16,0;2026-11-26 09:01:59.999999999;;AHP_APRENDIZAGEM_ESPECIALIZACAO_WORKLOAD;;;;;PENDENTE;True;0,8281674915500887;1,0;0,9154811074652222;0,0;0,6586441863669917;0,16952330518309702;0,0
Societário;Gestão de passivos;;Isaque;2026-09-09 09:00:00;2026-09-17 09:03:59.999999999;2026-09-17 11:03:59.999999999;1,0;;2,0;2026-09-17 11:03:59.999999999;;AHP_APRENDIZAGEM_ESPECIALIZACAO_WORKLOAD;;;;;CONCLUIDA;True;0,9275258029961582;0,9824003988701047;0,7617021789511236;0,8927163157502497;0,6470523114004082;0,1410474447675772;0,13942604682817278
Governança;Avaliação periódica da efetividade da governança;;Abraão;2026-09-09 09:01:00;2026-09-14 15:00:00.000000000;2026-09-15 15:00:00.000000000;3,0;;8,0;2026-09-15 15:00:00.000000000;;AHP_APRENDIZAGEM_ESPECIALIZACAO_WORKLOAD;;;;;CONCLUIDA;True;0,8178315200231763;1,0;0,07267721504035654;0,9330754064208505;0,6586441863669917;0,01345793114098968;0,14572940251519478
Contratos;Contrato de Manutenção de Sistemas;;Esaú;2026-09-09 09:02:00;2026-09-09 09:02:00.000000000;2026-09-10 09:01:59.999999999;3,0;;8,0;2026-09-10 09:01:59.999999999;;AHP_APRENDIZAGEM_ESPECIALIZACAO_WORKLOAD;;;;;CONCLUIDA;True;0,8200086238413333;1,0;0,027987896991784982;1,0;0,6586441863669917;0,0051826310390044724;0,1561818064353371
Direito digital;Avaliação de uso de IA, algoritmos e automação;;Abel;2026-09-09 09:03:00;2026-11-26 09:01:59.999999999;2026-11-26 11:01:59.999999999;1,0;;2,0;2026-11-26 11:01:59.999999999;;AHP_APRENDIZAGEM_ESPECIALIZACAO_WORKLOAD;;;;;PENDENTE;True;0,8438181935646629;1,0;1,0;0,0;0,6586441863669917;0,1851740071976712;0,0
Contencioso;Elaboração de petição inicial;;Adão;2026-09-09 09:04:00;2026-10-08 13:00:59.999999999;2026-10-08 15:00:59.999999999;1,0;;2,0;2026-10-08 15:00:59.999999999;;AHP_APRENDIZAGEM_ESPECIALIZACAO_WORKLOAD;;;;;PENDENTE;True;0,9403167754281145;1,0;1,0;0,6178605822657344;0,6586441863669917;0,1851740071976712;0,0964985818634516
Contratos;Contrato de Representação Comercial;;Esaú;2026-09-10 09:00:00;2026-09-10 09:01:59.999999999;2026-09-11 09:01:59.999999999;3,0;;8,0;2026-09-11 09:01:59.999999999;;AHP_APRENDIZAGEM_ESPECIALIZACAO_WORKLOAD;;;;;CONCLUIDA;True;0,8199968463128563;1,0;0,027987896991784982;0,9999245909062916;0,6586441863669917;0,0051826310390044724;0,15617002890686008
Contratos;Contrato de Escrow de Código-Fonte;;Esaú;2026-09-10 09:01:00;2026-09-11 09:01:59.999999999;2026-09-14 09:01:59.999999999;3,0;;8,0;2026-09-14 09:01:59.999999999;;AHP_APRENDIZAGEM_ESPECIALIZACAO_WORKLOAD;;;;;CONCLUIDA;True;0,8171760214171095;1,0;0,027987896991784982;0,9818634289814246;0,6586441863669917;0,0051826310390044724;0,15334920401111324
Contencioso;Elaboração de contestação;;Eva;2026-09-10 09:02:00;2026-09-10 09:02:00.000000000;2026-09-10 11:02:00.000000000;1,0;;2,0;2026-09-10 11:02:00.000000000;;AHP_APRENDIZAGEM_ESPECIALIZACAO_WORKLOAD;;;;;CONCLUIDA;True;0,8148259928023288;1,0;0,0;1,0;0,6586441863669917;0,0;0,1561818064353371
Governança;Gestão de fluxo de informações com Conselho de Administração;;Abraão;2026-09-10 09:03:00;2026-09-15 15:00:00.000000000;2026-09-15 17:00:00.000000000;1,0;;2,0;2026-09-15 17:00:00.000000000;;AHP_APRENDIZAGEM_ESPECIALIZACAO_WORKLOAD;;;;;CONCLUIDA;True;0,817700617402179;1,0;0,07267721504035654;0,9322372638485188;0,6586441863669917;0,01345793114098968;0,14559849989419765
Societário;Estruturação jurídica de carve-outs, spin-offs e alienação de ativos;;Isaque;2026-09-10 09:04:00;2026-09-17 11:03:59.999999999;2026-09-22 11:03:59.999999999;5,0;;24,0;2026-09-22 11:03:59.999999999;;AHP_APRENDIZAGEM_ESPECIALIZACAO_WORKLOAD;;;;;CONCLUIDA;True;0,9294396381664383;0,9824003988701047;0,7617021789511236;0,9049702089146398;0,6470523114004082;0,1410474447675772;0,14133988199845285
Societário;Atos perante Junta Comercial;;Isaque;2026-09-11 09:00:00;2026-09-22 11:03:59.999999999;2026-09-22 13:03:59.999999999;1,0;;2,0;2026-09-22 13:03:59.999999999;;AHP_APRENDIZAGEM_ESPECIALIZACAO_WORKLOAD;;;;;CONCLUIDA;True;0,9233869533712853;0,9824003988701047;0,7617021789511236;0,8662161124337608;0,6470523114004082;0,1410474447675772;0,13528719720329985
Contratos;Letter of Intent;;Esaú;2026-09-11 09:01:00;2026-09-14 09:01:59.999999999;2026-09-14 11:01:59.999999999;1,0;;2,0;2026-09-14 11:01:59.999999999;;AHP_APRENDIZAGEM_ESPECIALIZACAO_WORKLOAD;;;;;CONCLUIDA;True;0,8199372753783349;1,0;0,04318152955559988;0,9815291271462949;0,6586441863669917;0,007996096864735104;0,15329699214660802
Contratos;Contrato de Licenciamento de Software;;Esaú;2026-09-11 09:02:00;2026-09-14 11:01:59.999999999;2026-09-16 11:02:00.000000000;4,0;;16,0;2026-09-16 11:02:00.000000000;;AHP_APRENDIZAGEM_ESPECIALIZACAO_WORKLOAD;;;;;CONCLUIDA;True;0,8221878126221597;1,0;0,05919015913764502;0,9769585253462622;0,6586441863669917;0,010960478954185582;0,1525831473009823
Direito financeiro;Interpretação de normas do Banco Central e do CMN;;Abraão;2026-09-11 09:03:00;2026-09-16 09:00:00.000000000;2026-09-16 11:00:00.000000000;1,0;;2,0;2026-09-16 11:00:00.000000000;;AHP_APRENDIZAGEM_ESPECIALIZACAO_WORKLOAD;;;;;CONCLUIDA;True;0,881729237421959;1,0;0,4078453849162928;0,9448135489074081;0,6586441863669917;0,07552236424202657;0,1475626868129407
Regulatório;Análise regulatória de novos produtos financeiros e de investimento;;Abel;2026-09-11 09:04:00;2026-11-26 11:01:59.999999999;2026-11-27 11:02:00.000000000;3,0;;8,0;2026-11-27 11:02:00.000000000;;AHP_APRENDIZAGEM_ESPECIALIZACAO_WORKLOAD;;;;;PENDENTE;True;0,8284119870792575;1,0;0,9168014630208898;0,0;0,6586441863669917;0,16976780071226572;0,0
Contratos;Contrato de SaaS;;Esaú;2026-09-14 09:00:00;2026-09-16 11:02:00.000000000;2026-09-17 11:02:00.000000000;3,0;;8,0;2026-09-17 11:02:00.000000000;;AHP_APRENDIZAGEM_ESPECIALIZACAO_WORKLOAD;;;;;CONCLUIDA;True;0,8192973881776637;1,0;0,05919015913764502;0,9584517318184727;0,6586441863669917;0,010960478954185582;0,14969272285648633
Trabalhista;Análise de regimes de jornada e banco de horas;;Abel;2026-09-14 09:01:00;2026-11-27 11:02:00.000000000;2026-11-27 13:02:00.000000000;1,0;;2,0;2026-11-27 13:02:00.000000000;;AHP_APRENDIZAGEM_ESPECIALIZACAO_WORKLOAD;;;;;PENDENTE;True;0,8438181935646629;1,0;1,0;0,0;0,6586441863669917;0,1851740071976712;0,0
Direito digital;Negociação de cláusulas de segurança da informação;;Abel;2026-09-14 09:02:00;2026-11-27 13:02:00.000000000;2026-11-30 13:02:00.000000000;3,0;;8,0;2026-11-30 13:02:00.000000000;;AHP_APRENDIZAGEM_ESPECIALIZACAO_WORKLOAD;;;;;PENDENTE;True;0,8438181935646629;1,0;1,0;0,0;0,6586441863669917;0,1851740071976712;0,0
Societário;Estruturação de veículos societários (SPVs);;Abraão;2026-09-14 09:03:00;2026-09-16 11:00:00.000000000;2026-09-21 11:00:00.000000000;5,0;;24,0;2026-09-21 11:00:00.000000000;;AHP_APRENDIZAGEM_ESPECIALIZACAO_WORKLOAD;;;;;CONCLUIDA;True;0,8228120852111569;1,0;0,07722701724925564;0,9595705544502422;0,6586441863669917;0,01430043624796834;0,14986746259619682
Direito digital;Uso de dados para publicidade, remarketing e analytics;;Abel;2026-09-14 09:04:00;2026-11-30 13:02:00.000000000;2026-11-30 15:02:00.000000000;1,0;;2,0;2026-11-30 15:02:00.000000000;;AHP_APRENDIZAGEM_ESPECIALIZACAO_WORKLOAD;;;;;PENDENTE;True;0,8438181935646629;1,0;1,0;0,0;0,6586441863669917;0,1851740071976712;0,0
Contratos;Contrato de SaaS;;Esaú;2026-09-15 09:00:00;2026-09-17 11:02:00.000000000;2026-09-18 11:02:00.000000000;3,0;;8,0;2026-09-18 11:02:00.000000000;;AHP_APRENDIZAGEM_ESPECIALIZACAO_WORKLOAD;;;;;CONCLUIDA;True;0,82273947415777;1,0;0,07745854088181585;0,9588311391827107;0,6586441863669917;0,014343308406770476;0,1497519793840079
Contratos;Outros tipos contratuais;;Esaú;2026-09-15 09:01:00;2026-09-18 11:02:00.000000000;2026-09-21 11:02:00.000000000;3,0;;8,0;2026-09-21 11:02:00.000000000;;AHP_APRENDIZAGEM_ESPECIALIZACAO_WORKLOAD;;;;;CONCLUIDA;True;0,8198926450755595;1,0;0,07745854088181585;0,9406034777976485;0,6586441863669917;0,014343308406770476;0,14690515030179724
Regulatório;Análise de risco sancionador e reputacional;;Abel;2026-09-15 09:02:00;2026-11-30 15:02:00.000000000;2026-12-01 09:02:00.000000000;1,0;;2,0;2026-12-01 09:02:00.000000000;;AHP_APRENDIZAGEM_ESPECIALIZACAO_WORKLOAD;;;;;PENDENTE;True;0,8284119870792575;1,0;0,9168014630208898;0,0;0,6586441863669917;0,16976780071226572;0,0
Regulatório;Interface com reguladores durante processos de autorização;;Abel;2026-09-15 09:03:00;2026-12-01 09:02:00.000000000;2026-12-02 09:01:59.999999999;3,0;;8,0;2026-12-02 09:01:59.999999999;;AHP_APRENDIZAGEM_ESPECIALIZACAO_WORKLOAD;;;;;PENDENTE;True;0,8284119870792575;1,0;0,9168014630208898;0,0;0,6586441863669917;0,16976780071226572;0,0
Contratos;Contrato de prestação de serviços;;Esaú;2026-09-15 09:04:00;2026-09-21 11:02:00.000000000;2026-09-22 11:02:00.000000000;3,0;;8,0;2026-09-22 11:02:00.000000000;;AHP_APRENDIZAGEM_ESPECIALIZACAO_WORKLOAD;;;;;CONCLUIDA;True;0,8173269572283263;1,0;0,07745854088181585;0,9241759059453828;0,6586441863669917;0,014343308406770476;0,14433946245456408
Concorrencial;Revisão concorrencial de documentos;;Caim;2026-09-16 09:00:00;2026-09-16 09:00:00.000000000;2026-09-16 17:00:00.000000000;3,0;;8,0;2026-09-16 17:00:00.000000000;;AHP_APRENDIZAGEM_ESPECIALIZACAO_WORKLOAD;;;;;CONCLUIDA;True;0,8985303907238824;1,0;0,45203103388155363;1,0;0,6586441863669917;0,08370439792155356;0,1561818064353371
Societário;Aprovações regulatórias e concorrenciais;;Abraão;2026-09-16 09:01:00;2026-09-21 11:00:00.000000000;2026-09-22 11:00:00.000000000;3,0;;8,0;2026-09-22 11:00:00.000000000;;AHP_APRENDIZAGEM_ESPECIALIZACAO_WORKLOAD;;;;;CONCLUIDA;True;0,819903769445256;1,0;0,07722701724925564;0,9409492064694519;0,6586441863669917;0,01430043624796834;0,14695914683029598
Contratos;Contratos imobiliários;;Esaú;2026-09-16 09:02:00;2026-09-22 11:02:00.000000000;2026-09-23 11:02:00.000000000;3,0;;8,0;2026-09-23 11:02:00.000000000;;AHP_APRENDIZAGEM_ESPECIALIZACAO_WORKLOAD;;;;;CONCLUIDA;True;0,8171007070754596;1,0;0,07745854088181585;0,9227272727272727;0,6586441863669917;0,014343308406770476;0,1441132123016974
Propriedade intelectual;Combate à pirataria, concorrência desleal e uso indevido;;Abel;2026-09-16 09:03:00;2026-12-02 09:01:59.999999999;2026-12-02 13:01:59.999999999;2,0;;4,0;2026-12-02 13:01:59.999999999;;AHP_APRENDIZAGEM_ESPECIALIZACAO_WORKLOAD;;;;;PENDENTE;True;0,8438181935646629;1,0;1,0;0,0;0,6586441863669917;0,1851740071976712;0,0
Contencioso;Padronização de teses jurídicas;;Eva;2026-09-16 09:04:00;2026-09-16 09:04:00.000000000;2026-09-16 11:04:00.000000000;1,0;;2,0;2026-09-16 11:04:00.000000000;;AHP_APRENDIZAGEM_ESPECIALIZACAO_WORKLOAD;;;;;CONCLUIDA;True;0,8150596405396452;1,0;0,0012617739436126306;1,0;0,6586441863669917;0,00023364773731635922;0,1561818064353371
Governança;Gestão de documentos de governança;;Abraão;2026-09-17 09:00:00;2026-09-22 11:00:00.000000000;2026-09-23 11:00:00.000000000;3,0;;8,0;2026-09-23 11:00:00.000000000;;AHP_APRENDIZAGEM_ESPECIALIZACAO_WORKLOAD;;;;;CONCLUIDA;True;0,8427601047904505;1,0;0,20114590875633495;0,9403715312284994;0,6586441863669917;0,03724699395582768;0,14686892446763106
Propriedade intelectual;Atuação em oposições, nulidades e defesas administrativas;;Abel;2026-09-17 09:01:00;2026-12-02 13:01:59.999999999;2026-12-02 15:01:59.999999999;1,0;;2,0;2026-12-02 15:01:59.999999999;;AHP_APRENDIZAGEM_ESPECIALIZACAO_WORKLOAD;;;;;PENDENTE;True;0,8438181935646629;1,0;1,0;0,0;0,6586441863669917;0,1851740071976712;0,0
Contratos;Contratos de Seguros ou Previdência;;Esaú;2026-09-17 09:02:00;2026-09-23 11:02:00.000000000;2026-09-24 11:02:00.000000000;3,0;;8,0;2026-09-24 11:02:00.000000000;;AHP_APRENDIZAGEM_ESPECIALIZACAO_WORKLOAD;;;;;CONCLUIDA;True;0,8261273625673305;1,0;0,1265030226915454;0,9223744292237442;0,6586441863669917;0,02342507163441139;0,14405810456592738
Concorrencial;M&A Concorrencial;;Caim;2026-09-17 09:03:00;2026-09-17 09:03:00.000000000;2026-09-22 09:03:00.000000000;5,0;;24,0;2026-09-22 09:03:00.000000000;;AHP_APRENDIZAGEM_ESPECIALIZACAO_WORKLOAD;;;;;CONCLUIDA;True;0,9033544568716766;1,0;0,4780825635794802;1,0;0,6586441863669917;0,08852846406934776;0,1561818064353371
Concorrencial;M&A Concorrencial;;Caim;2026-09-17 09:04:00;2026-09-22 09:03:00.000000000;2026-09-25 09:03:00.000000000;5,0;;24,0;2026-09-25 09:03:00.000000000;;AHP_APRENDIZAGEM_ESPECIALIZACAO_WORKLOAD;;;;;CONCLUIDA;True;0,8948018417769035;1,0;0,4780825635794802;0,9452393637263109;0,6586441863669917;0,08852846406934776;0,1476291913405639
Regulatório;Análise de risco sancionador e reputacional;;Eva;2026-09-18 09:00:00;2026-09-18 09:00:00.000000000;2026-09-18 11:00:00.000000000;1,0;;2,0;2026-09-18 11:00:00.000000000;;AHP_APRENDIZAGEM_ESPECIALIZACAO_WORKLOAD;;;;;CONCLUIDA;True;0,8148259928023288;1,0;0,0;1,0;0,6586441863669917;0,0;0,1561818064353371
Propriedade intelectual;Avaliação de riscos de infração a patentes de terceiros (FTO);;Abel;2026-09-18 09:01:00;2026-12-02 15:01:59.999999999;2026-12-04 15:02:00.000000000;4,0;;16,0;2026-12-04 15:02:00.000000000;;AHP_APRENDIZAGEM_ESPECIALIZACAO_WORKLOAD;;;;;PENDENTE;True;0,8438181935646629;1,0;1,0;0,0;0,6586441863669917;0,1851740071976712;0,0
Societário;Estruturação de regras de governança;;Abraão;2026-09-18 09:02:00;2026-09-23 11:00:00.000000000;2026-09-28 11:00:00.000000000;5,0;;24,0;2026-09-28 11:00:00.000000000;;AHP_APRENDIZAGEM_ESPECIALIZACAO_WORKLOAD;;;;;CONCLUIDA;True;0,8200333328460219;1,0;0,07722701724925564;0,9417787742899488;0,6586441863669917;0,01430043624796834;0,14708871023106182
Societário;Atas de Reunião e Assembleia;;Abraão;2026-09-18 09:03:00;2026-09-28 11:00:00.000000000;2026-09-28 15:00:00.000000000;2,0;;4,0;2026-09-28 15:00:00.000000000;;AHP_APRENDIZAGEM_ESPECIALIZACAO_WORKLOAD;;;;;CONCLUIDA;True;0,8116341134223963;1,0;0,07722701724925564;0,8880002989647645;0,6586441863669917;0,01430043624796834;0,13868949080743634
Contencioso;Relatórios gerenciais;;Eva;2026-09-18 09:04:00;2026-09-18 11:00:00.000000000;2026-09-18 13:00:00.000000000;1,0;;2,0;2026-09-18 13:00:00.000000000;;AHP_APRENDIZAGEM_ESPECIALIZACAO_WORKLOAD;;;;;CONCLUIDA;True;0,8146173536232463;1,0;0,0025296893164888125;0,9956648478959537;0,6586441863669917;0,0004684327076993713;0,1555047345485552
Regulatório;Resposta a ofícios, exigências e questionamentos da CVM e do BCB;;Eva;2026-09-21 09:00:00;2026-09-21 09:00:00.000000000;2026-09-21 11:00:00.000000000;1,0;;2,0;2026-09-21 11:00:00.000000000;;AHP_APRENDIZAGEM_ESPECIALIZACAO_WORKLOAD;;;;;CONCLUIDA;True;0,8150579426867754;1,0;0,0012526049846671022;1,0;0,6586441863669917;0,0002319498844465848;0,1561818064353371
Regulatório;Interface com áreas de produto, tecnologia e negócios;;Eva;2026-09-21 09:01:00;2026-09-21 11:00:00.000000000;2026-09-21 13:00:00.000000000;1,0;;2,0;2026-09-21 13:00:00.000000000;;AHP_APRENDIZAGEM_ESPECIALIZACAO_WORKLOAD;;;;;CONCLUIDA;True;0,8143507536541733;1,0;0,0012526049846671022;0,9954720140025084;0,6586441863669917;0,0002319498844465848;0,15547461740273497
Direito financeiro;Negociação jurídica com bancos e instituições de crédito;;Abraão;2026-09-21 09:02:00;2026-09-28 15:00:00.000000000;2026-09-29 15:00:00.000000000;3,0;;8,0;2026-09-29 15:00:00.000000000;;AHP_APRENDIZAGEM_ESPECIALIZACAO_WORKLOAD;;;;;CONCLUIDA;True;0,8791690603512511;1,0;0,43598903679231343;0,8950532724504662;0,6586441863669917;0,08073383703708557;0,13979103694717376
Contratos;Contrato de Hosting;;Esaú;2026-09-21 09:03:00;2026-09-24 11:02:00.000000000;2026-09-25 11:02:00.000000000;3,0;;8,0;2026-09-25 11:02:00.000000000;;AHP_APRENDIZAGEM_ESPECIALIZACAO_WORKLOAD;;;;;CONCLUIDA;True;0,8364775089371993;1,0;0,16696183397792005;0,9406750637390696;0,6586441863669917;0,03091699184676375;0,14691633072344376
Concorrencial;Análise de exclusividade, não concorrência e cláusulas MFN;;Caim;2026-09-21 09:04:00;2026-09-25 09:03:00.000000000;2026-09-25 11:03:00.000000000;1,0;;2,0;2026-09-25 11:03:00.000000000;;AHP_APRENDIZAGEM_ESPECIALIZACAO_WORKLOAD;;;;;CONCLUIDA;True;0,8919489889308287;1,0;0,4780825635794802;0,9269731334195442;0,6586441863669917;0,08852846406934776;0,14477633849448918
Direito digital;Avaliação de uso de IA, algoritmos e automação;;Abel;2026-09-22 09:00:00;2026-12-04 15:02:00.000000000;2026-12-07 09:02:00.000000000;1,0;;2,0;2026-12-07 09:02:00.000000000;;AHP_APRENDIZAGEM_ESPECIALIZACAO_WORKLOAD;;;;;PENDENTE;True;0,8438181935646629;1,0;1,0;0,0;0,6586441863669917;0,1851740071976712;0,0
Contratos;Contrato de Joint Venture;;Esaú;2026-09-22 09:01:00;2026-09-25 11:02:00.000000000;2026-09-30 11:01:59.999999999;5,0;;24,0;2026-09-30 11:01:59.999999999;;AHP_APRENDIZAGEM_ESPECIALIZACAO_WORKLOAD;;;;;CONCLUIDA;True;0,8402882039742583;1,0;0,18829697163691042;0,9397785579259672;0,6586441863669917;0,034867704781192936;0,14677631282607365
Governança;Trasnparência e divulgação de informações;;Abraão;2026-09-22 09:02:00;2026-09-29 15:00:00.000000000;2026-09-29 17:00:00.000000000;1,0;;2,0;2026-09-29 17:00:00.000000000;;AHP_APRENDIZAGEM_ESPECIALIZACAO_WORKLOAD;;;;;CONCLUIDA;True;0,8344754345777244;1,0;0,1958582707618788;0,8935956790122773;0,6586441863669917;0,03626786083978358;0,13956338737094912
Contratos;Contrato de Locação;;Esaú;2026-09-22 09:03:00;2026-09-30 11:01:59.999999999;2026-10-01 11:02:00.000000000;3,0;;8,0;2026-10-01 11:02:00.000000000;;AHP_APRENDIZAGEM_ESPECIALIZACAO_WORKLOAD;;;;;CONCLUIDA;True;0,8316224279550686;1,0;0,18829697163691042;0,8842933755159563;0,6586441863669917;0,034867704781192936;0,13811053680688395
Regulatório;Interface com áreas de risco, tesouraria e controles internos;;Eva;2026-09-22 09:04:00;2026-09-22 09:04:00.000000000;2026-09-22 11:04:00.000000000;1,0;;2,0;2026-09-22 11:04:00.000000000;;AHP_APRENDIZAGEM_ESPECIALIZACAO_WORKLOAD;;;;;CONCLUIDA;True;0,8155252317744497;1,0;0,0037761183802351578;1,0;0,6586441863669917;0,0006992389721209236;0,1561818064353371
Regulatório;Apoio jurídico à governança de instituições reguladas;;Eva;2026-09-23 09:00:00;2026-09-23 09:00:00.000000000;2026-09-23 17:00:00.000000000;3,0;;8,0;2026-09-23 17:00:00.000000000;;AHP_APRENDIZAGEM_ESPECIALIZACAO_WORKLOAD;;;;;CONCLUIDA;True;0,8157605757673729;1,0;0,005047052657052619;1,0;0,6586441863669917;0,0009345829650440871;0,1561818064353371
Contratos;Contrato de Mútuo, Doação ou Comodato;;Esaú;2026-09-23 09:01:00;2026-10-01 11:02:00.000000000;2026-10-02 11:02:00.000000000;3,0;;8,0;2026-10-02 11:02:00.000000000;;AHP_APRENDIZAGEM_ESPECIALIZACAO_WORKLOAD;;;;;CONCLUIDA;True;0,8353480797473031;1,0;0,2103166012974989;0,8820408002829305;0,6586441863669917;0,038945167842452805;0,13775872553785848
Governança;Suporte jurídico às decisões do Conselho de Administração;;Abraão;2026-09-23 09:02:00;2026-09-30 09:00:00.000000000;2026-09-30 11:00:00.000000000;1,0;;2,0;2026-09-30 11:00:00.000000000;;AHP_APRENDIZAGEM_ESPECIALIZACAO_WORKLOAD;;;;;CONCLUIDA;True;0,8361070871667123;1,0;0,19442765833023873;0,9057389937106302;0,6586441863669917;0,03600294860306998;0,14145995219665064
Governança;Planejamento de Agenda do Conselho de Administração;;Abraão;2026-09-23 09:03:00;2026-09-30 11:00:00.000000000;2026-09-30 13:00:00.000000000;1,0;;2,0;2026-09-30 13:00:00.000000000;;AHP_APRENDIZAGEM_ESPECIALIZACAO_WORKLOAD;;;;;CONCLUIDA;True;0,8353759123241455;1,0;0,19442765833023873;0,9010574315027459;0,6586441863669917;0,03600294860306998;0,14072877735408387
Trabalhista;Análise de regimes de jornada e banco de horas;;Abel;2026-09-23 09:04:00;2026-12-07 09:02:00.000000000;2026-12-07 11:02:00.000000000;1,0;;2,0;2026-12-07 11:02:00.000000000;;AHP_APRENDIZAGEM_ESPECIALIZACAO_WORKLOAD;;;;;PENDENTE;True;0,8438181935646629;1,0;1,0;0,0;0,6586441863669917;0,1851740071976712;0,0
Contratos;Contrato de Representação Comercial;;Esaú;2026-09-24 09:00:00;2026-10-02 11:02:00.000000000;2026-10-05 11:02:00.000000000;3,0;;8,0;2026-10-05 11:02:00.000000000;;AHP_APRENDIZAGEM_ESPECIALIZACAO_WORKLOAD;;;;;CONCLUIDA;True;0,8392732650261248;1,0;0,2329715231583946;0,8803125747548043;0,6586441863669917;0,04314027050618498;0,13748880815294806
Contratos;Contratos imobiliários;;Esaú;2026-09-24 09:01:00;2026-10-05 11:02:00.000000000;2026-10-06 11:02:00.000000000;3,0;;8,0;2026-10-06 11:02:00.000000000;;AHP_APRENDIZAGEM_ESPECIALIZACAO_WORKLOAD;;;;;CONCLUIDA;True;0,8362897405143107;1,0;0,2329715231583946;0,8612096806347435;0,6586441863669917;0,04314027050618498;0,13450528364113398
Contratos;Letter of Intent;;Esaú;2026-09-24 09:02:00;2026-10-06 11:02:00.000000000;2026-10-06 13:02:00.000000000;1,0;;2,0;2026-10-06 13:02:00.000000000;;AHP_APRENDIZAGEM_ESPECIALIZACAO_WORKLOAD;;;;;CONCLUIDA;True;0,8333059780818817;1,0;0,2329715231583946;0,8421052631578947;0,6586441863669917;0,04314027050618498;0,13152152120870492
Contratos;Contrato de Licenciamento de Software;;Esaú;2026-09-24 09:03:00;2026-10-06 13:02:00.000000000;2026-10-08 13:02:00.000000000;4,0;;16,0;2026-10-08 13:02:00.000000000;;AHP_APRENDIZAGEM_ESPECIALIZACAO_WORKLOAD;;;;;EM_EXECUCAO;True;0,8325639112031771;1,0;0,2329715231583946;0,8373539614817177;0,6586441863669917;0,04314027050618498;0,13077945433000035
Contratos;Contrato de compra e venda;;Esaú;2026-09-24 09:04:00;2026-10-08 13:02:00.000000000;2026-10-09 13:02:00.000000000;3,0;;8,0;2026-10-09 13:02:00.000000000;;AHP_APRENDIZAGEM_ESPECIALIZACAO_WORKLOAD;;;;;PENDENTE;True;0,8265903983742595;1,0;0,2329715231583946;0,7991067868251056;0,6586441863669917;0,04314027050618498;0,12480594150108283
Contratos;Contratos Administrativos;;Esaú;2026-09-25 09:00:00;2026-10-09 13:02:00.000000000;2026-10-12 13:02:00.000000000;3,0;;8,0;2026-10-12 13:02:00.000000000;;AHP_APRENDIZAGEM_ESPECIALIZACAO_WORKLOAD;;;;;PENDENTE;True;0,8302601770403095;1,0;0,25620498318799895;0,795057312413625;0,6586441863669917;0,04744250340093374;0,12417348727238411
Contratos;Contrato de Mútuo, Doação ou Comodato;;Esaú;2026-09-25 09:01:00;2026-10-12 13:02:00.000000000;2026-10-13 13:02:00.000000000;3,0;;8,0;2026-10-13 13:02:00.000000000;;AHP_APRENDIZAGEM_ESPECIALIZACAO_WORKLOAD;;;;;PENDENTE;True;0,8272178985312372;1,0;0,25620498318799895;0,7755782285272956;0,6586441863669917;0,04744250340093374;0,12113120876331174
Contratos;Contrato de Distribuição;;Esaú;2026-09-25 09:02:00;2026-10-13 13:02:00.000000000;2026-10-14 13:02:00.000000000;3,0;;8,0;2026-10-14 13:02:00.000000000;;AHP_APRENDIZAGEM_ESPECIALIZACAO_WORKLOAD;;;;;PENDENTE;True;0,8241753726824486;1,0;0,25620498318799895;0,7560975609756098;0,6586441863669917;0,04744250340093374;0,11808868291452318
Contratos;Contrato de Mútuo, Doação ou Comodato;;Esaú;2026-09-25 09:03:00;2026-10-14 13:02:00.000000000;2026-10-15 13:02:00.000000000;3,0;;8,0;2026-10-15 13:02:00.000000000;;AHP_APRENDIZAGEM_ESPECIALIZACAO_WORKLOAD;;;;;PENDENTE;True;0,8211325994637793;1,0;0,25620498318799895;0,7366153095654294;0,6586441863669917;0,04744250340093374;0,11504590969585382
Contratos;Contrato de Locação;;Esaú;2026-09-25 09:04:00;2026-10-15 13:02:00.000000000;2026-10-16 13:02:00.000000000;3,0;;8,0;2026-10-16 13:02:00.000000000;;AHP_APRENDIZAGEM_ESPECIALIZACAO_WORKLOAD;;;;;PENDENTE;True;0,8180895788450596;1,0;0,25620498318799895;0,7171314741035856;0,6586441863669917;0,04744250340093374;0,11200288907713417
Societário;Análise jurídica preliminar e de estrutura da operação;;Abraão;2026-09-28 09:00:00;2026-09-30 13:00:00.000000000;2026-10-05 13:00:00.000000000;5,0;;24,0;2026-10-05 13:00:00.000000000;;AHP_APRENDIZAGEM_ESPECIALIZACAO_WORKLOAD;;;;;CONCLUIDA;True;0,8435019800360514;1,0;0,19681802357897038;0,9502528811872979;0,6586441863669917;0,03644558211484368;0,14841221155421594
Contratos;Outros tipos contratuais;;Esaú;2026-09-28 09:01:00;2026-10-16 13:02:00.000000000;2026-10-19 13:02:00.000000000;3,0;;8,0;2026-10-19 13:02:00.000000000;;AHP_APRENDIZAGEM_ESPECIALIZACAO_WORKLOAD;;;;;PENDENTE;True;0,8215940273574333;1,0;0,2799530496419706;0,7114132913236045;0,6586441863669917;0,05184002802941226;0,11110981296102929
Contratos;NDA;;Esaú;2026-09-28 09:02:00;2026-10-19 13:02:00.000000000;2026-10-19 15:02:00.000000000;1,0;;2,0;2026-10-19 15:02:00.000000000;;AHP_APRENDIZAGEM_ESPECIALIZACAO_WORKLOAD;;;;;PENDENTE;True;0,8184905382498047;1,0;0,2799530496419706;0,691542288557905;0,6586441863669917;0,05184002802941226;0,10800632385340075
Contratos;Contrato de Transferência de Tecnologia;;Esaú;2026-09-28 09:03:00;2026-10-19 15:02:00.000000000;2026-10-20 15:02:00.000000000;3,0;;8,0;2026-10-20 15:02:00.000000000;;AHP_APRENDIZAGEM_ESPECIALIZACAO_WORKLOAD;;;;;PENDENTE;True;0,8177179601807145;1,0;0,2799530496419706;0,6865956300019349;0,6586441863669917;0,05184002802941226;0,10723374578431054
Contencioso;Elaboração de petição inicial;;Eva;2026-09-28 09:04:00;2026-09-28 09:04:00.000000000;2026-09-28 11:04:00.000000000;1,0;;2,0;2026-09-28 11:04:00.000000000;;AHP_APRENDIZAGEM_ESPECIALIZACAO_WORKLOAD;;;;;CONCLUIDA;True;0,8155105320892763;1,0;0,0036967352886449006;1,0;0,6586441863669917;0,0006845392869474159;0,1561818064353371
Concorrencial;Avaliação de riscos concorrenciais;;Caim;2026-09-29 09:00:00;2026-09-29 09:00:00.000000000;2026-09-29 11:00:00.000000000;1,0;;2,0;2026-09-29 11:00:00.000000000;;AHP_APRENDIZAGEM_ESPECIALIZACAO_WORKLOAD;;;;;CONCLUIDA;True;0,9456528106895333;1,0;0,7065074621814947;1,0;0,6586441863669917;0,13082681788720452;0,1561818064353371
Contratos;Contrato de trabalho;;Esaú;2026-09-29 09:01:00;2026-10-20 15:02:00.000000000;2026-10-21 09:02:00.000000000;1,0;;2,0;2026-10-21 09:02:00.000000000;;AHP_APRENDIZAGEM_ESPECIALIZACAO_WORKLOAD;;;;;PENDENTE;True;0,8167150611238192;1,0;0,2799530496419706;0,6801742735085937;0,6586441863669917;0,05184002802941226;0,10623084672741523
Trabalhista;Gestão de escritórios externos;;Abel;2026-09-29 09:02:00;2026-12-07 11:02:00.000000000;2026-12-07 13:02:00.000000000;1,0;;2,0;2026-12-07 13:02:00.000000000;;AHP_APRENDIZAGEM_ESPECIALIZACAO_WORKLOAD;;;;;PENDENTE;True;0,8438181935646629;1,0;1,0;0,0;0,6586441863669917;0,1851740071976712;0,0
Concorrencial;Relacionamento CADE;;Caim;2026-09-29 09:03:00;2026-09-29 11:00:00.000000000;2026-09-29 13:00:00.000000000;1,0;;2,0;2026-09-29 13:00:00.000000000;;AHP_APRENDIZAGEM_ESPECIALIZACAO_WORKLOAD;;;;;CONCLUIDA;True;0,9448837012424635;1,0;0,7065074621814947;0,9950755503177744;0,6586441863669917;0,13082681788720452;0,15541269698826718
Direito digital;Avaliação de fornecedores sob a ótica de privacidade (vendor assessment);;Abel;2026-09-29 09:04:00;2026-12-07 13:02:00.000000000;2026-12-07 15:02:00.000000000;1,0;;2,0;2026-12-07 15:02:00.000000000;;AHP_APRENDIZAGEM_ESPECIALIZACAO_WORKLOAD;;;;;PENDENTE;True;0,8438181935646629;1,0;1,0;0,0;0,6586441863669917;0,1851740071976712;0,0
Societário;Estruturação de holdings e grupos;;Abraão;2026-09-30 09:00:00;2026-10-05 13:00:00.000000000;2026-10-08 13:00:00.000000000;5,0;;24,0;2026-10-08 13:00:00.000000000;;AHP_APRENDIZAGEM_ESPECIALIZACAO_WORKLOAD;;;;;EM_EXECUCAO;True;0,8635162105398522;1,0;0,32349201227050234;0,9282112639945304;0,6586441863669917;0,059902312208567135;0,14496971196429334
Direito financeiro;Negociação jurídica com bancos e instituições de crédito;;Abraão;2026-09-30 09:01:00;2026-10-08 13:00:00.000000000;2026-10-09 13:00:00.000000000;3,0;;8,0;2026-10-09 13:00:00.000000000;;AHP_APRENDIZAGEM_ESPECIALIZACAO_WORKLOAD;;;;;PENDENTE;True;0,8790569687854549;1,0;0,4592850481041738;0,8667150976453998;0,6586441863669917;0,08504765280342504;0,13536512961503813
Contratos;Contrato de prestação de serviços;;Esaú;2026-09-30 09:02:00;2026-10-21 09:02:00.000000000;2026-10-22 09:01:59.999999999;3,0;;8,0;2026-10-22 09:01:59.999999999;;AHP_APRENDIZAGEM_ESPECIALIZACAO_WORKLOAD;;;;;PENDENTE;True;0,8186100803902101;1,0;0,2799530496419706;0,6923076923084046;0,6586441863669917;0,05184002802941226;0,10812586599380616
Contratos;Contrato de Representação Comercial;;Esaú;2026-09-30 09:03:00;2026-10-22 09:01:59.999999999;2026-10-23 09:01:59.999999999;3,0;;8,0;2026-10-23 09:01:59.999999999;;AHP_APRENDIZAGEM_ESPECIALIZACAO_WORKLOAD;;;;;PENDENTE;True;0,8154108350710525;1,0;0,2799530496419706;0,67182358220508;0,6586441863669917;0,05184002802941226;0,10492662067464859
Societário;Avaliação de impactos (societário, contratual, regulatório, concorrencial, trabalhista, tributário);;Abraão;2026-09-30 09:04:00;2026-10-09 13:00:00.000000000;2026-10-12 13:00:00.000000000;3,0;;8,0;2026-10-12 13:00:00.000000000;;AHP_APRENDIZAGEM_ESPECIALIZACAO_WORKLOAD;;;;;PENDENTE;True;0,8507249809686073;1,0;0,32349201227050234;0,8463116505684246;0,6586441863669917;0,059902312208567135;0,13217848239304836
Concorrencial;Contencioso Administrativo Concorrencial;;Caim;2026-10-01 09:00:00;2026-10-01 09:00:00.000000000;2026-10-02 17:00:00.000000000;4,0;;16,0;2026-10-02 17:00:00.000000000;;AHP_APRENDIZAGEM_ESPECIALIZACAO_WORKLOAD;;;;;CONCLUIDA;True;0,9462695317539735;1,0;0,7098379569619087;1,0;0,6586441863669917;0,13144353895164468;0,1561818064353371
Governança;Avaliação periódica da efetividade da governança;;Abraão;2026-10-01 09:01:00;2026-10-12 13:00:00.000000000;2026-10-13 13:00:00.000000000;3,0;;8,0;2026-10-13 13:00:00.000000000;;AHP_APRENDIZAGEM_ESPECIALIZACAO_WORKLOAD;;;;;PENDENTE;True;0,8317583931908827;1,0;0,22387423934429895;0,8429824178700754;0,6586441863669917;0,041455690007714374;0,13165851681617657
Regulatório;Apoio regulatório a fundos de investimento;;Eva;2026-10-01 09:02:00;2026-10-01 09:02:00.000000000;2026-10-06 09:01:59.999999999;5,0;;24,0;2026-10-06 09:01:59.999999999;;AHP_APRENDIZAGEM_ESPECIALIZACAO_WORKLOAD;;;;;CONCLUIDA;True;0,8186739550179185;1,0;0,020780250283626667;1,0;0,6586441863669917;0,003847962215589693;0,1561818064353371
Concorrencial;Gestão de canal de dúvidas;;Caim;2026-10-01 09:03:00;2026-10-05 09:00:00.000000000;2026-10-05 11:00:00.000000000;1,0;;2,0;2026-10-05 11:00:00.000000000;;AHP_APRENDIZAGEM_ESPECIALIZACAO_WORKLOAD;;;;;CONCLUIDA;True;0,9397480435233083;1,0;0,7098379569619087;0,9582442514943933;0,6586441863669917;0,13144353895164468;0,14966031820467182
Governança;Preparação de reuniões, materiais, pautas e apreentações;;Abraão;2026-10-01 09:04:00;2026-10-13 13:00:00.000000000;2026-10-13 15:00:00.000000000;1,0;;2,0;2026-10-13 15:00:00.000000000;;AHP_APRENDIZAGEM_ESPECIALIZACAO_WORKLOAD;;;;;PENDENTE;True;0,8285045188764351;1,0;0,22387423934429895;0,8221485295400995;0,6586441863669917;0,041455690007714374;0,12840464250172887
Contratos;Contrato de Joint Venture;;Esaú;2026-10-02 09:00:00;2026-10-23 09:01:59.999999999;2026-10-28 09:01:59.999999999;5,0;;24,0;2026-10-28 09:01:59.999999999;;AHP_APRENDIZAGEM_ESPECIALIZACAO_WORKLOAD;;;;;PENDENTE;True;0,844132875361387;1,0;0,4289378737542215;0,6790838606184831;0,6586441863669917;0,07942814492191798;0,10606054407247738
Contratos;Contrato de Hosting;;Esaú;2026-10-02 09:01:00;2026-10-28 09:01:59.999999999;2026-10-29 09:01:59.999999999;3,0;;8,0;2026-10-29 09:01:59.999999999;;AHP_APRENDIZAGEM_ESPECIALIZACAO_WORKLOAD;;;;;PENDENTE;True;0,834115686255607;1,0;0,4289378737542215;0,6149458580277172;0,6586441863669917;0,07942814492191798;0,09604335496669722
Propriedade intelectual;Proteção de obras intelectuais (textos, imagens, vídeos, músicas);;Abel;2026-10-02 09:02:00;2026-12-07 15:02:00.000000000;2026-12-08 09:02:00.000000000;1,0;;2,0;2026-12-08 09:02:00.000000000;;AHP_APRENDIZAGEM_ESPECIALIZACAO_WORKLOAD;;;;;PENDENTE;True;0,8438181935646629;1,0;1,0;0,0;0,6586441863669917;0,1851740071976712;0,0
Societário;Elaboração e negociação de  SHA;;Abraão;2026-10-02 09:03:00;2026-10-13 15:00:00.000000000;2026-10-14 15:00:00.000000000;3,0;;8,0;2026-10-14 15:00:00.000000000;;AHP_APRENDIZAGEM_ESPECIALIZACAO_WORKLOAD;;;;;PENDENTE;True;0,8489945502114745;1,0;0,32349201227050234;0,8352320581586063;0,6586441863669917;0,059902312208567135;0,1304480516359157
Contratos;Letter of Intent;;Esaú;2026-10-02 09:04:00;2026-10-29 09:01:59.999999999;2026-10-29 11:01:59.999999999;1,0;;2,0;2026-10-29 11:01:59.999999999;;AHP_APRENDIZAGEM_ESPECIALIZACAO_WORKLOAD;;;;;PENDENTE;True;0,8311250610739497;1,0;0,4289378737542215;0,5957974997783492;0,6586441863669917;0,07942814492191798;0,09305272978503994
Direito digital;Gestão de Processos com ANPD;;Abel;2026-10-05 09:00:00;2026-12-08 09:02:00.000000000;2026-12-08 11:02:00.000000000;1,0;;2,0;2026-12-08 11:02:00.000000000;;AHP_APRENDIZAGEM_ESPECIALIZACAO_WORKLOAD;;;;;PENDENTE;True;0,8438181935646629;1,0;1,0;0,0;0,6586441863669917;0,1851740071976712;0,0
Contratos;Contrato de Locação;;Esaú;2026-10-05 09:01:00;2026-10-29 11:01:59.999999999;2026-10-30 11:02:00.000000000;3,0;;8,0;2026-10-30 11:02:00.000000000;;AHP_APRENDIZAGEM_ESPECIALIZACAO_WORKLOAD;;;;;PENDENTE;True;0,8372718318929646;1,0;0,45405181819358587;0,6053781361199946;0,6586441863669917;0,08407859465029476;0,09454905087567815
Societário;Estruturação de regras de governança;;Abraão;2026-10-05 09:02:00;2026-10-14 15:00:00.000000000;2026-10-19 15:00:00.000000000;5,0;;24,0;2026-10-19 15:00:00.000000000;;AHP_APRENDIZAGEM_ESPECIALIZACAO_WORKLOAD;;;;;PENDENTE;True;0,8485713700412104;1,0;0,32349201227050234;0,8325225225223969;0,6586441863669917;0,059902312208567135;0,13002487146565156
Propriedade intelectual;Análise de tendências e riscos concorrenciais;;Abel;2026-10-05 09:03:00;2026-12-08 11:02:00.000000000;2026-12-08 13:02:00.000000000;1,0;;2,0;2026-12-08 13:02:00.000000000;;AHP_APRENDIZAGEM_ESPECIALIZACAO_WORKLOAD;;;;;PENDENTE;True;0,8438181935646629;1,0;1,0;0,0;0,6586441863669917;0,1851740071976712;0,0
Societário;Due diligence societária;;Abraão;2026-10-05 09:04:00;2026-10-19 15:00:00.000000000;2026-10-22 15:00:00.000000000;5,0;;24,0;2026-10-22 15:00:00.000000000;;AHP_APRENDIZAGEM_ESPECIALIZACAO_WORKLOAD;;;;;PENDENTE;True;0,8386465147975615;1,0;0,32349201227050234;0,7689757146696008;0,6586441863669917;0,059902312208567135;0,12010001622200261
Regulatório;Estruturação de políticas exigidas por CVM e BCB;;Eva;2026-10-06 09:00:00;2026-10-06 09:01:59.999999999;2026-10-09 09:01:59.999999999;5,0;;24,0;2026-10-09 09:01:59.999999999;;AHP_APRENDIZAGEM_ESPECIALIZACAO_WORKLOAD;;;;;EM_EXECUCAO;True;0,8186596539644313;1,0;0,020780250283626667;0,9999084332944174;0,6586441863669917;0,003847962215589693;0,15616750538184987
Governança;Outras atividades de governança;;Abraão;2026-10-06 09:01:00;2026-10-22 15:00:00.000000000;2026-10-23 15:00:00.000000000;3,0;;8,0;2026-10-23 15:00:00.000000000;;AHP_APRENDIZAGEM_ESPECIALIZACAO_WORKLOAD;;;;;PENDENTE;True;0,8122038765599294;1,0;0,22213679548652124;0,7198388352179539;0,6586441863669917;0,041133960566288694;0,112425729626649
Regulatório;Interface com áreas de produto, tecnologia e negócios;;Eva;2026-10-06 09:02:00;2026-10-09 09:01:59.999999999;2026-10-09 11:01:59.999999999;1,0;;2,0;2026-10-09 11:01:59.999999999;;AHP_APRENDIZAGEM_ESPECIALIZACAO_WORKLOAD;;;;;PENDENTE;True;0,8254914314192558;1,0;0,11320779010656043;0,934065934066647;0,6586441863669917;0,02096314014002467;0,1458841049122394
Contratos;Contrato de Joint Venture;;Esaú;2026-10-06 09:03:00;2026-10-30 11:02:00.000000000;2026-11-04 11:01:59.999999999;5,0;;24,0;2026-11-04 11:01:59.999999999;;AHP_APRENDIZAGEM_ESPECIALIZACAO_WORKLOAD;;;;;PENDENTE;True;0,8408859248932796;1,0;0,4790089133974974;0,5989285223679341;0,6586441863669917;0,08869999997721684;0,09354173854907116
Contencioso;Prevenção de Litígios e Atuação Preventiva;;Eva;2026-10-06 09:04:00;2026-10-09 11:01:59.999999999;2026-10-13 11:02:00.000000000;4,0;;16,0;2026-10-13 11:02:00.000000000;;AHP_APRENDIZAGEM_ESPECIALIZACAO_WORKLOAD;;;;;PENDENTE;True;0,8045619986539172;1,0;0,004744549191493346;0,9286564703734534;0,6586441863669917;0,0008785671861352939;0,14503924510079008
Direito financeiro;Estruturação de Produtos Financeiros;;Abraão;2026-10-07 09:00:00;2026-10-23 15:00:00.000000000;2026-10-28 15:00:00.000000000;5,0;;24,0;2026-10-28 15:00:00.000000000;;AHP_APRENDIZAGEM_ESPECIALIZACAO_WORKLOAD;;;;;PENDENTE;True;0,8551291153471515;1,0;0,4592850481041738;0,7135099709765003;0,6586441863669917;0,08504765280342504;0,11143727617673475
Direito financeiro;Negociação jurídica com bancos e instituições de crédito;;Abraão;2026-10-07 09:01:00;2026-10-28 15:00:00.000000000;2026-10-29 15:00:00.000000000;3,0;;8,0;2026-10-29 15:00:00.000000000;;AHP_APRENDIZAGEM_ESPECIALIZACAO_WORKLOAD;;;;;PENDENTE;True;0,8446057145704694;1,0;0,4592850481041738;0,6461307991198914;0,6586441863669917;0,08504765280342504;0,10091387540005256
Societário;Gestão de passivos;;Abraão;2026-10-07 09:02:00;2026-10-29 15:00:00.000000000;2026-10-29 17:00:00.000000000;1,0;;2,0;2026-10-29 17:00:00.000000000;;AHP_APRENDIZAGEM_ESPECIALIZACAO_WORKLOAD;;;;;PENDENTE;True;0,8395018404668054;1,0;0,4506504938012838;0,623689138576779;0,6586441863669917;0,083448757782793;0,09740889631702064
Governança;Outras atividades de governança;;Abraão;2026-10-07 09:03:00;2026-10-30 09:00:00.000000000;2026-10-30 17:00:00.000000000;3,0;;8,0;2026-10-30 17:00:00.000000000;;AHP_APRENDIZAGEM_ESPECIALIZACAO_WORKLOAD;;;;;PENDENTE;True;0,7963141368466341;1,0;0,22213679548652124;0,6181000983192098;0,6586441863669917;0,041133960566288694;0,09653598991335366
Propriedade intelectual;Depósito, acompanhamento e manutenção de registros de marcas;;Abel;2026-10-07 09:04:00;2026-12-08 13:02:00.000000000;2026-12-08 15:02:00.000000000;1,0;;2,0;2026-12-08 15:02:00.000000000;;AHP_APRENDIZAGEM_ESPECIALIZACAO_WORKLOAD;;;;;PENDENTE;True;0,8438181935646629;1,0;1,0;0,0;0,6586441863669917;0,1851740071976712;0,0
