area_wk;tarefa_WK;descritivo;analista;data_aloc;inicio_wk;fim_wk;comp_est;comp_real;tempo_est_h;prazo_est;prazo_real;crit_aloc;resum_exec;data_envio;data_aval;retorno;status;xp_creditada;score_ahp_escolhido;aprendizado_norm_escolhido;especializacao_norm_escolhido;workload_norm_escolhido;contrib_aprendizagem_escolhido;contrib_especializacao_escolhido;contrib_workload_escolhido
Societário;Integração societária;;Abraão;2026-01-01 09:00:00;2026-01-01 09:00:00.000000000;2026-01-01 11:00:00.000000000;1,0;;2,0;2026-01-01 11:00:00.000000000;;AHP_APRENDIZAGEM_ESPECIALIZACAO_WORKLOAD;;;;;CONCLUIDA;True;1,0;1,0;1,0;1,0;0,6586441863669917;0,1851740071976712;0,1561818064353371
Contratos;Contrato de Manutenção de Sistemas;;Adão;2026-01-01 09:01:00;2026-01-01 09:01:00.000000000;2026-01-02 09:00:59.999999999;3,0;;8,0;2026-01-02 09:00:59.999999999;;AHP_APRENDIZAGEM_ESPECIALIZACAO_WORKLOAD;;;;;CONCLUIDA;True;1,0;1,0;1,0;1,0;0,6586441863669917;0,1851740071976712;0,1561818064353371
Contratos;Contrato de trabalho;;Caim;2026-01-01 09:02:00;2026-01-01 09:02:00.000000000;2026-01-01 11:02:00.000000000;1,0;;2,0;2026-01-01 11:02:00.000000000;;AHP_APRENDIZAGEM_ESPECIALIZACAO_WORKLOAD;;;;;CONCLUIDA;True;1,0;1,0;1,0;1,0;0,6586441863669917;0,1851740071976712;0,1561818064353371
Societário;Consolidação das versões finais dos documentos;;Davi;2026-01-01 09:03:00;2026-01-01 09:03:00.000000000;2026-01-01 11:03:00.000000000;1,0;;2,0;2026-01-01 11:03:00.000000000;;AHP_APRENDIZAGEM_ESPECIALIZACAO_WORKLOAD;;;;;CONCLUIDA;True;1,0;1,0;1,0;1,0;0,6586441863669917;0,1851740071976712;0,1561818064353371
Societário;Gestão de conflitos societários;;Esaú;2026-01-01 09:04:00;2026-01-01 09:04:00.000000000;2026-01-01 11:04:00.000000000;1,0;;2,0;2026-01-01 11:04:00.000000000;;AHP_APRENDIZAGEM_ESPECIALIZACAO_WORKLOAD;;;;;CONCLUIDA;True;1,0;1,0;1,0;1,0;0,6586441863669917;0,1851740071976712;0,1561818064353371
Societário;Organização de livros societários;;Eva;2026-01-01 09:05:00;2026-01-01 09:05:00.000000000;2026-01-01 11:05:00.000000000;1,0;;2,0;2026-01-01 11:05:00.000000000;;AHP_APRENDIZAGEM_ESPECIALIZACAO_WORKLOAD;;;;;CONCLUIDA;True;1,0;1,0;1,0;1,0;0,6586441863669917;0,1851740071976712;0,1561818064353371
Societário;Estruturação de regras de governança;;Jacó;2026-01-01 09:06:00;2026-01-01 09:06:00.000000000;2026-01-06 09:06:00.000000000;5,0;;24,0;2026-01-06 09:06:00.000000000;;AHP_APRENDIZAGEM_ESPECIALIZACAO_WORKLOAD;;;;;CONCLUIDA;True;1,0;1,0;1,0;1,0;0,6586441863669917;0,1851740071976712;0,1561818064353371
Contratos;Contrato de Locação;;Abraão;2026-01-01 09:07:00;2026-01-01 11:00:00.000000000;2026-01-02 11:00:00.000000000;3,0;;8,0;2026-01-02 11:00:00.000000000;;AHP_APRENDIZAGEM_ESPECIALIZACAO_WORKLOAD;;;;;CONCLUIDA;True;1,0;1,0;1,0;1,0;0,6586441863669917;0,1851740071976712;0,1561818064353371
Societário;Atas de Reunião e Assembleia;;Caim;2026-01-01 09:08:00;2026-01-01 11:02:00.000000000;2026-01-01 15:02:00.000000000;2,0;;4,0;2026-01-01 15:02:00.000000000;;AHP_APRENDIZAGEM_ESPECIALIZACAO_WORKLOAD;;;;;CONCLUIDA;True;1,0;1,0;1,0;1,0;0,6586441863669917;0,1851740071976712;0,1561818064353371
Societário;Regularização societária;;Davi;2026-01-01 09:09:00;2026-01-01 11:03:00.000000000;2026-01-02 11:02:59.999999999;3,0;;8,0;2026-01-02 11:02:59.999999999;;AHP_APRENDIZAGEM_ESPECIALIZACAO_WORKLOAD;;;;;CONCLUIDA;True;1,0;1,0;1,0;1,0;0,6586441863669917;0,1851740071976712;0,1561818064353371
Societário;Gestão jurídica do encerramento de operações;;Esaú;2026-01-01 09:10:00;2026-01-01 11:04:00.000000000;2026-01-01 13:04:00.000000000;1,0;;2,0;2026-01-01 13:04:00.000000000;;AHP_APRENDIZAGEM_ESPECIALIZACAO_WORKLOAD;;;;;CONCLUIDA;True;1,0;1,0;1,0;1,0;0,6586441863669917;0,1851740071976712;0,1561818064353371
Contratos;Contrato de Mútuo, Doação ou Comodato;;Eva;2026-01-01 09:11:00;2026-01-01 11:05:00.000000000;2026-01-02 11:04:59.999999999;3,0;;8,0;2026-01-02 11:04:59.999999999;;AHP_APRENDIZAGEM_ESPECIALIZACAO_WORKLOAD;;;;;CONCLUIDA;True;1,0;1,0;1,0;1,0;0,6586441863669917;0,1851740071976712;0,1561818064353371
Societário;Gestão de earn-outs, ajustes de preço e garantias;;Esaú;2026-01-01 09:12:00;2026-01-01 13:04:00.000000000;2026-01-01 15:04:00.000000000;1,0;;2,0;2026-01-01 15:04:00.000000000;;AHP_APRENDIZAGEM_ESPECIALIZACAO_WORKLOAD;;;;;CONCLUIDA;True;1,0;1,0;1,0;1,0;0,6586441863669917;0,1851740071976712;0,1561818064353371
Contratos;Contrato de Agência, Franquia ou Parceria Empresarial;;Caim;2026-01-01 09:13:00;2026-01-01 15:02:00.000000000;2026-01-02 15:02:00.000000000;3,0;;8,0;2026-01-02 15:02:00.000000000;;AHP_APRENDIZAGEM_ESPECIALIZACAO_WORKLOAD;;;;;CONCLUIDA;True;1,0;1,0;1,0;1,0;0,6586441863669917;0,1851740071976712;0,1561818064353371
Contratos;Contrato de Mútuo, Doação ou Comodato;;Esaú;2026-01-01 09:14:00;2026-01-01 15:04:00.000000000;2026-01-02 15:04:00.000000000;3,0;;8,0;2026-01-02 15:04:00.000000000;;AHP_APRENDIZAGEM_ESPECIALIZACAO_WORKLOAD;;;;;CONCLUIDA;True;1,0;1,0;1,0;1,0;0,6586441863669917;0,1851740071976712;0,1561818064353371
Societário;Due diligence;;Caim;2026-01-02 09:00:00;2026-01-02 15:02:00.000000000;2026-01-07 15:02:00.000000000;5,0;;24,0;2026-01-07 15:02:00.000000000;;AHP_APRENDIZAGEM_ESPECIALIZACAO_WORKLOAD;;;;;CONCLUIDA;True;0,941573438212657;1,0;1,0;0,6259067357404853;0,6586441863669917;0,1851740071976712;0,09775524464799416
Contratos;Contrato de Mandato;;Adão;2026-01-02 09:01:00;2026-01-02 09:01:00.000000000;2026-01-05 09:00:59.999999999;3,0;;8,0;2026-01-05 09:00:59.999999999;;AHP_APRENDIZAGEM_ESPECIALIZACAO_WORKLOAD;;;;;CONCLUIDA;True;1,0;1,0;1,0;1,0;0,6586441863669917;0,1851740071976712;0,1561818064353371
Regulatório;Apoio jurídico em temas de capital mínimo e patrimônio de referência;;Abraão;2026-01-02 09:02:00;2026-01-02 11:00:00.000000000;2026-01-02 13:00:00.000000000;1,0;;2,0;2026-01-02 13:00:00.000000000;;AHP_APRENDIZAGEM_ESPECIALIZACAO_WORKLOAD;;;;;CONCLUIDA;True;1,0;1,0;1,0;1,0;0,6586441863669917;0,1851740071976712;0,1561818064353371
Societário;Integração societária;;Caim;2026-01-02 09:03:00;2026-01-07 15:02:00.000000000;2026-01-08 09:02:00.000000000;1,0;;2,0;2026-01-08 09:02:00.000000000;;AHP_APRENDIZAGEM_ESPECIALIZACAO_WORKLOAD;;;;;CONCLUIDA;True;0,8438181935646629;1,0;1,0;0,0;0,6586441863669917;0,1851740071976712;0,0
Societário;Consolidação das versões finais dos documentos;;Caim;2026-01-02 09:04:00;2026-01-08 09:02:00.000000000;2026-01-08 11:02:00.000000000;1,0;;2,0;2026-01-08 11:02:00.000000000;;AHP_APRENDIZAGEM_ESPECIALIZACAO_WORKLOAD;;;;;CONCLUIDA;True;0,8438181935646629;1,0;1,0;0,0;0,6586441863669917;0,1851740071976712;0,0
Societário;Estruturação societária internacional;;Caim;2026-01-02 09:05:00;2026-01-08 11:02:00.000000000;2026-01-13 11:01:59.999999999;5,0;;24,0;2026-01-13 11:01:59.999999999;;AHP_APRENDIZAGEM_ESPECIALIZACAO_WORKLOAD;;;;;CONCLUIDA;True;0,8438181935646629;1,0;1,0;0,0;0,6586441863669917;0,1851740071976712;0,0
Contratos;Contrato de trabalho;;Adão;2026-01-02 09:06:00;2026-01-05 09:00:59.999999999;2026-01-05 11:00:59.999999999;1,0;;2,0;2026-01-05 11:00:59.999999999;;AHP_APRENDIZAGEM_ESPECIALIZACAO_WORKLOAD;;;;;CONCLUIDA;True;0,983354246292476;1,0;1,0;0,8934206609115142;0,6586441863669917;0,1851740071976712;0,13953605272781305
Societário;Gestão de passivos;;Caim;2026-01-02 09:07:00;2026-01-13 11:01:59.999999999;2026-01-13 13:01:59.999999999;1,0;;2,0;2026-01-13 13:01:59.999999999;;AHP_APRENDIZAGEM_ESPECIALIZACAO_WORKLOAD;;;;;CONCLUIDA;True;0,8438181935646629;1,0;1,0;0,0;0,6586441863669917;0,1851740071976712;0,0
Direito digital;Análise de responsabilidades em falhas de segurança;;Davi;2026-01-02 09:08:00;2026-01-02 11:02:59.999999999;2026-01-02 13:02:59.999999999;1,0;;2,0;2026-01-02 13:02:59.999999999;;AHP_APRENDIZAGEM_ESPECIALIZACAO_WORKLOAD;;;;;CONCLUIDA;True;1,0;1,0;1,0;1,0;0,6586441863669917;0,1851740071976712;0,1561818064353371
Societário;Integração societária;;Caim;2026-01-02 09:09:00;2026-01-13 13:01:59.999999999;2026-01-13 15:01:59.999999999;1,0;;2,0;2026-01-13 15:01:59.999999999;;AHP_APRENDIZAGEM_ESPECIALIZACAO_WORKLOAD;;;;;CONCLUIDA;True;0,8438181935646629;1,0;1,0;0,0;0,6586441863669917;0,1851740071976712;0,0
Direito digital;Avaliação de bases legais para tratamento de dados;;Eva;2026-01-02 09:10:00;2026-01-02 11:04:59.999999999;2026-01-02 15:04:59.999999999;2,0;;4,0;2026-01-02 15:04:59.999999999;;AHP_APRENDIZAGEM_ESPECIALIZACAO_WORKLOAD;;;;;CONCLUIDA;True;1,0;1,0;1,0;1,0;0,6586441863669917;0,1851740071976712;0,1561818064353371
Societário;Acordo de Sócios / Acionistas;;Caim;2026-01-02 09:11:00;2026-01-13 15:01:59.999999999;2026-01-14 15:02:00.000000000;3,0;;8,0;2026-01-14 15:02:00.000000000;;AHP_APRENDIZAGEM_ESPECIALIZACAO_WORKLOAD;;;;;CONCLUIDA;True;0,8438181935646629;1,0;1,0;0,0;0,6586441863669917;0,1851740071976712;0,0
Societário;SPA / SHA e documentos correlatos;;Caim;2026-01-02 09:12:00;2026-01-14 15:02:00.000000000;2026-01-15 09:02:00.000000000;1,0;;2,0;2026-01-15 09:02:00.000000000;;AHP_APRENDIZAGEM_ESPECIALIZACAO_WORKLOAD;;;;;CONCLUIDA;True;0,8438181935646629;1,0;1,0;0,0;0,6586441863669917;0,1851740071976712;0,0
Contratos;Contrato de Joint Venture;;Adão;2026-01-02 09:13:00;2026-01-05 11:00:59.999999999;2026-01-08 11:00:59.999999999;5,0;;24,0;2026-01-08 11:00:59.999999999;;AHP_APRENDIZAGEM_ESPECIALIZACAO_WORKLOAD;;;;;CONCLUIDA;True;0,9861877432335734;1,0;1,0;0,911562959337743;0,6586441863669917;0,1851740071976712;0,14236954966891044
Contratos;Contrato de Transferência de Tecnologia;;Adão;2026-01-02 09:14:00;2026-01-08 11:00:59.999999999;2026-01-09 11:01:00.000000000;3,0;;8,0;2026-01-09 11:01:00.000000000;;AHP_APRENDIZAGEM_ESPECIALIZACAO_WORKLOAD;;;;;CONCLUIDA;True;0,9310917605616269;1,0;1,0;0,5587947084803201;0,6586441863669917;0,1851740071976712;0,08727356699696398
Direito financeiro;Revisão de contratos bancários padrão;;Abraão;2026-01-05 09:00:00;2026-01-05 09:00:00.000000000;2026-01-05 17:00:00.000000000;3,0;;8,0;2026-01-05 17:00:00.000000000;;AHP_APRENDIZAGEM_ESPECIALIZACAO_WORKLOAD;;;;;CONCLUIDA;True;1,0;1,0;1,0;1,0;0,6586441863669917;0,1851740071976712;0,1561818064353371
Concorrencial;Revisão concorrencial de documentos;;Davi;2026-01-05 09:01:00;2026-01-05 09:01:00.000000000;2026-01-06 09:00:59.999999999;3,0;;8,0;2026-01-06 09:00:59.999999999;;AHP_APRENDIZAGEM_ESPECIALIZACAO_WORKLOAD;;;;;CONCLUIDA;True;1,0;1,0;1,0;1,0;0,6586441863669917;0,1851740071976712;0,1561818064353371
Societário;Integração societária;;Davi;2026-01-05 09:02:00;2026-01-06 09:00:59.999999999;2026-01-06 11:00:59.999999999;1,0;;2,0;2026-01-06 11:00:59.999999999;;AHP_APRENDIZAGEM_ESPECIALIZACAO_WORKLOAD;;;;;CONCLUIDA;True;0,9805179465416867;1,0;1,0;0,875260416671007;0,6586441863669917;0,1851740071976712;0,13669975297702372
Contratos;Contrato de Licenciamento de Software;;Adão;2026-01-05 09:03:00;2026-01-09 11:01:00.000000000;2026-01-13 11:00:59.999999999;4,0;;16,0;2026-01-13 11:00:59.999999999;;AHP_APRENDIZAGEM_ESPECIALIZACAO_WORKLOAD;;;;;CONCLUIDA;True;0,9170881683999443;1,0;1,0;0,46913258661543805;0,6586441863669917;0,1851740071976712;0,07326997483528136
Contratos;Contrato de Agência, Franquia ou Parceria Empresarial;;Adão;2026-01-05 09:04:00;2026-01-13 11:00:59.999999999;2026-01-14 11:01:00.000000000;3,0;;8,0;2026-01-14 11:01:00.000000000;;AHP_APRENDIZAGEM_ESPECIALIZACAO_WORKLOAD;;;;;CONCLUIDA;True;0,8780414606867895;1,0;1,0;0,21912454403769324;0,6586441863669917;0,1851740071976712;0,034223267122126505
Governança;Política de Governaça Corporativa;;Esaú;2026-01-05 09:05:00;2026-01-05 09:05:00.000000000;2026-01-06 09:04:59.999999999;3,0;;8,0;2026-01-06 09:04:59.999999999;;AHP_APRENDIZAGEM_ESPECIALIZACAO_WORKLOAD;;;;;CONCLUIDA;True;1,0;1,0;1,0;1,0;0,6586441863669917;0,1851740071976712;0,1561818064353371
Societário;Gestão de passivos;;Davi;2026-01-05 09:06:00;2026-01-06 11:00:59.999999999;2026-01-06 13:00:59.999999999;1,0;;2,0;2026-01-06 13:00:59.999999999;;AHP_APRENDIZAGEM_ESPECIALIZACAO_WORKLOAD;;;;;CONCLUIDA;True;0,9757747198054165;1,0;1,0;0,8448905109532499;0,6586441863669917;0,1851740071976712;0,13195652624075355
Societário;Gestão de Advisors e Governança da Operação;;Davi;2026-01-05 09:07:00;2026-01-06 13:00:59.999999999;2026-01-07 13:01:00.000000000;3,0;;8,0;2026-01-07 13:01:00.000000000;;AHP_APRENDIZAGEM_ESPECIALIZACAO_WORKLOAD;;;;;CONCLUIDA;True;0,9709220834961597;1,0;1,0;0,8138200782312038;0,6586441863669917;0,1851740071976712;0,12710388993149677
Societário;Regularização societária;;Davi;2026-01-05 09:08:00;2026-01-07 13:01:00.000000000;2026-01-08 13:01:00.000000000;3,0;;8,0;2026-01-08 13:01:00.000000000;;AHP_APRENDIZAGEM_ESPECIALIZACAO_WORKLOAD;;;;;CONCLUIDA;True;0,951401957466157;1,0;1,0;0,6888367240523388;0,6586441863669917;0,1851740071976712;0,10758376390149409
Societário;Atualização de Contrato Social / Estatuto;;Davi;2026-01-05 09:09:00;2026-01-08 13:01:00.000000000;2026-01-09 13:01:00.000000000;3,0;;8,0;2026-01-09 13:01:00.000000000;;AHP_APRENDIZAGEM_ESPECIALIZACAO_WORKLOAD;;;;;CONCLUIDA;True;0,9318716461368952;1,0;1,0;0,5637881554961302;0,6586441863669917;0,1851740071976712;0,08805345257223234
Societário;Due diligence societária;;Davi;2026-01-05 09:10:00;2026-01-09 13:01:00.000000000;2026-01-14 13:00:59.999999999;5,0;;24,0;2026-01-14 13:00:59.999999999;;AHP_APRENDIZAGEM_ESPECIALIZACAO_WORKLOAD;;;;;CONCLUIDA;True;0,9123311415344971;1,0;1,0;0,43867432150748087;0,6586441863669917;0,1851740071976712;0,06851294796983422
Societário;Elaboração e negociação de LOI;;Davi;2026-01-05 09:11:00;2026-01-14 13:00:59.999999999;2026-01-15 13:01:00.000000000;3,0;;8,0;2026-01-15 13:01:00.000000000;;AHP_APRENDIZAGEM_ESPECIALIZACAO_WORKLOAD;;;;;CONCLUIDA;True;0,85364325630377;1,0;1,0;0,06290785696075873;0,6586441863669917;0,1851740071976712;0,009825062739107094
Regulatório;Análise de impactos regulatórios em operações, produtos e modelos de negócio;;Abraão;2026-01-05 09:12:00;2026-01-06 09:00:00.000000000;2026-01-06 17:00:00.000000000;3,0;;8,0;2026-01-06 17:00:00.000000000;;AHP_APRENDIZAGEM_ESPECIALIZACAO_WORKLOAD;;;;;CONCLUIDA;True;0,982036597342827;1,0;1,0;0,8849840255586344;0,6586441863669917;0,1851740071976712;0,13821840377816408
Concorrencial;Contencioso Administrativo Concorrencial;;Eva;2026-01-05 09:13:00;2026-01-05 09:13:00.000000000;2026-01-07 09:13:00.000000000;4,0;;16,0;2026-01-07 09:13:00.000000000;;AHP_APRENDIZAGEM_ESPECIALIZACAO_WORKLOAD;;;;;CONCLUIDA;True;1,0;1,0;1,0;1,0;0,6586441863669917;0,1851740071976712;0,1561818064353371
Regulatório;Análise de impactos regulatórios em operações, produtos e modelos de negócio;;Abraão;2026-01-05 09:14:00;2026-01-07 09:00:00.000000000;2026-01-07 17:00:00.000000000;3,0;;8,0;2026-01-07 17:00:00.000000000;;AHP_APRENDIZAGEM_ESPECIALIZACAO_WORKLOAD;;;;;CONCLUIDA;True;0,979369755823307;1,0;1,0;0,8679087875370782;0,6586441863669917;0,1851740071976712;0,13555156225864406
Societário;Acordo de Sócios / Acionistas;;Davi;2026-01-06 09:00:00;2026-01-15 13:01:00.000000000;2026-01-16 13:01:00.000000000;3,0;;8,0;2026-01-16 13:01:00.000000000;;AHP_APRENDIZAGEM_ESPECIALIZACAO_WORKLOAD;;;;;CONCLUIDA;True;0,8438181935646629;1,0;1,0;0,0;0,6586441863669917;0,1851740071976712;0,0
Regulatório;Análise de requisitos prudenciais e de liquidez;;Abraão;2026-01-06 09:01:00;2026-01-08 09:00:00.000000000;2026-01-08 11:00:00.000000000;1,0;;2,0;2026-01-08 11:00:00.000000000;;AHP_APRENDIZAGEM_ESPECIALIZACAO_WORKLOAD;;;;;CONCLUIDA;True;0,9634068633100221;1,0;1,0;0,7657016682981681;0,6586441863669917;0,1851740071976712;0,11958866974535919
Societário;Atas de Reunião e Assembleia;;Davi;2026-01-06 09:02:00;2026-01-16 13:01:00.000000000;2026-01-19 09:00:59.999999999;2,0;;4,0;2026-01-19 09:00:59.999999999;;AHP_APRENDIZAGEM_ESPECIALIZACAO_WORKLOAD;;;;;CONCLUIDA;True;0,8438181935646629;1,0;1,0;0,0;0,6586441863669917;0,1851740071976712;0,0
Propriedade intelectual;Avaliação de riscos em parcerias e projetos conjuntos;;Esaú;2026-01-06 09:03:00;2026-01-06 09:04:59.999999999;2026-01-07 09:04:59.999999999;3,0;;8,0;2026-01-07 09:04:59.999999999;;AHP_APRENDIZAGEM_ESPECIALIZACAO_WORKLOAD;;;;;CONCLUIDA;True;1,0;1,0;1,0;1,0;0,6586441863669917;0,1851740071976712;0,1561818064353371
Contencioso;Acordos, Mediação e Soluções Alternativas;;Jacó;2026-01-06 09:04:00;2026-01-06 09:06:00.000000000;2026-01-07 09:05:59.999999999;3,0;;8,0;2026-01-07 09:05:59.999999999;;AHP_APRENDIZAGEM_ESPECIALIZACAO_WORKLOAD;;;;;CONCLUIDA;True;1,0;1,0;1,0;1,0;0,6586441863669917;0,1851740071976712;0,1561818064353371
Societário;Gestão de conflitos societários;;Davi;2026-01-06 09:05:00;2026-01-19 09:00:59.999999999;2026-01-19 11:00:59.999999999;1,0;;2,0;2026-01-19 11:00:59.999999999;;AHP_APRENDIZAGEM_ESPECIALIZACAO_WORKLOAD;;;;;CONCLUIDA;True;0,8438181935646629;1,0;1,0;0,0;0,6586441863669917;0,1851740071976712;0,0
Societário;Atos perante Junta Comercial;;Jacó;2026-01-06 09:06:00;2026-01-07 09:05:59.999999999;2026-01-07 11:05:59.999999999;1,0;;2,0;2026-01-07 11:05:59.999999999;;AHP_APRENDIZAGEM_ESPECIALIZACAO_WORKLOAD;;;;;CONCLUIDA;True;0,9999605202713764;1,0;1,0;0,999747219413549;0,6586441863669917;0,1851740071976712;0,1561423267067134
Regulatório;Gestão de prazos regulatórios críticos;;Abraão;2026-01-06 09:07:00;2026-01-08 11:00:00.000000000;2026-01-09 11:00:00.000000000;3,0;;8,0;2026-01-09 11:00:00.000000000;;AHP_APRENDIZAGEM_ESPECIALIZACAO_WORKLOAD;;;;;CONCLUIDA;True;0,9765095614682435;1,0;1,0;0,8495955510574654;0,6586441863669917;0,1851740071976712;0,13269136790358063
Concorrencial;Gestão de canal de dúvidas;;Davi;2026-01-06 09:08:00;2026-01-19 11:00:59.999999999;2026-01-19 13:00:59.999999999;1,0;;2,0;2026-01-19 13:00:59.999999999;;AHP_APRENDIZAGEM_ESPECIALIZACAO_WORKLOAD;;;;;CONCLUIDA;True;0,8438181935646629;1,0;1,0;0,0;0,6586441863669917;0,1851740071976712;0,0
Societário;Organização de livros societários;;Jacó;2026-01-06 09:09:00;2026-01-07 11:05:59.999999999;2026-01-07 13:05:59.999999999;1,0;;2,0;2026-01-07 13:05:59.999999999;;AHP_APRENDIZAGEM_ESPECIALIZACAO_WORKLOAD;;;;;CONCLUIDA;True;0,9953635921053299;1,0;1,0;0,9703140333660452;0,6586441863669917;0,1851740071976712;0,1515453985406669
Societário;Consolidação das versões finais dos documentos;;Jacó;2026-01-06 09:10:00;2026-01-07 13:05:59.999999999;2026-01-07 15:05:59.999999999;1,0;;2,0;2026-01-07 15:05:59.999999999;;AHP_APRENDIZAGEM_ESPECIALIZACAO_WORKLOAD;;;;;CONCLUIDA;True;0,9907655016312767;1,0;1,0;0,9408734052993131;0,6586441863669917;0,1851740071976712;0,1469473080666138
Direito financeiro;Revisão de contratos bancários padrão;;Abraão;2026-01-06 09:11:00;2026-01-09 11:00:00.000000000;2026-01-12 11:00:00.000000000;3,0;;8,0;2026-01-12 11:00:00.000000000;;AHP_APRENDIZAGEM_ESPECIALIZACAO_WORKLOAD;;;;;CONCLUIDA;True;0,958808772835969;1,0;1,0;0,7362610402314361;0,6586441863669917;0,1851740071976712;0,1149905792713061
Societário;Estruturação de veículos societários (SPVs);;Jacó;2026-01-06 09:12:00;2026-01-07 15:05:59.999999999;2026-01-12 15:06:00.000000000;5,0;;24,0;2026-01-12 15:06:00.000000000;;AHP_APRENDIZAGEM_ESPECIALIZACAO_WORKLOAD;;;;;CONCLUIDA;True;0,9861674111572236;1,0;1,0;0,911432777232581;0,6586441863669917;0,1851740071976712;0,1423492175925607
Direito financeiro;Revisão de contratos bancários padrão;;Abraão;2026-01-06 09:13:00;2026-01-12 11:00:00.000000000;2026-01-13 11:00:00.000000000;3,0;;8,0;2026-01-13 11:00:00.000000000;;AHP_APRENDIZAGEM_ESPECIALIZACAO_WORKLOAD;;;;;CONCLUIDA;True;0,9404164109397566;1,0;1,0;0,6184985279645078;0,6586441863669917;0,1851740071976712;0,09659821737509369
Direito financeiro;Implementação de políticas internas de compliance financeiro;;Abraão;2026-01-06 09:14:00;2026-01-13 11:00:00.000000000;2026-01-14 11:00:00.000000000;3,0;;8,0;2026-01-14 11:00:00.000000000;;AHP_APRENDIZAGEM_ESPECIALIZACAO_WORKLOAD;;;;;CONCLUIDA;True;0,9220240490435442;1,0;1,0;0,5007360156975793;0,6586441863669917;0,1851740071976712;0,07820585547888126
Societário;Acordo de Sócios / Acionistas;;Jacó;2026-01-07 09:00:00;2026-01-12 15:06:00.000000000;2026-01-13 15:06:00.000000000;3,0;;8,0;2026-01-13 15:06:00.000000000;;AHP_APRENDIZAGEM_ESPECIALIZACAO_WORKLOAD;;;;;CONCLUIDA;True;0,9309903254688685;1,0;1,0;0,5581452404336026;0,6586441863669917;0,1851740071976712;0,08717213190420561
Societário;Estruturação de veículos societários (SPVs);;Jacó;2026-01-07 09:01:00;2026-01-13 15:06:00.000000000;2026-01-16 15:06:00.000000000;5,0;;24,0;2026-01-16 15:06:00.000000000;;AHP_APRENDIZAGEM_ESPECIALIZACAO_WORKLOAD;;;;;CONCLUIDA;True;0,9125979635727313;1,0;1,0;0,44038272816715573;0,6586441863669917;0,1851740071976712;0,0687797700080684
Contratos;Contrato de Agência, Franquia ou Parceria Empresarial;;Adão;2026-01-07 09:02:00;2026-01-14 11:01:00.000000000;2026-01-15 11:01:00.000000000;3,0;;8,0;2026-01-15 11:01:00.000000000;;AHP_APRENDIZAGEM_ESPECIALIZACAO_WORKLOAD;;;;;CONCLUIDA;True;0,9035933697277475;1,0;1,0;0,3827281648700412;0,6586441863669917;0,1851740071976712;0,05977517616308456
Regulatório;Gestão de prazos regulatórios críticos;;Abraão;2026-01-07 09:03:00;2026-01-14 11:00:00.000000000;2026-01-15 11:00:00.000000000;3,0;;8,0;2026-01-15 11:00:00.000000000;;AHP_APRENDIZAGEM_ESPECIALIZACAO_WORKLOAD;;;;;CONCLUIDA;True;0,9036316871477258;1,0;1,0;0,38297350343317393;0,6586441863669917;0,1851740071976712;0,059813493583062885
Contratos;Contrato de Joint Venture;;Adão;2026-01-07 09:04:00;2026-01-15 11:01:00.000000000;2026-01-20 11:00:59.999999999;5,0;;24,0;2026-01-20 11:00:59.999999999;;AHP_APRENDIZAGEM_ESPECIALIZACAO_WORKLOAD;;;;;CONCLUIDA;True;0,8852010078316103;1,0;1,0;0,26496565260359434;0,6586441863669917;0,1851740071976712;0,04138281426694734
Contratos;Contrato de Licença de Uso de Marca;;Adão;2026-01-07 09:05:00;2026-01-20 11:00:59.999999999;2026-01-21 11:01:00.000000000;3,0;;8,0;2026-01-21 11:01:00.000000000;;AHP_APRENDIZAGEM_ESPECIALIZACAO_WORKLOAD;;;;;CONCLUIDA;True;0,8438181935646629;1,0;1,0;0,0;0,6586441863669917;0,1851740071976712;0,0
Concorrencial;Revisão concorrencial de documentos;;Davi;2026-01-07 09:06:00;2026-01-19 13:00:59.999999999;2026-01-20 13:01:00.000000000;3,0;;8,0;2026-01-20 13:01:00.000000000;;AHP_APRENDIZAGEM_ESPECIALIZACAO_WORKLOAD;;;;;CONCLUIDA;True;0,8705105063629386;1,0;1,0;0,1709053916553779;0,6586441863669917;0,1851740071976712;0,02669231279827571
Regulatório;Apoio jurídico à governança de instituições reguladas;;Abraão;2026-01-07 09:07:00;2026-01-15 11:00:00.000000000;2026-01-16 11:00:00.000000000;3,0;;8,0;2026-01-16 11:00:00.000000000;;AHP_APRENDIZAGEM_ESPECIALIZACAO_WORKLOAD;;;;;CONCLUIDA;True;0,9048733930275643;1,0;1,0;0,39092389092182517;0,6586441863669917;0,1851740071976712;0,06105519946290133
Societário;Gestão jurídica do encerramento de operações;;Jacó;2026-01-07 09:08:00;2026-01-16 15:06:00.000000000;2026-01-19 09:06:00.000000000;1,0;;2,0;2026-01-19 09:06:00.000000000;;AHP_APRENDIZAGEM_ESPECIALIZACAO_WORKLOAD;;;;;CONCLUIDA;True;0,881806644346438;1,0;1,0;0,2432322409941083;0,6586441863669917;0,1851740071976712;0,03798845078177509
Governança;Avaliação periódica da efetividade da governança;;Esaú;2026-01-07 09:09:00;2026-01-07 09:09:00.000000000;2026-01-08 09:09:00.000000000;3,0;;8,0;2026-01-08 09:09:00.000000000;;AHP_APRENDIZAGEM_ESPECIALIZACAO_WORKLOAD;;;;;CONCLUIDA;True;1,0;1,0;1,0;1,0;0,6586441863669917;0,1851740071976712;0,1561818064353371
Societário;Gestão de earn-outs, ajustes de preço e garantias;;Jacó;2026-01-07 09:10:00;2026-01-19 09:06:00.000000000;2026-01-19 11:06:00.000000000;1,0;;2,0;2026-01-19 11:06:00.000000000;;AHP_APRENDIZAGEM_ESPECIALIZACAO_WORKLOAD;;;;;CONCLUIDA;True;0,8780267188129428;1,0;1,0;0,21903015484996957;0,6586441863669917;0,1851740071976712;0,03420852524827986
Direito digital;Análise de relatórios de impacto à proteção de dados (DPIA / RIPD);;Eva;2026-01-07 09:11:00;2026-01-07 09:13:00.000000000;2026-01-07 11:13:00.000000000;1,0;;2,0;2026-01-07 11:13:00.000000000;;AHP_APRENDIZAGEM_ESPECIALIZACAO_WORKLOAD;;;;;CONCLUIDA;True;1,0;1,0;1,0;1,0;0,6586441863669917;0,1851740071976712;0,1561818064353371
Societário;Consolidação das versões finais dos documentos;;Jacó;2026-01-07 09:12:00;2026-01-19 11:06:00.000000000;2026-01-19 13:06:00.000000000;1,0;;2,0;2026-01-19 13:06:00.000000000;;AHP_APRENDIZAGEM_ESPECIALIZACAO_WORKLOAD;;;;;CONCLUIDA;True;0,8749697443470912;1,0;1,0;0,19945697577345975;0,6586441863669917;0,1851740071976712;0,031151550782428213
Societário;Gestão de Advisors e Governança da Operação;;Jacó;2026-01-07 09:13:00;2026-01-19 13:06:00.000000000;2026-01-20 13:05:59.999999999;3,0;;8,0;2026-01-20 13:05:59.999999999;;AHP_APRENDIZAGEM_ESPECIALIZACAO_WORKLOAD;;;;;CONCLUIDA;True;0,8710554133587232;1,0;1,0;0,17439431913176817;0,6586441863669917;0,1851740071976712;0,027237219794060224
Direito digital;Avaliação de fornecedores sob a ótica de privacidade (vendor assessment);;Eva;2026-01-07 09:14:00;2026-01-07 11:13:00.000000000;2026-01-07 13:13:00.000000000;1,0;;2,0;2026-01-07 13:13:00.000000000;;AHP_APRENDIZAGEM_ESPECIALIZACAO_WORKLOAD;;;;;CONCLUIDA;True;1,0;1,0;1,0;1,0;0,6586441863669917;0,1851740071976712;0,1561818064353371
Contratos;Contrato de Transferência de Tecnologia;;Adão;2026-01-08 09:00:00;2026-01-21 11:01:00.000000000;2026-01-22 11:01:00.000000000;3,0;;8,0;2026-01-22 11:01:00.000000000;;AHP_APRENDIZAGEM_ESPECIALIZACAO_WORKLOAD;;;;;CONCLUIDA;True;0,8438181935646629;1,0;1,0;0,0;0,6586441863669917;0,1851740071976712;0,0
Governança;Gestão de documentos de governança;;Esaú;2026-01-08 09:01:00;2026-01-08 09:09:00.000000000;2026-01-09 09:09:00.000000000;3,0;;8,0;2026-01-09 09:09:00.000000000;;AHP_APRENDIZAGEM_ESPECIALIZACAO_WORKLOAD;;;;;CONCLUIDA;True;0,9997460458431937;1,0;1,0;0,9983739837398318;0,6586441863669917;0,1851740071976712;0,1559278522785308
Societário;Gestão de Advisors e Governança da Operação;;Caim;2026-01-08 09:02:00;2026-01-15 09:02:00.000000000;2026-01-16 09:01:59.999999999;3,0;;8,0;2026-01-16 09:01:59.999999999;;AHP_APRENDIZAGEM_ESPECIALIZACAO_WORKLOAD;;;;;CONCLUIDA;True;0,9237982648005532;1,0;1,0;0,5120959544606359;0,6586441863669917;0,1851740071976712;0,07998007123589025
Societário;Gestão de Advisors e Governança da Operação;;Caim;2026-01-08 09:03:00;2026-01-16 09:01:59.999999999;2026-01-19 09:01:59.999999999;3,0;;8,0;2026-01-19 09:01:59.999999999;;AHP_APRENDIZAGEM_ESPECIALIZACAO_WORKLOAD;;;;;CONCLUIDA;True;0,9085710815923426;1,0;1,0;0,4145994306608872;0,6586441863669917;0,1851740071976712;0,06475288802767966
Direito digital;Apoio em planos de resposta a incidentes;;Eva;2026-01-08 09:04:00;2026-01-08 09:04:00.000000000;2026-01-08 11:04:00.000000000;1,0;;2,0;2026-01-08 11:04:00.000000000;;AHP_APRENDIZAGEM_ESPECIALIZACAO_WORKLOAD;;;;;CONCLUIDA;True;1,0;1,0;1,0;1,0;0,6586441863669917;0,1851740071976712;0,1561818064353371
Societário;Atos perante Junta Comercial;;Caim;2026-01-08 09:05:00;2026-01-19 09:01:59.999999999;2026-01-19 11:01:59.999999999;1,0;;2,0;2026-01-19 11:01:59.999999999;;AHP_APRENDIZAGEM_ESPECIALIZACAO_WORKLOAD;;;;;CONCLUIDA;True;0,8945764667001505;1,0;1,0;0,3249947884070773;0,6586441863669917;0,1851740071976712;0,05075827313548749
Societário;Gestão jurídica do encerramento de operações;;Caim;2026-01-08 09:06:00;2026-01-19 11:01:59.999999999;2026-01-19 13:01:59.999999999;1,0;;2,0;2026-01-19 13:01:59.999999999;;AHP_APRENDIZAGEM_ESPECIALIZACAO_WORKLOAD;;;;;CONCLUIDA;True;0,8906694796723611;1,0;1,0;0,29997915363525807;0,6586441863669917;0,1851740071976712;0,04685128610769813
Societário;Elaboração e negociação de  SPA;;Caim;2026-01-08 09:07:00;2026-01-19 13:01:59.999999999;2026-01-20 13:02:00.000000000;3,0;;8,0;2026-01-20 13:02:00.000000000;;AHP_APRENDIZAGEM_ESPECIALIZACAO_WORKLOAD;;;;;CONCLUIDA;True;0,8867624926445716;1,0;1,0;0,27496351886343867;0,6586441863669917;0,1851740071976712;0,042944299079908745
Contratos;Contrato de SaaS;;Adão;2026-01-08 09:08:00;2026-01-22 11:01:00.000000000;2026-01-23 11:01:00.000000000;3,0;;8,0;2026-01-23 11:01:00.000000000;;AHP_APRENDIZAGEM_ESPECIALIZACAO_WORKLOAD;;;;;CONCLUIDA;True;0,8438181935646629;1,0;1,0;0,0;0,6586441863669917;0,1851740071976712;0,0
Regulatório;Apoio jurídico em consultas públicas e audiências regulatórias;;Abraão;2026-01-08 09:09:00;2026-01-16 11:00:00.000000000;2026-01-19 11:00:00.000000000;3,0;;8,0;2026-01-19 11:00:00.000000000;;AHP_APRENDIZAGEM_ESPECIALIZACAO_WORKLOAD;;;;;CONCLUIDA;True;0,9148798796078362;1,0;1,0;0,4549933674419019;0,6586441863669917;0,1851740071976712;0,07106168604317334
Direito digital;Interface entre jurídico, TI e segurança da informação;;Eva;2026-01-08 09:10:00;2026-01-08 11:04:00.000000000;2026-01-08 13:04:00.000000000;1,0;;2,0;2026-01-08 13:04:00.000000000;;AHP_APRENDIZAGEM_ESPECIALIZACAO_WORKLOAD;;;;;CONCLUIDA;True;1,0;1,0;1,0;1,0;0,6586441863669917;0,1851740071976712;0,1561818064353371
Contratos;Letter of Intent;;Adão;2026-01-08 09:11:00;2026-01-23 11:01:00.000000000;2026-01-23 13:01:00.000000000;1,0;;2,0;2026-01-23 13:01:00.000000000;;AHP_APRENDIZAGEM_ESPECIALIZACAO_WORKLOAD;;;;;CONCLUIDA;True;0,8438181935646629;1,0;1,0;0,0;0,6586441863669917;0,1851740071976712;0,0
Societário;Gestão jurídica do encerramento de operações;;Caim;2026-01-08 09:12:00;2026-01-20 13:02:00.000000000;2026-01-20 15:02:00.000000000;1,0;;2,0;2026-01-20 15:02:00.000000000;;AHP_APRENDIZAGEM_ESPECIALIZACAO_WORKLOAD;;;;;CONCLUIDA;True;0,8864078504641432;1,0;1,0;0,27269281788665506;0,6586441863669917;0,1851740071976712;0,042589656899480195
Contratos;Contrato de Mútuo, Doação ou Comodato;;Adão;2026-01-08 09:13:00;2026-01-23 13:01:00.000000000;2026-01-26 13:01:00.000000000;3,0;;8,0;2026-01-26 13:01:00.000000000;;AHP_APRENDIZAGEM_ESPECIALIZACAO_WORKLOAD;;;;;CONCLUIDA;True;0,8438181935646629;1,0;1,0;0,0;0,6586441863669917;0,1851740071976712;0,0
Societário;Regularização societária;;Caim;2026-01-08 09:14:00;2026-01-20 15:02:00.000000000;2026-01-21 15:02:00.000000000;3,0;;8,0;2026-01-21 15:02:00.000000000;;AHP_APRENDIZAGEM_ESPECIALIZACAO_WORKLOAD;;;;;CONCLUIDA;True;0,8926233125112292;1,0;1,0;0,31248914364921687;0,6586441863669917;0,1851740071976712;0,048805118946566244
Societário;Aprovações regulatórias e concorrenciais;;Caim;2026-01-09 09:00:00;2026-01-21 15:02:00.000000000;2026-01-22 15:02:00.000000000;3,0;;8,0;2026-01-22 15:02:00.000000000;;AHP_APRENDIZAGEM_ESPECIALIZACAO_WORKLOAD;;;;;CONCLUIDA;True;0,8811309634778693;1,0;1,0;0,23890599529372702;0,6586441863669917;0,1851740071976712;0,03731276991320643
Trabalhista;Revisão de políticas internas e regulamentos;;Eva;2026-01-09 09:01:00;2026-01-09 09:01:00.000000000;2026-01-12 09:00:59.999999999;3,0;;8,0;2026-01-12 09:00:59.999999999;;AHP_APRENDIZAGEM_ESPECIALIZACAO_WORKLOAD;;;;;CONCLUIDA;True;1,0;1,0;1,0;1,0;0,6586441863669917;0,1851740071976712;0,1561818064353371
Concorrencial;Monitoramento regulatório e jurisprudencial;;Eva;2026-01-09 09:02:00;2026-01-12 09:00:59.999999999;2026-01-13 09:00:59.999999999;3,0;;8,0;2026-01-13 09:00:59.999999999;;AHP_APRENDIZAGEM_ESPECIALIZACAO_WORKLOAD;;;;;CONCLUIDA;True;0,9866259411039775;1,0;1,0;0,9143686502207304;0,6586441863669917;0,1851740071976712;0,14280774753931458
Societário;Closing da operação;;Caim;2026-01-09 09:03:00;2026-01-22 15:02:00.000000000;2026-01-23 09:02:00.000000000;1,0;;2,0;2026-01-23 09:02:00.000000000;;AHP_APRENDIZAGEM_ESPECIALIZACAO_WORKLOAD;;;;;CONCLUIDA;True;0,8675911499510655;1,0;1,0;0,1522133526880745;0,6586441863669917;0,1851740071976712;0,023772956386402554
Contratos;Contrato de Joint Venture;;Adão;2026-01-09 09:04:00;2026-01-26 13:01:00.000000000;2026-01-29 13:00:59.999999999;5,0;;24,0;2026-01-29 13:00:59.999999999;;AHP_APRENDIZAGEM_ESPECIALIZACAO_WORKLOAD;;;;;CONCLUIDA;True;0,8438181935646629;1,0;1,0;0,0;0,6586441863669917;0,1851740071976712;0,0
Contratos;Contrato de compra e venda;;Adão;2026-01-09 09:05:00;2026-01-29 13:00:59.999999999;2026-01-30 13:01:00.000000000;3,0;;8,0;2026-01-30 13:01:00.000000000;;AHP_APRENDIZAGEM_ESPECIALIZACAO_WORKLOAD;;;;;CONCLUIDA;True;0,8438181935646629;1,0;1,0;0,0;0,6586441863669917;0,1851740071976712;0,0
Contratos;Contratos Financeiros ou Bancários;;Adão;2026-01-09 09:06:00;2026-01-30 13:01:00.000000000;2026-02-02 13:01:00.000000000;3,0;;8,0;2026-02-02 13:01:00.000000000;;AHP_APRENDIZAGEM_ESPECIALIZACAO_WORKLOAD;;;;;CONCLUIDA;True;0,8438181935646629;1,0;1,0;0,0;0,6586441863669917;0,1851740071976712;0,0
Societário;Aumento e redução de capital;;Caim;2026-01-09 09:07:00;2026-01-23 09:02:00.000000000;2026-01-23 11:02:00.000000000;1,0;;2,0;2026-01-23 11:02:00.000000000;;AHP_APRENDIZAGEM_ESPECIALIZACAO_WORKLOAD;;;;;CONCLUIDA;True;0,9053868303536441;1,0;1,0;0,3942113245723795;0,6586441863669917;0,1851740071976712;0,061568636788981224
Regulatório;Monitoramento contínuo de normas da CVM, BCB, CMN e circulares associadas;;Abraão;2026-01-09 09:08:00;2026-01-19 11:00:00.000000000;2026-01-19 13:00:00.000000000;1,0;;2,0;2026-01-19 13:00:00.000000000;;AHP_APRENDIZAGEM_ESPECIALIZACAO_WORKLOAD;;;;;CONCLUIDA;True;0,9409580658432642;1,0;1,0;0,6219666329625885;0,6586441863669917;0,1851740071976712;0,09713987227860135
Direito financeiro;Estratégias de prevenção de litígios;;Abraão;2026-01-09 09:09:00;2026-01-19 13:00:00.000000000;2026-01-21 13:00:00.000000000;4,0;;16,0;2026-01-21 13:00:00.000000000;;AHP_APRENDIZAGEM_ESPECIALIZACAO_WORKLOAD;;;;;CONCLUIDA;True;0,9385892821258426;1,0;1,0;0,606799797775531;0,6586441863669917;0,1851740071976712;0,09477108856117968
Concorrencial;Relacionamento CADE;;Eva;2026-01-09 09:10:00;2026-01-13 09:00:59.999999999;2026-01-13 11:00:59.999999999;1,0;;2,0;2026-01-13 11:00:59.999999999;;AHP_APRENDIZAGEM_ESPECIALIZACAO_WORKLOAD;;;;;CONCLUIDA;True;0,9812250160640371;1,0;1,0;0,8797876374689251;0,6586441863669917;0,1851740071976712;0,1374068224993742
Societário;Gestão de conflitos societários;;Caim;2026-01-09 09:11:00;2026-01-23 11:02:00.000000000;2026-01-23 13:02:00.000000000;1,0;;2,0;2026-01-23 13:02:00.000000000;;AHP_APRENDIZAGEM_ESPECIALIZACAO_WORKLOAD;;;;;CONCLUIDA;True;0,9030330149935099;1,0;1,0;0,37914032869995773;0,6586441863669917;0,1851740071976712;0,05921482142884688
Direito digital;Revisão jurídica de contratos com provedores de tecnologia e SaaS;;Eva;2026-01-09 09:12:00;2026-01-13 11:00:59.999999999;2026-01-14 11:01:00.000000000;3,0;;8,0;2026-01-14 11:01:00.000000000;;AHP_APRENDIZAGEM_ESPECIALIZACAO_WORKLOAD;;;;;CONCLUIDA;True;0,9788900807843252;1,0;1,0;0,8648375268702322;0,6586441863669917;0,1851740071976712;0,13507188721966226
Societário;Atos perante Junta Comercial;;Caim;2026-01-09 09:13:00;2026-01-23 13:02:00.000000000;2026-01-23 15:02:00.000000000;1,0;;2,0;2026-01-23 15:02:00.000000000;;AHP_APRENDIZAGEM_ESPECIALIZACAO_WORKLOAD;;;;;CONCLUIDA;True;0,9006780090338004;1,0;1,0;0,3640617096632102;0,6586441863669917;0,1851740071976712;0,0568598154691374
Regulatório;Assessoria em relações com investidores (RI);;Abraão;2026-01-09 09:14:00;2026-01-21 13:00:00.000000000;2026-01-21 15:00:00.000000000;1,0;;2,0;2026-01-21 15:00:00.000000000;;AHP_APRENDIZAGEM_ESPECIALIZACAO_WORKLOAD;;;;;CONCLUIDA;True;0,9196869577632376;1,0;1,0;0,48577210067029214;0,6586441863669917;0,1851740071976712;0,07586876419857466
Societário;Suporte jurídico às negociações comerciais;;Caim;2026-01-12 09:00:00;2026-01-23 15:02:00.000000000;2026-01-26 15:02:00.000000000;3,0;;8,0;2026-01-26 15:02:00.000000000;;AHP_APRENDIZAGEM_ESPECIALIZACAO_WORKLOAD;;;;;CONCLUIDA;True;0,9017278298979595;1,0;1,0;0,3707834968426528;0,6586441863669917;0,1851740071976712;0,057909636333296634
Societário;Due diligence;;Jacó;2026-01-12 09:01:00;2026-01-20 13:05:59.999999999;2026-01-23 13:06:00.000000000;5,0;;24,0;2026-01-23 13:06:00.000000000;;AHP_APRENDIZAGEM_ESPECIALIZACAO_WORKLOAD;;;;;CONCLUIDA;True;0,8944441282319648;0,9538906951792789;0,948234154367218;0,579973118278629;0,6282745608094003;0,1755883181258729;0,0905812492966917
Societário;Atos perante Junta Comercial;;Caim;2026-01-12 09:02:00;2026-01-26 15:02:00.000000000;2026-01-27 09:02:00.000000000;1,0;;2,0;2026-01-27 09:02:00.000000000;;AHP_APRENDIZAGEM_ESPECIALIZACAO_WORKLOAD;;;;;CONCLUIDA;True;0,8916657990044977;1,0;1,0;0,3063583815035766;0,6586441863669917;0,1851740071976712;0,04784760543983476
Direito digital;Comunicação de incidentes às autoridades competentes;;Eva;2026-01-12 09:03:00;2026-01-14 11:01:00.000000000;2026-01-14 13:01:00.000000000;1,0;;2,0;2026-01-14 13:01:00.000000000;;AHP_APRENDIZAGEM_ESPECIALIZACAO_WORKLOAD;;;;;CONCLUIDA;True;0,9773643469568342;1,0;1,0;0,8550685668209533;0,6586441863669917;0,1851740071976712;0,13354615339217124
Contratos;Contrato de Escrow de Código-Fonte;;Adão;2026-01-12 09:04:00;2026-02-02 13:01:00.000000000;2026-02-03 13:01:00.000000000;3,0;;8,0;2026-02-03 13:01:00.000000000;;AHP_APRENDIZAGEM_ESPECIALIZACAO_WORKLOAD;;;;;CONCLUIDA;True;0,8438181935646629;1,0;1,0;0,0;0,6586441863669917;0,1851740071976712;0,0
Societário;Estruturação jurídica de carve-outs, spin-offs e alienação de ativos;;Caim;2026-01-12 09:05:00;2026-01-27 09:02:00.000000000;2026-01-30 09:01:59.999999999;5,0;;24,0;2026-01-30 09:01:59.999999999;;AHP_APRENDIZAGEM_ESPECIALIZACAO_WORKLOAD;;;;;CONCLUIDA;True;0,8958853723397668;1,0;1,0;0,33337544214319803;0,6586441863669917;0,1851740071976712;0,05206717877510388
Societário;Aprovações regulatórias e concorrenciais;;Jacó;2026-01-12 09:06:00;2026-01-23 13:06:00.000000000;2026-01-26 13:05:59.999999999;3,0;;8,0;2026-01-26 13:05:59.999999999;;AHP_APRENDIZAGEM_ESPECIALIZACAO_WORKLOAD;;;;;CONCLUIDA;True;0,8700650217765942;0,9538906951792789;0,948234154367218;0,42387871130643057;0,6282745608094003;0,1755883181258729;0,06620214284132107
Contratos;Contrato de Representação Comercial;;Adão;2026-01-12 09:07:00;2026-02-03 13:01:00.000000000;2026-02-04 13:01:00.000000000;3,0;;8,0;2026-02-04 13:01:00.000000000;;AHP_APRENDIZAGEM_ESPECIALIZACAO_WORKLOAD;;;;;CONCLUIDA;True;0,8438181935646629;1,0;1,0;0,0;0,6586441863669917;0,1851740071976712;0,0
Contratos;Contratos Administrativos;;Adão;2026-01-12 09:08:00;2026-02-04 13:01:00.000000000;2026-02-05 13:01:00.000000000;3,0;;8,0;2026-02-05 13:01:00.000000000;;AHP_APRENDIZAGEM_ESPECIALIZACAO_WORKLOAD;;;;;CONCLUIDA;True;0,8438181935646629;1,0;1,0;0,0;0,6586441863669917;0,1851740071976712;0,0
Societário;Due diligence societária;;Caim;2026-01-12 09:09:00;2026-01-30 09:01:59.999999999;2026-02-04 09:01:59.999999999;5,0;;24,0;2026-02-04 09:01:59.999999999;;AHP_APRENDIZAGEM_ESPECIALIZACAO_WORKLOAD;;;;;CONCLUIDA;True;0,8818250150360928;1,0;1,0;0,24334986474346879;0,6586441863669917;0,1851740071976712;0,038006821471429905
Governança;Avaliação periódica da efetividade da governança;;Esaú;2026-01-12 09:10:00;2026-01-12 09:10:00.000000000;2026-01-13 09:10:00.000000000;3,0;;8,0;2026-01-13 09:10:00.000000000;;AHP_APRENDIZAGEM_ESPECIALIZACAO_WORKLOAD;;;;;CONCLUIDA;True;1,0;1,0;1,0;1,0;0,6586441863669917;0,1851740071976712;0,1561818064353371
Societário;SPA / SHA e documentos correlatos;;Jacó;2026-01-12 09:11:00;2026-01-26 13:05:59.999999999;2026-01-26 15:05:59.999999999;1,0;;2,0;2026-01-26 15:05:59.999999999;;AHP_APRENDIZAGEM_ESPECIALIZACAO_WORKLOAD;;;;;CONCLUIDA;True;0,875243790349658;0,9538906951792789;0,948234154367218;0,4570373018699739;0,6282745608094003;0,1755883181258729;0,07138091141438499
Societário;Suporte jurídico às negociações comerciais;;Jacó;2026-01-12 09:12:00;2026-01-26 15:05:59.999999999;2026-01-27 15:06:00.000000000;3,0;;8,0;2026-01-27 15:06:00.000000000;;AHP_APRENDIZAGEM_ESPECIALIZACAO_WORKLOAD;;;;;CONCLUIDA;True;0,8730102285844004;0,9538906951792789;0,948234154367218;0,44273626504477565;0,6282745608094003;0,1755883181258729;0,06914734964912725
Societário;Consolidação das versões finais dos documentos;;Jacó;2026-01-12 09:13:00;2026-01-27 15:06:00.000000000;2026-01-28 09:06:00.000000000;1,0;;2,0;2026-01-28 09:06:00.000000000;;AHP_APRENDIZAGEM_ESPECIALIZACAO_WORKLOAD;;;;;CONCLUIDA;True;0,8640759815233694;0,9538906951792789;0,948234154367218;0,3855321177439827;0,6282745608094003;0,1755883181258729;0,060213102588096305
Societário;Consolidação das versões finais dos documentos;;Jacó;2026-01-12 09:14:00;2026-01-28 09:06:00.000000000;2026-01-28 11:06:00.000000000;1,0;;2,0;2026-01-28 11:06:00.000000000;;AHP_APRENDIZAGEM_ESPECIALIZACAO_WORKLOAD;;;;;CONCLUIDA;True;0,8618424197581116;0,9538906951792789;0,948234154367218;0,3712310809187845;0,6282745608094003;0,1755883181258729;0,057979540822838564
Societário;Acordo de Sócios / Acionistas;;Jacó;2026-01-13 09:00:00;2026-01-28 11:06:00.000000000;2026-01-29 11:05:59.999999999;3,0;;8,0;2026-01-29 11:05:59.999999999;;AHP_APRENDIZAGEM_ESPECIALIZACAO_WORKLOAD;;;;;CONCLUIDA;True;0,8995641726222438;1,0;1,0;0,35693004409358625;0,6586441863669917;0,1851740071976712;0,05574597905758082
Societário;Elaboração e negociação de  SHA;;Jacó;2026-01-13 09:01:00;2026-01-29 11:05:59.999999999;2026-01-30 11:05:59.999999999;3,0;;8,0;2026-01-30 11:05:59.999999999;;AHP_APRENDIZAGEM_ESPECIALIZACAO_WORKLOAD;;;;;CONCLUIDA;True;0,8906299255612128;1,0;1,0;0,29972589679279327;0,6586441863669917;0,1851740071976712;0,046811731996549866
Contratos;Contrato de Manutenção de Sistemas;;Adão;2026-01-13 09:02:00;2026-02-05 13:01:00.000000000;2026-02-06 13:01:00.000000000;3,0;;8,0;2026-02-06 13:01:00.000000000;;AHP_APRENDIZAGEM_ESPECIALIZACAO_WORKLOAD;;;;;CONCLUIDA;True;0,8438181935646629;1,0;1,0;0,0;0,6586441863669917;0,1851740071976712;0,0
Societário;Elaboração e negociação de LOI;;Jacó;2026-01-13 09:03:00;2026-01-30 11:05:59.999999999;2026-02-02 11:05:59.999999999;3,0;;8,0;2026-02-02 11:05:59.999999999;;AHP_APRENDIZAGEM_ESPECIALIZACAO_WORKLOAD;;;;;CONCLUIDA;True;0,8880969945096531;1,0;1,0;0,28350805996934497;0,6586441863669917;0,1851740071976712;0,04427880094499018
Direito digital;Análise de cláusulas de tratamento, compartilhamento e transferência de dados;;Eva;2026-01-13 09:04:00;2026-01-14 13:01:00.000000000;2026-01-15 09:00:59.999999999;2,0;;4,0;2026-01-15 09:00:59.999999999;;AHP_APRENDIZAGEM_ESPECIALIZACAO_WORKLOAD;;;;;CONCLUIDA;True;0,9874822157171537;1,0;1,0;0,9198512005428171;0,6586441863669917;0,1851740071976712;0,14366402215249072
Trabalhista;Análise jurídica de bônus, comissões e PLR;;Eva;2026-01-13 09:05:00;2026-01-15 09:00:59.999999999;2026-01-15 11:00:59.999999999;1,0;;2,0;2026-01-15 11:00:59.999999999;;AHP_APRENDIZAGEM_ESPECIALIZACAO_WORKLOAD;;;;;CONCLUIDA;True;0,9832568033009039;1,0;1,0;0,8927967534680286;0,6586441863669917;0,1851740071976712;0,13943860973624103
Propriedade intelectual;Elaboração e revisão de NDAs;;Esaú;2026-01-13 09:06:00;2026-01-13 09:10:00.000000000;2026-01-14 09:10:00.000000000;3,0;;8,0;2026-01-14 09:10:00.000000000;;AHP_APRENDIZAGEM_ESPECIALIZACAO_WORKLOAD;;;;;CONCLUIDA;True;1,0;1,0;1,0;1,0;0,6586441863669917;0,1851740071976712;0,1561818064353371
Societário;Estruturação societária internacional;;Jacó;2026-01-13 09:07:00;2026-02-02 11:05:59.999999999;2026-02-05 11:06:00.000000000;5,0;;24,0;2026-02-05 11:06:00.000000000;;AHP_APRENDIZAGEM_ESPECIALIZACAO_WORKLOAD;;;;;CONCLUIDA;True;0,8816956785001818;1,0;1,0;0,2425217494920005;0,6586441863669917;0,1851740071976712;0,037877484935518936
Societário;Regularização societária;;Jacó;2026-01-13 09:08:00;2026-02-05 11:06:00.000000000;2026-02-06 11:05:59.999999999;3,0;;8,0;2026-02-06 11:05:59.999999999;;AHP_APRENDIZAGEM_ESPECIALIZACAO_WORKLOAD;;;;;CONCLUIDA;True;0,854892937317089;1,0;1,0;0,07090930758962165;0,6586441863669917;0,1851740071976712;0,011074743752426069
Regulatório;Elaboração de defesas, manifestações e recursos;;Abraão;2026-01-13 09:09:00;2026-01-21 15:00:00.000000000;2026-01-23 15:00:00.000000000;4,0;;16,0;2026-01-23 15:00:00.000000000;;AHP_APRENDIZAGEM_ESPECIALIZACAO_WORKLOAD;;;;;CONCLUIDA;True;0,9488142095461769;1,0;1,0;0,6722679060892073;0,6586441863669917;0,1851740071976712;0,10499601598151395
Contratos;Contrato de Desenvolvimento de Software;;Adão;2026-01-13 09:10:00;2026-02-06 13:01:00.000000000;2026-02-09 13:01:00.000000000;3,0;;8,0;2026-02-09 13:01:00.000000000;;AHP_APRENDIZAGEM_ESPECIALIZACAO_WORKLOAD;;;;;CONCLUIDA;True;0,8438181935646629;1,0;1,0;0,0;0,6586441863669917;0,1851740071976712;0,0
Contratos;Contrato de prestação de serviços;;Adão;2026-01-13 09:11:00;2026-02-09 13:01:00.000000000;2026-02-10 13:01:00.000000000;3,0;;8,0;2026-02-10 13:01:00.000000000;;AHP_APRENDIZAGEM_ESPECIALIZACAO_WORKLOAD;;;;;CONCLUIDA;True;0,8438181935646629;1,0;1,0;0,0;0,6586441863669917;0,1851740071976712;0,0
Contratos;Contrato de Locação;;Adão;2026-01-13 09:12:00;2026-02-10 13:01:00.000000000;2026-02-11 13:01:00.000000000;3,0;;8,0;2026-02-11 13:01:00.000000000;;AHP_APRENDIZAGEM_ESPECIALIZACAO_WORKLOAD;;;;;CONCLUIDA;True;0,8438181935646629;1,0;1,0;0,0;0,6586441863669917;0,1851740071976712;0,0
Societário;Aumento e redução de capital;;Jacó;2026-01-13 09:13:00;2026-02-06 11:05:59.999999999;2026-02-06 13:05:59.999999999;1,0;;2,0;2026-02-06 13:05:59.999999999;;AHP_APRENDIZAGEM_ESPECIALIZACAO_WORKLOAD;;;;;CONCLUIDA;True;0,8685219580855416;1,0;1,0;0,15817312582504015;0,6586441863669917;0,1851740071976712;0,024703764520878642
Contratos;Contrato de Cessão de Direitos Autorais;;Adão;2026-01-13 09:14:00;2026-02-11 13:01:00.000000000;2026-02-12 13:01:00.000000000;3,0;;8,0;2026-02-12 13:01:00.000000000;;AHP_APRENDIZAGEM_ESPECIALIZACAO_WORKLOAD;;;;;CONCLUIDA;True;0,8438181935646629;1,0;1,0;0,0;0,6586441863669917;0,1851740071976712;0,0
Regulatório;Monitoramento contínuo de normas da CVM, BCB, CMN e circulares associadas;;Abraão;2026-01-14 09:00:00;2026-01-23 15:00:00.000000000;2026-01-23 17:00:00.000000000;1,0;;2,0;2026-01-23 17:00:00.000000000;;AHP_APRENDIZAGEM_ESPECIALIZACAO_WORKLOAD;;;;;CONCLUIDA;True;0,9438042380103675;1,0;1,0;0,6401900882552614;0,6586441863669917;0,1851740071976712;0,09998604444570461
Direito financeiro;Apoio a programas de prevenção à lavagem de dinheiro (PLD/FT);;Abraão;2026-01-14 09:01:00;2026-01-26 09:00:00.000000000;2026-01-26 11:00:00.000000000;1,0;;2,0;2026-01-26 11:00:00.000000000;;AHP_APRENDIZAGEM_ESPECIALIZACAO_WORKLOAD;;;;;CONCLUIDA;True;0,9419865853314576;1,0;1,0;0,6285520318106876;0,6586441863669917;0,1851740071976712;0,09816839176679466
Direito digital;Apoio jurídico a squads de produto e tecnologia;;Eva;2026-01-14 09:02:00;2026-01-15 11:00:59.999999999;2026-01-15 13:00:59.999999999;1,0;;2,0;2026-01-15 13:00:59.999999999;;AHP_APRENDIZAGEM_ESPECIALIZACAO_WORKLOAD;;;;;CONCLUIDA;True;0,9910480605563685;1,0;1,0;0,9426825720104741;0,6586441863669917;0,1851740071976712;0,1472298669917056
Societário;Estruturação de regras de governança;;Jacó;2026-01-14 09:03:00;2026-02-06 13:05:59.999999999;2026-02-11 13:06:00.000000000;5,0;;24,0;2026-02-11 13:06:00.000000000;;AHP_APRENDIZAGEM_ESPECIALIZACAO_WORKLOAD;;;;;CONCLUIDA;True;0,8728249008989342;1,0;1,0;0,18572398409465615;0,6586441863669917;0,1851740071976712;0,029006707334271215
Governança;Avaliação periódica da efetividade da governança;;Esaú;2026-01-14 09:04:00;2026-01-14 09:10:00.000000000;2026-01-15 09:10:00.000000000;3,0;;8,0;2026-01-15 09:10:00.000000000;;AHP_APRENDIZAGEM_ESPECIALIZACAO_WORKLOAD;;;;;CONCLUIDA;True;1,0;1,0;1,0;1,0;0,6586441863669917;0,1851740071976712;0,1561818064353371
Regulatório;Tradução da norma para áreas de negócio, compliance e produto;;Abraão;2026-01-14 09:05:00;2026-01-26 11:00:00.000000000;2026-01-27 11:00:00.000000000;3,0;;8,0;2026-01-27 11:00:00.000000000;;AHP_APRENDIZAGEM_ESPECIALIZACAO_WORKLOAD;;;;;CONCLUIDA;True;0,9448732714545195;1,0;1,0;0,6470348896348287;0,6586441863669917;0,1851740071976712;0,10105507788985653
Governança;Acompanhamento de planos de mitigação;;Esaú;2026-01-14 09:06:00;2026-01-15 09:10:00.000000000;2026-01-15 11:10:00.000000000;1,0;;2,0;2026-01-15 11:10:00.000000000;;AHP_APRENDIZAGEM_ESPECIALIZACAO_WORKLOAD;;;;;CONCLUIDA;True;1,0;1,0;1,0;1,0;0,6586441863669917;0,1851740071976712;0,1561818064353371
Societário;Estruturação jurídica de carve-outs, spin-offs e alienação de ativos;;Caim;2026-01-14 09:07:00;2026-02-04 09:01:59.999999999;2026-02-09 09:01:59.999999999;5,0;;24,0;2026-02-09 09:01:59.999999999;;AHP_APRENDIZAGEM_ESPECIALIZACAO_WORKLOAD;;;;;CONCLUIDA;True;0,8526980514374628;0,9552884354257765;0,9360928626473086;0,32118216455565857;0,629195174296807;0,17334006648554134;0,05016281065511446
Direito financeiro;Estruturação jurídica de debêntures, CRI, CRA, notas comerciais;;Abraão;2026-01-14 09:08:00;2026-01-27 11:00:00.000000000;2026-01-30 11:00:00.000000000;5,0;;24,0;2026-01-30 11:00:00.000000000;;AHP_APRENDIZAGEM_ESPECIALIZACAO_WORKLOAD;;;;;CONCLUIDA;True;0,9384021914687117;1,0;1,0;0,6056018947585212;0,6586441863669917;0,1851740071976712;0,09458399790404876
Contratos;Contrato de Locação;;Adão;2026-01-14 09:09:00;2026-02-12 13:01:00.000000000;2026-02-13 13:01:00.000000000;3,0;;8,0;2026-02-13 13:01:00.000000000;;AHP_APRENDIZAGEM_ESPECIALIZACAO_WORKLOAD;;;;;CONCLUIDA;True;0,8438181935646629;1,0;1,0;0,0;0,6586441863669917;0,1851740071976712;0,0
Regulatório;Análise de risco sancionador e reputacional;;Abraão;2026-01-14 09:10:00;2026-01-30 11:00:00.000000000;2026-01-30 13:00:00.000000000;1,0;;2,0;2026-01-30 13:00:00.000000000;;AHP_APRENDIZAGEM_ESPECIALIZACAO_WORKLOAD;;;;;CONCLUIDA;True;0,9192348032661931;1,0;1,0;0,48287704837601797;0,6586441863669917;0,1851740071976712;0,07541660970153015
Societário;Estruturação de veículos societários (SPVs);;Jacó;2026-01-14 09:11:00;2026-02-11 13:06:00.000000000;2026-02-16 13:06:00.000000000;5,0;;24,0;2026-02-16 13:06:00.000000000;;AHP_APRENDIZAGEM_ESPECIALIZACAO_WORKLOAD;;;;;CONCLUIDA;True;0,8584540119481137;1,0;1,0;0,09371013639485817;0,6586441863669917;0,1851740071976712;0,014635818383450778
Concorrencial;Contencioso Administrativo Concorrencial;;Eva;2026-01-14 09:12:00;2026-01-15 13:00:59.999999999;2026-01-19 13:00:59.999999999;4,0;;16,0;2026-01-19 13:00:59.999999999;;AHP_APRENDIZAGEM_ESPECIALIZACAO_WORKLOAD;;;;;CONCLUIDA;True;0,998376153942083;1,0;1,0;0,9896028475084302;0,6586441863669917;0,1851740071976712;0,15455796037742006
Societário;Atualização de Contrato Social / Estatuto;;Jacó;2026-01-14 09:13:00;2026-02-16 13:06:00.000000000;2026-02-17 13:05:59.999999999;3,0;;8,0;2026-02-17 13:05:59.999999999;;AHP_APRENDIZAGEM_ESPECIALIZACAO_WORKLOAD;;;;;CONCLUIDA;True;0,8438181935646629;1,0;1,0;0,0;0,6586441863669917;0,1851740071976712;0,0
Regulatório;Resposta a ofícios, exigências e questionamentos da CVM e do BCB;;Abraão;2026-01-14 09:14:00;2026-01-30 13:00:00.000000000;2026-01-30 15:00:00.000000000;1,0;;2,0;2026-01-30 15:00:00.000000000;;AHP_APRENDIZAGEM_ESPECIALIZACAO_WORKLOAD;;;;;CONCLUIDA;True;0,9245410598165591;1,0;1,0;0,516851918250269;0,6586441863669917;0,1851740071976712;0,08072286625189619
Societário;Reorganizações societárias internas;;Caim;2026-01-15 09:00:00;2026-02-09 09:01:59.999999999;2026-02-12 09:01:59.999999999;5,0;;24,0;2026-02-12 09:01:59.999999999;;AHP_APRENDIZAGEM_ESPECIALIZACAO_WORKLOAD;;;;;CONCLUIDA;True;0,8875535793036369;1,0;1,0;0,28002868411617066;0,6586441863669917;0,1851740071976712;0,043735385738973925
Contratos;Contrato de Licenciamento de Software;;Adão;2026-01-15 09:01:00;2026-02-13 13:01:00.000000000;2026-02-17 13:00:59.999999999;4,0;;16,0;2026-02-17 13:00:59.999999999;;AHP_APRENDIZAGEM_ESPECIALIZACAO_WORKLOAD;;;;;CONCLUIDA;True;0,8573280038201399;1,0;1,0;0,0865005378271781;0,6586441863669917;0,1851740071976712;0,013509810255476887
Direito financeiro;Due diligence financeira e bancária;;Abraão;2026-01-15 09:02:00;2026-01-30 15:00:00.000000000;2026-02-04 15:00:00.000000000;5,0;;24,0;2026-02-04 15:00:00.000000000;;AHP_APRENDIZAGEM_ESPECIALIZACAO_WORKLOAD;;;;;CONCLUIDA;True;0,922861083411733;1,0;1,0;0,5060953746862674;0,6586441863669917;0,1851740071976712;0,07904288984707003
Societário;Avaliação de impactos (societário, contratual, regulatório, concorrencial, trabalhista, tributário);;Caim;2026-01-15 09:03:00;2026-02-12 09:01:59.999999999;2026-02-13 09:01:59.999999999;3,0;;8,0;2026-02-13 09:01:59.999999999;;AHP_APRENDIZAGEM_ESPECIALIZACAO_WORKLOAD;;;;;CONCLUIDA;True;0,8673938624459565;1,0;1,0;0,15095016134964748;0,6586441863669917;0,1851740071976712;0,023575668881293546
Societário;Gestão de earn-outs, ajustes de preço e garantias;;Caim;2026-01-15 09:04:00;2026-02-13 09:01:59.999999999;2026-02-13 11:01:59.999999999;1,0;;2,0;2026-02-13 11:01:59.999999999;;AHP_APRENDIZAGEM_ESPECIALIZACAO_WORKLOAD;;;;;CONCLUIDA;True;0,8606739568266518;1,0;1,0;0,1079239870936416;0,6586441863669917;0,1851740071976712;0,01685576326198895
Societário;Atos perante Junta Comercial;;Caim;2026-01-15 09:05:00;2026-02-13 11:01:59.999999999;2026-02-13 13:01:59.999999999;1,0;;2,0;2026-02-13 13:01:59.999999999;;AHP_APRENDIZAGEM_ESPECIALIZACAO_WORKLOAD;;;;;CONCLUIDA;True;0,8589939804218257;1,0;1,0;0,09716744352964019;0,6586441863669917;0,1851740071976712;0,015175786857162813
Societário;Reorganizações societárias internas;;Caim;2026-01-15 09:06:00;2026-02-13 13:01:59.999999999;2026-02-18 13:01:59.999999999;5,0;;24,0;2026-02-18 13:01:59.999999999;;AHP_APRENDIZAGEM_ESPECIALIZACAO_WORKLOAD;;;;;CONCLUIDA;True;0,8573140040169996;1,0;1,0;0,08641089996563889;0,6586441863669917;0,1851740071976712;0,013495810452336691
Contratos;Contrato de compra e venda;;Adão;2026-01-15 09:07:00;2026-02-17 13:00:59.999999999;2026-02-18 13:01:00.000000000;3,0;;8,0;2026-02-18 13:01:00.000000000;;AHP_APRENDIZAGEM_ESPECIALIZACAO_WORKLOAD;;;;;CONCLUIDA;True;0,8502765368326222;1,0;1,0;0,04135144429023576;0,6586441863669917;0,1851740071976712;0,006458343267959227
Societário;Análise jurídica preliminar e de estrutura da operação;;Caim;2026-01-15 09:08:00;2026-02-18 13:01:59.999999999;2026-02-23 13:01:59.999999999;5,0;;24,0;2026-02-23 13:01:59.999999999;;AHP_APRENDIZAGEM_ESPECIALIZACAO_WORKLOAD;;;;;CONCLUIDA;True;0,8438181935646629;1,0;1,0;0,0;0,6586441863669917;0,1851740071976712;0,0
Societário;Estruturação societária internacional;;Caim;2026-01-15 09:09:00;2026-02-23 13:01:59.999999999;2026-02-26 13:01:59.999999999;5,0;;24,0;2026-02-26 13:01:59.999999999;;AHP_APRENDIZAGEM_ESPECIALIZACAO_WORKLOAD;;;;;CONCLUIDA;True;0,8438181935646629;1,0;1,0;0,0;0,6586441863669917;0,1851740071976712;0,0
Societário;Integração societária;;Jacó;2026-01-15 09:10:00;2026-02-17 13:05:59.999999999;2026-02-17 15:05:59.999999999;1,0;;2,0;2026-02-17 15:05:59.999999999;;AHP_APRENDIZAGEM_ESPECIALIZACAO_WORKLOAD;;;;;CONCLUIDA;True;0,8467810698347241;0,9644894346490842;0,9472581739844376;0,23125689084806966;0,6352553589440059;0,17540759192744712;0,0361181189632711
Concorrencial;Monitoramento regulatório e jurisprudencial;;Eva;2026-01-15 09:11:00;2026-01-19 13:00:59.999999999;2026-01-20 13:01:00.000000000;3,0;;8,0;2026-01-20 13:01:00.000000000;;AHP_APRENDIZAGEM_ESPECIALIZACAO_WORKLOAD;;;;;CONCLUIDA;True;0,9884736277088041;1,0;1,0;0,9261990077188145;0,6586441863669917;0,1851740071976712;0,14465543414414117
Contratos;Contrato de Joint Venture;;Adão;2026-01-15 09:12:00;2026-02-18 13:01:00.000000000;2026-02-23 13:00:59.999999999;5,0;;24,0;2026-02-23 13:00:59.999999999;;AHP_APRENDIZAGEM_ESPECIALIZACAO_WORKLOAD;;;;;CONCLUIDA;True;0,8748242426508068;1,0;1,0;0,19852535832322507;0,6586441863669917;0,1851740071976712;0,031006049086143878
Societário;Gestão de Advisors e Governança da Operação;;Jacó;2026-01-15 09:13:00;2026-02-17 15:05:59.999999999;2026-02-18 15:06:00.000000000;3,0;;8,0;2026-02-18 15:06:00.000000000;;AHP_APRENDIZAGEM_ESPECIALIZACAO_WORKLOAD;;;;;CONCLUIDA;True;0,8454895995499762;0,9644894346490842;0,9472581739844376;0,2229878721049511;0,6352553589440059;0,17540759192744712;0,034826648678523184
Regulatório;Apoio jurídico em temas de capital mínimo e patrimônio de referência;;Abraão;2026-01-15 09:14:00;2026-02-04 15:00:00.000000000;2026-02-04 17:00:00.000000000;1,0;;2,0;2026-02-04 17:00:00.000000000;;AHP_APRENDIZAGEM_ESPECIALIZACAO_WORKLOAD;;;;;CONCLUIDA;True;0,925202346008349;1,0;1,0;0,5210859977943784;0,6586441863669917;0,1851740071976712;0,0813841524436861
Direito digital;Análise de risco jurídico digital;;Eva;2026-01-16 09:00:00;2026-01-20 13:01:00.000000000;2026-01-20 15:01:00.000000000;1,0;;2,0;2026-01-20 15:01:00.000000000;;AHP_APRENDIZAGEM_ESPECIALIZACAO_WORKLOAD;;;;;CONCLUIDA;True;0,9867550946528416;1,0;1,0;0,9151955938437547;0,6586441863669917;0,1851740071976712;0,1429369010881787
Governança;Benchmarking de melhores práticas;;Esaú;2026-01-16 09:01:00;2026-01-16 09:01:00.000000000;2026-01-16 11:01:00.000000000;1,0;;2,0;2026-01-16 11:01:00.000000000;;AHP_APRENDIZAGEM_ESPECIALIZACAO_WORKLOAD;;;;;CONCLUIDA;True;1,0;1,0;1,0;1,0;0,6586441863669917;0,1851740071976712;0,1561818064353371
Societário;Gestão de conflitos societários;;Caim;2026-01-16 09:02:00;2026-02-26 13:01:59.999999999;2026-02-26 15:01:59.999999999;1,0;;2,0;2026-02-26 15:01:59.999999999;;AHP_APRENDIZAGEM_ESPECIALIZACAO_WORKLOAD;;;;;CONCLUIDA;True;0,8438181935646629;1,0;1,0;0,0;0,6586441863669917;0,1851740071976712;0,0
Societário;Estruturação de regras de governança;;Caim;2026-01-16 09:03:00;2026-02-26 15:01:59.999999999;2026-03-03 15:02:00.000000000;5,0;;24,0;2026-03-03 15:02:00.000000000;;AHP_APRENDIZAGEM_ESPECIALIZACAO_WORKLOAD;;;;;CONCLUIDA;True;0,8438181935646629;1,0;1,0;0,0;0,6586441863669917;0,1851740071976712;0,0
Societário;Regularização societária;;Caim;2026-01-16 09:04:00;2026-03-03 15:02:00.000000000;2026-03-04 15:02:00.000000000;3,0;;8,0;2026-03-04 15:02:00.000000000;;AHP_APRENDIZAGEM_ESPECIALIZACAO_WORKLOAD;;;;;CONCLUIDA;True;0,8438181935646629;1,0;1,0;0,0;0,6586441863669917;0,1851740071976712;0,0
Governança;Política de Governaça Corporativa;;Esaú;2026-01-16 09:05:00;2026-01-16 11:01:00.000000000;2026-01-19 11:01:00.000000000;3,0;;8,0;2026-01-19 11:01:00.000000000;;AHP_APRENDIZAGEM_ESPECIALIZACAO_WORKLOAD;;;;;CONCLUIDA;True;1,0;1,0;1,0;1,0;0,6586441863669917;0,1851740071976712;0,1561818064353371
Contratos;Contrato de Representação Comercial;;Adão;2026-01-16 09:06:00;2026-02-23 13:00:59.999999999;2026-02-24 13:01:00.000000000;3,0;;8,0;2026-02-24 13:01:00.000000000;;AHP_APRENDIZAGEM_ESPECIALIZACAO_WORKLOAD;;;;;CONCLUIDA;True;0,8786665281715464;1,0;1,0;0,22312672264622258;0,6586441863669917;0,1851740071976712;0,03484833460688348
Societário;Gestão jurídica do encerramento de operações;;Caim;2026-01-16 09:07:00;2026-03-04 15:02:00.000000000;2026-03-05 09:02:00.000000000;1,0;;2,0;2026-03-05 09:02:00.000000000;;AHP_APRENDIZAGEM_ESPECIALIZACAO_WORKLOAD;;;;;CONCLUIDA;True;0,8438181935646629;1,0;1,0;0,0;0,6586441863669917;0,1851740071976712;0,0
Societário;Análise jurídica preliminar e de estrutura da operação;;Caim;2026-01-16 09:08:00;2026-03-05 09:02:00.000000000;2026-03-10 09:01:59.999999999;5,0;;24,0;2026-03-10 09:01:59.999999999;;AHP_APRENDIZAGEM_ESPECIALIZACAO_WORKLOAD;;;;;CONCLUIDA;True;0,8438181935646629;1,0;1,0;0,0;0,6586441863669917;0,1851740071976712;0,0
Contratos;Letter of Intent;;Adão;2026-01-16 09:09:00;2026-02-24 13:01:00.000000000;2026-02-24 15:01:00.000000000;1,0;;2,0;2026-02-24 15:01:00.000000000;;AHP_APRENDIZAGEM_ESPECIALIZACAO_WORKLOAD;;;;;CONCLUIDA;True;0,8853277337518469;1,0;1,0;0,26577705261956946;0,6586441863669917;0,1851740071976712;0,041509540187184
Regulatório;Apoio a ofertas públicas e privadas sob a ótica regulatória;;Abraão;2026-01-16 09:10:00;2026-02-05 09:00:00.000000000;2026-02-05 17:00:00.000000000;3,0;;8,0;2026-02-05 17:00:00.000000000;;AHP_APRENDIZAGEM_ESPECIALIZACAO_WORKLOAD;;;;;CONCLUIDA;True;0,944311143081478;1,0;1,0;0,6434356972200954;0,6586441863669917;0,1851740071976712;0,10049294951681512
Contratos;Contrato de Manutenção de Sistemas;;Adão;2026-01-16 09:11:00;2026-02-24 15:01:00.000000000;2026-02-25 15:01:00.000000000;3,0;;8,0;2026-02-25 15:01:00.000000000;;AHP_APRENDIZAGEM_ESPECIALIZACAO_WORKLOAD;;;;;CONCLUIDA;True;0,8842356169304345;1,0;1,0;0,25878445312069887;0,6586441863669917;0,1851740071976712;0,04041742336577156
Governança;Código de Conduta;;Esaú;2026-01-16 09:12:00;2026-01-19 11:01:00.000000000;2026-01-19 13:01:00.000000000;1,0;;2,0;2026-01-19 13:01:00.000000000;;AHP_APRENDIZAGEM_ESPECIALIZACAO_WORKLOAD;;;;;CONCLUIDA;True;1,0;1,0;1,0;1,0;0,6586441863669917;0,1851740071976712;0,1561818064353371
Societário;Regularização societária;;Caim;2026-01-16 09:13:00;2026-03-10 09:01:59.999999999;2026-03-11 09:01:59.999999999;3,0;;8,0;2026-03-11 09:01:59.999999999;;AHP_APRENDIZAGEM_ESPECIALIZACAO_WORKLOAD;;;;;CONCLUIDA;True;0,8438181935646629;1,0;1,0;0,0;0,6586441863669917;0,1851740071976712;0,0
Contratos;Contrato de Hosting;;Adão;2026-01-16 09:14:00;2026-02-25 15:01:00.000000000;2026-02-26 15:01:00.000000000;3,0;;8,0;2026-02-26 15:01:00.000000000;;AHP_APRENDIZAGEM_ESPECIALIZACAO_WORKLOAD;;;;;CONCLUIDA;True;0,8834051693297443;1,0;1,0;0,25346726785024964;0,6586441863669917;0,1851740071976712;0,03958697576508143
Societário;Closing da operação;;Jacó;2026-01-19 09:00:00;2026-02-18 15:06:00.000000000;2026-02-19 09:06:00.000000000;1,0;;2,0;2026-02-19 09:06:00.000000000;;AHP_APRENDIZAGEM_ESPECIALIZACAO_WORKLOAD;;;;;CONCLUIDA;True;0,9047541463521965;1,0;1,0;0,3901603789732228;0,6586441863669917;0,1851740071976712;0,06093595278753365
Contencioso;Contencioso Civil;;Jacó;2026-01-19 09:01:00;2026-02-19 09:06:00.000000000;2026-02-23 09:05:59.999999999;4,0;;16,0;2026-02-23 09:05:59.999999999;;AHP_APRENDIZAGEM_ESPECIALIZACAO_WORKLOAD;;;;;CONCLUIDA;True;0,9036844690065965;1,0;1,0;0,3833114548250512;0,6586441863669917;0,1851740071976712;0,05986627544193361
Societário;Consolidação das versões finais dos documentos;;Jacó;2026-01-19 09:02:00;2026-02-23 09:05:59.999999999;2026-02-23 11:05:59.999999999;1,0;;2,0;2026-02-23 11:05:59.999999999;;AHP_APRENDIZAGEM_ESPECIALIZACAO_WORKLOAD;;;;;CONCLUIDA;True;0,8951270502417962;1,0;1,0;0,32852006163967856;0,6586441863669917;0,1851740071976712;0,051308856677133294
Societário;Regularização societária;;Jacó;2026-01-19 09:03:00;2026-02-23 11:05:59.999999999;2026-02-24 11:05:59.999999999;3,0;;8,0;2026-02-24 11:05:59.999999999;;AHP_APRENDIZAGEM_ESPECIALIZACAO_WORKLOAD;;;;;CONCLUIDA;True;0,8940573728961961;1,0;1,0;0,32167113749150694;0,6586441863669917;0,1851740071976712;0,05023917933153325
Direito digital;Relacionamento ANPD;;Eva;2026-01-19 09:04:00;2026-01-20 15:01:00.000000000;2026-01-21 09:00:59.999999999;1,0;;2,0;2026-01-21 09:00:59.999999999;;AHP_APRENDIZAGEM_ESPECIALIZACAO_WORKLOAD;;;;;CONCLUIDA;True;0,9946516132721483;1,0;1,0;0,9657553792600935;0,6586441863669917;0,1851740071976712;0,15083341970748548
Societário;SPA / SHA e documentos correlatos;;Jacó;2026-01-19 09:05:00;2026-02-24 11:05:59.999999999;2026-02-24 13:05:59.999999999;1,0;;2,0;2026-02-24 13:05:59.999999999;;AHP_APRENDIZAGEM_ESPECIALIZACAO_WORKLOAD;;;;;CONCLUIDA;True;0,889778663513796;1,0;1,0;0,29427544089882074;0,6586441863669917;0,1851740071976712;0,0459604699491331
Regulatório;Interface com áreas de risco, tesouraria e controles internos;;Abraão;2026-01-19 09:06:00;2026-02-06 09:00:00.000000000;2026-02-06 11:00:00.000000000;1,0;;2,0;2026-02-06 11:00:00.000000000;;AHP_APRENDIZAGEM_ESPECIALIZACAO_WORKLOAD;;;;;CONCLUIDA;True;0,9422463373154779;1,0;1,0;0,6302151703666364;0,6586441863669917;0,1851740071976712;0,098428143750815
Societário;Acordo de Sócios / Acionistas;;Jacó;2026-01-19 09:07:00;2026-02-24 13:05:59.999999999;2026-02-25 13:05:59.999999999;3,0;;8,0;2026-02-25 13:05:59.999999999;;AHP_APRENDIZAGEM_ESPECIALIZACAO_WORKLOAD;;;;;CONCLUIDA;True;0,8887089861681959;1,0;1,0;0,28742651675064906;0,6586441863669917;0,1851740071976712;0,04489079260353305
Concorrencial;M&A Concorrencial;;Eva;2026-01-19 09:08:00;2026-01-21 09:00:59.999999999;2026-01-26 09:00:59.999999999;5,0;;24,0;2026-01-26 09:00:59.999999999;;AHP_APRENDIZAGEM_ESPECIALIZACAO_WORKLOAD;;;;;CONCLUIDA;True;0,9935819359265483;1,0;1,0;0,9589064551119219;0,6586441863669917;0,1851740071976712;0,14976374236188544
Contratos;Contratos de Seguros ou Previdência;;Adão;2026-01-19 09:09:00;2026-02-26 15:01:00.000000000;2026-02-27 15:01:00.000000000;3,0;;8,0;2026-02-27 15:01:00.000000000;;AHP_APRENDIZAGEM_ESPECIALIZACAO_WORKLOAD;;;;;CONCLUIDA;True;0,8791264599473442;1,0;1,0;0,2260715712575635;0,6586441863669917;0,1851740071976712;0,0353082663826813
Contratos;Contratos Financeiros ou Bancários;;Adão;2026-01-19 09:10:00;2026-02-27 15:01:00.000000000;2026-03-02 15:01:00.000000000;3,0;;8,0;2026-03-02 15:01:00.000000000;;AHP_APRENDIZAGEM_ESPECIALIZACAO_WORKLOAD;;;;;CONCLUIDA;True;0,874847750564944;1,0;1,0;0,19867587466487704;0,6586441863669917;0,1851740071976712;0,03102955700028112
Contencioso;Acordos, Mediação e Soluções Alternativas;;Jacó;2026-01-19 09:11:00;2026-02-25 13:05:59.999999999;2026-02-26 13:05:59.999999999;3,0;;8,0;2026-02-26 13:05:59.999999999;;AHP_APRENDIZAGEM_ESPECIALIZACAO_WORKLOAD;;;;;CONCLUIDA;True;0,8844302767857958;1,0;1,0;0,2600308201579628;0,6586441863669917;0,1851740071976712;0,040612083221132904
Societário;Estruturação de holdings e grupos;;Jacó;2026-01-19 09:12:00;2026-02-26 13:05:59.999999999;2026-03-03 13:06:00.000000000;5,0;;24,0;2026-03-03 13:06:00.000000000;;AHP_APRENDIZAGEM_ESPECIALIZACAO_WORKLOAD;;;;;CONCLUIDA;True;0,8801515674033956;1,0;1,0;0,23263512356527644;0,6586441863669917;0,1851740071976712;0,03633337383873273
Regulatório;Apoio a ofertas públicas e privadas sob a ótica regulatória;;Abraão;2026-01-19 09:13:00;2026-02-06 11:00:00.000000000;2026-02-09 11:00:00.000000000;3,0;;8,0;2026-02-09 11:00:00.000000000;;AHP_APRENDIZAGEM_ESPECIALIZACAO_WORKLOAD;;;;;CONCLUIDA;True;0,9411766599698779;1,0;1,0;0,6233662462184648;0,6586441863669917;0,1851740071976712;0,09735846640521496
Societário;Gestão de conflitos societários;;Jacó;2026-01-19 09:14:00;2026-03-03 13:06:00.000000000;2026-03-03 15:06:00.000000000;1,0;;2,0;2026-03-03 15:06:00.000000000;;AHP_APRENDIZAGEM_ESPECIALIZACAO_WORKLOAD;;;;;CONCLUIDA;True;0,8673154392561953;1,0;1,0;0,15044803378721763;0,6586441863669917;0,1851740071976712;0,023497245691532283
Societário;Análise jurídica preliminar e de estrutura da operação;;Jacó;2026-01-20 09:00:00;2026-03-03 15:06:00.000000000;2026-03-06 15:06:00.000000000;5,0;;24,0;2026-03-06 15:06:00.000000000;;AHP_APRENDIZAGEM_ESPECIALIZACAO_WORKLOAD;;;;;CONCLUIDA;True;0,8665559221258197;1,0;1,0;0,14558500173687447;0,6586441863669917;0,1851740071976712;0,022737728561156745
Societário;Aprovações regulatórias e concorrenciais;;Jacó;2026-01-20 09:01:00;2026-03-06 15:06:00.000000000;2026-03-09 15:06:00.000000000;3,0;;8,0;2026-03-09 15:06:00.000000000;;AHP_APRENDIZAGEM_ESPECIALIZACAO_WORKLOAD;;;;;CONCLUIDA;True;0,853542840502168;1,0;1,0;0,0622649152257779;0,6586441863669917;0,1851740071976712;0,009724646937505119
Direito digital;Análise de cláusulas de tratamento, compartilhamento e transferência de dados;;Eva;2026-01-20 09:02:00;2026-01-26 09:00:59.999999999;2026-01-26 13:00:59.999999999;2,0;;4,0;2026-01-26 13:00:59.999999999;;AHP_APRENDIZAGEM_ESPECIALIZACAO_WORKLOAD;;;;;CONCLUIDA;True;0,9826555042506128;1,0;1,0;0,8889467592592593;0,6586441863669917;0,1851740071976712;0,13883731068594984
Societário;Gestão de earn-outs, ajustes de preço e garantias;;Jacó;2026-01-20 09:03:00;2026-03-09 15:06:00.000000000;2026-03-10 09:06:00.000000000;1,0;;2,0;2026-03-10 09:06:00.000000000;;AHP_APRENDIZAGEM_ESPECIALIZACAO_WORKLOAD;;;;;CONCLUIDA;True;0,8492053315146637;1,0;1,0;0,03449273684916186;0,6586441863669917;0,1851740071976712;0,005387137950000818
Regulatório;Apoio jurídico em consultas públicas e audiências regulatórias;;Abraão;2026-01-20 09:04:00;2026-02-09 11:00:00.000000000;2026-02-10 11:00:00.000000000;3,0;;8,0;2026-02-10 11:00:00.000000000;;AHP_APRENDIZAGEM_ESPECIALIZACAO_WORKLOAD;;;;;CONCLUIDA;True;0,9382070361852087;1,0;1,0;0,6043523555967126;0,6586441863669917;0,1851740071976712;0,0943888426205458
Direito digital;Avaliação de bases legais para tratamento de dados;;Eva;2026-01-20 09:05:00;2026-01-26 13:00:59.999999999;2026-01-27 09:00:59.999999999;2,0;;4,0;2026-01-27 09:00:59.999999999;;AHP_APRENDIZAGEM_ESPECIALIZACAO_WORKLOAD;;;;;CONCLUIDA;True;0,9805100437185514;1,0;1,0;0,8752098165190716;0,6586441863669917;0,1851740071976712;0,13669185015388854
Societário;Avaliação de impactos (societário, contratual, regulatório, concorrencial, trabalhista, tributário);;Jacó;2026-01-20 09:06:00;2026-03-10 09:06:00.000000000;2026-03-11 09:05:59.999999999;3,0;;8,0;2026-03-11 09:05:59.999999999;;AHP_APRENDIZAGEM_ESPECIALIZACAO_WORKLOAD;;;;;CONCLUIDA;True;0,8481214199982021;1,0;1,0;0,027552674231110665;0,6586441863669917;0,1851740071976712;0,0043032264335392265
Regulatório;Interface com reguladores durante processos de autorização;;Abraão;2026-01-20 09:07:00;2026-02-10 11:00:00.000000000;2026-02-11 11:00:00.000000000;3,0;;8,0;2026-02-11 11:00:00.000000000;;AHP_APRENDIZAGEM_ESPECIALIZACAO_WORKLOAD;;;;;CONCLUIDA;True;0,9338990942495098;1,0;1,0;0,5767694889746482;0,6586441863669917;0,1851740071976712;0,09008090068484681
Societário;Estruturação societária internacional;;Jacó;2026-01-20 09:08:00;2026-03-11 09:05:59.999999999;2026-03-16 09:06:00.000000000;5,0;;24,0;2026-03-16 09:06:00.000000000;;AHP_APRENDIZAGEM_ESPECIALIZACAO_WORKLOAD;;;;;CONCLUIDA;True;0,8438181935646629;1,0;1,0;0,0;0,6586441863669917;0,1851740071976712;0,0
Governança;Benchmarking de melhores práticas;;Esaú;2026-01-20 09:09:00;2026-01-20 09:09:00.000000000;2026-01-20 11:09:00.000000000;1,0;;2,0;2026-01-20 11:09:00.000000000;;AHP_APRENDIZAGEM_ESPECIALIZACAO_WORKLOAD;;;;;CONCLUIDA;True;1,0;1,0;1,0;1,0;0,6586441863669917;0,1851740071976712;0,1561818064353371
Contratos;Contrato de Escrow de Código-Fonte;;Adão;2026-01-20 09:10:00;2026-03-02 15:01:00.000000000;2026-03-03 15:01:00.000000000;3,0;;8,0;2026-03-03 15:01:00.000000000;;AHP_APRENDIZAGEM_ESPECIALIZACAO_WORKLOAD;;;;;CONCLUIDA;True;0,8811483075403416;1,0;1,0;0,239017045760283;0,6586441863669917;0,1851740071976712;0,037330113975678626
Societário;Estruturação de holdings e grupos;;Jacó;2026-01-20 09:11:00;2026-03-16 09:06:00.000000000;2026-03-19 09:06:00.000000000;5,0;;24,0;2026-03-19 09:06:00.000000000;;AHP_APRENDIZAGEM_ESPECIALIZACAO_WORKLOAD;;;;;CONCLUIDA;True;0,8438181935646629;1,0;1,0;0,0;0,6586441863669917;0,1851740071976712;0,0
Societário;Gestão de earn-outs, ajustes de preço e garantias;;Jacó;2026-01-20 09:12:00;2026-03-19 09:06:00.000000000;2026-03-19 11:06:00.000000000;1,0;;2,0;2026-03-19 11:06:00.000000000;;AHP_APRENDIZAGEM_ESPECIALIZACAO_WORKLOAD;;;;;CONCLUIDA;True;0,8438181935646629;1,0;1,0;0,0;0,6586441863669917;0,1851740071976712;0,0
Governança;Política de Conflito de Interesses e de Partes Relacionadas;;Esaú;2026-01-20 09:13:00;2026-01-20 11:09:00.000000000;2026-01-21 11:09:00.000000000;3,0;;8,0;2026-01-21 11:09:00.000000000;;AHP_APRENDIZAGEM_ESPECIALIZACAO_WORKLOAD;;;;;CONCLUIDA;True;1,0;1,0;1,0;1,0;0,6586441863669917;0,1851740071976712;0,1561818064353371
Societário;Estruturação jurídica de carve-outs, spin-offs e alienação de ativos;;Jacó;2026-01-20 09:14:00;2026-03-19 11:06:00.000000000;2026-03-24 11:06:00.000000000;5,0;;24,0;2026-03-24 11:06:00.000000000;;AHP_APRENDIZAGEM_ESPECIALIZACAO_WORKLOAD;;;;;CONCLUIDA;True;0,8438181935646629;1,0;1,0;0,0;0,6586441863669917;0,1851740071976712;0,0
Contencioso;Prevenção de Litígios e Atuação Preventiva;;Jacó;2026-01-21 09:00:00;2026-03-24 11:06:00.000000000;2026-03-26 11:05:59.999999999;4,0;;16,0;2026-03-26 11:05:59.999999999;;AHP_APRENDIZAGEM_ESPECIALIZACAO_WORKLOAD;;;;;CONCLUIDA;True;0,8438181935646629;1,0;1,0;0,0;0,6586441863669917;0,1851740071976712;0,0
Societário;Atos perante Junta Comercial;;Jacó;2026-01-21 09:01:00;2026-03-26 11:05:59.999999999;2026-03-26 13:05:59.999999999;1,0;;2,0;2026-03-26 13:05:59.999999999;;AHP_APRENDIZAGEM_ESPECIALIZACAO_WORKLOAD;;;;;CONCLUIDA;True;0,8438181935646629;1,0;1,0;0,0;0,6586441863669917;0,1851740071976712;0,0
Societário;Gestão de conflitos societários;;Jacó;2026-01-21 09:02:00;2026-03-26 13:05:59.999999999;2026-03-26 15:05:59.999999999;1,0;;2,0;2026-03-26 15:05:59.999999999;;AHP_APRENDIZAGEM_ESPECIALIZACAO_WORKLOAD;;;;;CONCLUIDA;True;0,8438181935646629;1,0;1,0;0,0;0,6586441863669917;0,1851740071976712;0,0
Societário;Integração societária;;Jacó;2026-01-21 09:03:00;2026-03-26 15:05:59.999999999;2026-03-27 09:06:00.000000000;1,0;;2,0;2026-03-27 09:06:00.000000000;;AHP_APRENDIZAGEM_ESPECIALIZACAO_WORKLOAD;;;;;CONCLUIDA;True;0,8438181935646629;1,0;1,0;0,0;0,6586441863669917;0,1851740071976712;0,0
Contratos;Outros tipos contratuais;;Adão;2026-01-21 09:04:00;2026-03-03 15:01:00.000000000;2026-03-04 15:01:00.000000000;3,0;;8,0;2026-03-04 15:01:00.000000000;;AHP_APRENDIZAGEM_ESPECIALIZACAO_WORKLOAD;;;;;CONCLUIDA;True;0,9011697699460461;1,0;1,0;0,3672103536920486;0,6586441863669917;0,1851740071976712;0,057351576381383204
Societário;Due diligence societária;;Jacó;2026-01-21 09:05:00;2026-03-27 09:06:00.000000000;2026-04-01 09:06:00.000000000;5,0;;24,0;2026-04-01 09:06:00.000000000;;AHP_APRENDIZAGEM_ESPECIALIZACAO_WORKLOAD;;;;;CONCLUIDA;True;0,8438181935646629;1,0;1,0;0,0;0,6586441863669917;0,1851740071976712;0,0
Societário;Atualização de Contrato Social / Estatuto;;Jacó;2026-01-21 09:06:00;2026-04-01 09:06:00.000000000;2026-04-02 09:05:59.999999999;3,0;;8,0;2026-04-02 09:05:59.999999999;;AHP_APRENDIZAGEM_ESPECIALIZACAO_WORKLOAD;;;;;CONCLUIDA;True;0,8438181935646629;1,0;1,0;0,0;0,6586441863669917;0,1851740071976712;0,0
Concorrencial;Revisão concorrencial de documentos;;Eva;2026-01-21 09:07:00;2026-01-27 09:00:59.999999999;2026-01-28 09:00:59.999999999;3,0;;8,0;2026-01-28 09:00:59.999999999;;AHP_APRENDIZAGEM_ESPECIALIZACAO_WORKLOAD;;;;;CONCLUIDA;True;0,9877882275618027;1,0;1,0;0,9218105314766398;0,6586441863669917;0,1851740071976712;0,14397003399713978
Societário;Gestão de passivos;;Jacó;2026-01-21 09:08:00;2026-04-02 09:05:59.999999999;2026-04-02 11:05:59.999999999;1,0;;2,0;2026-04-02 11:05:59.999999999;;AHP_APRENDIZAGEM_ESPECIALIZACAO_WORKLOAD;;;;;CONCLUIDA;True;0,8438181935646629;1,0;1,0;0,0;0,6586441863669917;0,1851740071976712;0,0
Direito financeiro;Implementação de políticas internas de compliance financeiro;;Abraão;2026-01-21 09:09:00;2026-02-11 11:00:00.000000000;2026-02-12 11:00:00.000000000;3,0;;8,0;2026-02-12 11:00:00.000000000;;AHP_APRENDIZAGEM_ESPECIALIZACAO_WORKLOAD;;;;;CONCLUIDA;True;0,9535778677542486;1,0;1,0;0,7027686303207709;0,6586441863669917;0,1851740071976712;0,10975967418958561
Societário;Gestão jurídica do encerramento de operações;;Jacó;2026-01-21 09:10:00;2026-04-02 11:05:59.999999999;2026-04-02 13:05:59.999999999;1,0;;2,0;2026-04-02 13:05:59.999999999;;AHP_APRENDIZAGEM_ESPECIALIZACAO_WORKLOAD;;;;;CONCLUIDA;True;0,8438181935646629;1,0;1,0;0,0;0,6586441863669917;0,1851740071976712;0,0
Contratos;Contrato de SaaS;;Adão;2026-01-21 09:11:00;2026-03-04 15:01:00.000000000;2026-03-05 15:01:00.000000000;3,0;;8,0;2026-03-05 15:01:00.000000000;;AHP_APRENDIZAGEM_ESPECIALIZACAO_WORKLOAD;;;;;CONCLUIDA;True;0,9067901418198979;1,0;1,0;0,40319643940926553;0,6586441863669917;0,1851740071976712;0,06297194825523504
Societário;Estruturação de holdings e grupos;;Jacó;2026-01-21 09:12:00;2026-04-02 13:05:59.999999999;2026-04-07 13:06:00.000000000;5,0;;24,0;2026-04-07 13:06:00.000000000;;AHP_APRENDIZAGEM_ESPECIALIZACAO_WORKLOAD;;;;;EM_EXECUCAO;True;0,8438181935646629;1,0;1,0;0,0;0,6586441863669917;0,1851740071976712;0,0
Societário;SPA / SHA e documentos correlatos;;Jacó;2026-01-21 09:13:00;2026-04-07 13:06:00.000000000;2026-04-07 15:06:00.000000000;1,0;;2,0;2026-04-07 15:06:00.000000000;;AHP_APRENDIZAGEM_ESPECIALIZACAO_WORKLOAD;;;;;PENDENTE;True;0,8438181935646629;1,0;1,0;0,0;0,6586441863669917;0,1851740071976712;0,0
Societário;Due diligence societária;;Jacó;2026-01-21 09:14:00;2026-04-07 15:06:00.000000000;2026-04-10 15:06:00.000000000;5,0;;24,0;2026-04-10 15:06:00.000000000;;AHP_APRENDIZAGEM_ESPECIALIZACAO_WORKLOAD;;;;;PENDENTE;True;0,8438181935646629;1,0;1,0;0,0;0,6586441863669917;0,1851740071976712;0,0
Societário;Elaboração e negociação de  SPA;;Caim;2026-01-22 09:00:00;2026-03-11 09:01:59.999999999;2026-03-12 09:01:59.999999999;3,0;;8,0;2026-03-12 09:01:59.999999999;;AHP_APRENDIZAGEM_ESPECIALIZACAO_WORKLOAD;;;;;CONCLUIDA;True;0,862514210337564;0,9633141315591107;0,8932867598587851;0,4009395874623799;0,6344812523965757;0,16541348889967505;0,06261946904131332
Societário;Due diligence societária;;Caim;2026-01-22 09:01:00;2026-03-12 09:01:59.999999999;2026-03-17 09:01:59.999999999;5,0;;24,0;2026-03-17 09:01:59.999999999;;AHP_APRENDIZAGEM_ESPECIALIZACAO_WORKLOAD;;;;;CONCLUIDA;True;0,8597649114709859;0,9633141315591107;0,8932867598587851;0,38333639199853187;0,6344812523965757;0,16541348889967505;0,05987017017473521
Trabalhista;Apoio em programas de stock options e incentivos de longo prazo;;Eva;2026-01-22 09:02:00;2026-01-28 09:00:59.999999999;2026-01-28 11:00:59.999999999;1,0;;2,0;2026-01-28 11:00:59.999999999;;AHP_APRENDIZAGEM_ESPECIALIZACAO_WORKLOAD;;;;;CONCLUIDA;True;0,988998939709778;1,0;1,0;0,9295624724716145;0,6586441863669917;0,1851740071976712;0,14518074614511509
Societário;Acordo de Sócios / Acionistas;;Caim;2026-01-22 09:03:00;2026-03-17 09:01:59.999999999;2026-03-18 09:01:59.999999999;3,0;;8,0;2026-03-18 09:01:59.999999999;;AHP_APRENDIZAGEM_ESPECIALIZACAO_WORKLOAD;;;;;CONCLUIDA;True;0,8515139089776285;0,9633141315591107;0,8932867598587851;0,33050691920860403;0,6344812523965757;0,16541348889967505;0,051619167681377795
Contratos;Contratos Administrativos;;Adão;2026-01-22 09:04:00;2026-03-05 15:01:00.000000000;2026-03-06 15:01:00.000000000;3,0;;8,0;2026-03-06 15:01:00.000000000;;AHP_APRENDIZAGEM_ESPECIALIZACAO_WORKLOAD;;;;;CONCLUIDA;True;0,9153962661490981;1,0;1,0;0,4582996843109904;0,6586441863669917;0,1851740071976712;0,0715780725844352
Contratos;Contrato de Locação;;Adão;2026-01-22 09:05:00;2026-03-06 15:01:00.000000000;2026-03-09 15:01:00.000000000;3,0;;8,0;2026-03-09 15:01:00.000000000;;AHP_APRENDIZAGEM_ESPECIALIZACAO_WORKLOAD;;;;;CONCLUIDA;True;0,912646892447091;1,0;1,0;0,44069600969127415;0,6586441863669917;0,1851740071976712;0,06882869888242803
Contratos;Contrato de Cessão de Direitos Autorais;;Adão;2026-01-22 09:06:00;2026-03-09 15:01:00.000000000;2026-03-10 15:01:00.000000000;3,0;;8,0;2026-03-10 15:01:00.000000000;;AHP_APRENDIZAGEM_ESPECIALIZACAO_WORKLOAD;;;;;CONCLUIDA;True;0,9098973168821101;1,0;1,0;0,42309104258443475;0,6586441863669917;0,1851740071976712;0,06607912331744716
Contencioso;Estratégia processual;;Jacó;2026-01-22 09:07:00;2026-04-10 15:06:00.000000000;2026-04-13 09:06:00.000000000;1,0;;2,0;2026-04-13 09:06:00.000000000;;AHP_APRENDIZAGEM_ESPECIALIZACAO_WORKLOAD;;;;;PENDENTE;True;0,8438181935646629;1,0;1,0;0,0;0,6586441863669917;0,1851740071976712;0,0
Direito digital;Avaliação de riscos legais em plataformas e marketplaces;;Eva;2026-01-22 09:08:00;2026-01-28 11:00:59.999999999;2026-01-28 15:00:59.999999999;2,0;;4,0;2026-01-28 15:00:59.999999999;;AHP_APRENDIZAGEM_ESPECIALIZACAO_WORKLOAD;;;;;CONCLUIDA;True;0,9883939757116589;1,0;1,0;0,9256890123553134;0,6586441863669917;0,1851740071976712;0,14457578214699593
Regulatório;Análise de requisitos prudenciais e de liquidez;;Abraão;2026-01-22 09:09:00;2026-02-12 11:00:00.000000000;2026-02-12 13:00:00.000000000;1,0;;2,0;2026-02-12 13:00:00.000000000;;AHP_APRENDIZAGEM_ESPECIALIZACAO_WORKLOAD;;;;;CONCLUIDA;True;0,9582613156834174;1,0;1,0;0,7327557846255073;0,6586441863669917;0,1851740071976712;0,11444312211875454
Direito financeiro;Estruturação jurídica de debêntures, CRI, CRA, notas comerciais;;Abraão;2026-01-22 09:10:00;2026-02-12 13:00:00.000000000;2026-02-17 13:00:00.000000000;5,0;;24,0;2026-02-17 13:00:00.000000000;;AHP_APRENDIZAGEM_ESPECIALIZACAO_WORKLOAD;;;;;CONCLUIDA;True;0,9575803910727243;1,0;1,0;0,7283959643222694;0,6586441863669917;0,1851740071976712;0,1137621975080614
Concorrencial;Relacionamento CADE;;Eva;2026-01-22 09:11:00;2026-01-28 15:00:59.999999999;2026-01-29 09:00:59.999999999;1,0;;2,0;2026-01-29 09:00:59.999999999;;AHP_APRENDIZAGEM_ESPECIALIZACAO_WORKLOAD;;;;;CONCLUIDA;True;0,9870395649568411;1,0;1,0;0,9170169987211356;0,6586441863669917;0,1851740071976712;0,14322137139217817
Societário;Regularização societária;;Caim;2026-01-22 09:12:00;2026-03-18 09:01:59.999999999;2026-03-19 09:01:59.999999999;3,0;;8,0;2026-03-19 09:01:59.999999999;;AHP_APRENDIZAGEM_ESPECIALIZACAO_WORKLOAD;;;;;CONCLUIDA;True;0,8492489686424178;0,9633141315591107;0,8932867598587851;0,31600497185055204;0,6344812523965757;0,16541348889967505;0,04935422734616707
Contratos;Contrato de Manutenção de Sistemas;;Adão;2026-01-22 09:13:00;2026-03-10 15:01:00.000000000;2026-03-11 15:01:00.000000000;3,0;;8,0;2026-03-11 15:01:00.000000000;;AHP_APRENDIZAGEM_ESPECIALIZACAO_WORKLOAD;;;;;CONCLUIDA;True;0,9075687828547057;1,0;1,0;0,40818191788834857;0,6586441863669917;0,1851740071976712;0,06375058929004272
Societário;Gestão de passivos;;Caim;2026-01-22 09:14:00;2026-03-19 09:01:59.999999999;2026-03-19 11:01:59.999999999;1,0;;2,0;2026-03-19 11:01:59.999999999;;AHP_APRENDIZAGEM_ESPECIALIZACAO_WORKLOAD;;;;;CONCLUIDA;True;0,8465117443577487;0,9633141315591107;0,8932867598587851;0,2984790874524715;0,6344812523965757;0,16541348889967505;0,04661700306149796
Regulatório;Apoio a ofertas públicas e privadas sob a ótica regulatória;;Abraão;2026-01-23 09:00:00;2026-02-17 13:00:00.000000000;2026-02-18 13:00:00.000000000;3,0;;8,0;2026-02-18 13:00:00.000000000;;AHP_APRENDIZAGEM_ESPECIALIZACAO_WORKLOAD;;;;;CONCLUIDA;True;0,9512040774359581;1,0;1,0;0,6875697388975676;0,6586441863669917;0,1851740071976712;0,10738588387129518
Contencioso;Gestão de escritórios externos;;Jacó;2026-01-23 09:01:00;2026-04-13 09:06:00.000000000;2026-04-13 11:06:00.000000000;1,0;;2,0;2026-04-13 11:06:00.000000000;;AHP_APRENDIZAGEM_ESPECIALIZACAO_WORKLOAD;;;;;PENDENTE;True;0,8438181935646629;1,0;1,0;0,0;0,6586441863669917;0,1851740071976712;0,0
Direito digital;Apoio a litígios envolvendo dados, tecnologia e plataformas;;Eva;2026-01-23 09:02:00;2026-01-29 09:00:59.999999999;2026-02-02 09:00:59.999999999;4,0;;16,0;2026-02-02 09:00:59.999999999;;AHP_APRENDIZAGEM_ESPECIALIZACAO_WORKLOAD;;;;;CONCLUIDA;True;0,9889011669920453;1,0;1,0;0,9289364538593048;0,6586441863669917;0,1851740071976712;0,1450829734273824
Contencioso;Elaboração de recursos;;Jacó;2026-01-23 09:03:00;2026-04-13 11:06:00.000000000;2026-04-15 11:05:59.999999999;4,0;;16,0;2026-04-15 11:05:59.999999999;;AHP_APRENDIZAGEM_ESPECIALIZACAO_WORKLOAD;;;;;PENDENTE;True;0,8438181935646629;1,0;1,0;0,0;0,6586441863669917;0,1851740071976712;0,0
Governança;Monitoramento de aderência a políticas;;Esaú;2026-01-23 09:04:00;2026-01-23 09:04:00.000000000;2026-01-26 09:03:59.999999999;3,0;;8,0;2026-01-26 09:03:59.999999999;;AHP_APRENDIZAGEM_ESPECIALIZACAO_WORKLOAD;;;;;CONCLUIDA;True;1,0;1,0;1,0;1,0;0,6586441863669917;0,1851740071976712;0,1561818064353371
Societário;Gestão jurídica do encerramento de operações;;Caim;2026-01-23 09:05:00;2026-03-19 11:01:59.999999999;2026-03-19 13:01:59.999999999;1,0;;2,0;2026-03-19 13:01:59.999999999;;AHP_APRENDIZAGEM_ESPECIALIZACAO_WORKLOAD;;;;;CONCLUIDA;True;0,883616603057216;0,9914321345685793;0,970177464224339;0,3263116483673688;0,6530010116110118;0,17965164874329614;0,05096394270290818
Societário;Organização de livros societários;;Caim;2026-01-23 09:06:00;2026-03-19 13:01:59.999999999;2026-03-19 15:01:59.999999999;1,0;;2,0;2026-03-19 15:01:59.999999999;;AHP_APRENDIZAGEM_ESPECIALIZACAO_WORKLOAD;;;;;CONCLUIDA;True;0,882948117619822;0,9914321345685793;0,970177464224339;0,32203147353361944;0,6530010116110118;0,17965164874329614;0,05029545726551413
Direito financeiro;Apoio em auditorias internas e externas;;Abraão;2026-01-23 09:07:00;2026-02-18 13:00:00.000000000;2026-02-19 13:00:00.000000000;3,0;;8,0;2026-02-19 13:00:00.000000000;;AHP_APRENDIZAGEM_ESPECIALIZACAO_WORKLOAD;;;;;CONCLUIDA;True;0,9504345231052346;1,0;1,0;0,6826424407167638;0,6586441863669917;0,1851740071976712;0,1066163295405717
Contratos;Contrato de Mandato;;Adão;2026-01-23 09:08:00;2026-03-11 15:01:00.000000000;2026-03-12 15:01:00.000000000;3,0;;8,0;2026-03-12 15:01:00.000000000;;AHP_APRENDIZAGEM_ESPECIALIZACAO_WORKLOAD;;;;;CONCLUIDA;True;0,9095410261246365;1,0;1,0;0,42080978610773306;0,6586441863669917;0,1851740071976712;0,06572283255997358
Direito digital;Relacionamento ANPD;;Eva;2026-01-23 09:09:00;2026-02-02 09:00:59.999999999;2026-02-02 11:00:59.999999999;1,0;;2,0;2026-02-02 11:00:59.999999999;;AHP_APRENDIZAGEM_ESPECIALIZACAO_WORKLOAD;;;;;CONCLUIDA;True;0,9839555693357769;1,0;1,0;0,8972708087425928;0,6586441863669917;0,1851740071976712;0,14013737577111401
Societário;Estruturação jurídica de carve-outs, spin-offs e alienação de ativos;;Caim;2026-01-23 09:10:00;2026-03-19 15:01:59.999999999;2026-03-24 15:02:00.000000000;5,0;;24,0;2026-03-24 15:02:00.000000000;;AHP_APRENDIZAGEM_ESPECIALIZACAO_WORKLOAD;;;;;CONCLUIDA;True;0,8822849099025813;0,9914321345685793;0,970177464224339;0,3177850908570611;0,6530010116110118;0,17965164874329614;0,04963224954827353
Concorrencial;Avaliação de riscos concorrenciais;;Eva;2026-01-23 09:11:00;2026-02-02 11:00:59.999999999;2026-02-02 13:00:59.999999999;1,0;;2,0;2026-02-02 13:00:59.999999999;;AHP_APRENDIZAGEM_ESPECIALIZACAO_WORKLOAD;;;;;CONCLUIDA;True;0,98329516718873;1,0;1,0;0,8930423895552375;0,6586441863669917;0,1851740071976712;0,13947697362406702
Societário;Avaliação de impactos (societário, contratual, regulatório, concorrencial, trabalhista, tributário);;Caim;2026-01-23 09:12:00;2026-03-24 15:02:00.000000000;2026-03-25 15:02:00.000000000;3,0;;8,0;2026-03-25 15:02:00.000000000;;AHP_APRENDIZAGEM_ESPECIALIZACAO_WORKLOAD;;;;;CONCLUIDA;True;0,8742430362255481;0,9914321345685793;0,970177464224339;0,2662946268870287;0,6530010116110118;0,17965164874329614;0,04159037587124023
Societário;Gestão de earn-outs, ajustes de preço e garantias;;Caim;2026-01-23 09:13:00;2026-03-25 15:02:00.000000000;2026-03-26 09:02:00.000000000;1,0;;2,0;2026-03-26 09:02:00.000000000;;AHP_APRENDIZAGEM_ESPECIALIZACAO_WORKLOAD;;;;;CONCLUIDA;True;0,8715626199298699;0,9914321345685793;0,970177464224339;0,24913247236432584;0,6530010116110118;0,17965164874329614;0,03890995957556211
Propriedade intelectual;Estratégia de Ativos Intangíveis;;Esaú;2026-01-23 09:14:00;2026-01-26 09:03:59.999999999;2026-01-26 11:03:59.999999999;1,0;;2,0;2026-01-26 11:03:59.999999999;;AHP_APRENDIZAGEM_ESPECIALIZACAO_WORKLOAD;;;;;CONCLUIDA;True;0,9973738748918859;1,0;1,0;0,9831854607905218;0,6586441863669917;0,1851740071976712;0,153555681327223
Societário;Consolidação das versões finais dos documentos;;Jacó;2026-01-26 09:00:00;2026-04-15 11:05:59.999999999;2026-04-15 13:05:59.999999999;1,0;;2,0;2026-04-15 13:05:59.999999999;;AHP_APRENDIZAGEM_ESPECIALIZACAO_WORKLOAD;;;;;PENDENTE;True;0,8438181935646629;1,0;1,0;0,0;0,6586441863669917;0,1851740071976712;0,0
Contratos;Contrato de Joint Venture;;Adão;2026-01-26 09:01:00;2026-03-12 15:01:00.000000000;2026-03-17 15:00:59.999999999;5,0;;24,0;2026-03-17 15:00:59.999999999;;AHP_APRENDIZAGEM_ESPECIALIZACAO_WORKLOAD;;;;;CONCLUIDA;True;0,9083446743613842;1,0;1,0;0,41314979170404703;0,6586441863669917;0,1851740071976712;0,06452648079672131
Direito financeiro;Revisão de contratos bancários padrão;;Abraão;2026-01-26 09:02:00;2026-02-19 13:00:00.000000000;2026-02-20 13:00:00.000000000;3,0;;8,0;2026-02-20 13:00:00.000000000;;AHP_APRENDIZAGEM_ESPECIALIZACAO_WORKLOAD;;;;;CONCLUIDA;True;0,9497687988141661;1,0;1,0;0,6783799449353223;0,6586441863669917;0,1851740071976712;0,10595060524950314
Contratos;Contrato de Distribuição;;Adão;2026-01-26 09:03:00;2026-03-17 15:00:59.999999999;2026-03-18 15:01:00.000000000;3,0;;8,0;2026-03-18 15:01:00.000000000;;AHP_APRENDIZAGEM_ESPECIALIZACAO_WORKLOAD;;;;;CONCLUIDA;True;0,9002016193200689;1,0;1,0;0,3610114842585715;0,6586441863669917;0,1851740071976712;0,05638342575540596
Societário;Estruturação de veículos societários (SPVs);;Jacó;2026-01-26 09:04:00;2026-04-15 13:05:59.999999999;2026-04-20 13:06:00.000000000;5,0;;24,0;2026-04-20 13:06:00.000000000;;AHP_APRENDIZAGEM_ESPECIALIZACAO_WORKLOAD;;;;;PENDENTE;True;0,8438181935646629;1,0;1,0;0,0;0,6586441863669917;0,1851740071976712;0,0
Contratos;Contrato de Cessão de Direitos Autorais;;Adão;2026-01-26 09:05:00;2026-03-18 15:01:00.000000000;2026-03-19 15:01:00.000000000;3,0;;8,0;2026-03-19 15:01:00.000000000;;AHP_APRENDIZAGEM_ESPECIALIZACAO_WORKLOAD;;;;;CONCLUIDA;True;0,9025725834033198;1,0;1,0;0,37619227987981146;0,6586441863669917;0,1851740071976712;0,05875438983865688
Regulatório;Assessoria em relações com investidores (RI);;Abraão;2026-01-26 09:06:00;2026-02-20 13:00:00.000000000;2026-02-20 15:00:00.000000000;1,0;;2,0;2026-02-20 15:00:00.000000000;;AHP_APRENDIZAGEM_ESPECIALIZACAO_WORKLOAD;;;;;CONCLUIDA;True;0,9496926784642913;1,0;1,0;0,6778925619832862;0,6586441863669917;0,1851740071976712;0,10587448489962836
Societário;Integração societária;;Jacó;2026-01-26 09:07:00;2026-04-20 13:06:00.000000000;2026-04-20 15:06:00.000000000;1,0;;2,0;2026-04-20 15:06:00.000000000;;AHP_APRENDIZAGEM_ESPECIALIZACAO_WORKLOAD;;;;;PENDENTE;True;0,8438181935646629;1,0;1,0;0,0;0,6586441863669917;0,1851740071976712;0,0
Societário;Estruturação societária internacional;;Jacó;2026-01-26 09:08:00;2026-04-20 15:06:00.000000000;2026-04-23 15:06:00.000000000;5,0;;24,0;2026-04-23 15:06:00.000000000;;AHP_APRENDIZAGEM_ESPECIALIZACAO_WORKLOAD;;;;;PENDENTE;True;0,8438181935646629;1,0;1,0;0,0;0,6586441863669917;0,1851740071976712;0,0
Societário;Consolidação das versões finais dos documentos;;Jacó;2026-01-26 09:09:00;2026-04-23 15:06:00.000000000;2026-04-24 09:06:00.000000000;1,0;;2,0;2026-04-24 09:06:00.000000000;;AHP_APRENDIZAGEM_ESPECIALIZACAO_WORKLOAD;;;;;PENDENTE;True;0,8438181935646629;1,0;1,0;0,0;0,6586441863669917;0,1851740071976712;0,0
Societário;Estruturação de regras de governança;;Jacó;2026-01-26 09:10:00;2026-04-24 09:06:00.000000000;2026-04-29 09:06:00.000000000;5,0;;24,0;2026-04-29 09:06:00.000000000;;AHP_APRENDIZAGEM_ESPECIALIZACAO_WORKLOAD;;;;;PENDENTE;True;0,8438181935646629;1,0;1,0;0,0;0,6586441863669917;0,1851740071976712;0,0
Societário;Gestão de passivos;;Caim;2026-01-26 09:11:00;2026-03-26 09:02:00.000000000;2026-03-26 11:02:00.000000000;1,0;;2,0;2026-03-26 11:02:00.000000000;;AHP_APRENDIZAGEM_ESPECIALIZACAO_WORKLOAD;;;;;CONCLUIDA;True;0,8468679345463357;0,9967255962953051;0,7258392658308219;0,3583890530240804;0,6564875194030759;0,134406565435309;0,0559738497079507
Contratos;Contrato de Mútuo, Doação ou Comodato;;Adão;2026-01-26 09:12:00;2026-03-19 15:01:00.000000000;2026-03-20 15:01:00.000000000;3,0;;8,0;2026-03-20 15:01:00.000000000;;AHP_APRENDIZAGEM_ESPECIALIZACAO_WORKLOAD;;;;;CONCLUIDA;True;0,909707544945326;1,0;1,0;0,42187597188500237;0,6586441863669917;0,1851740071976712;0,06588935138066315
Propriedade intelectual;Elaboração e revisão de NDAs;;Esaú;2026-01-26 09:13:00;2026-01-26 11:03:59.999999999;2026-01-27 11:03:59.999999999;3,0;;8,0;2026-01-27 11:03:59.999999999;;AHP_APRENDIZAGEM_ESPECIALIZACAO_WORKLOAD;;;;;CONCLUIDA;True;0,9994608223023753;1,0;1,0;0,9965477560419436;0,6586441863669917;0,1851740071976712;0,15564262873771237
Societário;Gestão de passivos;;Caim;2026-01-26 09:14:00;2026-03-26 11:02:00.000000000;2026-03-26 13:02:00.000000000;1,0;;2,0;2026-03-26 13:02:00.000000000;;AHP_APRENDIZAGEM_ESPECIALIZACAO_WORKLOAD;;;;;CONCLUIDA;True;0,8462902443490501;0,9967255962953051;0,7258392658308219;0,35469022144778695;0,6564875194030759;0,134406565435309;0,055396159510665115
Societário;Suporte jurídico às negociações comerciais;;Caim;2026-01-27 09:00:00;2026-03-26 13:02:00.000000000;2026-03-27 13:02:00.000000000;3,0;;8,0;2026-03-27 13:02:00.000000000;;AHP_APRENDIZAGEM_ESPECIALIZACAO_WORKLOAD;;;;;CONCLUIDA;True;0,850707045349428;1,0;0,7368392920783235;0,35611942182667433;0,6586441863669917;0,13644348437483841;0,05561937460759781
Societário;Reorganizações societárias internas;;Caim;2026-01-27 09:01:00;2026-03-27 13:02:00.000000000;2026-04-01 13:01:59.999999999;5,0;;24,0;2026-04-01 13:01:59.999999999;;AHP_APRENDIZAGEM_ESPECIALIZACAO_WORKLOAD;;;;;CONCLUIDA;True;0,8483427831523519;1,0;0,7368392920783235;0,34098153700489187;0,6586441863669917;0,13644348437483841;0,053255112410521756
Societário;SPA / SHA e documentos correlatos;;Caim;2026-01-27 09:02:00;2026-04-01 13:01:59.999999999;2026-04-01 15:01:59.999999999;1,0;;2,0;2026-04-01 15:01:59.999999999;;AHP_APRENDIZAGEM_ESPECIALIZACAO_WORKLOAD;;;;;CONCLUIDA;True;0,842020462505836;1,0;0,7410206311197809;0,29554349198386143;0,6586441863669917;0,13721775968059716;0,04615851645824705
Societário;Elaboração e negociação de  SHA;;Caim;2026-01-27 09:03:00;2026-04-01 15:01:59.999999999;2026-04-02 15:02:00.000000000;3,0;;8,0;2026-04-02 15:02:00.000000000;;AHP_APRENDIZAGEM_ESPECIALIZACAO_WORKLOAD;;;;;CONCLUIDA;True;0,841430377657312;1,0;0,7410206311197809;0,2917653000036822;0,6586441863669917;0,13721775968059716;0,04556843160972316
Societário;Aprovações regulatórias e concorrenciais;;Caim;2026-01-27 09:04:00;2026-04-02 15:02:00.000000000;2026-04-03 15:02:00.000000000;3,0;;8,0;2026-04-03 15:02:00.000000000;;AHP_APRENDIZAGEM_ESPECIALIZACAO_WORKLOAD;;;;;EM_EXECUCAO;True;0,8390655743413171;1,0;0,7410206311197809;0,276623950508701;0,6586441863669917;0,13721775968059716;0,04320362829372821
Societário;Aumento e redução de capital;;Caim;2026-01-27 09:05:00;2026-04-03 15:02:00.000000000;2026-04-06 09:02:00.000000000;1,0;;2,0;2026-04-06 09:02:00.000000000;;AHP_APRENDIZAGEM_ESPECIALIZACAO_WORKLOAD;;;;;PENDENTE;True;0,8367006217368959;1,0;0,7410206311197809;0,26148164515061606;0,6586441863669917;0,13721775968059716;0,04083867568930702
Societário;Elaboração e negociação de LOI;;Caim;2026-01-27 09:06:00;2026-04-06 09:02:00.000000000;2026-04-07 09:01:59.999999999;3,0;;8,0;2026-04-07 09:01:59.999999999;;AHP_APRENDIZAGEM_ESPECIALIZACAO_WORKLOAD;;;;;PENDENTE;True;0,8361103130848583;1,0;0,7410206311197809;0,25770202020254634;0,6586441863669917;0,13721775968059716;0,040248367037269424
Societário;Consolidação das versões finais dos documentos;;Caim;2026-01-27 09:07:00;2026-04-07 09:01:59.999999999;2026-04-07 11:01:59.999999999;1,0;;2,0;2026-04-07 11:01:59.999999999;;AHP_APRENDIZAGEM_ESPECIALIZACAO_WORKLOAD;;;;;PENDENTE;True;0,8337451178854541;1,0;0,7410206311197809;0,24255816155865612;0,6586441863669917;0,13721775968059716;0,03788317183786526
Direito financeiro;Estruturação de garantias (alienação fiduciária, penhor, hipoteca, fiança, aval);;Abraão;2026-01-27 09:08:00;2026-02-20 15:00:00.000000000;2026-02-25 15:00:00.000000000;5,0;;24,0;2026-02-25 15:00:00.000000000;;AHP_APRENDIZAGEM_ESPECIALIZACAO_WORKLOAD;;;;;CONCLUIDA;True;0,9556668096639134;1,0;1,0;0,7161436959404003;0,6586441863669917;0,1851740071976712;0,11184861609925051
Societário;Regularização societária;;Caim;2026-01-27 09:09:00;2026-04-07 11:01:59.999999999;2026-04-08 11:02:00.000000000;3,0;;8,0;2026-04-08 11:02:00.000000000;;AHP_APRENDIZAGEM_ESPECIALIZACAO_WORKLOAD;;;;;PENDENTE;True;0,8331558559468689;1,0;0,7410206311197809;0,23878523850164685;0,6586441863669917;0,13721775968059716;0,03729390989928001
Direito financeiro;Monitoramento de mudanças regulatórias;;Abraão;2026-01-27 09:10:00;2026-02-25 15:00:00.000000000;2026-02-26 15:00:00.000000000;3,0;;8,0;2026-02-26 15:00:00.000000000;;AHP_APRENDIZAGEM_ESPECIALIZACAO_WORKLOAD;;;;;CONCLUIDA;True;0,9485738022123827;1,0;1,0;0,6707286273519384;0,6586441863669917;0,1851740071976712;0,1047556086477198
Regulatório;Atuação em processos administrativos na CVM e no BCB;;Abraão;2026-01-27 09:11:00;2026-02-26 15:00:00.000000000;2026-02-26 17:00:00.000000000;1,0;;2,0;2026-02-26 17:00:00.000000000;;AHP_APRENDIZAGEM_ESPECIALIZACAO_WORKLOAD;;;;;CONCLUIDA;True;0,9462103448649379;1,0;1,0;0,6555958958168904;0,6586441863669917;0,1851740071976712;0,102392151300275
Societário;Atos perante Junta Comercial;;Caim;2026-01-27 09:12:00;2026-04-08 11:02:00.000000000;2026-04-08 13:02:00.000000000;1,0;;2,0;2026-04-08 13:02:00.000000000;;AHP_APRENDIZAGEM_ESPECIALIZACAO_WORKLOAD;;;;;PENDENTE;True;0,830792548964509;1,0;0,7410206311197809;0,22365346972332725;0,6586441863669917;0,13721775968059716;0,034930602916920225
Contratos;Contrato de Licenciamento de Software;;Adão;2026-01-27 09:13:00;2026-03-20 15:01:00.000000000;2026-03-24 15:00:59.999999999;4,0;;16,0;2026-03-24 15:00:59.999999999;;AHP_APRENDIZAGEM_ESPECIALIZACAO_WORKLOAD;;;;;CONCLUIDA;True;0,9083412553904764;1,0;1,0;0,41312790073616856;0,6586441863669917;0,1851740071976712;0,06452306182581344
Regulatório;Monitoramento contínuo de normas da CVM, BCB, CMN e circulares associadas;;Abraão;2026-01-27 09:14:00;2026-02-27 09:00:00.000000000;2026-02-27 11:00:00.000000000;1,0;;2,0;2026-02-27 11:00:00.000000000;;AHP_APRENDIZAGEM_ESPECIALIZACAO_WORKLOAD;;;;;CONCLUIDA;True;0,9456282963577916;1,0;1,0;0,6518691588785047;0,6586441863669917;0,1851740071976712;0,10181010279312863
Societário;Gestão de passivos;;Caim;2026-01-28 09:00:00;2026-04-08 13:02:00.000000000;2026-04-08 15:02:00.000000000;1,0;;2,0;2026-04-08 15:02:00.000000000;;AHP_APRENDIZAGEM_ESPECIALIZACAO_WORKLOAD;;;;;PENDENTE;True;0,8243150992369387;1,0;0,706454633615247;0,22316221239558634;0,6586441863669917;0,1308170354098979;0,03485387746004905
Direito financeiro;Avaliação de impactos regulatórios em operações;;Abraão;2026-01-28 09:01:00;2026-02-27 11:00:00.000000000;2026-03-02 11:00:00.000000000;3,0;;8,0;2026-03-02 11:00:00.000000000;;AHP_APRENDIZAGEM_ESPECIALIZACAO_WORKLOAD;;;;;CONCLUIDA;True;0,9465513375765754;1,0;1,0;0,6577792020509533;0,6586441863669917;0,1851740071976712;0,10273314401191248
Propriedade intelectual;Apoio na prevenção de vazamento de informações estratégicas;;Esaú;2026-01-28 09:02:00;2026-01-28 09:02:00.000000000;2026-01-28 11:02:00.000000000;1,0;;2,0;2026-01-28 11:02:00.000000000;;AHP_APRENDIZAGEM_ESPECIALIZACAO_WORKLOAD;;;;;CONCLUIDA;True;1,0;1,0;1,0;1,0;0,6586441863669917;0,1851740071976712;0,1561818064353371
Societário;Elaboração e negociação de LOI;;Caim;2026-01-28 09:03:00;2026-04-08 15:02:00.000000000;2026-04-09 15:02:00.000000000;3,0;;8,0;2026-04-09 15:02:00.000000000;;AHP_APRENDIZAGEM_ESPECIALIZACAO_WORKLOAD;;;;;PENDENTE;True;0,8237178087475671;1,0;0,706454633615247;0,2193378841783375;0,6586441863669917;0,1308170354098979;0,034256586970677495
Societário;Análise jurídica preliminar e de estrutura da operação;;Caim;2026-01-28 09:04:00;2026-04-09 15:02:00.000000000;2026-04-14 15:02:00.000000000;5,0;;24,0;2026-04-14 15:02:00.000000000;;AHP_APRENDIZAGEM_ESPECIALIZACAO_WORKLOAD;;;;;PENDENTE;True;0,8213162636382154;1,0;0,706454633615247;0,20396128453357684;0,6586441863669917;0,1308170354098979;0,03185504186132582
Societário;Atualização de Contrato Social / Estatuto;;Caim;2026-01-28 09:05:00;2026-04-14 15:02:00.000000000;2026-04-15 15:02:00.000000000;3,0;;8,0;2026-04-15 15:02:00.000000000;;AHP_APRENDIZAGEM_ESPECIALIZACAO_WORKLOAD;;;;;PENDENTE;True;0,8141091245649478;1,0;0,706454633615247;0,15781545463339852;0,6586441863669917;0,1308170354098979;0,024647902788058174
Contratos;Contrato de Cessão de Crédito;;Adão;2026-01-28 09:06:00;2026-03-24 15:00:59.999999999;2026-03-25 15:01:00.000000000;3,0;;8,0;2026-03-25 15:01:00.000000000;;AHP_APRENDIZAGEM_ESPECIALIZACAO_WORKLOAD;;;;;CONCLUIDA;True;0,9045138475079663;1,0;1,0;0,38862179487232906;0,6586441863669917;0,1851740071976712;0,06069565394330338
Societário;Estruturação societária internacional;;Caim;2026-01-28 09:07:00;2026-04-15 15:02:00.000000000;2026-04-20 15:02:00.000000000;5,0;;24,0;2026-04-20 15:02:00.000000000;;AHP_APRENDIZAGEM_ESPECIALIZACAO_WORKLOAD;;;;;PENDENTE;True;0,8112054244499992;1,0;0,703741476786775;0,14244046283588152;0,6586441863669917;0,13031462928781404;0,022246608795193478
Societário;Aprovações regulatórias e concorrenciais;;Caim;2026-01-28 09:08:00;2026-04-20 15:02:00.000000000;2026-04-21 15:02:00.000000000;3,0;;8,0;2026-04-21 15:02:00.000000000;;AHP_APRENDIZAGEM_ESPECIALIZACAO_WORKLOAD;;;;;PENDENTE;True;0,8039972843558236;1,0;0,703741476786775;0,09628822360461142;0,6586441863669917;0,13031462928781404;0,015038468701017878
Societário;Aumento e redução de capital;;Caim;2026-01-28 09:09:00;2026-04-21 15:02:00.000000000;2026-04-22 09:02:00.000000000;1,0;;2,0;2026-04-22 09:02:00.000000000;;AHP_APRENDIZAGEM_ESPECIALIZACAO_WORKLOAD;;;;;PENDENTE;True;0,8015947383219018;1,0;0,703741476786775;0,08090521524558987;0,6586441863669917;0,13031462928781404;0,012635922667096003
Societário;Análise jurídica preliminar e de estrutura da operação;;Caim;2026-01-28 09:10:00;2026-04-22 09:02:00.000000000;2026-04-27 09:01:59.999999999;5,0;;24,0;2026-04-27 09:01:59.999999999;;AHP_APRENDIZAGEM_ESPECIALIZACAO_WORKLOAD;;;;;PENDENTE;True;0,8009943670932322;1,0;0,703741476786775;0,0770611616879302;0,6586441863669917;0,13031462928781404;0,01203555143842653
Societário;Organização de livros societários;;Jacó;2026-01-28 09:11:00;2026-04-29 09:06:00.000000000;2026-04-29 11:06:00.000000000;1,0;;2,0;2026-04-29 11:06:00.000000000;;AHP_APRENDIZAGEM_ESPECIALIZACAO_WORKLOAD;;;;;PENDENTE;True;0,7968438163651741;0,9286801915635294;1,0;0,0;0,6116698091675029;0,1851740071976712;0,0
Societário;Aprovações regulatórias e concorrenciais;;Jacó;2026-01-28 09:12:00;2026-04-29 11:06:00.000000000;2026-04-30 11:05:59.999999999;3,0;;8,0;2026-04-30 11:05:59.999999999;;AHP_APRENDIZAGEM_ESPECIALIZACAO_WORKLOAD;;;;;PENDENTE;True;0,7968438163651741;0,9286801915635294;1,0;0,0;0,6116698091675029;0,1851740071976712;0,0
Societário;Estruturação jurídica de carve-outs, spin-offs e alienação de ativos;;Jacó;2026-01-28 09:13:00;2026-04-30 11:05:59.999999999;2026-05-05 11:06:00.000000000;5,0;;24,0;2026-05-05 11:06:00.000000000;;AHP_APRENDIZAGEM_ESPECIALIZACAO_WORKLOAD;;;;;PENDENTE;True;0,7968438163651741;0,9286801915635294;1,0;0,0;0,6116698091675029;0,1851740071976712;0,0
Societário;Gestão de passivos;;Caim;2026-01-28 09:14:00;2026-04-27 09:01:59.999999999;2026-04-27 11:01:59.999999999;1,0;;2,0;2026-04-27 11:01:59.999999999;;AHP_APRENDIZAGEM_ESPECIALIZACAO_WORKLOAD;;;;;PENDENTE;True;0,8030768388413234;1,0;0,703741476786775;0,090394800193087;0,6586441863669917;0,13031462928781404;0,014118023186517687
Societário;Due diligence;;Caim;2026-01-29 09:00:00;2026-04-27 11:01:59.999999999;2026-04-30 11:01:59.999999999;5,0;;24,0;2026-04-30 11:01:59.999999999;;AHP_APRENDIZAGEM_ESPECIALIZACAO_WORKLOAD;;;;;PENDENTE;True;0,8022077583393238;1,0;0,7010527727643953;0,08801806750904809;0,6586441863669917;0,12981675118982147;0,013746820782510582
Contratos;Contrato de trabalho;;Adão;2026-01-29 09:01:00;2026-03-25 15:01:00.000000000;2026-03-26 09:00:59.999999999;1,0;;2,0;2026-03-26 09:00:59.999999999;;AHP_APRENDIZAGEM_ESPECIALIZACAO_WORKLOAD;;;;;CONCLUIDA;True;0,9090508510060997;1,0;1,0;0,41767129559001864;0,6586441863669917;0,1851740071976712;0,06523265744143676
Societário;Estruturação de holdings e grupos;;Caim;2026-01-29 09:02:00;2026-04-30 11:01:59.999999999;2026-05-05 11:01:59.999999999;5,0;;24,0;2026-05-05 11:01:59.999999999;;AHP_APRENDIZAGEM_ESPECIALIZACAO_WORKLOAD;;;;;PENDENTE;True;0,7953443012637093;1,0;0,7010527727643953;0,04407276278844884;0,6586441863669917;0,12981675118982147;0,006883363706896045
Societário;Estruturação jurídica de carve-outs, spin-offs e alienação de ativos;;Jacó;2026-01-29 09:03:00;2026-05-05 11:06:00.000000000;2026-05-08 11:06:00.000000000;5,0;;24,0;2026-05-08 11:06:00.000000000;;AHP_APRENDIZAGEM_ESPECIALIZACAO_WORKLOAD;;;;;PENDENTE;True;0,7949760390307818;0,9258444004443598;1,0;0,0;0,6098020318331107;0,1851740071976712;0,0
Societário;Estruturação de holdings e grupos;;Caim;2026-01-29 09:04:00;2026-05-05 11:01:59.999999999;2026-05-08 11:01:59.999999999;5,0;;24,0;2026-05-08 11:01:59.999999999;;AHP_APRENDIZAGEM_ESPECIALIZACAO_WORKLOAD;;;;;PENDENTE;True;0,7950548948836578;1,0;0,7010527727643953;0,042219753230825885;0,6586441863669917;0,12981675118982147;0,006593957326844547
Societário;Due diligence societária;;Jacó;2026-01-29 09:05:00;2026-05-08 11:06:00.000000000;2026-05-13 11:06:00.000000000;5,0;;24,0;2026-05-13 11:06:00.000000000;;AHP_APRENDIZAGEM_ESPECIALIZACAO_WORKLOAD;;;;;PENDENTE;True;0,7949760390307818;0,9258444004443598;1,0;0,0;0,6098020318331107;0,1851740071976712;0,0
Contratos;Letter of Intent;;Adão;2026-01-29 09:06:00;2026-03-26 09:00:59.999999999;2026-03-26 11:00:59.999999999;1,0;;2,0;2026-03-26 11:00:59.999999999;;AHP_APRENDIZAGEM_ESPECIALIZACAO_WORKLOAD;;;;;CONCLUIDA;True;0,9158835641266808;1,0;1,0;0,46141975308663546;0,6586441863669917;0,1851740071976712;0,07206537056201794
Societário;Elaboração e negociação de LOI;;Jacó;2026-01-29 09:07:00;2026-05-13 11:06:00.000000000;2026-05-14 11:05:59.999999999;3,0;;8,0;2026-05-14 11:05:59.999999999;;AHP_APRENDIZAGEM_ESPECIALIZACAO_WORKLOAD;;;;;PENDENTE;True;0,7949760390307818;0,9258444004443598;1,0;0,0;0,6098020318331107;0,1851740071976712;0,0
Contratos;Contrato de trabalho;;Adão;2026-01-29 09:08:00;2026-03-26 11:00:59.999999999;2026-03-26 13:00:59.999999999;1,0;;2,0;2026-03-26 13:00:59.999999999;;AHP_APRENDIZAGEM_ESPECIALIZACAO_WORKLOAD;;;;;CONCLUIDA;True;0,9164865378015268;1,0;1,0;0,46528046957217317;0,6586441863669917;0,1851740071976712;0,07266834423686391
Contratos;Contrato de Cessão de Crédito;;Adão;2026-01-29 09:09:00;2026-03-26 13:00:59.999999999;2026-03-27 13:01:00.000000000;3,0;;8,0;2026-03-27 13:01:00.000000000;;AHP_APRENDIZAGEM_ESPECIALIZACAO_WORKLOAD;;;;;CONCLUIDA;True;0,9159696302945908;1,0;1,0;0,46197081706696846;0,6586441863669917;0,1851740071976712;0,0721514367299278
Governança;Integração com outras áreas;;Esaú;2026-01-29 09:10:00;2026-01-29 09:10:00.000000000;2026-01-29 11:10:00.000000000;1,0;;2,0;2026-01-29 11:10:00.000000000;;AHP_APRENDIZAGEM_ESPECIALIZACAO_WORKLOAD;;;;;CONCLUIDA;True;1,0;1,0;1,0;1,0;0,6586441863669917;0,1851740071976712;0,1561818064353371
Regulatório;Apoio jurídico em pedidos de autorização ao BCB (instituições financeiras, fintechs, SCD, SEP, IPs);;Abraão;2026-01-29 09:11:00;2026-03-02 11:00:00.000000000;2026-03-02 13:00:00.000000000;1,0;;2,0;2026-03-02 13:00:00.000000000;;AHP_APRENDIZAGEM_ESPECIALIZACAO_WORKLOAD;;;;;CONCLUIDA;True;0,9538611742251314;1,0;1,0;0,7045825834139575;0,6586441863669917;0,1851740071976712;0,11004298066046847
Societário;Estruturação de regras de governança;;Caim;2026-01-29 09:12:00;2026-05-08 11:01:59.999999999;2026-05-13 11:01:59.999999999;5,0;;24,0;2026-05-13 11:01:59.999999999;;AHP_APRENDIZAGEM_ESPECIALIZACAO_WORKLOAD;;;;;PENDENTE;True;0,7967816385476126;1,0;0,7010527727643953;0,053275737940989394;0,6586441863669917;0,12981675118982147;0,008320700990799351
Societário;Integração societária;;Jacó;2026-01-29 09:13:00;2026-05-14 11:05:59.999999999;2026-05-14 13:05:59.999999999;1,0;;2,0;2026-05-14 13:05:59.999999999;;AHP_APRENDIZAGEM_ESPECIALIZACAO_WORKLOAD;;;;;PENDENTE;True;0,7949760390307818;0,9258444004443598;1,0;0,0;0,6098020318331107;0,1851740071976712;0,0
Contratos;Contrato de Licenciamento de Software;;Adão;2026-01-29 09:14:00;2026-03-27 13:01:00.000000000;2026-03-31 13:00:59.999999999;4,0;;16,0;2026-03-31 13:00:59.999999999;;AHP_APRENDIZAGEM_ESPECIALIZACAO_WORKLOAD;;;;;CONCLUIDA;True;0,9141888049043089;1,0;1,0;0,4505685581808211;0,6586441863669917;0,1851740071976712;0,07037061133964592
Direito financeiro;Gestão de litígios bancários e financeiros;;Abraão;2026-01-30 09:00:00;2026-03-02 13:00:00.000000000;2026-03-04 13:00:00.000000000;4,0;;16,0;2026-03-04 13:00:00.000000000;;AHP_APRENDIZAGEM_ESPECIALIZACAO_WORKLOAD;;;;;CONCLUIDA;True;0,9549349593912255;1,0;1,0;0,7114578090922997;0,6586441863669917;0,1851740071976712;0,11111676582656257
Societário;Closing da operação;;Caim;2026-01-30 09:01:00;2026-05-13 11:01:59.999999999;2026-05-13 13:01:59.999999999;1,0;;2,0;2026-05-13 13:01:59.999999999;;AHP_APRENDIZAGEM_ESPECIALIZACAO_WORKLOAD;;;;;PENDENTE;True;0,785460092058834;1,0;0,6706033220025164;0,016888019013009306;0,6586441863669917;0,12417830437527617;0,002637601316566112
Direito financeiro;Implementação de políticas internas de compliance financeiro;;Abraão;2026-01-30 09:02:00;2026-03-04 13:00:00.000000000;2026-03-05 13:00:00.000000000;3,0;;8,0;2026-03-05 13:00:00.000000000;;AHP_APRENDIZAGEM_ESPECIALIZACAO_WORKLOAD;;;;;CONCLUIDA;True;0,9507488420484691;1,0;1,0;0,684654960295122;0,6586441863669917;0,1851740071976712;0,10693064848380615
Societário;Gestão de earn-outs, ajustes de preço e garantias;;Caim;2026-01-30 09:03:00;2026-05-13 13:01:59.999999999;2026-05-13 15:01:59.999999999;1,0;;2,0;2026-05-13 15:01:59.999999999;;AHP_APRENDIZAGEM_ESPECIALIZACAO_WORKLOAD;;;;;PENDENTE;True;0,8269577304229314;1,0;0,8975333731080329;0,0135335402511039;0,6586441863669917;0,166199851292057;0,002113692763882753
Societário;Gestão de passivos;;Caim;2026-01-30 09:04:00;2026-05-13 15:01:59.999999999;2026-05-14 09:02:00.000000000;1,0;;2,0;2026-05-14 09:02:00.000000000;;AHP_APRENDIZAGEM_ESPECIALIZACAO_WORKLOAD;;;;;PENDENTE;True;0,8264337188162124;1,0;0,8975333731080329;0,010178401655393233;0,6586441863669917;0,166199851292057;0,0015896811571637407
Contratos;Contrato de Mútuo, Doação ou Comodato;;Adão;2026-01-30 09:05:00;2026-03-31 13:00:59.999999999;2026-04-01 13:01:00.000000000;3,0;;8,0;2026-04-01 13:01:00.000000000;;AHP_APRENDIZAGEM_ESPECIALIZACAO_WORKLOAD;;;;;CONCLUIDA;True;0,9109229572982686;1,0;1,0;0,4296580073261512;0,6586441863669917;0,1851740071976712;0,0671047637336056
Societário;Reorganizações societárias internas;;Caim;2026-01-30 09:06:00;2026-05-14 09:02:00.000000000;2026-05-19 09:01:59.999999999;5,0;;24,0;2026-05-19 09:01:59.999999999;;AHP_APRENDIZAGEM_ESPECIALIZACAO_WORKLOAD;;;;;PENDENTE;True;0,8259097077029591;1,0;0,8975333731080329;0,006823266219242453;0,6586441863669917;0,166199851292057;0,0010656700439104993
Governança;Gestão de fluxo de informações com Conselho de Administração;;Esaú;2026-01-30 09:07:00;2026-01-30 09:07:00.000000000;2026-01-30 11:07:00.000000000;1,0;;2,0;2026-01-30 11:07:00.000000000;;AHP_APRENDIZAGEM_ESPECIALIZACAO_WORKLOAD;;;;;CONCLUIDA;True;1,0;1,0;1,0;1,0;0,6586441863669917;0,1851740071976712;0,1561818064353371
Direito digital;Avaliação de fornecedores sob a ótica de privacidade (vendor assessment);;Eva;2026-01-30 09:08:00;2026-02-02 13:00:59.999999999;2026-02-02 15:00:59.999999999;1,0;;2,0;2026-02-02 15:00:59.999999999;;AHP_APRENDIZAGEM_ESPECIALIZACAO_WORKLOAD;;;;;CONCLUIDA;True;0,9969865879746214;1,0;1,0;0,9807057422746209;0,6586441863669917;0,1851740071976712;0,15316839440995844
Trabalhista;Gestão de riscos relacionados a acidentes de trabalho;;Eva;2026-01-30 09:09:00;2026-02-02 15:00:59.999999999;2026-02-03 09:00:59.999999999;1,0;;2,0;2026-02-03 09:00:59.999999999;;AHP_APRENDIZAGEM_ESPECIALIZACAO_WORKLOAD;;;;;CONCLUIDA;True;0,9964835530822489;1,0;1,0;0,9774849132686464;0,6586441863669917;0,1851740071976712;0,152665359517586
Societário;Suporte jurídico às negociações comerciais;;Caim;2026-01-30 09:10:00;2026-05-19 09:01:59.999999999;2026-05-20 09:01:59.999999999;3,0;;8,0;2026-05-20 09:01:59.999999999;;AHP_APRENDIZAGEM_ESPECIALIZACAO_WORKLOAD;;;;;PENDENTE;True;0,8248440376590487;1,0;0,8975333731080329;0,0;0,6586441863669917;0,166199851292057;0,0
Societário;Aprovações regulatórias e concorrenciais;;Caim;2026-01-30 09:11:00;2026-05-20 09:01:59.999999999;2026-05-21 09:01:59.999999999;3,0;;8,0;2026-05-21 09:01:59.999999999;;AHP_APRENDIZAGEM_ESPECIALIZACAO_WORKLOAD;;;;;PENDENTE;True;0,8248440376590487;1,0;0,8975333731080329;0,0;0,6586441863669917;0,166199851292057;0,0
Trabalhista;Análise de regimes de jornada e banco de horas;;Eva;2026-01-30 09:12:00;2026-02-03 09:00:59.999999999;2026-02-03 11:00:59.999999999;1,0;;2,0;2026-02-03 11:00:59.999999999;;AHP_APRENDIZAGEM_ESPECIALIZACAO_WORKLOAD;;;;;CONCLUIDA;True;0,9960903050829704;1,0;1,0;0,9749670271700409;0,6586441863669917;0,1851740071976712;0,15227211151830738
Contratos;Letter of Intent;;Adão;2026-01-30 09:13:00;2026-04-01 13:01:00.000000000;2026-04-01 15:01:00.000000000;1,0;;2,0;2026-04-01 15:01:00.000000000;;AHP_APRENDIZAGEM_ESPECIALIZACAO_WORKLOAD;;;;;CONCLUIDA;True;0,9140256420192027;1,0;1,0;0,44952385976920584;0,6586441863669917;0,1851740071976712;0,07020744845453973
Societário;Integração societária;;Caim;2026-01-30 09:14:00;2026-05-21 09:01:59.999999999;2026-05-21 11:01:59.999999999;1,0;;2,0;2026-05-21 11:01:59.999999999;;AHP_APRENDIZAGEM_ESPECIALIZACAO_WORKLOAD;;;;;PENDENTE;True;0,8248440376590487;1,0;0,8975333731080329;0,0;0,6586441863669917;0,166199851292057;0,0
Societário;Elaboração e negociação de  SPA;;Caim;2026-02-02 09:00:00;2026-05-21 11:01:59.999999999;2026-05-22 11:02:00.000000000;3,0;;8,0;2026-05-22 11:02:00.000000000;;AHP_APRENDIZAGEM_ESPECIALIZACAO_WORKLOAD;;;;;PENDENTE;True;0,8180586784135216;1,0;0,8608902213600462;0,0;0,6586441863669917;0,15941449204652994;0,0
Contratos;Contrato de Cessão de Direitos Autorais;;Adão;2026-02-02 09:01:00;2026-04-01 15:01:00.000000000;2026-04-02 15:01:00.000000000;3,0;;8,0;2026-04-02 15:01:00.000000000;;AHP_APRENDIZAGEM_ESPECIALIZACAO_WORKLOAD;;;;;CONCLUIDA;True;0,9157527229028017;1,0;1,0;0,46058200362742857;0,6586441863669917;0,1851740071976712;0,07193452933813878
Trabalhista;Apoio em programas de stock options e incentivos de longo prazo;;Eva;2026-02-02 09:02:00;2026-02-03 11:00:59.999999999;2026-02-03 13:00:59.999999999;1,0;;2,0;2026-02-03 13:00:59.999999999;;AHP_APRENDIZAGEM_ESPECIALIZACAO_WORKLOAD;;;;;CONCLUIDA;True;0,9975406702930546;1,0;1,0;0,9842534174557416;0,6586441863669917;0,1851740071976712;0,15372247672839168
Societário;Closing da operação;;Caim;2026-02-02 09:03:00;2026-05-22 11:02:00.000000000;2026-05-22 13:02:00.000000000;1,0;;2,0;2026-05-22 13:02:00.000000000;;AHP_APRENDIZAGEM_ESPECIALIZACAO_WORKLOAD;;;;;PENDENTE;True;0,8180586784135216;1,0;0,8608902213600462;0,0;0,6586441863669917;0,15941449204652994;0,0
Contencioso;Gestão de provas e documentos;;Jacó;2026-02-02 09:04:00;2026-05-14 13:05:59.999999999;2026-05-14 15:05:59.999999999;1,0;;2,0;2026-05-14 15:05:59.999999999;;AHP_APRENDIZAGEM_ESPECIALIZACAO_WORKLOAD;;;;;PENDENTE;True;0,8555897454098389;1,0;1,0;0,0753708265632699;0,6586441863669917;0,1851740071976712;0,011771551845175985
Societário;Organização de livros societários;;Caim;2026-02-02 09:05:00;2026-05-22 13:02:00.000000000;2026-05-22 15:02:00.000000000;1,0;;2,0;2026-05-22 15:02:00.000000000;;AHP_APRENDIZAGEM_ESPECIALIZACAO_WORKLOAD;;;;;PENDENTE;True;0,8180586784135216;1,0;0,8608902213600462;0,0;0,6586441863669917;0,15941449204652994;0,0
Contratos;Contratos de Seguros ou Previdência;;Adão;2026-02-02 09:06:00;2026-04-02 15:01:00.000000000;2026-04-03 15:01:00.000000000;3,0;;8,0;2026-04-03 15:01:00.000000000;;AHP_APRENDIZAGEM_ESPECIALIZACAO_WORKLOAD;;;;;EM_EXECUCAO;True;0,9143317737979065;1,0;1,0;0,45148395861612656;0,6586441863669917;0,1851740071976712;0,07051358023324363
Governança;Governança e Regimentos de Comitês;;Esaú;2026-02-02 09:07:00;2026-02-02 09:07:00.000000000;2026-02-03 09:06:59.999999999;3,0;;8,0;2026-02-03 09:06:59.999999999;;AHP_APRENDIZAGEM_ESPECIALIZACAO_WORKLOAD;;;;;CONCLUIDA;True;1,0;1,0;1,0;1,0;0,6586441863669917;0,1851740071976712;0,1561818064353371
Contratos;Contrato de Mandato;;Adão;2026-02-02 09:08:00;2026-04-03 15:01:00.000000000;2026-04-06 15:01:00.000000000;3,0;;8,0;2026-04-06 15:01:00.000000000;;AHP_APRENDIZAGEM_ESPECIALIZACAO_WORKLOAD;;;;;PENDENTE;True;0,9123767589071575;1,0;1,0;0,4389664001669711;0,6586441863669917;0,1851740071976712;0,0685585653424946
Societário;Regularização societária;;Caim;2026-02-02 09:09:00;2026-05-22 15:02:00.000000000;2026-05-25 15:02:00.000000000;3,0;;8,0;2026-05-25 15:02:00.000000000;;AHP_APRENDIZAGEM_ESPECIALIZACAO_WORKLOAD;;;;;PENDENTE;True;0,8180586784135216;1,0;0,8608902213600462;0,0;0,6586441863669917;0,15941449204652994;0,0
Contratos;Contrato de Agência, Franquia ou Parceria Empresarial;;Adão;2026-02-02 09:10:00;2026-04-06 15:01:00.000000000;2026-04-07 15:01:00.000000000;3,0;;8,0;2026-04-07 15:01:00.000000000;;AHP_APRENDIZAGEM_ESPECIALIZACAO_WORKLOAD;;;;;PENDENTE;True;0,9115310994770964;1,0;1,0;0,4335518166801858;0,6586441863669917;0,1851740071976712;0,06771290591243354
Contratos;Contrato de Licença de Uso de Marca;;Adão;2026-02-02 09:11:00;2026-04-07 15:01:00.000000000;2026-04-08 15:01:00.000000000;3,0;;8,0;2026-04-08 15:01:00.000000000;;AHP_APRENDIZAGEM_ESPECIALIZACAO_WORKLOAD;;;;;PENDENTE;True;0,9095982576360322;1,0;1,0;0,4211762277100037;0,6586441863669917;0,1851740071976712;0,06578006407136926
Societário;Estruturação de regras de governança;;Caim;2026-02-02 09:12:00;2026-05-25 15:02:00.000000000;2026-05-28 15:02:00.000000000;5,0;;24,0;2026-05-28 15:02:00.000000000;;AHP_APRENDIZAGEM_ESPECIALIZACAO_WORKLOAD;;;;;PENDENTE;True;0,8180586784135216;1,0;0,8608902213600462;0,0;0,6586441863669917;0,15941449204652994;0,0
Societário;Atualização de Contrato Social / Estatuto;;Caim;2026-02-02 09:13:00;2026-05-28 15:02:00.000000000;2026-05-29 15:02:00.000000000;3,0;;8,0;2026-05-29 15:02:00.000000000;;AHP_APRENDIZAGEM_ESPECIALIZACAO_WORKLOAD;;;;;PENDENTE;True;0,8180586784135216;1,0;0,8608902213600462;0,0;0,6586441863669917;0,15941449204652994;0,0
Societário;Gestão jurídica do encerramento de operações;;Caim;2026-02-02 09:14:00;2026-05-29 15:02:00.000000000;2026-06-01 09:02:00.000000000;1,0;;2,0;2026-06-01 09:02:00.000000000;;AHP_APRENDIZAGEM_ESPECIALIZACAO_WORKLOAD;;;;;PENDENTE;True;0,8180586784135216;1,0;0,8608902213600462;0,0;0,6586441863669917;0,15941449204652994;0,0
Societário;Análise jurídica preliminar e de estrutura da operação;;Caim;2026-02-03 09:00:00;2026-06-01 09:02:00.000000000;2026-06-04 09:01:59.999999999;5,0;;24,0;2026-06-04 09:01:59.999999999;;AHP_APRENDIZAGEM_ESPECIALIZACAO_WORKLOAD;;;;;PENDENTE;True;0,8119457172755467;1,0;0,8278782385743113;0,0;0,6586441863669917;0,15330153090855486;0,0
Governança;Política de Governaça Corporativa;;Esaú;2026-02-03 09:01:00;2026-02-03 09:06:59.999999999;2026-02-04 09:06:59.999999999;3,0;;8,0;2026-02-04 09:06:59.999999999;;AHP_APRENDIZAGEM_ESPECIALIZACAO_WORKLOAD;;;;;CONCLUIDA;True;0,9999775606226861;1,0;1,0;0,9998563252799662;0,6586441863669917;0,1851740071976712;0,15615936705802314
Direito financeiro;Registro de garantias em cartórios e sistemas competentes;;Abraão;2026-02-03 09:02:00;2026-03-05 13:00:00.000000000;2026-03-05 15:00:00.000000000;1,0;;2,0;2026-03-05 15:00:00.000000000;;AHP_APRENDIZAGEM_ESPECIALIZACAO_WORKLOAD;;;;;CONCLUIDA;True;0,959615633479659;1,0;1,0;0,7414272030650308;0,6586441863669917;0,1851740071976712;0,11579743991499603
Societário;Análise jurídica preliminar e de estrutura da operação;;Caim;2026-02-03 09:03:00;2026-06-04 09:01:59.999999999;2026-06-09 09:01:59.999999999;5,0;;24,0;2026-06-09 09:01:59.999999999;;AHP_APRENDIZAGEM_ESPECIALIZACAO_WORKLOAD;;;;;PENDENTE;True;0,8119457172755467;1,0;0,8278782385743113;0,0;0,6586441863669917;0,15330153090855486;0,0
Societário;Estruturação societária internacional;;Caim;2026-02-03 09:04:00;2026-06-09 09:01:59.999999999;2026-06-12 09:01:59.999999999;5,0;;24,0;2026-06-12 09:01:59.999999999;;AHP_APRENDIZAGEM_ESPECIALIZACAO_WORKLOAD;;;;;PENDENTE;True;0,8119457172755467;1,0;0,8278782385743113;0,0;0,6586441863669917;0,15330153090855486;0,0
Regulatório;Atuação em processos administrativos na CVM e no BCB;;Abraão;2026-02-03 09:05:00;2026-03-05 15:00:00.000000000;2026-03-05 17:00:00.000000000;1,0;;2,0;2026-03-05 17:00:00.000000000;;AHP_APRENDIZAGEM_ESPECIALIZACAO_WORKLOAD;;;;;CONCLUIDA;True;0,9618091624158805;1,0;1,0;0,7554719179155391;0,6586441863669917;0,1851740071976712;0,11799096885121761
Societário;Consolidação das versões finais dos documentos;;Caim;2026-02-03 09:06:00;2026-06-12 09:01:59.999999999;2026-06-12 11:01:59.999999999;1,0;;2,0;2026-06-12 11:01:59.999999999;;AHP_APRENDIZAGEM_ESPECIALIZACAO_WORKLOAD;;;;;PENDENTE;True;0,8119457172755467;1,0;0,8278782385743113;0,0;0,6586441863669917;0,15330153090855486;0,0
Governança;Política de PLDFTP e Fraudes;;Esaú;2026-02-03 09:07:00;2026-02-04 09:06:59.999999999;2026-02-05 09:06:59.999999999;3,0;;8,0;2026-02-05 09:06:59.999999999;;AHP_APRENDIZAGEM_ESPECIALIZACAO_WORKLOAD;;;;;CONCLUIDA;True;0,9983249409655595;1,0;1,0;0,9892749413477039;0,6586441863669917;0,1851740071976712;0,15450674740089657
Societário;Estruturação jurídica de carve-outs, spin-offs e alienação de ativos;;Caim;2026-02-03 09:08:00;2026-06-12 11:01:59.999999999;2026-06-17 11:01:59.999999999;5,0;;24,0;2026-06-17 11:01:59.999999999;;AHP_APRENDIZAGEM_ESPECIALIZACAO_WORKLOAD;;;;;PENDENTE;True;0,8119457172755467;1,0;0,8278782385743113;0,0;0,6586441863669917;0,15330153090855486;0,0
Societário;Estruturação societária internacional;;Caim;2026-02-03 09:09:00;2026-06-17 11:01:59.999999999;2026-06-22 11:01:59.999999999;5,0;;24,0;2026-06-22 11:01:59.999999999;;AHP_APRENDIZAGEM_ESPECIALIZACAO_WORKLOAD;;;;;PENDENTE;True;0,8119457172755467;1,0;0,8278782385743113;0,0;0,6586441863669917;0,15330153090855486;0,0
Contratos;Contrato de Hosting;;Adão;2026-02-03 09:10:00;2026-04-08 15:01:00.000000000;2026-04-09 15:01:00.000000000;3,0;;8,0;2026-04-09 15:01:00.000000000;;AHP_APRENDIZAGEM_ESPECIALIZACAO_WORKLOAD;;;;;PENDENTE;True;0,9264504093854494;1,0;1,0;0,5290770910310747;0,6586441863669917;0,1851740071976712;0,08263221582078654
Societário;Estruturação de regras de governança;;Caim;2026-02-03 09:11:00;2026-06-22 11:01:59.999999999;2026-06-25 11:01:59.999999999;5,0;;24,0;2026-06-25 11:01:59.999999999;;AHP_APRENDIZAGEM_ESPECIALIZACAO_WORKLOAD;;;;;PENDENTE;True;0,8119457172755467;1,0;0,8278782385743113;0,0;0,6586441863669917;0,15330153090855486;0,0
Societário;Estruturação de veículos societários (SPVs);;Caim;2026-02-03 09:12:00;2026-06-25 11:01:59.999999999;2026-06-30 11:01:59.999999999;5,0;;24,0;2026-06-30 11:01:59.999999999;;AHP_APRENDIZAGEM_ESPECIALIZACAO_WORKLOAD;;;;;PENDENTE;True;0,8119457172755467;1,0;0,8278782385743113;0,0;0,6586441863669917;0,15330153090855486;0,0
Societário;Estruturação societária internacional;;Caim;2026-02-03 09:13:00;2026-06-30 11:01:59.999999999;2026-07-03 11:01:59.999999999;5,0;;24,0;2026-07-03 11:01:59.999999999;;AHP_APRENDIZAGEM_ESPECIALIZACAO_WORKLOAD;;;;;PENDENTE;True;0,8119457172755467;1,0;0,8278782385743113;0,0;0,6586441863669917;0,15330153090855486;0,0
Governança;Gestão de documentos de governança;;Esaú;2026-02-03 09:14:00;2026-02-05 09:06:59.999999999;2026-02-06 09:06:59.999999999;3,0;;8,0;2026-02-06 09:06:59.999999999;;AHP_APRENDIZAGEM_ESPECIALIZACAO_WORKLOAD;;;;;CONCLUIDA;True;0,9971348028503442;1,0;1,0;0,9816547316550466;0,6586441863669917;0,1851740071976712;0,15331660928568128
Propriedade intelectual;Gestão de portfólio de marcas (renovações, extensões e classes);;Esaú;2026-02-04 09:00:00;2026-02-06 09:06:59.999999999;2026-02-06 13:06:59.999999999;2,0;;4,0;2026-02-06 13:06:59.999999999;;AHP_APRENDIZAGEM_ESPECIALIZACAO_WORKLOAD;;;;;CONCLUIDA;True;0,997066395889429;1,0;1,0;0,981216735946862;0,6586441863669917;0,1851740071976712;0,15324820232476608
Societário;Estruturação jurídica de carve-outs, spin-offs e alienação de ativos;;Caim;2026-02-04 09:01:00;2026-07-03 11:01:59.999999999;2026-07-08 11:01:59.999999999;5,0;;24,0;2026-07-08 11:01:59.999999999;;AHP_APRENDIZAGEM_ESPECIALIZACAO_WORKLOAD;;;;;PENDENTE;True;0,8119457172755467;1,0;0,8278782385743113;0,0;0,6586441863669917;0,15330153090855486;0,0
Societário;Due diligence societária;;Jacó;2026-02-04 09:02:00;2026-05-14 15:05:59.999999999;2026-05-19 15:06:00.000000000;5,0;;24,0;2026-05-19 15:06:00.000000000;;AHP_APRENDIZAGEM_ESPECIALIZACAO_WORKLOAD;;;;;PENDENTE;True;0,8938286124527018;1,0;0,9756042735542226;0,34913076341627275;0,6586441863669917;0,18065655277320838;0,054527873312501786
Societário;Acordo de Sócios / Acionistas;;Jacó;2026-02-04 09:03:00;2026-05-19 15:06:00.000000000;2026-05-20 15:06:00.000000000;3,0;;8,0;2026-05-20 15:06:00.000000000;;AHP_APRENDIZAGEM_ESPECIALIZACAO_WORKLOAD;;;;;PENDENTE;True;0,8895797174737029;1,0;0,9756042735542226;0,32192596231955817;0,6586441863669917;0,18065655277320838;0,05027897833350286
Societário;Aumento e redução de capital;;Jacó;2026-02-04 09:04:00;2026-05-20 15:06:00.000000000;2026-05-21 09:06:00.000000000;1,0;;2,0;2026-05-21 09:06:00.000000000;;AHP_APRENDIZAGEM_ESPECIALIZACAO_WORKLOAD;;;;;PENDENTE;True;0,8881639990393204;1,0;0,9756042735542226;0,31286140821626945;0,6586441863669917;0,18065655277320838;0,04886325989912038
Societário;Gestão de Advisors e Governança da Operação;;Jacó;2026-02-04 09:05:00;2026-05-21 09:06:00.000000000;2026-05-22 09:05:59.999999999;3,0;;8,0;2026-05-22 09:05:59.999999999;;AHP_APRENDIZAGEM_ESPECIALIZACAO_WORKLOAD;;;;;PENDENTE;True;0,8878107485997199;1,0;0,9756042735542226;0,310599618269904;0,6586441863669917;0,18065655277320838;0,04851000945951974
Societário;Gestão de passivos;;Jacó;2026-02-04 09:06:00;2026-05-22 09:05:59.999999999;2026-05-22 11:05:59.999999999;1,0;;2,0;2026-05-22 11:05:59.999999999;;AHP_APRENDIZAGEM_ESPECIALIZACAO_WORKLOAD;;;;;PENDENTE;True;0,8863949432274406;1,0;0,9756042735542226;0,3015345075211346;0,6586441863669917;0,18065655277320838;0,04709420408724054
Contratos;Contrato de prestação de serviços;;Adão;2026-02-04 09:07:00;2026-04-09 15:01:00.000000000;2026-04-10 15:01:00.000000000;3,0;;8,0;2026-04-10 15:01:00.000000000;;AHP_APRENDIZAGEM_ESPECIALIZACAO_WORKLOAD;;;;;PENDENTE;True;0,9337846991293309;1,0;1,0;0,5760370405365763;0,6586441863669917;0,1851740071976712;0,089966505564668
Societário;Organização de livros societários;;Jacó;2026-02-04 09:08:00;2026-05-22 11:05:59.999999999;2026-05-22 13:05:59.999999999;1,0;;2,0;2026-05-22 13:05:59.999999999;;AHP_APRENDIZAGEM_ESPECIALIZACAO_WORKLOAD;;;;;PENDENTE;True;0,8860425293414356;1,0;0,9756042735542226;0,2992780738554696;0,6586441863669917;0,18065655277320838;0,04674179020123548
Societário;Gestão de Advisors e Governança da Operação;;Jacó;2026-02-04 09:09:00;2026-05-22 13:05:59.999999999;2026-05-25 13:05:59.999999999;3,0;;8,0;2026-05-25 13:05:59.999999999;;AHP_APRENDIZAGEM_ESPECIALIZACAO_WORKLOAD;;;;;PENDENTE;True;0,885689212104045;1,0;0,9756042735542226;0,29701585621658727;0,6586441863669917;0,18065655277320838;0,04638847296384495
Societário;Gestão jurídica do encerramento de operações;;Jacó;2026-02-04 09:10:00;2026-05-25 13:05:59.999999999;2026-05-25 15:05:59.999999999;1,0;;2,0;2026-05-25 15:05:59.999999999;;AHP_APRENDIZAGEM_ESPECIALIZACAO_WORKLOAD;;;;;PENDENTE;True;0,8842732596052542;1,0;0,9756042735542226;0,2879498034470088;0,6586441863669917;0,18065655277320838;0,044972520465054094
Contratos;Contrato de Escrow de Código-Fonte;;Adão;2026-02-04 09:11:00;2026-04-10 15:01:00.000000000;2026-04-13 15:01:00.000000000;3,0;;8,0;2026-04-13 15:01:00.000000000;;AHP_APRENDIZAGEM_ESPECIALIZACAO_WORKLOAD;;;;;PENDENTE;True;0,9323746444891479;1,0;1,0;0,567008750543229;0,6586441863669917;0,1851740071976712;0,08855645092448493
Contratos;Contrato de Mandato;;Adão;2026-02-04 09:12:00;2026-04-13 15:01:00.000000000;2026-04-14 15:01:00.000000000;3,0;;8,0;2026-04-14 15:01:00.000000000;;AHP_APRENDIZAGEM_ESPECIALIZACAO_WORKLOAD;;;;;PENDENTE;True;0,9309594354428794;1,0;1,0;0,5579474579473187;0,6586441863669917;0,1851740071976712;0,08714124187821652
Societário;Atos perante Junta Comercial;;Jacó;2026-02-04 09:13:00;2026-05-25 15:05:59.999999999;2026-05-26 09:06:00.000000000;1,0;;2,0;2026-05-26 09:06:00.000000000;;AHP_APRENDIZAGEM_ESPECIALIZACAO_WORKLOAD;;;;;PENDENTE;True;0,883921582211789;1,0;0,9756042735542226;0,2856980853916743;0,6586441863669917;0,18065655277320838;0,04462084307158889
Direito digital;Elaboração e atualização de políticas de privacidade e cookies;;Eva;2026-02-04 09:14:00;2026-02-04 09:14:00.000000000;2026-02-05 09:14:00.000000000;3,0;;8,0;2026-02-05 09:14:00.000000000;;AHP_APRENDIZAGEM_ESPECIALIZACAO_WORKLOAD;;;;;CONCLUIDA;True;1,0;1,0;1,0;1,0;0,6586441863669917;0,1851740071976712;0,1561818064353371
Societário;Estruturação de regras de governança;;Jacó;2026-02-05 09:00:00;2026-05-26 09:06:00.000000000;2026-05-29 09:06:00.000000000;5,0;;24,0;2026-05-29 09:06:00.000000000;;AHP_APRENDIZAGEM_ESPECIALIZACAO_WORKLOAD;;;;;PENDENTE;True;0,8839615524063313;1,0;0,9756042735542226;0,2859540063305766;0,6586441863669917;0,18065655277320838;0,04466081326613128
Societário;Acordo de Sócios / Acionistas;;Jacó;2026-02-05 09:01:00;2026-05-29 09:06:00.000000000;2026-06-01 09:05:59.999999999;3,0;;8,0;2026-06-01 09:05:59.999999999;;AHP_APRENDIZAGEM_ESPECIALIZACAO_WORKLOAD;;;;;PENDENTE;True;0,8796737405710557;1,0;0,9756042735542226;0,2585000286033379;0,6586441863669917;0,18065655277320838;0,04037300143085562
Societário;Atos perante Junta Comercial;;Jacó;2026-02-05 09:02:00;2026-06-01 09:05:59.999999999;2026-06-01 11:05:59.999999999;1,0;;2,0;2026-06-01 11:05:59.999999999;;AHP_APRENDIZAGEM_ESPECIALIZACAO_WORKLOAD;;;;;PENDENTE;True;0,8782449287082115;1,0;0,9756042735542226;0,24935163996925036;0,6586441863669917;0,18065655277320838;0,03894418956801133
Societário;Gestão de Advisors e Governança da Operação;;Jacó;2026-02-05 09:03:00;2026-06-01 11:05:59.999999999;2026-06-02 11:05:59.999999999;3,0;;8,0;2026-06-02 11:05:59.999999999;;AHP_APRENDIZAGEM_ESPECIALIZACAO_WORKLOAD;;;;;PENDENTE;True;0,8778882691116768;1,0;0,9756042735542226;0,24706802189186391;0,6586441863669917;0,18065655277320838;0,03858752997147672
Societário;Análise jurídica preliminar e de estrutura da operação;;Jacó;2026-02-05 09:04:00;2026-06-02 11:05:59.999999999;2026-06-05 11:06:00.000000000;5,0;;24,0;2026-06-05 11:06:00.000000000;;AHP_APRENDIZAGEM_ESPECIALIZACAO_WORKLOAD;;;;;PENDENTE;True;0,8764593687043574;1,0;0,9756042735542226;0,23791906632570461;0,6586441863669917;0,18065655277320838;0,03715862956415733
Societário;Gestão de passivos;;Jacó;2026-02-05 09:05:00;2026-06-05 11:06:00.000000000;2026-06-05 13:06:00.000000000;1,0;;2,0;2026-06-05 13:06:00.000000000;;AHP_APRENDIZAGEM_ESPECIALIZACAO_WORKLOAD;;;;;PENDENTE;True;0,8721710867157351;1,0;0,9756042735542226;0,21046207830323704;0,6586441863669917;0,18065655277320838;0,032870347575534926
Societário;Estruturação de holdings e grupos;;Jacó;2026-02-05 09:06:00;2026-06-05 13:06:00.000000000;2026-06-10 13:06:00.000000000;5,0;;24,0;2026-06-10 13:06:00.000000000;;AHP_APRENDIZAGEM_ESPECIALIZACAO_WORKLOAD;;;;;PENDENTE;True;0,8718142908803419;1,0;0,9756042735542226;0,20817758791644675;0,6586441863669917;0,18065655277320838;0,03251355174014186
Societário;Integração societária;;Jacó;2026-02-05 09:07:00;2026-06-10 13:06:00.000000000;2026-06-10 15:06:00.000000000;1,0;;2,0;2026-06-10 15:06:00.000000000;;AHP_APRENDIZAGEM_ESPECIALIZACAO_WORKLOAD;;;;;PENDENTE;True;0,8675257567387339;1,0;0,9756042735542226;0,18071898541024783;0,6586441863669917;0,18065655277320838;0,02822501759853384
Propriedade intelectual;Análise de riscos de colisão marcária;;Esaú;2026-02-05 09:08:00;2026-02-06 13:06:59.999999999;2026-02-06 15:06:59.999999999;1,0;;2,0;2026-02-06 15:06:59.999999999;;AHP_APRENDIZAGEM_ESPECIALIZACAO_WORKLOAD;;;;;CONCLUIDA;True;0,9978583606281337;1,0;1,0;0,9862875233630172;0,6586441863669917;0,1851740071976712;0,15404016706347076
Concorrencial;Gestão de canal de dúvidas;;Eva;2026-02-05 09:09:00;2026-02-05 09:14:00.000000000;2026-02-05 11:14:00.000000000;1,0;;2,0;2026-02-05 11:14:00.000000000;;AHP_APRENDIZAGEM_ESPECIALIZACAO_WORKLOAD;;;;;CONCLUIDA;True;0,9999851065353466;1,0;1,0;0,9999046402075028;0,6586441863669917;0,1851740071976712;0,1561669129706836
Regulatório;Atuação em processos administrativos na CVM e no BCB;;Abraão;2026-02-05 09:10:00;2026-03-06 09:00:00.000000000;2026-03-06 11:00:00.000000000;1,0;;2,0;2026-03-06 11:00:00.000000000;;AHP_APRENDIZAGEM_ESPECIALIZACAO_WORKLOAD;;;;;CONCLUIDA;True;0,9700039901051964;1,0;1,0;0,8079417149831554;0,6586441863669917;0,1851740071976712;0,12618579654053347
Societário;Gestão de passivos;;Jacó;2026-02-05 09:11:00;2026-06-10 15:06:00.000000000;2026-06-11 09:06:00.000000000;1,0;;2,0;2026-06-11 09:06:00.000000000;;AHP_APRENDIZAGEM_ESPECIALIZACAO_WORKLOAD;;;;;PENDENTE;True;0,8671704532598407;1,0;0,9756042735542226;0,17844405027533913;0,6586441863669917;0,18065655277320838;0,02786971411964058
Governança;Trasnparência e divulgação de informações;;Esaú;2026-02-05 09:12:00;2026-02-06 15:06:59.999999999;2026-02-09 09:07:00.000000000;1,0;;2,0;2026-02-09 09:07:00.000000000;;AHP_APRENDIZAGEM_ESPECIALIZACAO_WORKLOAD;;;;;CONCLUIDA;True;0,9975126490869551;1,0;1,0;0,9840740034334617;0,6586441863669917;0,1851740071976712;0,1536944555222922
Societário;Estruturação de veículos societários (SPVs);;Jacó;2026-02-05 09:13:00;2026-06-11 09:06:00.000000000;2026-06-16 09:06:00.000000000;5,0;;24,0;2026-06-16 09:06:00.000000000;;AHP_APRENDIZAGEM_ESPECIALIZACAO_WORKLOAD;;;;;PENDENTE;True;0,8668140459786794;1,0;0,9756042735542226;0,17616204772141886;0,6586441863669917;0,18065655277320838;0,02751330683847926
Societário;Suporte jurídico às negociações comerciais;;Jacó;2026-02-05 09:14:00;2026-06-16 09:06:00.000000000;2026-06-17 09:05:59.999999999;3,0;;8,0;2026-06-17 09:05:59.999999999;;AHP_APRENDIZAGEM_ESPECIALIZACAO_WORKLOAD;;;;;PENDENTE;True;0,862524843873695;1,0;0,9756042735542226;0,14869916838303598;0,6586441863669917;0,18065655277320838;0,023224104733494927
Societário;Closing da operação;;Davi;2026-02-06 09:00:00;2026-02-06 09:00:00.000000000;2026-02-06 11:00:00.000000000;1,0;;2,0;2026-02-06 11:00:00.000000000;;AHP_APRENDIZAGEM_ESPECIALIZACAO_WORKLOAD;;;;;CONCLUIDA;True;0,8697162716042961;1,0;0,296425398103377;1,0;0,6586441863669917;0,05489027880196728;0,1561818064353371
Trabalhista;Gestão de escritórios externos;;Eva;2026-02-06 09:01:00;2026-02-06 09:01:00.000000000;2026-02-06 11:01:00.000000000;1,0;;2,0;2026-02-06 11:01:00.000000000;;AHP_APRENDIZAGEM_ESPECIALIZACAO_WORKLOAD;;;;;CONCLUIDA;True;1,0;1,0;1,0;1,0;0,6586441863669917;0,1851740071976712;0,1561818064353371
Societário;Atualização de Contrato Social / Estatuto;;Davi;2026-02-06 09:02:00;2026-02-06 11:00:00.000000000;2026-02-09 11:00:00.000000000;3,0;;8,0;2026-02-09 11:00:00.000000000;;AHP_APRENDIZAGEM_ESPECIALIZACAO_WORKLOAD;;;;;CONCLUIDA;True;0,8697162716042961;1,0;0,296425398103377;1,0;0,6586441863669917;0,05489027880196728;0,1561818064353371
Contencioso;Contencioso Civil;;Jacó;2026-02-06 09:03:00;2026-06-17 09:05:59.999999999;2026-06-19 09:05:59.999999999;4,0;;16,0;2026-06-19 09:05:59.999999999;;AHP_APRENDIZAGEM_ESPECIALIZACAO_WORKLOAD;;;;;PENDENTE;True;0,8658591668460675;1,0;1,0;0,14112382091399375;0,6586441863669917;0,1851740071976712;0,02204097328140455
Societário;Estruturação de holdings e grupos;;Davi;2026-02-06 09:04:00;2026-02-09 11:00:00.000000000;2026-02-12 11:00:00.000000000;5,0;;24,0;2026-02-12 11:00:00.000000000;;AHP_APRENDIZAGEM_ESPECIALIZACAO_WORKLOAD;;;;;CONCLUIDA;True;0,8682731843705902;1,0;0,296425398103377;0,9907602091009018;0,6586441863669917;0,05489027880196728;0,15473871920163115
Contratos;Contrato de Manutenção de Sistemas;;Adão;2026-02-06 09:05:00;2026-04-14 15:01:00.000000000;2026-04-15 15:01:00.000000000;3,0;;8,0;2026-04-15 15:01:00.000000000;;AHP_APRENDIZAGEM_ESPECIALIZACAO_WORKLOAD;;;;;PENDENTE;True;0,9313102527588814;1,0;1,0;0,5601936691034638;0,6586441863669917;0,1851740071976712;0,08749205919421847
Direito financeiro;Estratégias de prevenção de litígios;;Abraão;2026-02-06 09:06:00;2026-03-06 11:00:00.000000000;2026-03-10 11:00:00.000000000;4,0;;16,0;2026-03-10 11:00:00.000000000;;AHP_APRENDIZAGEM_ESPECIALIZACAO_WORKLOAD;;;;;CONCLUIDA;True;0,9710810138698466;1,0;1,0;0,8148376767422872;0,6586441863669917;0,1851740071976712;0,12726282030518368
Societário;Elaboração e negociação de  SPA;;Davi;2026-02-06 09:07:00;2026-02-12 11:00:00.000000000;2026-02-13 11:00:00.000000000;3,0;;8,0;2026-02-13 11:00:00.000000000;;AHP_APRENDIZAGEM_ESPECIALIZACAO_WORKLOAD;;;;;CONCLUIDA;True;0,8639348845448354;1,0;0,296425398103377;0,9629829671495416;0,6586441863669917;0,05489027880196728;0,15040041937587628
Governança;Acompanhamento de planos de mitigação;;Esaú;2026-02-06 09:08:00;2026-02-09 09:07:00.000000000;2026-02-09 11:07:00.000000000;1,0;;2,0;2026-02-09 11:07:00.000000000;;AHP_APRENDIZAGEM_ESPECIALIZACAO_WORKLOAD;;;;;CONCLUIDA;True;0,9988973487943376;1,0;1,0;0,9929399510043507;0,6586441863669917;0,1851740071976712;0,1550791552296746
Contratos;Contrato de Representação Comercial;;Adão;2026-02-06 09:09:00;2026-04-15 15:01:00.000000000;2026-04-16 15:01:00.000000000;3,0;;8,0;2026-04-16 15:01:00.000000000;;AHP_APRENDIZAGEM_ESPECIALIZACAO_WORKLOAD;;;;;PENDENTE;True;0,9298641528169631;1,0;1,0;0,5509345884530105;0,6586441863669917;0,1851740071976712;0,08604595925230019
Concorrencial;Monitoramento regulatório e jurisprudencial;;Eva;2026-02-06 09:10:00;2026-02-06 11:01:00.000000000;2026-02-09 11:01:00.000000000;3,0;;8,0;2026-02-09 11:01:00.000000000;;AHP_APRENDIZAGEM_ESPECIALIZACAO_WORKLOAD;;;;;CONCLUIDA;True;1,0;1,0;1,0;1,0;0,6586441863669917;0,1851740071976712;0,1561818064353371
Societário;Regularização societária;;Davi;2026-02-06 09:11:00;2026-02-13 11:00:00.000000000;2026-02-16 11:00:00.000000000;3,0;;8,0;2026-02-16 11:00:00.000000000;;AHP_APRENDIZAGEM_ESPECIALIZACAO_WORKLOAD;;;;;CONCLUIDA;True;0,8638808539420717;1,0;0,296425398103377;0,962637020307225;0,6586441863669917;0,05489027880196728;0,15034638877311268
Contratos;Contrato de Mútuo, Doação ou Comodato;;Adão;2026-02-06 09:12:00;2026-04-16 15:01:00.000000000;2026-04-17 15:01:00.000000000;3,0;;8,0;2026-04-17 15:01:00.000000000;;AHP_APRENDIZAGEM_ESPECIALIZACAO_WORKLOAD;;;;;PENDENTE;True;0,929208690371764;1,0;1,0;0,5467377971611231;0,6586441863669917;0,1851740071976712;0,08539049680710113
Contencioso;Gestão de escritórios externos;;Jacó;2026-02-06 09:13:00;2026-06-19 09:05:59.999999999;2026-06-19 11:05:59.999999999;1,0;;2,0;2026-06-19 11:05:59.999999999;;AHP_APRENDIZAGEM_ESPECIALIZACAO_WORKLOAD;;;;;PENDENTE;True;0,8631459239769081;1,0;1,0;0,1237514845895146;0,6586441863669917;0,1851740071976712;0,019327730412245173
Governança;Suporte jurídico às decisões do Conselho de Administração;;Esaú;2026-02-06 09:14:00;2026-02-09 11:07:00.000000000;2026-02-09 13:07:00.000000000;1,0;;2,0;2026-02-09 13:07:00.000000000;;AHP_APRENDIZAGEM_ESPECIALIZACAO_WORKLOAD;;;;;CONCLUIDA;True;0,9999817548171568;1,0;1,0;0,9998831798449536;0,6586441863669917;0,1851740071976712;0,1561635612524939
Contratos;Contratos Administrativos;;Adão;2026-02-09 09:00:00;2026-04-17 15:01:00.000000000;2026-04-20 15:01:00.000000000;3,0;;8,0;2026-04-20 15:01:00.000000000;;AHP_APRENDIZAGEM_ESPECIALIZACAO_WORKLOAD;;;;;PENDENTE;True;0,927749075740254;1,0;1,0;0,5373921847314556;0,6586441863669917;0,1851740071976712;0,08393088217559111
Direito financeiro;Negociação jurídica com bancos e instituições de crédito;;Abraão;2026-02-09 09:01:00;2026-03-10 11:00:00.000000000;2026-03-11 11:00:00.000000000;3,0;;8,0;2026-03-11 11:00:00.000000000;;AHP_APRENDIZAGEM_ESPECIALIZACAO_WORKLOAD;;;;;CONCLUIDA;True;0,9693511336021052;1,0;1,0;0,8037616090028763;0,6586441863669917;0,1851740071976712;0,12553294003744234
Contratos;NDA;;Adão;2026-02-09 09:02:00;2026-04-20 15:01:00.000000000;2026-04-21 09:00:59.999999999;1,0;;2,0;2026-04-21 09:00:59.999999999;;AHP_APRENDIZAGEM_ESPECIALIZACAO_WORKLOAD;;;;;PENDENTE;True;0,926289461108744;1,0;1,0;0,528046572301788;0,6586441863669917;0,1851740071976712;0,08247126754408109
Concorrencial;Gestão de canal de dúvidas;;Eva;2026-02-09 09:03:00;2026-02-09 11:01:00.000000000;2026-02-09 13:01:00.000000000;1,0;;2,0;2026-02-09 13:01:00.000000000;;AHP_APRENDIZAGEM_ESPECIALIZACAO_WORKLOAD;;;;;CONCLUIDA;True;1,0;1,0;1,0;1,0;0,6586441863669917;0,1851740071976712;0,1561818064353371
Regulatório;Elaboração de defesas, manifestações e recursos;;Abraão;2026-02-09 09:04:00;2026-03-11 11:00:00.000000000;2026-03-13 11:00:00.000000000;4,0;;16,0;2026-03-13 11:00:00.000000000;;AHP_APRENDIZAGEM_ESPECIALIZACAO_WORKLOAD;;;;;CONCLUIDA;True;0,9681820831486697;1,0;1,0;0,7962764192735622;0,6586441863669917;0,1851740071976712;0,12436388958400682
Regulatório;Enquadramento jurídico-regulatório de tokens, valores mobiliários e instrumentos financeiros;;Abraão;2026-02-09 09:05:00;2026-03-13 11:00:00.000000000;2026-03-16 11:00:00.000000000;3,0;;8,0;2026-03-16 11:00:00.000000000;;AHP_APRENDIZAGEM_ESPECIALIZACAO_WORKLOAD;;;;;CONCLUIDA;True;0,9652560174165807;1,0;1,0;0,7775414219081652;0,6586441863669917;0,1851740071976712;0,12143782385191784
Societário;Acordo de Sócios / Acionistas;;Davi;2026-02-09 09:06:00;2026-02-16 11:00:00.000000000;2026-02-17 11:00:00.000000000;3,0;;8,0;2026-02-17 11:00:00.000000000;;AHP_APRENDIZAGEM_ESPECIALIZACAO_WORKLOAD;;;;;CONCLUIDA;True;0,8617146196056025;1,0;0,2907264672108068;0,9555238968794375;0,6586441863669917;0,053834984931847456;0,14923544830676333
Concorrencial;Avaliação de riscos concorrenciais;;Eva;2026-02-09 09:07:00;2026-02-09 13:01:00.000000000;2026-02-09 15:01:00.000000000;1,0;;2,0;2026-02-09 15:01:00.000000000;;AHP_APRENDIZAGEM_ESPECIALIZACAO_WORKLOAD;;;;;CONCLUIDA;True;1,0;1,0;1,0;1,0;0,6586441863669917;0,1851740071976712;0,1561818064353371
Societário;Gestão jurídica do encerramento de operações;;Davi;2026-02-09 09:08:00;2026-02-17 11:00:00.000000000;2026-02-17 13:00:00.000000000;1,0;;2,0;2026-02-17 13:00:00.000000000;;AHP_APRENDIZAGEM_ESPECIALIZACAO_WORKLOAD;;;;;CONCLUIDA;True;0,8602688919897317;1,0;0,2907264672108068;0,9462672001561258;0,6586441863669917;0,053834984931847456;0,14778972069089244
Societário;Análise jurídica preliminar e de estrutura da operação;;Davi;2026-02-09 09:09:00;2026-02-17 13:00:00.000000000;2026-02-20 13:00:00.000000000;5,0;;24,0;2026-02-20 13:00:00.000000000;;AHP_APRENDIZAGEM_ESPECIALIZACAO_WORKLOAD;;;;;CONCLUIDA;True;0,8599030909402099;1,0;0,2907264672108068;0,9439250512344894;0,6586441863669917;0,053834984931847456;0,1474239196413707
Regulatório;Apoio a ofertas públicas e privadas sob a ótica regulatória;;Abraão;2026-02-09 09:10:00;2026-03-16 11:00:00.000000000;2026-03-17 11:00:00.000000000;3,0;;8,0;2026-03-17 11:00:00.000000000;;AHP_APRENDIZAGEM_ESPECIALIZACAO_WORKLOAD;;;;;CONCLUIDA;True;0,9638070344919029;1,0;1,0;0,7682638821117622;0,6586441863669917;0,1851740071976712;0,1199888409272399
Societário;Regularização societária;;Davi;2026-02-09 09:11:00;2026-02-20 13:00:00.000000000;2026-02-23 13:00:00.000000000;3,0;;8,0;2026-02-23 13:00:00.000000000;;AHP_APRENDIZAGEM_ESPECIALIZACAO_WORKLOAD;;;;;CONCLUIDA;True;0,8555134783459489;1,0;0,2907264672108068;0,915819264174853;0,6586441863669917;0,053834984931847456;0,14303430704710976
Contratos;Contrato de compra e venda;;Adão;2026-02-09 09:12:00;2026-04-21 09:00:59.999999999;2026-04-22 09:00:59.999999999;3,0;;8,0;2026-04-22 09:00:59.999999999;;AHP_APRENDIZAGEM_ESPECIALIZACAO_WORKLOAD;;;;;PENDENTE;True;0,9261264780490839;1,0;1,0;0,5270030252755366;0,6586441863669917;0,1851740071976712;0,08230828448442092
Societário;Atualização de Contrato Social / Estatuto;;Davi;2026-02-09 09:13:00;2026-02-23 13:00:00.000000000;2026-02-24 13:00:00.000000000;3,0;;8,0;2026-02-24 13:00:00.000000000;;AHP_APRENDIZAGEM_ESPECIALIZACAO_WORKLOAD;;;;;CONCLUIDA;True;0,8540502741478619;1,0;0,2907264672108068;0,9064506684883076;0,6586441863669917;0,053834984931847456;0,14157110284902277
Societário;Gestão de conflitos societários;;Davi;2026-02-09 09:14:00;2026-02-24 13:00:00.000000000;2026-02-24 15:00:00.000000000;1,0;;2,0;2026-02-24 15:00:00.000000000;;AHP_APRENDIZAGEM_ESPECIALIZACAO_WORKLOAD;;;;;CONCLUIDA;True;0,8525870699497751;1,0;0,2907264672108068;0,8970820728017622;0,6586441863669917;0,053834984931847456;0,1401078986509358
Societário;Reorganizações societárias internas;;Davi;2026-02-10 09:00:00;2026-02-24 15:00:00.000000000;2026-02-27 15:00:00.000000000;5,0;;24,0;2026-02-27 15:00:00.000000000;;AHP_APRENDIZAGEM_ESPECIALIZACAO_WORKLOAD;;;;;CONCLUIDA;True;0,8586586801335244;1,0;0,3220429936139624;0,8988274969608704;0,6586441863669917;0,059633991617431444;0,14038050214910122
Contencioso;Suporte técnico às áreas internas envolvidas;;Jacó;2026-02-10 09:01:00;2026-06-19 11:05:59.999999999;2026-06-19 13:05:59.999999999;1,0;;2,0;2026-06-19 13:05:59.999999999;;AHP_APRENDIZAGEM_ESPECIALIZACAO_WORKLOAD;;;;;PENDENTE;True;0,8629148729420962;1,0;1,0;0,12227211231123658;0,6586441863669917;0,1851740071976712;0,01909667937743335
Regulatório;Alterações cadastrais e societárias perante CVM e BCB;;Abraão;2026-02-10 09:02:00;2026-03-17 11:00:00.000000000;2026-03-17 13:00:00.000000000;1,0;;2,0;2026-03-17 13:00:00.000000000;;AHP_APRENDIZAGEM_ESPECIALIZACAO_WORKLOAD;;;;;CONCLUIDA;True;0,9628899778356073;1,0;1,0;0,7623921568626674;0,6586441863669917;0,1851740071976712;0,11907178427094428
Societário;Estruturação de regras de governança;;Davi;2026-02-10 09:03:00;2026-02-27 15:00:00.000000000;2026-03-04 15:00:00.000000000;5,0;;24,0;2026-03-04 15:00:00.000000000;;AHP_APRENDIZAGEM_ESPECIALIZACAO_WORKLOAD;;;;;CONCLUIDA;True;0,8542570122623796;1,0;0,3220429936139624;0,8706445224415742;0,6586441863669917;0,059633991617431444;0,13597883427795646
Societário;SPA / SHA e documentos correlatos;;Davi;2026-02-10 09:04:00;2026-03-04 15:00:00.000000000;2026-03-04 17:00:00.000000000;1,0;;2,0;2026-03-04 17:00:00.000000000;;AHP_APRENDIZAGEM_ESPECIALIZACAO_WORKLOAD;;;;;CONCLUIDA;True;0,8498496664364124;1,0;0,3220429936139624;0,8424251931447776;0,6586441863669917;0,059633991617431444;0,13157148845198913
Contratos;Contrato de Mandato;;Adão;2026-02-10 09:05:00;2026-04-22 09:00:59.999999999;2026-04-23 09:00:59.999999999;3,0;;8,0;2026-04-23 09:00:59.999999999;;AHP_APRENDIZAGEM_ESPECIALIZACAO_WORKLOAD;;;;;PENDENTE;True;0,9250405730864059;1,0;1,0;0,5200501990311587;0,6586441863669917;0,1851740071976712;0,08122237952174297
Societário;Gestão de earn-outs, ajustes de preço e garantias;;Davi;2026-02-10 09:06:00;2026-03-05 09:00:00.000000000;2026-03-05 11:00:00.000000000;1,0;;2,0;2026-03-05 11:00:00.000000000;;AHP_APRENDIZAGEM_ESPECIALIZACAO_WORKLOAD;;;;;CONCLUIDA;True;0,8494873110792207;1,0;0,3220429936139624;0,8401051062827934;0,6586441863669917;0,059633991617431444;0,13120913309479756
Governança;Política de PLDFTP e Fraudes;;Esaú;2026-02-10 09:07:00;2026-02-10 09:07:00.000000000;2026-02-11 09:06:59.999999999;3,0;;8,0;2026-02-11 09:06:59.999999999;;AHP_APRENDIZAGEM_ESPECIALIZACAO_WORKLOAD;;;;;CONCLUIDA;True;1,0;1,0;1,0;1,0;0,6586441863669917;0,1851740071976712;0,1561818064353371
Contratos;Contratos Financeiros ou Bancários;;Adão;2026-02-10 09:08:00;2026-04-23 09:00:59.999999999;2026-04-24 09:00:59.999999999;3,0;;8,0;2026-04-24 09:00:59.999999999;;AHP_APRENDIZAGEM_ESPECIALIZACAO_WORKLOAD;;;;;PENDENTE;True;0,923575232066866;1,0;1,0;0,5106679217161204;0,6586441863669917;0,1851740071976712;0,079757038502203
Governança;Avaliação periódica da efetividade da governança;;Esaú;2026-02-10 09:09:00;2026-02-11 09:06:59.999999999;2026-02-12 09:06:59.999999999;3,0;;8,0;2026-02-12 09:06:59.999999999;;AHP_APRENDIZAGEM_ESPECIALIZACAO_WORKLOAD;;;;;CONCLUIDA;True;0,9985359774189887;1,0;1,0;0,9906261643758264;0,6586441863669917;0,1851740071976712;0,15471778385432575
Direito digital;Adequação de contratos a regras internacionais de privacidade;;Eva;2026-02-10 09:10:00;2026-02-10 09:10:00.000000000;2026-02-11 09:10:00.000000000;3,0;;8,0;2026-02-11 09:10:00.000000000;;AHP_APRENDIZAGEM_ESPECIALIZACAO_WORKLOAD;;;;;CONCLUIDA;True;1,0;1,0;1,0;1,0;0,6586441863669917;0,1851740071976712;0,1561818064353371
Societário;Consolidação das versões finais dos documentos;;Davi;2026-02-10 09:11:00;2026-03-05 11:00:00.000000000;2026-03-05 13:00:00.000000000;1,0;;2,0;2026-03-05 13:00:00.000000000;;AHP_APRENDIZAGEM_ESPECIALIZACAO_WORKLOAD;;;;;CONCLUIDA;True;0,8503735045311858;1,0;0,3220429936139624;0,84577922077917;0,6586441863669917;0,059633991617431444;0,13209532654676256
Societário;Suporte jurídico às negociações comerciais;;Davi;2026-02-10 09:12:00;2026-03-05 13:00:00.000000000;2026-03-06 13:00:00.000000000;3,0;;8,0;2026-03-06 13:00:00.000000000;;AHP_APRENDIZAGEM_ESPECIALIZACAO_WORKLOAD;;;;;CONCLUIDA;True;0,8500024676137751;1,0;0,3220429936139624;0,8434035476717886;0,6586441863669917;0,059633991617431444;0,1317242896293519
Societário;Due diligence;;Davi;2026-02-10 09:13:00;2026-03-06 13:00:00.000000000;2026-03-11 13:00:00.000000000;5,0;;24,0;2026-03-11 13:00:00.000000000;;AHP_APRENDIZAGEM_ESPECIALIZACAO_WORKLOAD;;;;;CONCLUIDA;True;0,8485183199441325;1,0;0,3220429936139624;0,833900855242264;0,6586441863669917;0,059633991617431444;0,13024014195970934
Societário;Estruturação de holdings e grupos;;Davi;2026-02-10 09:14:00;2026-03-11 13:00:00.000000000;2026-03-16 13:00:00.000000000;5,0;;24,0;2026-03-16 13:00:00.000000000;;AHP_APRENDIZAGEM_ESPECIALIZACAO_WORKLOAD;;;;;CONCLUIDA;True;0,8440658769352047;1,0;0,3220429936139624;0,8053927779536894;0,6586441863669917;0,059633991617431444;0,12578769895078154
Contencioso;Avaliação de riscos, êxito e impacto financeiro;;Jacó;2026-02-11 09:00:00;2026-06-19 13:05:59.999999999;2026-06-19 15:05:59.999999999;1,0;;2,0;2026-06-19 15:05:59.999999999;;AHP_APRENDIZAGEM_ESPECIALIZACAO_WORKLOAD;;;;;PENDENTE;True;0,8627287084553074;1,0;1,0;0,12108013937253227;0,6586441863669917;0,1851740071976712;0,018910514890644475
Contratos;Contratos imobiliários;;Adão;2026-02-11 09:01:00;2026-04-24 09:00:59.999999999;2026-04-27 09:00:59.999999999;3,0;;8,0;2026-04-27 09:00:59.999999999;;AHP_APRENDIZAGEM_ESPECIALIZACAO_WORKLOAD;;;;;PENDENTE;True;0,9228521489473911;1,0;1,0;0,5060381691477622;0,6586441863669917;0,1851740071976712;0,07903395538272817
Contencioso;Padronização de teses jurídicas;;Jacó;2026-02-11 09:02:00;2026-06-19 15:05:59.999999999;2026-06-22 09:06:00.000000000;1,0;;2,0;2026-06-22 09:06:00.000000000;;AHP_APRENDIZAGEM_ESPECIALIZACAO_WORKLOAD;;;;;PENDENTE;True;0,8623576715378968;1,0;1,0;0,11870446626515108;0,6586441863669917;0,1851740071976712;0,01853947797323383
Contratos;Contratos de Seguros ou Previdência;;Adão;2026-02-11 09:03:00;2026-04-27 09:00:59.999999999;2026-04-28 09:00:59.999999999;3,0;;8,0;2026-04-28 09:00:59.999999999;;AHP_APRENDIZAGEM_ESPECIALIZACAO_WORKLOAD;;;;;PENDENTE;True;0,9213680012777485;1,0;1,0;0,49653547671823733;0,6586441863669917;0,1851740071976712;0,07754980771308558
Societário;Regularização societária;;Davi;2026-02-11 09:04:00;2026-03-16 13:00:00.000000000;2026-03-17 13:00:00.000000000;3,0;;8,0;2026-03-17 13:00:00.000000000;;AHP_APRENDIZAGEM_ESPECIALIZACAO_WORKLOAD;;;;;CONCLUIDA;True;0,839613433926277;1,0;0,3220429936139624;0,7768847006651148;0,6586441863669917;0,059633991617431444;0,12133525594185378
Concorrencial;Análise de exclusividade, não concorrência e cláusulas MFN;;Eva;2026-02-11 09:05:00;2026-02-11 09:10:00.000000000;2026-02-11 11:10:00.000000000;1,0;;2,0;2026-02-11 11:10:00.000000000;;AHP_APRENDIZAGEM_ESPECIALIZACAO_WORKLOAD;;;;;CONCLUIDA;True;1,0;1,0;1,0;1,0;0,6586441863669917;0,1851740071976712;0,1561818064353371
Regulatório;Análise regulatória de novos produtos financeiros e de investimento;;Abraão;2026-02-11 09:06:00;2026-03-17 13:00:00.000000000;2026-03-18 13:00:00.000000000;3,0;;8,0;2026-03-18 13:00:00.000000000;;AHP_APRENDIZAGEM_ESPECIALIZACAO_WORKLOAD;;;;;CONCLUIDA;True;0,963954706920869;1,0;1,0;0,769209398317117;0,6586441863669917;0,1851740071976712;0,12013651335620608
Concorrencial;M&A Concorrencial;;Eva;2026-02-11 09:07:00;2026-02-11 11:10:00.000000000;2026-02-16 11:10:00.000000000;5,0;;24,0;2026-02-16 11:10:00.000000000;;AHP_APRENDIZAGEM_ESPECIALIZACAO_WORKLOAD;;;;;CONCLUIDA;True;1,0;1,0;1,0;1,0;0,6586441863669917;0,1851740071976712;0,1561818064353371
Societário;Avaliação de impactos (societário, contratual, regulatório, concorrencial, trabalhista, tributário);;Davi;2026-02-11 09:08:00;2026-03-17 13:00:00.000000000;2026-03-18 13:00:00.000000000;3,0;;8,0;2026-03-18 13:00:00.000000000;;AHP_APRENDIZAGEM_ESPECIALIZACAO_WORKLOAD;;;;;CONCLUIDA;True;0,8392718660236744;1,0;0,3220429936139624;0,7746977116015455;0,6586441863669917;0,059633991617431444;0,1209936880392512
Societário;Reorganizações societárias internas;;Davi;2026-02-11 09:09:00;2026-03-18 13:00:00.000000000;2026-03-23 13:00:00.000000000;5,0;;24,0;2026-03-23 13:00:00.000000000;;AHP_APRENDIZAGEM_ESPECIALIZACAO_WORKLOAD;;;;;CONCLUIDA;True;0,837773569489469;1,0;0,3220429936139624;0,765104426900836;0,6586441863669917;0,059633991617431444;0,1194953915050459
Societário;Estruturação de veículos societários (SPVs);;Davi;2026-02-11 09:10:00;2026-03-23 13:00:00.000000000;2026-03-26 13:00:00.000000000;5,0;;24,0;2026-03-26 13:00:00.000000000;;AHP_APRENDIZAGEM_ESPECIALIZACAO_WORKLOAD;;;;;CONCLUIDA;True;0,8332786798868532;1,0;0,3220429936139624;0,7363245727987077;0,6586441863669917;0,059633991617431444;0,11500050190243005
Governança;Estruturação de framework de riscos;;Esaú;2026-02-11 09:11:00;2026-02-12 09:06:59.999999999;2026-02-17 09:07:00.000000000;5,0;;24,0;2026-02-17 09:07:00.000000000;;AHP_APRENDIZAGEM_ESPECIALIZACAO_WORKLOAD;;;;;CONCLUIDA;True;1,0;1,0;1,0;1,0;0,6586441863669917;0,1851740071976712;0,1561818064353371
Societário;Gestão de earn-outs, ajustes de preço e garantias;;Davi;2026-02-11 09:12:00;2026-03-26 13:00:00.000000000;2026-03-26 15:00:00.000000000;1,0;;2,0;2026-03-26 15:00:00.000000000;;AHP_APRENDIZAGEM_ESPECIALIZACAO_WORKLOAD;;;;;CONCLUIDA;True;0,8312285847384492;1,0;0,3220429936139624;0,7231982350056255;0,6586441863669917;0,059633991617431444;0,11295040675402604
Contratos;Contrato de Licença de Uso de Marca;;Adão;2026-02-11 09:13:00;2026-04-28 09:00:59.999999999;2026-04-29 09:00:59.999999999;3,0;;8,0;2026-04-29 09:00:59.999999999;;AHP_APRENDIZAGEM_ESPECIALIZACAO_WORKLOAD;;;;;PENDENTE;True;0,9223079104325015;1,0;1,0;0,5025535218171211;0,6586441863669917;0,1851740071976712;0,07848971686783857
Contratos;Contratos imobiliários;;Adão;2026-02-11 09:14:00;2026-04-29 09:00:59.999999999;2026-04-30 09:00:59.999999999;3,0;;8,0;2026-04-30 09:00:59.999999999;;AHP_APRENDIZAGEM_ESPECIALIZACAO_WORKLOAD;;;;;PENDENTE;True;0,9207764660157466;1,0;1,0;0,49274799803872255;0,6586441863669917;0,1851740071976712;0,07695827245108364
Societário;Avaliação de impactos (societário, contratual, regulatório, concorrencial, trabalhista, tributário);;Davi;2026-02-12 09:00:00;2026-03-26 15:00:00.000000000;2026-03-27 15:00:00.000000000;3,0;;8,0;2026-03-27 15:00:00.000000000;;AHP_APRENDIZAGEM_ESPECIALIZACAO_WORKLOAD;;;;;CONCLUIDA;True;0,8248578145218427;1,0;0,28970633252941963;0,720746854061026;0,6586441863669917;0,053646082505013674;0,11256754564983733
Direito financeiro;Apoio jurídico à governança financeira corporativa;;Abraão;2026-02-12 09:01:00;2026-03-18 13:00:00.000000000;2026-03-19 13:00:00.000000000;3,0;;8,0;2026-03-19 13:00:00.000000000;;AHP_APRENDIZAGEM_ESPECIALIZACAO_WORKLOAD;;;;;CONCLUIDA;True;0,9659572668192186;1,0;1,0;0,7820313776760166;0,6586441863669917;0,1851740071976712;0,12213907325455563
Societário;Reorganizações societárias internas;;Davi;2026-02-12 09:02:00;2026-03-27 15:00:00.000000000;2026-04-01 15:00:00.000000000;5,0;;24,0;2026-04-01 15:00:00.000000000;;AHP_APRENDIZAGEM_ESPECIALIZACAO_WORKLOAD;;;;;CONCLUIDA;True;0,8233263701050878;1,0;0,28970633252941963;0,7109413302826274;0,6586441863669917;0,053646082505013674;0,11103610123308238
Contratos;Contratos imobiliários;;Adão;2026-02-12 09:03:00;2026-04-30 09:00:59.999999999;2026-05-01 09:00:59.999999999;3,0;;8,0;2026-05-01 09:00:59.999999999;;AHP_APRENDIZAGEM_ESPECIALIZACAO_WORKLOAD;;;;;PENDENTE;True;0,9192450215989916;1,0;1,0;0,482942474260324;0,6586441863669917;0,1851740071976712;0,0754268280343287
Societário;Avaliação de impactos (societário, contratual, regulatório, concorrencial, trabalhista, tributário);;Davi;2026-02-12 09:04:00;2026-04-01 15:00:00.000000000;2026-04-02 15:00:00.000000000;3,0;;8,0;2026-04-02 15:00:00.000000000;;AHP_APRENDIZAGEM_ESPECIALIZACAO_WORKLOAD;;;;;CONCLUIDA;True;0,818732036854823;1,0;0,28970633252941963;0,6815247589474319;0,6586441863669917;0,053646082505013674;0,1064417679828176
Regulatório;Interface direta com equipes técnicas dos reguladores;;Abraão;2026-02-12 09:05:00;2026-03-19 13:00:00.000000000;2026-03-20 13:00:00.000000000;3,0;;8,0;2026-03-20 13:00:00.000000000;;AHP_APRENDIZAGEM_ESPECIALIZACAO_WORKLOAD;;;;;CONCLUIDA;True;0,9644258224024637;1,0;1,0;0,7722258538976182;0,6586441863669917;0,1851740071976712;0,12060762883780073
Contratos;Contratos imobiliários;;Adão;2026-02-12 09:06:00;2026-05-01 09:00:59.999999999;2026-05-04 09:00:59.999999999;3,0;;8,0;2026-05-04 09:00:59.999999999;;AHP_APRENDIZAGEM_ESPECIALIZACAO_WORKLOAD;;;;;PENDENTE;True;0,9177135771822367;1,0;1,0;0,4731369504819256;0,6586441863669917;0,1851740071976712;0,07389538361757378
Contratos;Contrato de Distribuição;;Adão;2026-02-12 09:07:00;2026-05-04 09:00:59.999999999;2026-05-05 09:00:59.999999999;3,0;;8,0;2026-05-05 09:00:59.999999999;;AHP_APRENDIZAGEM_ESPECIALIZACAO_WORKLOAD;;;;;PENDENTE;True;0,9161821327654818;1,0;1,0;0,46333142670352706;0,6586441863669917;0,1851740071976712;0,07236393920081885
Societário;Estruturação jurídica de carve-outs, spin-offs e alienação de ativos;;Davi;2026-02-12 09:08:00;2026-04-02 15:00:00.000000000;2026-04-07 15:00:00.000000000;5,0;;24,0;2026-04-07 15:00:00.000000000;;AHP_APRENDIZAGEM_ESPECIALIZACAO_WORKLOAD;;;;;EM_EXECUCAO;True;0,8172005924380681;1,0;0,28970633252941963;0,6717192351690335;0,6586441863669917;0,053646082505013674;0,10491032356606268
Societário;Integração societária;;Davi;2026-02-12 09:09:00;2026-04-07 15:00:00.000000000;2026-04-07 17:00:00.000000000;1,0;;2,0;2026-04-07 17:00:00.000000000;;AHP_APRENDIZAGEM_ESPECIALIZACAO_WORKLOAD;;;;;PENDENTE;True;0,8126062591878033;1,0;0,28970633252941963;0,6423026638338379;0,6586441863669917;0,053646082505013674;0,10031599031579788
Contratos;Letter of Intent;;Adão;2026-02-12 09:10:00;2026-05-05 09:00:59.999999999;2026-05-05 11:00:59.999999999;1,0;;2,0;2026-05-05 11:00:59.999999999;;AHP_APRENDIZAGEM_ESPECIALIZACAO_WORKLOAD;;;;;PENDENTE;True;0,9146506883487269;1,0;1,0;0,45352590292512857;0,6586441863669917;0,1851740071976712;0,07083249478406392
Regulatório;Apoio a ofertas públicas e privadas sob a ótica regulatória;;Abraão;2026-02-12 09:11:00;2026-03-20 13:00:00.000000000;2026-03-23 13:00:00.000000000;3,0;;8,0;2026-03-23 13:00:00.000000000;;AHP_APRENDIZAGEM_ESPECIALIZACAO_WORKLOAD;;;;;CONCLUIDA;True;0,9628943779857088;1,0;1,0;0,7624203301192197;0,6586441863669917;0,1851740071976712;0,1190761844210458
Regulatório;Registro de companhias abertas, emissores e participantes de mercado na CVM;;Abraão;2026-02-12 09:12:00;2026-03-23 13:00:00.000000000;2026-03-23 15:00:00.000000000;1,0;;2,0;2026-03-23 15:00:00.000000000;;AHP_APRENDIZAGEM_ESPECIALIZACAO_WORKLOAD;;;;;CONCLUIDA;True;0,9613629335689537;1,0;1,0;0,7526148063408211;0,6586441863669917;0,1851740071976712;0,11754474000429084
Regulatório;Análise de impactos regulatórios em operações, produtos e modelos de negócio;;Abraão;2026-02-12 09:13:00;2026-03-23 15:00:00.000000000;2026-03-24 15:00:00.000000000;3,0;;8,0;2026-03-24 15:00:00.000000000;;AHP_APRENDIZAGEM_ESPECIALIZACAO_WORKLOAD;;;;;CONCLUIDA;True;0,960980072464765;1,0;1,0;0,7501634253962216;0,6586441863669917;0,1851740071976712;0,11716187890010213
Societário;Regularização societária;;Davi;2026-02-12 09:14:00;2026-04-08 09:00:00.000000000;2026-04-08 17:00:00.000000000;3,0;;8,0;2026-04-08 17:00:00.000000000;;AHP_APRENDIZAGEM_ESPECIALIZACAO_WORKLOAD;;;;;PENDENTE;True;0,8122233980836145;1,0;0,28970633252941963;0,6398512828892383;0,6586441863669917;0,053646082505013674;0,09993312921160914
Contratos;Letter of Intent;;Adão;2026-02-13 09:00:00;2026-05-05 11:00:59.999999999;2026-05-05 13:00:59.999999999;1,0;;2,0;2026-05-05 13:00:59.999999999;;AHP_APRENDIZAGEM_ESPECIALIZACAO_WORKLOAD;;;;;PENDENTE;True;0,9142678272445381;1,0;1,0;0,45107452198052894;0,6586441863669917;0,1851740071976712;0,07044963367987518
Societário;SPA / SHA e documentos correlatos;;Davi;2026-02-13 09:01:00;2026-04-09 09:00:00.000000000;2026-04-09 11:00:00.000000000;1,0;;2,0;2026-04-09 11:00:00.000000000;;AHP_APRENDIZAGEM_ESPECIALIZACAO_WORKLOAD;;;;;PENDENTE;True;0,838457590877499;1,0;0,4396498242258534;0,6300457591108398;0,6586441863669917;0,08141171971565306;0,09840168479485421
Contratos;Contrato de compra e venda;;Adão;2026-02-13 09:02:00;2026-05-05 13:00:59.999999999;2026-05-06 13:01:00.000000000;3,0;;8,0;2026-05-06 13:01:00.000000000;;AHP_APRENDIZAGEM_ESPECIALIZACAO_WORKLOAD;;;;;PENDENTE;True;0,9138849661403493;1,0;1,0;0,4486231410359292;0,6586441863669917;0,1851740071976712;0,07006677257568643
Regulatório;Apoio a ofertas públicas e privadas sob a ótica regulatória;;Abraão;2026-02-13 09:03:00;2026-03-24 15:00:00.000000000;2026-03-25 15:00:00.000000000;3,0;;8,0;2026-03-25 15:00:00.000000000;;AHP_APRENDIZAGEM_ESPECIALIZACAO_WORKLOAD;;;;;CONCLUIDA;True;0,9594486280480101;1,0;1,0;0,740357901617823;0,6586441863669917;0,1851740071976712;0,11563043448334719
Contratos;Contrato de Cessão de Crédito;;Adão;2026-02-13 09:04:00;2026-05-06 13:01:00.000000000;2026-05-07 13:01:00.000000000;3,0;;8,0;2026-05-07 13:01:00.000000000;;AHP_APRENDIZAGEM_ESPECIALIZACAO_WORKLOAD;;;;;PENDENTE;True;0,9123535217235944;1,0;1,0;0,43881761725753077;0,6586441863669917;0,1851740071976712;0,06853532815893151
Contratos;Contrato de prestação de serviços;;Adão;2026-02-13 09:05:00;2026-05-07 13:01:00.000000000;2026-05-08 13:01:00.000000000;3,0;;8,0;2026-05-08 13:01:00.000000000;;AHP_APRENDIZAGEM_ESPECIALIZACAO_WORKLOAD;;;;;PENDENTE;True;0,9108220773068395;1,0;1,0;0,4290120934791323;0,6586441863669917;0,1851740071976712;0,06700388374217658
Contratos;Contrato de Escrow de Código-Fonte;;Adão;2026-02-13 09:06:00;2026-05-08 13:01:00.000000000;2026-05-11 13:01:00.000000000;3,0;;8,0;2026-05-11 13:01:00.000000000;;AHP_APRENDIZAGEM_ESPECIALIZACAO_WORKLOAD;;;;;PENDENTE;True;0,9092906328900846;1,0;1,0;0,41920656970073383;0,6586441863669917;0,1851740071976712;0,06547243932542167
Direito financeiro;Estruturação jurídica de debêntures, CRI, CRA, notas comerciais;;Abraão;2026-02-13 09:07:00;2026-03-25 15:00:00.000000000;2026-03-30 15:00:00.000000000;5,0;;24,0;2026-03-30 15:00:00.000000000;;AHP_APRENDIZAGEM_ESPECIALIZACAO_WORKLOAD;;;;;CONCLUIDA;True;0,9579171836312552;1,0;1,0;0,7305523778394245;0,6586441863669917;0,1851740071976712;0,11409899006659226
Societário;Integração societária;;Davi;2026-02-13 09:08:00;2026-04-09 11:00:00.000000000;2026-04-09 13:00:00.000000000;1,0;;2,0;2026-04-09 13:00:00.000000000;;AHP_APRENDIZAGEM_ESPECIALIZACAO_WORKLOAD;;;;;PENDENTE;True;0,8372624748785387;1,0;0,4352633830235279;0,6275943781662402;0,6586441863669917;0,08059946482088147;0,09801882369066549
Direito digital;Mapeamento de dados pessoais (data mapping / data inventory);;Eva;2026-02-13 09:09:00;2026-02-16 11:10:00.000000000;2026-02-16 15:10:00.000000000;2,0;;4,0;2026-02-16 15:10:00.000000000;;AHP_APRENDIZAGEM_ESPECIALIZACAO_WORKLOAD;;;;;CONCLUIDA;True;1,0;1,0;1,0;1,0;0,6586441863669917;0,1851740071976712;0,1561818064353371
Contratos;Contrato de Hosting;;Adão;2026-02-13 09:10:00;2026-05-11 13:01:00.000000000;2026-05-12 13:01:00.000000000;3,0;;8,0;2026-05-12 13:01:00.000000000;;AHP_APRENDIZAGEM_ESPECIALIZACAO_WORKLOAD;;;;;PENDENTE;True;0,9080742204732082;1,0;1,0;0,4114181310558013;0,6586441863669917;0,1851740071976712;0,0642560269085453
Societário;Análise jurídica preliminar e de estrutura da operação;;Davi;2026-02-13 09:11:00;2026-04-09 13:00:00.000000000;2026-04-14 13:00:00.000000000;5,0;;24,0;2026-04-14 13:00:00.000000000;;AHP_APRENDIZAGEM_ESPECIALIZACAO_WORKLOAD;;;;;PENDENTE;True;0,8373606580965038;1,0;0,4352633830235279;0,6282230251271516;0,6586441863669917;0,08059946482088147;0,0981170069086307
Contratos;Contrato de Transferência de Tecnologia;;Adão;2026-02-13 09:12:00;2026-05-12 13:01:00.000000000;2026-05-13 13:01:00.000000000;3,0;;8,0;2026-05-13 13:01:00.000000000;;AHP_APRENDIZAGEM_ESPECIALIZACAO_WORKLOAD;;;;;PENDENTE;True;0,9065352307563215;1,0;1,0;0,4015642962717611;0,6586441863669917;0,1851740071976712;0,06271703719165855
Regulatório;Análise regulatória de modelos inovadores (open finance, cripto, tokenização);;Abraão;2026-02-13 09:13:00;2026-03-30 15:00:00.000000000;2026-03-31 15:00:00.000000000;3,0;;8,0;2026-03-31 15:00:00.000000000;;AHP_APRENDIZAGEM_ESPECIALIZACAO_WORKLOAD;;;;;CONCLUIDA;True;0,9538623707791659;1,0;1,0;0,7045902447034628;0,6586441863669917;0,1851740071976712;0,11004417721450303
Societário;Due diligence societária;;Davi;2026-02-13 09:14:00;2026-04-14 13:00:00.000000000;2026-04-17 13:00:00.000000000;5,0;;24,0;2026-04-17 13:00:00.000000000;;AHP_APRENDIZAGEM_ESPECIALIZACAO_WORKLOAD;;;;;PENDENTE;True;0,8327436889458436;1,0;0,4352633830235279;0,598661520775031;0,6586441863669917;0,08059946482088147;0,09350003775797043
Societário;Análise jurídica preliminar e de estrutura da operação;;Davi;2026-02-16 09:00:00;2026-04-17 13:00:00.000000000;2026-04-22 13:00:00.000000000;5,0;;24,0;2026-04-22 13:00:00.000000000;;AHP_APRENDIZAGEM_ESPECIALIZACAO_WORKLOAD;;;;;PENDENTE;True;0,8335964725416165;1,0;0,46480183082843074;0,5691000164229105;0,6586441863669917;0,08606921756731457;0,08888306860731018
Societário;Aprovações regulatórias e concorrenciais;;Davi;2026-02-16 09:01:00;2026-04-22 13:00:00.000000000;2026-04-23 13:00:00.000000000;3,0;;8,0;2026-04-23 13:00:00.000000000;;AHP_APRENDIZAGEM_ESPECIALIZACAO_WORKLOAD;;;;;PENDENTE;True;0,8289795033909562;1,0;0,46480183082843074;0,5395385120707901;0,6586441863669917;0,08606921756731457;0,08426609945664992
Societário;Suporte jurídico às negociações comerciais;;Davi;2026-02-16 09:02:00;2026-04-23 13:00:00.000000000;2026-04-24 13:00:00.000000000;3,0;;8,0;2026-04-24 13:00:00.000000000;;AHP_APRENDIZAGEM_ESPECIALIZACAO_WORKLOAD;;;;;PENDENTE;True;0,8274405136740695;1,0;0,46480183082843074;0,5296846772867498;0,6586441863669917;0,08606921756731457;0,08272710973976316
Concorrencial;Revisão concorrencial de documentos;;Eva;2026-02-16 09:03:00;2026-02-16 15:10:00.000000000;2026-02-17 15:10:00.000000000;3,0;;8,0;2026-02-17 15:10:00.000000000;;AHP_APRENDIZAGEM_ESPECIALIZACAO_WORKLOAD;;;;;CONCLUIDA;True;1,0;1,0;1,0;1,0;0,6586441863669917;0,1851740071976712;0,1561818064353371
Direito financeiro;Apoio jurídico a emissões de valores mobiliários;;Abraão;2026-02-16 09:04:00;2026-03-31 15:00:00.000000000;2026-03-31 17:00:00.000000000;1,0;;2,0;2026-03-31 17:00:00.000000000;;AHP_APRENDIZAGEM_ESPECIALIZACAO_WORKLOAD;;;;;CONCLUIDA;True;0,9525846241312621;1,0;1,0;0,6964090955858614;0,6586441863669917;0,1851740071976712;0,10876643056659918
Societário;Integração societária;;Davi;2026-02-16 09:05:00;2026-04-24 13:00:00.000000000;2026-04-24 15:00:00.000000000;1,0;;2,0;2026-04-24 15:00:00.000000000;;AHP_APRENDIZAGEM_ESPECIALIZACAO_WORKLOAD;;;;;PENDENTE;True;0,8260969969491094;1,0;0,46480183082843074;0,5210824158862437;0,6586441863669917;0,08606921756731457;0,08138359301480315
Societário;Atos perante Junta Comercial;;Davi;2026-02-16 09:06:00;2026-04-24 15:00:00.000000000;2026-04-24 17:00:00.000000000;1,0;;2,0;2026-04-24 17:00:00.000000000;;AHP_APRENDIZAGEM_ESPECIALIZACAO_WORKLOAD;;;;;PENDENTE;True;0,8257113231807743;1,0;0,46480183082843074;0,5186130260313196;0,6586441863669917;0,08606921756731457;0,08099791924646801
Societário;Regularização societária;;Davi;2026-02-16 09:07:00;2026-04-27 09:00:00.000000000;2026-04-27 17:00:00.000000000;3,0;;8,0;2026-04-27 17:00:00.000000000;;AHP_APRENDIZAGEM_ESPECIALIZACAO_WORKLOAD;;;;;PENDENTE;True;0,8253256494124391;1,0;0,46480183082843074;0,5161436361763955;0,6586441863669917;0,08606921756731457;0,08061224547813285
Societário;Análise jurídica preliminar e de estrutura da operação;;Davi;2026-02-16 09:08:00;2026-04-28 09:00:00.000000000;2026-04-30 17:00:00.000000000;5,0;;24,0;2026-04-30 17:00:00.000000000;;AHP_APRENDIZAGEM_ESPECIALIZACAO_WORKLOAD;;;;;PENDENTE;True;0,8237829543390985;1,0;0,46480183082843074;0,5062660767566987;0,6586441863669917;0,08606921756731457;0,07906955040479223
Societário;Suporte jurídico às negociações comerciais;;Davi;2026-02-16 09:09:00;2026-05-01 09:00:00.000000000;2026-05-01 17:00:00.000000000;3,0;;8,0;2026-05-01 17:00:00.000000000;;AHP_APRENDIZAGEM_ESPECIALIZACAO_WORKLOAD;;;;;PENDENTE;True;0,8191548691190766;1,0;0,46480183082843074;0,47663339849760833;0,6586441863669917;0,08606921756731457;0,07444146518477036
Regulatório;Interface com escritórios externos especializados;;Abraão;2026-02-16 09:10:00;2026-04-01 09:00:00.000000000;2026-04-01 11:00:00.000000000;1,0;;2,0;2026-04-01 11:00:00.000000000;;AHP_APRENDIZAGEM_ESPECIALIZACAO_WORKLOAD;;;;;CONCLUIDA;True;0,952198950362927;1,0;1,0;0,6939397057309374;0,6586441863669917;0,1851740071976712;0,10838075679826406
Societário;Estruturação de veículos societários (SPVs);;Davi;2026-02-16 09:11:00;2026-05-04 09:00:00.000000000;2026-05-06 17:00:00.000000000;5,0;;24,0;2026-05-06 17:00:00.000000000;;AHP_APRENDIZAGEM_ESPECIALIZACAO_WORKLOAD;;;;;PENDENTE;True;0,817612174045736;1,0;0,46480183082843074;0,46675583907791157;0,6586441863669917;0,08606921756731457;0,07289877011142974
Societário;Due diligence societária;;Davi;2026-02-16 09:12:00;2026-05-07 09:00:00.000000000;2026-05-11 17:00:00.000000000;5,0;;24,0;2026-05-11 17:00:00.000000000;;AHP_APRENDIZAGEM_ESPECIALIZACAO_WORKLOAD;;;;;PENDENTE;True;0,8129840888257142;1,0;0,46480183082843074;0,4371231608188212;0,6586441863669917;0,08606921756731457;0,06827068489140786
Concorrencial;Gestão de canal de dúvidas;;Eva;2026-02-16 09:13:00;2026-02-17 15:10:00.000000000;2026-02-18 09:10:00.000000000;1,0;;2,0;2026-02-18 09:10:00.000000000;;AHP_APRENDIZAGEM_ESPECIALIZACAO_WORKLOAD;;;;;CONCLUIDA;True;0,9988333368507861;1,0;1,0;0,9925300956888542;0,6586441863669917;0,1851740071976712;0,15501514328612323
Concorrencial;Gestão de canal de dúvidas;;Eva;2026-02-16 09:14:00;2026-02-18 09:10:00.000000000;2026-02-18 11:10:00.000000000;1,0;;2,0;2026-02-18 11:10:00.000000000;;AHP_APRENDIZAGEM_ESPECIALIZACAO_WORKLOAD;;;;;CONCLUIDA;True;0,998447663082451;1,0;1,0;0,9900607058339301;0,6586441863669917;0,1851740071976712;0,1546294695177881
Contratos;Contrato de Representação Comercial;;Adão;2026-02-17 09:00:00;2026-05-13 13:01:00.000000000;2026-05-14 13:01:00.000000000;3,0;;8,0;2026-05-14 13:01:00.000000000;;AHP_APRENDIZAGEM_ESPECIALIZACAO_WORKLOAD;;;;;PENDENTE;True;0,905143536678022;1,0;1,0;0,3926535651817377;0,6586441863669917;0,1851740071976712;0,06132534311335918
Societário;Gestão de Advisors e Governança da Operação;;Davi;2026-02-17 09:01:00;2026-05-12 09:00:00.000000000;2026-05-12 17:00:00.000000000;3,0;;8,0;2026-05-12 17:00:00.000000000;;AHP_APRENDIZAGEM_ESPECIALIZACAO_WORKLOAD;;;;;PENDENTE;True;0,8086917283537975;1,0;0,4666148539043253;0,40749048255973097;0,6586441863669917;0,08640494231541981;0,06364259967138601
Contratos;MoU;;Adão;2026-02-17 09:02:00;2026-05-14 13:01:00.000000000;2026-05-14 15:01:00.000000000;1,0;;2,0;2026-05-14 15:01:00.000000000;;AHP_APRENDIZAGEM_ESPECIALIZACAO_WORKLOAD;;;;;PENDENTE;True;0,9036008416046815;1,0;1,0;0,3827760057620409;0,6586441863669917;0,1851740071976712;0,05978264804001855
Regulatório;Elaboração de defesas, manifestações e recursos;;Abraão;2026-02-17 09:03:00;2026-04-01 11:00:00.000000000;2026-04-03 11:00:00.000000000;4,0;;16,0;2026-04-03 11:00:00.000000000;;AHP_APRENDIZAGEM_ESPECIALIZACAO_WORKLOAD;;;;;EM_EXECUCAO;True;0,9518132765945918;1,0;1,0;0,691470315876013;0,6586441863669917;0,1851740071976712;0,10799508302992887
Societário;Atos perante Junta Comercial;;Davi;2026-02-17 09:04:00;2026-05-13 09:00:00.000000000;2026-05-13 11:00:00.000000000;1,0;;2,0;2026-05-13 11:00:00.000000000;;AHP_APRENDIZAGEM_ESPECIALIZACAO_WORKLOAD;;;;;PENDENTE;True;0,807149033280457;1,0;0,4666148539043253;0,3976129231400341;0,6586441863669917;0,08640494231541981;0,062099904598045375
Societário;Atas de Reunião e Assembleia;;Davi;2026-02-17 09:05:00;2026-05-13 11:00:00.000000000;2026-05-13 15:00:00.000000000;2,0;;4,0;2026-05-13 15:00:00.000000000;;AHP_APRENDIZAGEM_ESPECIALIZACAO_WORKLOAD;;;;;PENDENTE;True;0,8067633595121217;1,0;0,4666148539043253;0,3951435332851099;0,6586441863669917;0,08640494231541981;0,061714230829710226
Contratos;Contrato de Mútuo, Doação ou Comodato;;Adão;2026-02-17 09:06:00;2026-05-14 15:01:00.000000000;2026-05-15 15:01:00.000000000;3,0;;8,0;2026-05-15 15:01:00.000000000;;AHP_APRENDIZAGEM_ESPECIALIZACAO_WORKLOAD;;;;;PENDENTE;True;0,9032151678363464;1,0;1,0;0,38030661590711673;0,6586441863669917;0,1851740071976712;0,0593969742716834
Regulatório;Análise de requisitos prudenciais e de liquidez;;Abraão;2026-02-17 09:07:00;2026-04-03 11:00:00.000000000;2026-04-03 13:00:00.000000000;1,0;;2,0;2026-04-03 13:00:00.000000000;;AHP_APRENDIZAGEM_ESPECIALIZACAO_WORKLOAD;;;;;PENDENTE;True;0,9487278864479106;1,0;1,0;0,6717151970366196;0,6586441863669917;0,1851740071976712;0,10490969288324765
Societário;Gestão de passivos;;Davi;2026-02-17 09:08:00;2026-05-13 15:00:00.000000000;2026-05-13 17:00:00.000000000;1,0;;2,0;2026-05-13 17:00:00.000000000;;AHP_APRENDIZAGEM_ESPECIALIZACAO_WORKLOAD;;;;;PENDENTE;True;0,8059932660990736;1,0;0,4666148539043253;0,3902127834710013;0,6586441863669917;0,08640494231541981;0,060944137416662034
Governança;Treinamentos corporativos;;Esaú;2026-02-17 09:09:00;2026-02-17 09:09:00.000000000;2026-02-17 11:09:00.000000000;1,0;;2,0;2026-02-17 11:09:00.000000000;;AHP_APRENDIZAGEM_ESPECIALIZACAO_WORKLOAD;;;;;CONCLUIDA;True;1,0;1,0;1,0;1,0;0,6586441863669917;0,1851740071976712;0,1561818064353371
Societário;Closing da operação;;Davi;2026-02-17 09:10:00;2026-05-14 09:00:00.000000000;2026-05-14 11:00:00.000000000;1,0;;2,0;2026-05-14 11:00:00.000000000;;AHP_APRENDIZAGEM_ESPECIALIZACAO_WORKLOAD;;;;;PENDENTE;True;0,8057587525318335;1,0;0,4666148539043253;0,3887112413093849;0,6586441863669917;0,08640494231541981;0,06070962384942196
Societário;Atualização de Contrato Social / Estatuto;;Davi;2026-02-17 09:11:00;2026-05-14 11:00:00.000000000;2026-05-15 11:00:00.000000000;3,0;;8,0;2026-05-15 11:00:00.000000000;;AHP_APRENDIZAGEM_ESPECIALIZACAO_WORKLOAD;;;;;PENDENTE;True;0,8053721080746667;1,0;0,4666148539043253;0,38623563633341806;0,6586441863669917;0,08640494231541981;0,06032297939225516
Regulatório;Interface com áreas de risco, tesouraria e controles internos;;Abraão;2026-02-17 09:12:00;2026-04-03 13:00:00.000000000;2026-04-03 15:00:00.000000000;1,0;;2,0;2026-04-03 15:00:00.000000000;;AHP_APRENDIZAGEM_ESPECIALIZACAO_WORKLOAD;;;;;PENDENTE;True;0,9486052855311015;1,0;1,0;0,6709302085696061;0,6586441863669917;0,1851740071976712;0,10478709196643857
Societário;Atualização de Contrato Social / Estatuto;;Davi;2026-02-17 09:13:00;2026-05-15 11:00:00.000000000;2026-05-18 11:00:00.000000000;3,0;;8,0;2026-05-18 11:00:00.000000000;;AHP_APRENDIZAGEM_ESPECIALIZACAO_WORKLOAD;;;;;PENDENTE;True;0,8038255302459995;1,0;0,4666148539043253;0,3763332164295506;0,6586441863669917;0,08640494231541981;0,0587764015635879
Societário;Gestão de conflitos societários;;Davi;2026-02-17 09:14:00;2026-05-18 11:00:00.000000000;2026-05-18 13:00:00.000000000;1,0;;2,0;2026-05-18 13:00:00.000000000;;AHP_APRENDIZAGEM_ESPECIALIZACAO_WORKLOAD;;;;;PENDENTE;True;0,8022789524173323;1,0;0,4666148539043253;0,36643079652568317;0,6586441863669917;0,08640494231541981;0,057229823734920644
Societário;Estruturação de veículos societários (SPVs);;Davi;2026-02-18 09:00:00;2026-05-18 13:00:00.000000000;2026-05-21 13:00:00.000000000;5,0;;24,0;2026-05-21 13:00:00.000000000;;AHP_APRENDIZAGEM_ESPECIALIZACAO_WORKLOAD;;;;;PENDENTE;True;0,8069967243489573;1,0;0,49194132664556833;0,3666098665888667;0,6586441863669917;0,09109474676109838;0,05725779122086714
Societário;Regularização societária;;Davi;2026-02-18 09:01:00;2026-05-21 13:00:00.000000000;2026-05-22 13:00:00.000000000;3,0;;8,0;2026-05-22 13:00:00.000000000;;AHP_APRENDIZAGEM_ESPECIALIZACAO_WORKLOAD;;;;;PENDENTE;True;0,8023242415768673;1,0;0,49194132664556833;0,33669291993077755;0,6586441863669917;0,09109474676109838;0,05258530844877715
Contratos;Contrato de Licença de Uso de Marca;;Esaú;2026-02-18 09:02:00;2026-02-18 09:02:00.000000000;2026-02-19 09:01:59.999999999;3,0;;8,0;2026-02-19 09:01:59.999999999;;AHP_APRENDIZAGEM_ESPECIALIZACAO_WORKLOAD;;;;;CONCLUIDA;True;0,782590419748837;0,9464324729634291;0,01645137594257689;1,0;0,6233622461062976;0,0030463672072023273;0,1561818064353371
Contratos;Contratos imobiliários;;Eva;2026-02-18 09:03:00;2026-02-18 11:10:00.000000000;2026-02-19 11:10:00.000000000;3,0;;8,0;2026-02-19 11:10:00.000000000;;AHP_APRENDIZAGEM_ESPECIALIZACAO_WORKLOAD;;;;;CONCLUIDA;True;0,782590419748837;0,9464324729634291;0,01645137594257689;1,0;0,6233622461062976;0,0030463672072023273;0,1561818064353371
Societário;Due diligence societária;;Davi;2026-02-18 09:04:00;2026-05-22 13:00:00.000000000;2026-05-27 13:00:00.000000000;5,0;;24,0;2026-05-27 13:00:00.000000000;;AHP_APRENDIZAGEM_ESPECIALIZACAO_WORKLOAD;;;;;PENDENTE;True;0,8012815519520566;1,0;0,49194132664556833;0,33001679261090106;0,6586441863669917;0,09109474676109838;0,05154261882396654
Contratos;Contrato de Desenvolvimento de Software;;Esaú;2026-02-18 09:05:00;2026-02-19 09:01:59.999999999;2026-02-20 09:01:59.999999999;3,0;;8,0;2026-02-20 09:01:59.999999999;;AHP_APRENDIZAGEM_ESPECIALIZACAO_WORKLOAD;;;;;CONCLUIDA;True;0,782590419748837;0,9464324729634291;0,01645137594257689;1,0;0,6233622461062976;0,0030463672072023273;0,1561818064353371
Tributário;Interface com escritórios externos;;Eva;2026-02-18 09:06:00;2026-02-19 11:10:00.000000000;2026-02-19 13:10:00.000000000;1,0;;2,0;2026-02-19 13:10:00.000000000;;AHP_APRENDIZAGEM_ESPECIALIZACAO_WORKLOAD;;;;;CONCLUIDA;True;1,0;1,0;1,0;1,0;0,6586441863669917;0,1851740071976712;0,1561818064353371
Societário;Suporte jurídico às negociações comerciais;;Davi;2026-02-18 09:07:00;2026-05-27 13:00:00.000000000;2026-05-28 13:00:00.000000000;3,0;;8,0;2026-05-28 13:00:00.000000000;;AHP_APRENDIZAGEM_ESPECIALIZACAO_WORKLOAD;;;;;PENDENTE;True;0,7968057072567968;1,0;0,49194132664556833;0,30135887913547343;0,6586441863669917;0,09109474676109838;0,04706677412870666
Tributário;Análise tributária de aquisições, cisões e incorporações;;Eva;2026-02-18 09:08:00;2026-02-19 13:10:00.000000000;2026-02-24 13:10:00.000000000;5,0;;24,0;2026-02-24 13:10:00.000000000;;AHP_APRENDIZAGEM_ESPECIALIZACAO_WORKLOAD;;;;;CONCLUIDA;True;1,0;1,0;1,0;1,0;0,6586441863669917;0,1851740071976712;0,1561818064353371
Governança;Política de Governaça Corporativa;;Esaú;2026-02-18 09:09:00;2026-02-20 09:01:59.999999999;2026-02-23 09:01:59.999999999;3,0;;8,0;2026-02-23 09:01:59.999999999;;AHP_APRENDIZAGEM_ESPECIALIZACAO_WORKLOAD;;;;;CONCLUIDA;True;1,0;1,0;1,0;1,0;0,6586441863669917;0,1851740071976712;0,1561818064353371
Concorrencial;Análise de exclusividade, não concorrência e cláusulas MFN;;Eva;2026-02-18 09:10:00;2026-02-24 13:10:00.000000000;2026-02-24 15:10:00.000000000;1,0;;2,0;2026-02-24 15:10:00.000000000;;AHP_APRENDIZAGEM_ESPECIALIZACAO_WORKLOAD;;;;;CONCLUIDA;True;0,99756425974534;1,0;1,0;0,9844044558693945;0,6586441863669917;0,1851740071976712;0,15374606618067713
Societário;Closing da operação;;Davi;2026-02-18 09:11:00;2026-05-28 13:00:00.000000000;2026-05-28 15:00:00.000000000;1,0;;2,0;2026-05-28 15:00:00.000000000;;AHP_APRENDIZAGEM_ESPECIALIZACAO_WORKLOAD;;;;;PENDENTE;True;0,795917624053924;1,0;0,49194132664556833;0,2956726649525137;0,6586441863669917;0,09109474676109838;0,04617869092583378
Concorrencial;Monitoramento regulatório e jurisprudencial;;Eva;2026-02-18 09:12:00;2026-02-24 15:10:00.000000000;2026-02-25 15:10:00.000000000;3,0;;8,0;2026-02-25 15:10:00.000000000;;AHP_APRENDIZAGEM_ESPECIALIZACAO_WORKLOAD;;;;;CONCLUIDA;True;0,9971627640989766;1,0;1,0;0,9818337617819908;0,6586441863669917;0,1851740071976712;0,15334457053431377
Contratos;Contratos Financeiros ou Bancários;;Esaú;2026-02-18 09:13:00;2026-02-23 09:01:59.999999999;2026-02-24 09:01:59.999999999;3,0;;8,0;2026-02-24 09:01:59.999999999;;AHP_APRENDIZAGEM_ESPECIALIZACAO_WORKLOAD;;;;;CONCLUIDA;True;0,782590419748837;0,9464324729634291;0,01645137594257689;1,0;0,6233622461062976;0,0030463672072023273;0,1561818064353371
Societário;Estruturação de holdings e grupos;;Davi;2026-02-18 09:14:00;2026-05-28 15:00:00.000000000;2026-06-02 15:00:00.000000000;5,0;;24,0;2026-06-02 15:00:00.000000000;;AHP_APRENDIZAGEM_ESPECIALIZACAO_WORKLOAD;;;;;PENDENTE;True;0,7959917356312434;1,0;0,49194132664556833;0,2961471861468254;0,6586441863669917;0,09109474676109838;0,04625280250315323
Regulatório;Atuação em processos administrativos na CVM e no BCB;;Abraão;2026-02-19 09:00:00;2026-04-03 15:00:00.000000000;2026-04-03 17:00:00.000000000;1,0;;2,0;2026-04-03 17:00:00.000000000;;AHP_APRENDIZAGEM_ESPECIALIZACAO_WORKLOAD;;;;;PENDENTE;True;0,9533550527013553;1,0;1,0;0,7013419913416306;0,6586441863669917;0,1851740071976712;0,10953685913669242
Regulatório;Resposta a ofícios, exigências e questionamentos da CVM e do BCB;;Abraão;2026-02-19 09:01:00;2026-04-06 09:00:00.000000000;2026-04-06 11:00:00.000000000;1,0;;2,0;2026-04-06 11:00:00.000000000;;AHP_APRENDIZAGEM_ESPECIALIZACAO_WORKLOAD;;;;;PENDENTE;True;0,9529493856716531;1,0;1,0;0,698744588744228;0,6586441863669917;0,1851740071976712;0,10913119210699024
Societário;Gestão de earn-outs, ajustes de preço e garantias;;Davi;2026-02-19 09:02:00;2026-06-02 15:00:00.000000000;2026-06-02 17:00:00.000000000;1,0;;2,0;2026-06-02 17:00:00.000000000;;AHP_APRENDIZAGEM_ESPECIALIZACAO_WORKLOAD;;;;;PENDENTE;True;0,790157669136198;1,0;0,48672427618995007;0,26497835497799416;0,6586441863669917;0,09012868462247911;0,04138479814672713
Governança;Integração com outras áreas;;Esaú;2026-02-19 09:03:00;2026-02-24 09:01:59.999999999;2026-02-24 11:01:59.999999999;1,0;;2,0;2026-02-24 11:01:59.999999999;;AHP_APRENDIZAGEM_ESPECIALIZACAO_WORKLOAD;;;;;CONCLUIDA;True;1,0;1,0;1,0;1,0;0,6586441863669917;0,1851740071976712;0,1561818064353371
Contratos;NDA;;Esaú;2026-02-19 09:04:00;2026-02-24 11:01:59.999999999;2026-02-24 13:01:59.999999999;1,0;;2,0;2026-02-24 13:01:59.999999999;;AHP_APRENDIZAGEM_ESPECIALIZACAO_WORKLOAD;;;;;CONCLUIDA;True;0,8210026686555477;1,0;0,033356063017124064;1,0;0,6586441863669917;0,006176675853218905;0,1561818064353371
Societário;Integração societária;;Davi;2026-02-19 09:05:00;2026-06-03 09:00:00.000000000;2026-06-03 11:00:00.000000000;1,0;;2,0;2026-06-03 11:00:00.000000000;;AHP_APRENDIZAGEM_ESPECIALIZACAO_WORKLOAD;;;;;PENDENTE;True;0,7899659923473158;1,0;0,48672427618995007;0,2637510879021612;0,6586441863669917;0,09012868462247911;0,04119312135784492
Societário;Estruturação jurídica de carve-outs, spin-offs e alienação de ativos;;Davi;2026-02-19 09:06:00;2026-06-03 11:00:00.000000000;2026-06-08 11:00:00.000000000;5,0;;24,0;2026-06-08 11:00:00.000000000;;AHP_APRENDIZAGEM_ESPECIALIZACAO_WORKLOAD;;;;;PENDENTE;True;0,7894814886126887;1,0;0,48630997215022276;0,2611401218447201;0,6586441863669917;0,09005196628324462;0,040785335962452415
Contratos;Contrato de Transferência de Tecnologia;;Esaú;2026-02-19 09:07:00;2026-02-24 13:01:59.999999999;2026-02-25 13:02:00.000000000;3,0;;8,0;2026-02-25 13:02:00.000000000;;AHP_APRENDIZAGEM_ESPECIALIZACAO_WORKLOAD;;;;;CONCLUIDA;True;0,8210026686555477;1,0;0,033356063017124064;1,0;0,6586441863669917;0,006176675853218905;0,1561818064353371
Contratos;Contrato de Mútuo, Doação ou Comodato;;Esaú;2026-02-19 09:08:00;2026-02-25 13:02:00.000000000;2026-02-26 13:02:00.000000000;3,0;;8,0;2026-02-26 13:02:00.000000000;;AHP_APRENDIZAGEM_ESPECIALIZACAO_WORKLOAD;;;;;CONCLUIDA;True;0,8210026686555477;1,0;0,033356063017124064;1,0;0,6586441863669917;0,006176675853218905;0,1561818064353371
Societário;Regularização societária;;Davi;2026-02-19 09:09:00;2026-06-08 11:00:00.000000000;2026-06-09 11:00:00.000000000;3,0;;8,0;2026-06-09 11:00:00.000000000;;AHP_APRENDIZAGEM_ESPECIALIZACAO_WORKLOAD;;;;;PENDENTE;True;0,7850692396049028;1,0;0,48630997215022276;0,2328893984826957;0,6586441863669917;0,09005196628324462;0,03637308695466647
Societário;Atos perante Junta Comercial;;Davi;2026-02-19 09:10:00;2026-06-09 11:00:00.000000000;2026-06-09 13:00:00.000000000;1,0;;2,0;2026-06-09 13:00:00.000000000;;AHP_APRENDIZAGEM_ESPECIALIZACAO_WORKLOAD;;;;;PENDENTE;True;0,7834162305404958;1,0;0,48630997215022276;0,22230552125566777;0,6586441863669917;0,09005196628324462;0,034720077890259424
Societário;Estruturação jurídica de carve-outs, spin-offs e alienação de ativos;;Davi;2026-02-19 09:11:00;2026-06-09 13:00:00.000000000;2026-06-12 13:00:00.000000000;5,0;;24,0;2026-06-12 13:00:00.000000000;;AHP_APRENDIZAGEM_ESPECIALIZACAO_WORKLOAD;;;;;PENDENTE;True;0,783002978274394;1,0;0,48630997215022276;0,21965955194891076;0,6586441863669917;0,09005196628324462;0,034306825624157655
Societário;SPA / SHA e documentos correlatos;;Davi;2026-02-19 09:12:00;2026-06-12 13:00:00.000000000;2026-06-12 15:00:00.000000000;1,0;;2,0;2026-06-12 15:00:00.000000000;;AHP_APRENDIZAGEM_ESPECIALIZACAO_WORKLOAD;;;;;PENDENTE;True;0,7780439510811727;1,0;0,48630997215022276;0,1879079202678265;0,6586441863669917;0,09005196628324462;0,029347798430936434
Societário;Due diligence societária;;Davi;2026-02-19 09:13:00;2026-06-12 15:00:00.000000000;2026-06-17 15:00:00.000000000;5,0;;24,0;2026-06-17 15:00:00.000000000;;AHP_APRENDIZAGEM_ESPECIALIZACAO_WORKLOAD;;;;;PENDENTE;True;0,7776306988150711;1,0;0,48630997215022276;0,18526195096106945;0,6586441863669917;0,09005196628324462;0,028934546164834665
Societário;Elaboração e negociação de  SPA;;Davi;2026-02-19 09:14:00;2026-06-17 15:00:00.000000000;2026-06-18 15:00:00.000000000;3,0;;8,0;2026-06-18 15:00:00.000000000;;AHP_APRENDIZAGEM_ESPECIALIZACAO_WORKLOAD;;;;;PENDENTE;True;0,7726716716218498;1,0;0,48630997215022276;0,15351031927998526;0,6586441863669917;0,09005196628324462;0,023975518971613458
Societário;Acordo de Sócios / Acionistas;;Davi;2026-02-20 09:00:00;2026-06-18 15:00:00.000000000;2026-06-19 15:00:00.000000000;3,0;;8,0;2026-06-19 15:00:00.000000000;;AHP_APRENDIZAGEM_ESPECIALIZACAO_WORKLOAD;;;;;PENDENTE;True;0,7710186625574428;1,0;0,48630997215022276;0,1429264420529572;0,6586441863669917;0,09005196628324462;0,022322509907206387
Societário;Gestão de conflitos societários;;Davi;2026-02-20 09:01:00;2026-06-19 15:00:00.000000000;2026-06-19 17:00:00.000000000;1,0;;2,0;2026-06-19 17:00:00.000000000;;AHP_APRENDIZAGEM_ESPECIALIZACAO_WORKLOAD;;;;;PENDENTE;True;0,7693656534930357;1,0;0,48630997215022276;0,13234256482592915;0,6586441863669917;0,09005196628324462;0,02066950084279932
Societário;Gestão jurídica do encerramento de operações;;Davi;2026-02-20 09:02:00;2026-06-22 09:00:00.000000000;2026-06-22 11:00:00.000000000;1,0;;2,0;2026-06-22 11:00:00.000000000;;AHP_APRENDIZAGEM_ESPECIALIZACAO_WORKLOAD;;;;;PENDENTE;True;0,7689524012269339;1,0;0,48630997215022276;0,129696595519172;0,6586441863669917;0,09005196628324462;0,02025624857669753
Societário;Regularização societária;;Davi;2026-02-20 09:03:00;2026-06-22 11:00:00.000000000;2026-06-23 11:00:00.000000000;3,0;;8,0;2026-06-23 11:00:00.000000000;;AHP_APRENDIZAGEM_ESPECIALIZACAO_WORKLOAD;;;;;PENDENTE;True;0,7685391489608321;1,0;0,48630997215022276;0,127050626212415;0,6586441863669917;0,09005196628324462;0,019842996310595766
Societário;Aumento e redução de capital;;Davi;2026-02-20 09:04:00;2026-06-23 11:00:00.000000000;2026-06-23 13:00:00.000000000;1,0;;2,0;2026-06-23 13:00:00.000000000;;AHP_APRENDIZAGEM_ESPECIALIZACAO_WORKLOAD;;;;;PENDENTE;True;0,7668861398964251;1,0;0,48630997215022276;0,11646674898538695;0,6586441863669917;0,09005196628324462;0,0181899872461887
Societário;Avaliação de impactos (societário, contratual, regulatório, concorrencial, trabalhista, tributário);;Davi;2026-02-20 09:05:00;2026-06-23 13:00:00.000000000;2026-06-24 13:00:00.000000000;3,0;;8,0;2026-06-24 13:00:00.000000000;;AHP_APRENDIZAGEM_ESPECIALIZACAO_WORKLOAD;;;;;PENDENTE;True;0,7664728876303233;1,0;0,48630997215022276;0,11382077967863008;0,6586441863669917;0,09005196628324462;0,017776734980086955
Contratos;Contrato de Distribuição;;Esaú;2026-02-20 09:06:00;2026-02-26 13:02:00.000000000;2026-02-27 13:02:00.000000000;3,0;;8,0;2026-02-27 13:02:00.000000000;;AHP_APRENDIZAGEM_ESPECIALIZACAO_WORKLOAD;;;;;CONCLUIDA;True;0,8231435593635315;1,0;0,05146388174342544;0,9922384900338803;0,6586441863669917;0,009529773208377161;0,15496959978816266
Societário;Elaboração e negociação de  SPA;;Davi;2026-02-20 09:07:00;2026-06-24 13:00:00.000000000;2026-06-25 13:00:00.000000000;3,0;;8,0;2026-06-25 13:00:00.000000000;;AHP_APRENDIZAGEM_ESPECIALIZACAO_WORKLOAD;;;;;PENDENTE;True;0,7648198785659163;1,0;0,48630997215022276;0,10323690245160201;0,6586441863669917;0,09005196628324462;0,016123725915679885
Contratos;Contrato de trabalho;;Esaú;2026-02-20 09:08:00;2026-02-27 13:02:00.000000000;2026-02-27 15:02:00.000000000;1,0;;2,0;2026-02-27 15:02:00.000000000;;AHP_APRENDIZAGEM_ESPECIALIZACAO_WORKLOAD;;;;;CONCLUIDA;True;0,8214905502991244;1,0;0,05146388174342544;0,9816546128068522;0,6586441863669917;0,009529773208377161;0,15331659072375559
Contratos;Contratos imobiliários;;Esaú;2026-02-20 09:09:00;2026-02-27 15:02:00.000000000;2026-03-02 15:02:00.000000000;3,0;;8,0;2026-03-02 15:02:00.000000000;;AHP_APRENDIZAGEM_ESPECIALIZACAO_WORKLOAD;;;;;CONCLUIDA;True;0,8210772980330227;1,0;0,05146388174342544;0,9790086435000951;0,6586441863669917;0,009529773208377161;0,1529033384576538
Regulatório;Preparação de informações e documentos para fiscalização;;Abraão;2026-02-20 09:10:00;2026-04-06 11:00:00.000000000;2026-04-08 11:00:00.000000000;4,0;;16,0;2026-04-08 11:00:00.000000000;;AHP_APRENDIZAGEM_ESPECIALIZACAO_WORKLOAD;;;;;PENDENTE;True;0,9545766884176474;1,0;1,0;0,7091638736989583;0,6586441863669917;0,1851740071976712;0,11075849485298456
Societário;Organização de livros societários;;Davi;2026-02-20 09:11:00;2026-06-25 13:00:00.000000000;2026-06-25 15:00:00.000000000;1,0;;2,0;2026-06-25 15:00:00.000000000;;AHP_APRENDIZAGEM_ESPECIALIZACAO_WORKLOAD;;;;;PENDENTE;True;0,7631668695015092;1,0;0,48630997215022276;0,09265302522457411;0,6586441863669917;0,09005196628324462;0,01447071685127284
Societário;Estruturação jurídica de carve-outs, spin-offs e alienação de ativos;;Davi;2026-02-20 09:12:00;2026-06-25 15:00:00.000000000;2026-06-30 15:00:00.000000000;5,0;;24,0;2026-06-30 15:00:00.000000000;;AHP_APRENDIZAGEM_ESPECIALIZACAO_WORKLOAD;;;;;PENDENTE;True;0,7627536172354075;1,0;0,48630997215022276;0,09000705591781695;0,6586441863669917;0,09005196628324462;0,014057464585171051
Societário;Elaboração e negociação de LOI;;Davi;2026-02-20 09:13:00;2026-06-30 15:00:00.000000000;2026-07-01 15:00:00.000000000;3,0;;8,0;2026-07-01 15:00:00.000000000;;AHP_APRENDIZAGEM_ESPECIALIZACAO_WORKLOAD;;;;;PENDENTE;True;0,7577945900421862;1,0;0,48630997215022276;0,05825542423673278;0,6586441863669917;0,09005196628324462;0,009098437391949845
Direito digital;Elaboração e atualização de políticas de privacidade e cookies;;Eva;2026-02-20 09:14:00;2026-02-25 15:10:00.000000000;2026-02-26 15:10:00.000000000;3,0;;8,0;2026-02-26 15:10:00.000000000;;AHP_APRENDIZAGEM_ESPECIALIZACAO_WORKLOAD;;;;;CONCLUIDA;True;1,0;1,0;1,0;1,0;0,6586441863669917;0,1851740071976712;0,1561818064353371
Contratos;Contrato de Distribuição;;Esaú;2026-02-23 09:00:00;2026-03-02 15:02:00.000000000;2026-03-03 15:02:00.000000000;3,0;;8,0;2026-03-03 15:02:00.000000000;;AHP_APRENDIZAGEM_ESPECIALIZACAO_WORKLOAD;;;;;CONCLUIDA;True;0,8210422279530332;1,0;0,05146388174342544;0,9787840969873487;0,6586441863669917;0,009529773208377161;0,15286826837766432
Societário;Elaboração e negociação de  SHA;;Davi;2026-02-23 09:01:00;2026-07-01 15:00:00.000000000;2026-07-02 15:00:00.000000000;3,0;;8,0;2026-07-02 15:00:00.000000000;;AHP_APRENDIZAGEM_ESPECIALIZACAO_WORKLOAD;;;;;PENDENTE;True;0,781924785559484;1,0;0,6251175754652126;0,04818149402710235;0,6586441863669917;0,11575552641858604;0,0075250727739062506
Societário;Due diligence;;Davi;2026-02-23 09:02:00;2026-07-02 15:00:00.000000000;2026-07-07 15:00:00.000000000;5,0;;24,0;2026-07-07 15:00:00.000000000;;AHP_APRENDIZAGEM_ESPECIALIZACAO_WORKLOAD;;;;;PENDENTE;True;0,7802540941018046;1,0;0,6251175754652126;0,03748440007095632;0,6586441863669917;0,11575552641858604;0,005854381316226836
Contratos;Contrato de Cessão de Crédito;;Esaú;2026-02-23 09:03:00;2026-03-03 15:02:00.000000000;2026-03-04 15:02:00.000000000;3,0;;8,0;2026-03-04 15:02:00.000000000;;AHP_APRENDIZAGEM_ESPECIALIZACAO_WORKLOAD;;;;;CONCLUIDA;True;0,8193715364953538;1,0;0,05146388174342544;0,968087003031203;0,6586441863669917;0,009529773208377161;0,15119757691998495
Contratos;Contratos imobiliários;;Esaú;2026-02-23 09:04:00;2026-03-04 15:02:00.000000000;2026-03-05 15:02:00.000000000;3,0;;8,0;2026-03-05 15:02:00.000000000;;AHP_APRENDIZAGEM_ESPECIALIZACAO_WORKLOAD;;;;;CONCLUIDA;True;0,8177008450376744;1,0;0,05146388174342544;0,957389909075057;0,6586441863669917;0,009529773208377161;0,14952688546230555
Societário;Estruturação jurídica de carve-outs, spin-offs e alienação de ativos;;Davi;2026-02-23 09:05:00;2026-07-07 15:00:00.000000000;2026-07-10 15:00:00.000000000;5,0;;24,0;2026-07-10 15:00:00.000000000;;AHP_APRENDIZAGEM_ESPECIALIZACAO_WORKLOAD;;;;;PENDENTE;True;0,7752420197287664;1,0;0,6251175754652126;0,005393118202518806;0,6586441863669917;0,11575552641858604;0,0008423069431886854
Contratos;Contratos imobiliários;;Esaú;2026-02-23 09:06:00;2026-03-05 15:02:00.000000000;2026-03-06 15:02:00.000000000;3,0;;8,0;2026-03-06 15:02:00.000000000;;AHP_APRENDIZAGEM_ESPECIALIZACAO_WORKLOAD;;;;;CONCLUIDA;True;0,8162466520321793;1,0;0,05146388174342544;0,9480790102022286;0,6586441863669917;0,009529773208377161;0,14807269245681046
Societário;Gestão de conflitos societários;;Davi;2026-02-23 09:07:00;2026-07-10 15:00:00.000000000;2026-07-10 17:00:00.000000000;1,0;;2,0;2026-07-10 17:00:00.000000000;;AHP_APRENDIZAGEM_ESPECIALIZACAO_WORKLOAD;;;;;PENDENTE;True;0,7743997127855777;1,0;0,6251175754652126;0,0;0,6586441863669917;0,11575552641858604;0,0
Societário;Regularização societária;;Davi;2026-02-23 09:08:00;2026-07-13 09:00:00.000000000;2026-07-13 17:00:00.000000000;3,0;;8,0;2026-07-13 17:00:00.000000000;;AHP_APRENDIZAGEM_ESPECIALIZACAO_WORKLOAD;;;;;PENDENTE;True;0,7743997127855777;1,0;0,6251175754652126;0,0;0,6586441863669917;0,11575552641858604;0,0
Societário;Aumento e redução de capital;;Davi;2026-02-23 09:09:00;2026-07-14 09:00:00.000000000;2026-07-14 11:00:00.000000000;1,0;;2,0;2026-07-14 11:00:00.000000000;;AHP_APRENDIZAGEM_ESPECIALIZACAO_WORKLOAD;;;;;PENDENTE;True;0,7743997127855777;1,0;0,6251175754652126;0,0;0,6586441863669917;0,11575552641858604;0,0
Direito digital;Análise de cláusulas de tratamento, compartilhamento e transferência de dados;;Eva;2026-02-23 09:10:00;2026-02-26 15:10:00.000000000;2026-02-27 11:10:00.000000000;2,0;;4,0;2026-02-27 11:10:00.000000000;;AHP_APRENDIZAGEM_ESPECIALIZACAO_WORKLOAD;;;;;CONCLUIDA;True;1,0;1,0;1,0;1,0;0,6586441863669917;0,1851740071976712;0,1561818064353371
Societário;Gestão jurídica do encerramento de operações;;Davi;2026-02-23 09:11:00;2026-07-14 11:00:00.000000000;2026-07-14 13:00:00.000000000;1,0;;2,0;2026-07-14 13:00:00.000000000;;AHP_APRENDIZAGEM_ESPECIALIZACAO_WORKLOAD;;;;;PENDENTE;True;0,7743997127855777;1,0;0,6251175754652126;0,0;0,6586441863669917;0,11575552641858604;0,0
Concorrencial;Relacionamento CADE;;Eva;2026-02-23 09:12:00;2026-02-27 11:10:00.000000000;2026-02-27 13:10:00.000000000;1,0;;2,0;2026-02-27 13:10:00.000000000;;AHP_APRENDIZAGEM_ESPECIALIZACAO_WORKLOAD;;;;;CONCLUIDA;True;1,0;1,0;1,0;1,0;0,6586441863669917;0,1851740071976712;0,1561818064353371
Contratos;Contrato de Licenciamento de Software;;Esaú;2026-02-23 09:13:00;2026-03-06 15:02:00.000000000;2026-03-10 15:02:00.000000000;4,0;;16,0;2026-03-10 15:02:00.000000000;;AHP_APRENDIZAGEM_ESPECIALIZACAO_WORKLOAD;;;;;CONCLUIDA;True;0,8159276522026938;1,0;0,05146388174342544;0,9460365198714644;0,6586441863669917;0,009529773208377161;0,147753692627325
Concorrencial;M&A Concorrencial;;Eva;2026-02-23 09:14:00;2026-02-27 13:10:00.000000000;2026-03-04 13:10:00.000000000;5,0;;24,0;2026-03-04 13:10:00.000000000;;AHP_APRENDIZAGEM_ESPECIALIZACAO_WORKLOAD;;;;;CONCLUIDA;True;1,0;1,0;1,0;1,0;0,6586441863669917;0,1851740071976712;0,1561818064353371
Societário;Estruturação jurídica de carve-outs, spin-offs e alienação de ativos;;Davi;2026-02-24 09:00:00;2026-07-14 13:00:00.000000000;2026-07-17 13:00:00.000000000;5,0;;24,0;2026-07-17 13:00:00.000000000;;AHP_APRENDIZAGEM_ESPECIALIZACAO_WORKLOAD;;;;;PENDENTE;True;0,7755225218116768;1,0;0,631181110207972;0,0;0,6586441863669917;0,1168783354446851;0,0
Societário;Gestão jurídica do encerramento de operações;;Davi;2026-02-24 09:01:00;2026-07-17 13:00:00.000000000;2026-07-17 15:00:00.000000000;1,0;;2,0;2026-07-17 15:00:00.000000000;;AHP_APRENDIZAGEM_ESPECIALIZACAO_WORKLOAD;;;;;PENDENTE;True;0,7755225218116768;1,0;0,631181110207972;0,0;0,6586441863669917;0,1168783354446851;0,0
Contratos;Contrato de Joint Venture;;Esaú;2026-02-24 09:02:00;2026-03-10 15:02:00.000000000;2026-03-13 15:02:00.000000000;5,0;;24,0;2026-03-13 15:02:00.000000000;;AHP_APRENDIZAGEM_ESPECIALIZACAO_WORKLOAD;;;;;CONCLUIDA;True;0,8203303065021292;1,0;0,06644793321310807;0,95646025283944;0,6586441863669917;0,012304430063074448;0,149381690072063
Societário;Atualização de Contrato Social / Estatuto;;Davi;2026-02-24 09:03:00;2026-07-17 15:00:00.000000000;2026-07-20 15:00:00.000000000;3,0;;8,0;2026-07-20 15:00:00.000000000;;AHP_APRENDIZAGEM_ESPECIALIZACAO_WORKLOAD;;;;;PENDENTE;True;0,7755225218116768;1,0;0,631181110207972;0,0;0,6586441863669917;0,1168783354446851;0,0
Societário;Closing da operação;;Davi;2026-02-24 09:04:00;2026-07-20 15:00:00.000000000;2026-07-20 17:00:00.000000000;1,0;;2,0;2026-07-20 17:00:00.000000000;;AHP_APRENDIZAGEM_ESPECIALIZACAO_WORKLOAD;;;;;PENDENTE;True;0,7755225218116768;1,0;0,631181110207972;0,0;0,6586441863669917;0,1168783354446851;0,0
Societário;Elaboração e negociação de  SHA;;Davi;2026-02-24 09:05:00;2026-07-21 09:00:00.000000000;2026-07-21 17:00:00.000000000;3,0;;8,0;2026-07-21 17:00:00.000000000;;AHP_APRENDIZAGEM_ESPECIALIZACAO_WORKLOAD;;;;;PENDENTE;True;0,7755225218116768;1,0;0,631181110207972;0,0;0,6586441863669917;0,1168783354446851;0,0
Governança;Política de PLDFTP e Fraudes;;Esaú;2026-02-24 09:06:00;2026-03-13 15:02:00.000000000;2026-03-16 15:02:00.000000000;3,0;;8,0;2026-03-16 15:02:00.000000000;;AHP_APRENDIZAGEM_ESPECIALIZACAO_WORKLOAD;;;;;CONCLUIDA;True;0,988643701948882;1,0;1,0;0,9272879581155323;0,6586441863669917;0,1851740071976712;0,14482550838421906
Societário;Elaboração e negociação de  SPA;;Davi;2026-02-24 09:07:00;2026-07-22 09:00:00.000000000;2026-07-22 17:00:00.000000000;3,0;;8,0;2026-07-22 17:00:00.000000000;;AHP_APRENDIZAGEM_ESPECIALIZACAO_WORKLOAD;;;;;PENDENTE;True;0,7755225218116768;1,0;0,631181110207972;0,0;0,6586441863669917;0,1168783354446851;0,0
Contencioso;Acordos, Mediação e Soluções Alternativas;;Jacó;2026-02-24 09:08:00;2026-06-22 09:06:00.000000000;2026-06-23 09:05:59.999999999;3,0;;8,0;2026-06-23 09:05:59.999999999;;AHP_APRENDIZAGEM_ESPECIALIZACAO_WORKLOAD;;;;;PENDENTE;True;0,8795492748877007;1,0;1,0;0,22877876840175554;0,6586441863669917;0,1851740071976712;0,0357310813230378
Direito digital;Treinamentos e conscientização sobre LGPD e segurança da informação;;Eva;2026-02-24 09:09:00;2026-03-04 13:10:00.000000000;2026-03-04 15:10:00.000000000;1,0;;2,0;2026-03-04 15:10:00.000000000;;AHP_APRENDIZAGEM_ESPECIALIZACAO_WORKLOAD;;;;;CONCLUIDA;True;1,0;1,0;1,0;1,0;0,6586441863669917;0,1851740071976712;0,1561818064353371
Trabalhista;Gestão de riscos relacionados a acidentes de trabalho;;Eva;2026-02-24 09:10:00;2026-03-04 15:10:00.000000000;2026-03-05 09:10:00.000000000;1,0;;2,0;2026-03-05 09:10:00.000000000;;AHP_APRENDIZAGEM_ESPECIALIZACAO_WORKLOAD;;;;;CONCLUIDA;True;1,0;1,0;1,0;1,0;0,6586441863669917;0,1851740071976712;0,1561818064353371
Contratos;Contrato de Locação;;Esaú;2026-02-24 09:11:00;2026-03-16 15:02:00.000000000;2026-03-17 15:02:00.000000000;3,0;;8,0;2026-03-17 15:02:00.000000000;;AHP_APRENDIZAGEM_ESPECIALIZACAO_WORKLOAD;;;;;CONCLUIDA;True;0,8150498463810238;1,0;0,06644793321310807;0,9226505521987219;0,6586441863669917;0,012304430063074448;0,14410122995095767
Societário;Reorganizações societárias internas;;Davi;2026-02-24 09:12:00;2026-07-23 09:00:00.000000000;2026-07-27 17:00:00.000000000;5,0;;24,0;2026-07-27 17:00:00.000000000;;AHP_APRENDIZAGEM_ESPECIALIZACAO_WORKLOAD;;;;;PENDENTE;True;0,7755225218116768;1,0;0,631181110207972;0,0;0,6586441863669917;0,1168783354446851;0,0
Governança;Benchmarking de melhores práticas;;Esaú;2026-02-24 09:13:00;2026-03-17 15:02:00.000000000;2026-03-18 09:02:00.000000000;1,0;;2,0;2026-03-18 09:02:00.000000000;;AHP_APRENDIZAGEM_ESPECIALIZACAO_WORKLOAD;;;;;CONCLUIDA;True;0,9867547211698497;1,0;1,0;0,9151932025089352;0,6586441863669917;0,1851740071976712;0,1429365276051868
Direito financeiro;Gestão de litígios bancários e financeiros;;Abraão;2026-02-24 09:14:00;2026-04-08 11:00:00.000000000;2026-04-10 11:00:00.000000000;4,0;;16,0;2026-04-10 11:00:00.000000000;;AHP_APRENDIZAGEM_ESPECIALIZACAO_WORKLOAD;;;;;PENDENTE;True;0,9632531982835734;1,0;1,0;0,7647177827230428;0,6586441863669917;0,1851740071976712;0,11943500471891046
Regulatório;Atuação em processos administrativos na CVM e no BCB;;Abraão;2026-02-25 09:00:00;2026-04-10 11:00:00.000000000;2026-04-10 13:00:00.000000000;1,0;;2,0;2026-04-10 13:00:00.000000000;;AHP_APRENDIZAGEM_ESPECIALIZACAO_WORKLOAD;;;;;PENDENTE;True;0,9602199283224582;1,0;1,0;0,7452963787173781;0,6586441863669917;0,1851740071976712;0,11640173475779524
Societário;Estruturação societária internacional;;Davi;2026-02-25 09:01:00;2026-07-28 09:00:00.000000000;2026-07-30 17:00:00.000000000;5,0;;24,0;2026-07-30 17:00:00.000000000;;AHP_APRENDIZAGEM_ESPECIALIZACAO_WORKLOAD;;;;;PENDENTE;True;0,7805385015729527;1,0;0,6582690359767404;0,0;0,6586441863669917;0,12189431520596099;0,0
Governança;Governança e Regimentos de Comitês;;Esaú;2026-02-25 09:02:00;2026-03-18 09:02:00.000000000;2026-03-19 09:01:59.999999999;3,0;;8,0;2026-03-19 09:01:59.999999999;;AHP_APRENDIZAGEM_ESPECIALIZACAO_WORKLOAD;;;;;CONCLUIDA;True;0,9867612355150546;1,0;1,0;0,9152349125221152;0,6586441863669917;0,1851740071976712;0,14294304195039167
Contratos;Contratos de Seguros ou Previdência;;Esaú;2026-02-25 09:03:00;2026-03-19 09:01:59.999999999;2026-03-20 09:01:59.999999999;3,0;;8,0;2026-03-20 09:01:59.999999999;;AHP_APRENDIZAGEM_ESPECIALIZACAO_WORKLOAD;;;;;CONCLUIDA;True;0,8125755436352868;1,0;0,06729896067824445;0,9057990957342245;0,6586441863669917;0,012462018229029028;0,14146933903926603
Societário;Estruturação de veículos societários (SPVs);;Davi;2026-02-25 09:04:00;2026-07-31 09:00:00.000000000;2026-08-04 17:00:00.000000000;5,0;;24,0;2026-08-04 17:00:00.000000000;;AHP_APRENDIZAGEM_ESPECIALIZACAO_WORKLOAD;;;;;PENDENTE;True;0,7805385015729527;1,0;0,6582690359767404;0,0;0,6586441863669917;0,12189431520596099;0,0
Societário;Reorganizações societárias internas;;Davi;2026-02-25 09:05:00;2026-08-05 09:00:00.000000000;2026-08-07 17:00:00.000000000;5,0;;24,0;2026-08-07 17:00:00.000000000;;AHP_APRENDIZAGEM_ESPECIALIZACAO_WORKLOAD;;;;;PENDENTE;True;0,7805385015729527;1,0;0,6582690359767404;0,0;0,6586441863669917;0,12189431520596099;0,0
Societário;SPA / SHA e documentos correlatos;;Davi;2026-02-25 09:06:00;2026-08-10 09:00:00.000000000;2026-08-10 11:00:00.000000000;1,0;;2,0;2026-08-10 11:00:00.000000000;;AHP_APRENDIZAGEM_ESPECIALIZACAO_WORKLOAD;;;;;PENDENTE;True;0,7805385015729527;1,0;0,6582690359767404;0,0;0,6586441863669917;0,12189431520596099;0,0
Contratos;Letter of Intent;;Esaú;2026-02-25 09:07:00;2026-03-20 09:01:59.999999999;2026-03-20 11:01:59.999999999;1,0;;2,0;2026-03-20 11:01:59.999999999;;AHP_APRENDIZAGEM_ESPECIALIZACAO_WORKLOAD;;;;;CONCLUIDA;True;0,812003242449084;1,0;0,06729896067824445;0,9021347688880639;0,6586441863669917;0,012462018229029028;0,14089703785306318
Contratos;Contrato de Licenciamento de Software;;Esaú;2026-02-25 09:08:00;2026-03-20 11:01:59.999999999;2026-03-24 11:02:00.000000000;4,0;;16,0;2026-03-24 11:02:00.000000000;;AHP_APRENDIZAGEM_ESPECIALIZACAO_WORKLOAD;;;;;CONCLUIDA;True;0,8116553342112476;1,0;0,06729896067824445;0,8999071839613885;0,6586441863669917;0,012462018229029028;0,14054912961522686
Societário;Elaboração e negociação de  SPA;;Davi;2026-02-25 09:09:00;2026-08-10 11:00:00.000000000;2026-08-11 11:00:00.000000000;3,0;;8,0;2026-08-11 11:00:00.000000000;;AHP_APRENDIZAGEM_ESPECIALIZACAO_WORKLOAD;;;;;PENDENTE;True;0,7805385015729527;1,0;0,6582690359767404;0,0;0,6586441863669917;0,12189431520596099;0,0
Societário;Atualização de Contrato Social / Estatuto;;Davi;2026-02-25 09:10:00;2026-08-11 11:00:00.000000000;2026-08-12 11:00:00.000000000;3,0;;8,0;2026-08-12 11:00:00.000000000;;AHP_APRENDIZAGEM_ESPECIALIZACAO_WORKLOAD;;;;;PENDENTE;True;0,7805385015729527;1,0;0,6582690359767404;0,0;0,6586441863669917;0,12189431520596099;0,0
Contencioso;Contencioso Trabalhista;;Jacó;2026-02-25 09:11:00;2026-06-23 09:05:59.999999999;2026-06-25 09:05:59.999999999;4,0;;16,0;2026-06-25 09:05:59.999999999;;AHP_APRENDIZAGEM_ESPECIALIZACAO_WORKLOAD;;;;;PENDENTE;True;0,8933645430291688;1,0;1,0;0,31723509027934826;0,6586441863669917;0,1851740071976712;0,04954634946450586
Societário;Acordo de Sócios / Acionistas;;Davi;2026-02-25 09:12:00;2026-08-12 11:00:00.000000000;2026-08-13 11:00:00.000000000;3,0;;8,0;2026-08-13 11:00:00.000000000;;AHP_APRENDIZAGEM_ESPECIALIZACAO_WORKLOAD;;;;;PENDENTE;True;0,7805385015729527;1,0;0,6582690359767404;0,0;0,6586441863669917;0,12189431520596099;0,0
Governança;Gestão de fluxo de informações com Conselho de Administração;;Esaú;2026-02-25 09:13:00;2026-03-24 11:02:00.000000000;2026-03-24 13:02:00.000000000;1,0;;2,0;2026-03-24 13:02:00.000000000;;AHP_APRENDIZAGEM_ESPECIALIZACAO_WORKLOAD;;;;;CONCLUIDA;True;0,9820635177277661;1,0;1,0;0,8851563912493221;0,6586441863669917;0,1851740071976712;0,13824532416310314
Societário;Estruturação de regras de governança;;Davi;2026-02-25 09:14:00;2026-08-13 11:00:00.000000000;2026-08-18 11:00:00.000000000;5,0;;24,0;2026-08-18 11:00:00.000000000;;AHP_APRENDIZAGEM_ESPECIALIZACAO_WORKLOAD;;;;;PENDENTE;True;0,7805385015729527;1,0;0,6582690359767404;0,0;0,6586441863669917;0,12189431520596099;0,0
Societário;Suporte jurídico às negociações comerciais;;Davi;2026-02-26 09:00:00;2026-08-18 11:00:00.000000000;2026-08-19 11:00:00.000000000;3,0;;8,0;2026-08-19 11:00:00.000000000;;AHP_APRENDIZAGEM_ESPECIALIZACAO_WORKLOAD;;;;;PENDENTE;True;0,7805385015729527;1,0;0,6582690359767404;0,0;0,6586441863669917;0,12189431520596099;0,0
Societário;Elaboração e negociação de  SHA;;Davi;2026-02-26 09:01:00;2026-08-19 11:00:00.000000000;2026-08-20 11:00:00.000000000;3,0;;8,0;2026-08-20 11:00:00.000000000;;AHP_APRENDIZAGEM_ESPECIALIZACAO_WORKLOAD;;;;;PENDENTE;True;0,7805385015729527;1,0;0,6582690359767404;0,0;0,6586441863669917;0,12189431520596099;0,0
Direito financeiro;Interface com reguladores e autorreguladores;;Abraão;2026-02-26 09:02:00;2026-04-10 13:00:00.000000000;2026-04-13 13:00:00.000000000;3,0;;8,0;2026-04-13 13:00:00.000000000;;AHP_APRENDIZAGEM_ESPECIALIZACAO_WORKLOAD;;;;;PENDENTE;True;0,9656026553492786;1,0;1,0;0,7797608733321781;0,6586441863669917;0,1851740071976712;0,12178446178461566
Societário;Estruturação jurídica de carve-outs, spin-offs e alienação de ativos;;Davi;2026-02-26 09:03:00;2026-08-20 11:00:00.000000000;2026-08-25 11:00:00.000000000;5,0;;24,0;2026-08-25 11:00:00.000000000;;AHP_APRENDIZAGEM_ESPECIALIZACAO_WORKLOAD;;;;;PENDENTE;True;0,7805385015729527;1,0;0,6582690359767404;0,0;0,6586441863669917;0,12189431520596099;0,0
Regulatório;Interface com áreas de risco, tesouraria e controles internos;;Abraão;2026-02-26 09:04:00;2026-04-13 13:00:00.000000000;2026-04-13 15:00:00.000000000;1,0;;2,0;2026-04-13 15:00:00.000000000;;AHP_APRENDIZAGEM_ESPECIALIZACAO_WORKLOAD;;;;;PENDENTE;True;0,9651726453612495;1,0;1,0;0,7770076077768385;0,6586441863669917;0,1851740071976712;0,12135445179658653
Societário;Due diligence societária;;Davi;2026-02-26 09:05:00;2026-08-25 11:00:00.000000000;2026-08-28 11:00:00.000000000;5,0;;24,0;2026-08-28 11:00:00.000000000;;AHP_APRENDIZAGEM_ESPECIALIZACAO_WORKLOAD;;;;;PENDENTE;True;0,7805385015729527;1,0;0,6582690359767404;0,0;0,6586441863669917;0,12189431520596099;0,0
Societário;Aprovações regulatórias e concorrenciais;;Davi;2026-02-26 09:06:00;2026-08-28 11:00:00.000000000;2026-08-31 11:00:00.000000000;3,0;;8,0;2026-08-31 11:00:00.000000000;;AHP_APRENDIZAGEM_ESPECIALIZACAO_WORKLOAD;;;;;PENDENTE;True;0,7805385015729527;1,0;0,6582690359767404;0,0;0,6586441863669917;0,12189431520596099;0,0
Societário;Reorganizações societárias internas;;Davi;2026-02-26 09:07:00;2026-08-31 11:00:00.000000000;2026-09-03 11:00:00.000000000;5,0;;24,0;2026-09-03 11:00:00.000000000;;AHP_APRENDIZAGEM_ESPECIALIZACAO_WORKLOAD;;;;;PENDENTE;True;0,7805385015729527;1,0;0,6582690359767404;0,0;0,6586441863669917;0,12189431520596099;0,0
Governança;Monitoramento de aderência a políticas;;Esaú;2026-02-26 09:08:00;2026-03-24 13:02:00.000000000;2026-03-25 13:02:00.000000000;3,0;;8,0;2026-03-25 13:02:00.000000000;;AHP_APRENDIZAGEM_ESPECIALIZACAO_WORKLOAD;;;;;CONCLUIDA;True;0,9838296488361942;1,0;1,0;0,8964645656694928;0,6586441863669917;0,1851740071976712;0,14001145527153128
Societário;Elaboração e negociação de  SHA;;Davi;2026-02-26 09:09:00;2026-09-03 11:00:00.000000000;2026-09-04 11:00:00.000000000;3,0;;8,0;2026-09-04 11:00:00.000000000;;AHP_APRENDIZAGEM_ESPECIALIZACAO_WORKLOAD;;;;;PENDENTE;True;0,7805385015729527;1,0;0,6582690359767404;0,0;0,6586441863669917;0,12189431520596099;0,0
Contratos;Contratos Financeiros ou Bancários;;Esaú;2026-02-26 09:10:00;2026-03-25 13:02:00.000000000;2026-03-26 13:02:00.000000000;3,0;;8,0;2026-03-26 13:02:00.000000000;;AHP_APRENDIZAGEM_ESPECIALIZACAO_WORKLOAD;;;;;CONCLUIDA;True;0,8133905111173613;1,0;0,08533483190111198;0,8896332751230354;0,6586441863669917;0,01580179277666857;0,1389445319737009
Societário;Estruturação de holdings e grupos;;Davi;2026-02-26 09:11:00;2026-09-04 11:00:00.000000000;2026-09-09 11:00:00.000000000;5,0;;24,0;2026-09-09 11:00:00.000000000;;AHP_APRENDIZAGEM_ESPECIALIZACAO_WORKLOAD;;;;;PENDENTE;True;0,7805385015729527;1,0;0,6582690359767404;0,0;0,6586441863669917;0,12189431520596099;0,0
Societário;Atas de Reunião e Assembleia;;Davi;2026-02-26 09:12:00;2026-09-09 11:00:00.000000000;2026-09-09 15:00:00.000000000;2,0;;4,0;2026-09-09 15:00:00.000000000;;AHP_APRENDIZAGEM_ESPECIALIZACAO_WORKLOAD;;;;;PENDENTE;True;0,7805385015729527;1,0;0,6582690359767404;0,0;0,6586441863669917;0,12189431520596099;0,0
Governança;Avaliação periódica da efetividade da governança;;Esaú;2026-02-26 09:13:00;2026-03-26 13:02:00.000000000;2026-03-27 13:02:00.000000000;3,0;;8,0;2026-03-27 13:02:00.000000000;;AHP_APRENDIZAGEM_ESPECIALIZACAO_WORKLOAD;;;;;CONCLUIDA;True;0,9820512883032717;1,0;1,0;0,8850780887583115;0,6586441863669917;0,1851740071976712;0,13823309473860873
Societário;Estruturação de holdings e grupos;;Davi;2026-02-26 09:14:00;2026-09-09 15:00:00.000000000;2026-09-14 15:00:00.000000000;5,0;;24,0;2026-09-14 15:00:00.000000000;;AHP_APRENDIZAGEM_ESPECIALIZACAO_WORKLOAD;;;;;PENDENTE;True;0,7805385015729527;1,0;0,6582690359767404;0,0;0,6586441863669917;0,12189431520596099;0,0
Societário;Elaboração e negociação de  SHA;;Davi;2026-02-27 09:00:00;2026-09-14 15:00:00.000000000;2026-09-15 15:00:00.000000000;3,0;;8,0;2026-09-15 15:00:00.000000000;;AHP_APRENDIZAGEM_ESPECIALIZACAO_WORKLOAD;;;;;PENDENTE;True;0,7766932728285545;1,0;0,6375035473285767;0,0;0,6586441863669917;0,11804908646156279;0,0
Societário;Aprovações regulatórias e concorrenciais;;Davi;2026-02-27 09:01:00;2026-09-15 15:00:00.000000000;2026-09-16 15:00:00.000000000;3,0;;8,0;2026-09-16 15:00:00.000000000;;AHP_APRENDIZAGEM_ESPECIALIZACAO_WORKLOAD;;;;;PENDENTE;True;0,7766932728285545;1,0;0,6375035473285767;0,0;0,6586441863669917;0,11804908646156279;0,0
Societário;Estruturação de veículos societários (SPVs);;Davi;2026-02-27 09:02:00;2026-09-16 15:00:00.000000000;2026-09-21 15:00:00.000000000;5,0;;24,0;2026-09-21 15:00:00.000000000;;AHP_APRENDIZAGEM_ESPECIALIZACAO_WORKLOAD;;;;;PENDENTE;True;0,7766932728285545;1,0;0,6375035473285767;0,0;0,6586441863669917;0,11804908646156279;0,0
Governança;Gestão de documentos de governança;;Esaú;2026-02-27 09:03:00;2026-03-27 13:02:00.000000000;2026-03-30 13:02:00.000000000;3,0;;8,0;2026-03-30 13:02:00.000000000;;AHP_APRENDIZAGEM_ESPECIALIZACAO_WORKLOAD;;;;;CONCLUIDA;True;0,9819630644793989;1,0;1,0;0,8845132097504013;0,6586441863669917;0,1851740071976712;0,1381448709147359
Trabalhista;Gestão de escritórios externos;;Eva;2026-02-27 09:04:00;2026-03-05 09:10:00.000000000;2026-03-05 11:10:00.000000000;1,0;;2,0;2026-03-05 11:10:00.000000000;;AHP_APRENDIZAGEM_ESPECIALIZACAO_WORKLOAD;;;;;CONCLUIDA;True;1,0;1,0;1,0;1,0;0,6586441863669917;0,1851740071976712;0,1561818064353371
Propriedade intelectual;Gestão de depósitos, acompanhamentos e prazos;;Esaú;2026-02-27 09:05:00;2026-03-30 13:02:00.000000000;2026-03-30 15:02:00.000000000;1,0;;2,0;2026-03-30 15:02:00.000000000;;AHP_APRENDIZAGEM_ESPECIALIZACAO_WORKLOAD;;;;;CONCLUIDA;True;0,981109286403961;1,0;1,0;0,8790466442462347;0,6586441863669917;0,1851740071976712;0,13729109283929805
Trabalhista;Apoio em programas de stock options e incentivos de longo prazo;;Eva;2026-02-27 09:06:00;2026-03-05 11:10:00.000000000;2026-03-05 13:10:00.000000000;1,0;;2,0;2026-03-05 13:10:00.000000000;;AHP_APRENDIZAGEM_ESPECIALIZACAO_WORKLOAD;;;;;CONCLUIDA;True;1,0;1,0;1,0;1,0;0,6586441863669917;0,1851740071976712;0,1561818064353371
Societário;Estruturação jurídica de carve-outs, spin-offs e alienação de ativos;;Davi;2026-02-27 09:07:00;2026-09-21 15:00:00.000000000;2026-09-24 15:00:00.000000000;5,0;;24,0;2026-09-24 15:00:00.000000000;;AHP_APRENDIZAGEM_ESPECIALIZACAO_WORKLOAD;;;;;PENDENTE;True;0,7766932728285545;1,0;0,6375035473285767;0,0;0,6586441863669917;0,11804908646156279;0,0
Societário;Atas de Reunião e Assembleia;;Davi;2026-02-27 09:08:00;2026-09-24 15:00:00.000000000;2026-09-25 11:00:00.000000000;2,0;;4,0;2026-09-25 11:00:00.000000000;;AHP_APRENDIZAGEM_ESPECIALIZACAO_WORKLOAD;;;;;PENDENTE;True;0,7766932728285545;1,0;0,6375035473285767;0,0;0,6586441863669917;0,11804908646156279;0,0
Societário;Due diligence;;Davi;2026-02-27 09:09:00;2026-09-25 11:00:00.000000000;2026-09-30 11:00:00.000000000;5,0;;24,0;2026-09-30 11:00:00.000000000;;AHP_APRENDIZAGEM_ESPECIALIZACAO_WORKLOAD;;;;;PENDENTE;True;0,7766932728285545;1,0;0,6375035473285767;0,0;0,6586441863669917;0,11804908646156279;0,0
Societário;Avaliação de impactos (societário, contratual, regulatório, concorrencial, trabalhista, tributário);;Davi;2026-02-27 09:10:00;2026-09-30 11:00:00.000000000;2026-10-01 11:00:00.000000000;3,0;;8,0;2026-10-01 11:00:00.000000000;;AHP_APRENDIZAGEM_ESPECIALIZACAO_WORKLOAD;;;;;PENDENTE;True;0,7766932728285545;1,0;0,6375035473285767;0,0;0,6586441863669917;0,11804908646156279;0,0
Contratos;Contrato de compra e venda;;Esaú;2026-02-27 09:11:00;2026-03-30 15:02:00.000000000;2026-03-31 15:02:00.000000000;3,0;;8,0;2026-03-31 15:02:00.000000000;;AHP_APRENDIZAGEM_ESPECIALIZACAO_WORKLOAD;;;;;CONCLUIDA;True;0,816111548327072;1,0;0,10401873734109174;0,8849032976207041;0,6586441863669917;0,01926156641709199;0,1382057955429883
Contratos;Contrato de trabalho;;Esaú;2026-02-27 09:12:00;2026-03-31 15:02:00.000000000;2026-04-01 09:02:00.000000000;1,0;;2,0;2026-04-01 09:02:00.000000000;;AHP_APRENDIZAGEM_ESPECIALIZACAO_WORKLOAD;;;;;CONCLUIDA;True;0,815068452917458;1,0;0,10401873734109174;0,8782245721441493;0,6586441863669917;0,01926156641709199;0,13716270013337428
Societário;Estruturação de veículos societários (SPVs);;Davi;2026-02-27 09:13:00;2026-10-01 11:00:00.000000000;2026-10-06 11:00:00.000000000;5,0;;24,0;2026-10-06 11:00:00.000000000;;AHP_APRENDIZAGEM_ESPECIALIZACAO_WORKLOAD;;;;;PENDENTE;True;0,7766932728285545;1,0;0,6375035473285767;0,0;0,6586441863669917;0,11804908646156279;0,0
Societário;Acordo de Sócios / Acionistas;;Davi;2026-02-27 09:14:00;2026-10-06 11:00:00.000000000;2026-10-07 11:00:00.000000000;3,0;;8,0;2026-10-07 11:00:00.000000000;;AHP_APRENDIZAGEM_ESPECIALIZACAO_WORKLOAD;;;;;PENDENTE;True;0,7766932728285545;1,0;0,6375035473285767;0,0;0,6586441863669917;0,11804908646156279;0,0
Societário;Estruturação de veículos societários (SPVs);;Davi;2026-03-02 09:00:00;2026-10-07 11:00:00.000000000;2026-10-12 11:00:00.000000000;5,0;;24,0;2026-10-12 11:00:00.000000000;;AHP_APRENDIZAGEM_ESPECIALIZACAO_WORKLOAD;;;;;PENDENTE;True;0,797095439283433;1,0;0,7476818966748722;0,0;0,6586441863669917;0,13845125291644123;0,0
Governança;Suporte jurídico às decisões do Conselho de Administração;;Esaú;2026-03-02 09:01:00;2026-04-01 09:02:00.000000000;2026-04-01 11:02:00.000000000;1,0;;2,0;2026-04-01 11:02:00.000000000;;AHP_APRENDIZAGEM_ESPECIALIZACAO_WORKLOAD;;;;;CONCLUIDA;True;0,9815812177762288;1,0;1,0;0,882068323806992;0,6586441863669917;0,1851740071976712;0,13776302421156586
Societário;Consolidação das versões finais dos documentos;;Davi;2026-03-02 09:02:00;2026-10-12 11:00:00.000000000;2026-10-12 13:00:00.000000000;1,0;;2,0;2026-10-12 13:00:00.000000000;;AHP_APRENDIZAGEM_ESPECIALIZACAO_WORKLOAD;;;;;PENDENTE;True;0,797095439283433;1,0;0,7476818966748722;0,0;0,6586441863669917;0,13845125291644123;0,0
Trabalhista;Resposta a autos de infração;;Eva;2026-03-02 09:03:00;2026-03-05 13:10:00.000000000;2026-03-09 13:09:59.999999999;4,0;;16,0;2026-03-09 13:09:59.999999999;;AHP_APRENDIZAGEM_ESPECIALIZACAO_WORKLOAD;;;;;CONCLUIDA;True;1,0;1,0;1,0;1,0;0,6586441863669917;0,1851740071976712;0,1561818064353371
Direito financeiro;Análise de políticas de endividamento;;Abraão;2026-03-02 09:04:00;2026-04-13 15:00:00.000000000;2026-04-14 15:00:00.000000000;3,0;;8,0;2026-04-14 15:00:00.000000000;;AHP_APRENDIZAGEM_ESPECIALIZACAO_WORKLOAD;;;;;PENDENTE;True;0,9745750547663405;1,0;1,0;0,8372093023255813;0,6586441863669917;0,1851740071976712;0,13075686120167757
Contratos;NDA;;Esaú;2026-03-02 09:05:00;2026-04-01 11:02:00.000000000;2026-04-01 13:02:00.000000000;1,0;;2,0;2026-04-01 13:02:00.000000000;;AHP_APRENDIZAGEM_ESPECIALIZACAO_WORKLOAD;;;;;CONCLUIDA;True;0,8211226687614186;1,0;0,1250707940307322;0,8920284984540932;0,6586441863669917;0,023159860114065255;0,13931862228036157
Societário;Closing da operação;;Davi;2026-03-02 09:06:00;2026-10-12 13:00:00.000000000;2026-10-12 15:00:00.000000000;1,0;;2,0;2026-10-12 15:00:00.000000000;;AHP_APRENDIZAGEM_ESPECIALIZACAO_WORKLOAD;;;;;PENDENTE;True;0,797095439283433;1,0;0,7476818966748722;0,0;0,6586441863669917;0,13845125291644123;0,0
Societário;Atas de Reunião e Assembleia;;Davi;2026-03-02 09:07:00;2026-10-12 15:00:00.000000000;2026-10-13 11:00:00.000000000;2,0;;4,0;2026-10-13 11:00:00.000000000;;AHP_APRENDIZAGEM_ESPECIALIZACAO_WORKLOAD;;;;;PENDENTE;True;0,797095439283433;1,0;0,7476818966748722;0,0;0,6586441863669917;0,13845125291644123;0,0
Concorrencial;Relacionamento CADE;;Eva;2026-03-02 09:08:00;2026-03-09 13:09:59.999999999;2026-03-09 15:09:59.999999999;1,0;;2,0;2026-03-09 15:09:59.999999999;;AHP_APRENDIZAGEM_ESPECIALIZACAO_WORKLOAD;;;;;CONCLUIDA;True;1,0;1,0;1,0;1,0;0,6586441863669917;0,1851740071976712;0,1561818064353371
Societário;Estruturação societária internacional;;Davi;2026-03-02 09:09:00;2026-10-13 11:00:00.000000000;2026-10-16 11:00:00.000000000;5,0;;24,0;2026-10-16 11:00:00.000000000;;AHP_APRENDIZAGEM_ESPECIALIZACAO_WORKLOAD;;;;;PENDENTE;True;0,797095439283433;1,0;0,7476818966748722;0,0;0,6586441863669917;0,13845125291644123;0,0
Societário;Análise jurídica preliminar e de estrutura da operação;;Davi;2026-03-02 09:10:00;2026-10-16 11:00:00.000000000;2026-10-21 11:00:00.000000000;5,0;;24,0;2026-10-21 11:00:00.000000000;;AHP_APRENDIZAGEM_ESPECIALIZACAO_WORKLOAD;;;;;PENDENTE;True;0,797095439283433;1,0;0,7476818966748722;0,0;0,6586441863669917;0,13845125291644123;0,0
Societário;Gestão de passivos;;Davi;2026-03-02 09:11:00;2026-10-21 11:00:00.000000000;2026-10-21 13:00:00.000000000;1,0;;2,0;2026-10-21 13:00:00.000000000;;AHP_APRENDIZAGEM_ESPECIALIZACAO_WORKLOAD;;;;;PENDENTE;True;0,797095439283433;1,0;0,7476818966748722;0,0;0,6586441863669917;0,13845125291644123;0,0
Societário;Suporte jurídico às negociações comerciais;;Davi;2026-03-02 09:12:00;2026-10-21 13:00:00.000000000;2026-10-22 13:00:00.000000000;3,0;;8,0;2026-10-22 13:00:00.000000000;;AHP_APRENDIZAGEM_ESPECIALIZACAO_WORKLOAD;;;;;PENDENTE;True;0,797095439283433;1,0;0,7476818966748722;0,0;0,6586441863669917;0,13845125291644123;0,0
Regulatório;Apoio regulatório a fundos de investimento;;Abraão;2026-03-02 09:13:00;2026-04-14 15:00:00.000000000;2026-04-17 15:00:00.000000000;5,0;;24,0;2026-04-17 15:00:00.000000000;;AHP_APRENDIZAGEM_ESPECIALIZACAO_WORKLOAD;;;;;PENDENTE;True;0,9750660974747324;1,0;1,0;0,8403533478427858;0,6586441863669917;0,1851740071976712;0,1312479039100695
Concorrencial;M&A Concorrencial;;Eva;2026-03-02 09:14:00;2026-03-09 15:09:59.999999999;2026-03-12 15:10:00.000000000;5,0;;24,0;2026-03-12 15:10:00.000000000;;AHP_APRENDIZAGEM_ESPECIALIZACAO_WORKLOAD;;;;;CONCLUIDA;True;1,0;1,0;1,0;1,0;0,6586441863669917;0,1851740071976712;0,1561818064353371
Societário;Due diligence;;Davi;2026-03-03 09:00:00;2026-10-22 13:00:00.000000000;2026-10-27 13:00:00.000000000;5,0;;24,0;2026-10-27 13:00:00.000000000;;AHP_APRENDIZAGEM_ESPECIALIZACAO_WORKLOAD;;;;;PENDENTE;True;0,797095439283433;1,0;0,7476818966748722;0,0;0,6586441863669917;0,13845125291644123;0,0
Societário;Estruturação de veículos societários (SPVs);;Davi;2026-03-03 09:01:00;2026-10-27 13:00:00.000000000;2026-10-30 13:00:00.000000000;5,0;;24,0;2026-10-30 13:00:00.000000000;;AHP_APRENDIZAGEM_ESPECIALIZACAO_WORKLOAD;;;;;PENDENTE;True;0,797095439283433;1,0;0,7476818966748722;0,0;0,6586441863669917;0,13845125291644123;0,0
Societário;Atos perante Junta Comercial;;Davi;2026-03-03 09:02:00;2026-10-30 13:00:00.000000000;2026-10-30 15:00:00.000000000;1,0;;2,0;2026-10-30 15:00:00.000000000;;AHP_APRENDIZAGEM_ESPECIALIZACAO_WORKLOAD;;;;;PENDENTE;True;0,797095439283433;1,0;0,7476818966748722;0,0;0,6586441863669917;0,13845125291644123;0,0
Societário;Gestão de Advisors e Governança da Operação;;Davi;2026-03-03 09:03:00;2026-10-30 15:00:00.000000000;2026-11-02 15:00:00.000000000;3,0;;8,0;2026-11-02 15:00:00.000000000;;AHP_APRENDIZAGEM_ESPECIALIZACAO_WORKLOAD;;;;;PENDENTE;True;0,797095439283433;1,0;0,7476818966748722;0,0;0,6586441863669917;0,13845125291644123;0,0
Contratos;Contrato de Cessão de Direitos Autorais;;Esaú;2026-03-03 09:04:00;2026-04-01 13:02:00.000000000;2026-04-02 13:02:00.000000000;3,0;;8,0;2026-04-02 13:02:00.000000000;;AHP_APRENDIZAGEM_ESPECIALIZACAO_WORKLOAD;;;;;CONCLUIDA;True;0,8288529521771258;1,0;0,14511893813764123;0,9177542108546475;0,6586441863669917;0,026872255295217976;0,1433365105149161
Societário;Atualização de Contrato Social / Estatuto;;Davi;2026-03-03 09:05:00;2026-11-02 15:00:00.000000000;2026-11-03 15:00:00.000000000;3,0;;8,0;2026-11-03 15:00:00.000000000;;AHP_APRENDIZAGEM_ESPECIALIZACAO_WORKLOAD;;;;;PENDENTE;True;0,797095439283433;1,0;0,7476818966748722;0,0;0,6586441863669917;0,13845125291644123;0,0
Contratos;Contrato de Cessão de Direitos Autorais;;Esaú;2026-03-03 09:06:00;2026-04-02 13:02:00.000000000;2026-04-03 13:02:00.000000000;3,0;;8,0;2026-04-03 13:02:00.000000000;;AHP_APRENDIZAGEM_ESPECIALIZACAO_WORKLOAD;;;;;EM_EXECUCAO;True;0,8279996528462669;1,0;0,14511893813764123;0,9122907106536028;0,6586441863669917;0,026872255295217976;0,14248321118405713
Societário;Avaliação de impactos (societário, contratual, regulatório, concorrencial, trabalhista, tributário);;Davi;2026-03-03 09:07:00;2026-11-03 15:00:00.000000000;2026-11-04 15:00:00.000000000;3,0;;8,0;2026-11-04 15:00:00.000000000;;AHP_APRENDIZAGEM_ESPECIALIZACAO_WORKLOAD;;;;;PENDENTE;True;0,797095439283433;1,0;0,7476818966748722;0,0;0,6586441863669917;0,13845125291644123;0,0
Contratos;Contrato de SaaS;;Esaú;2026-03-03 09:08:00;2026-04-03 13:02:00.000000000;2026-04-06 13:02:00.000000000;3,0;;8,0;2026-04-06 13:02:00.000000000;;AHP_APRENDIZAGEM_ESPECIALIZACAO_WORKLOAD;;;;;PENDENTE;True;0,8271564529773437;1,0;0,14511893813764123;0,9068918752311674;0,6586441863669917;0,026872255295217976;0,14164001131513407
Regulatório;Interface com áreas de risco, tesouraria e controles internos;;Abraão;2026-03-03 09:09:00;2026-04-17 15:00:00.000000000;2026-04-17 17:00:00.000000000;1,0;;2,0;2026-04-17 17:00:00.000000000;;AHP_APRENDIZAGEM_ESPECIALIZACAO_WORKLOAD;;;;;PENDENTE;True;0,9759883229410843;1,0;1,0;0,8462581679201086;0,6586441863669917;0,1851740071976712;0,1321701293764214
Societário;Atas de Reunião e Assembleia;;Davi;2026-03-03 09:10:00;2026-11-04 15:00:00.000000000;2026-11-05 11:00:00.000000000;2,0;;4,0;2026-11-05 11:00:00.000000000;;AHP_APRENDIZAGEM_ESPECIALIZACAO_WORKLOAD;;;;;PENDENTE;True;0,797095439283433;1,0;0,7476818966748722;0,0;0,6586441863669917;0,13845125291644123;0,0
Societário;Due diligence;;Davi;2026-03-03 09:11:00;2026-11-05 11:00:00.000000000;2026-11-10 11:00:00.000000000;5,0;;24,0;2026-11-10 11:00:00.000000000;;AHP_APRENDIZAGEM_ESPECIALIZACAO_WORKLOAD;;;;;PENDENTE;True;0,797095439283433;1,0;0,7476818966748722;0,0;0,6586441863669917;0,13845125291644123;0,0
Direito digital;Uso de dados para publicidade, remarketing e analytics;;Eva;2026-03-03 09:12:00;2026-03-12 15:10:00.000000000;2026-03-13 09:10:00.000000000;1,0;;2,0;2026-03-13 09:10:00.000000000;;AHP_APRENDIZAGEM_ESPECIALIZACAO_WORKLOAD;;;;;CONCLUIDA;True;1,0;1,0;1,0;1,0;0,6586441863669917;0,1851740071976712;0,1561818064353371
Societário;Estruturação de holdings e grupos;;Davi;2026-03-03 09:13:00;2026-11-10 11:00:00.000000000;2026-11-13 11:00:00.000000000;5,0;;24,0;2026-11-13 11:00:00.000000000;;AHP_APRENDIZAGEM_ESPECIALIZACAO_WORKLOAD;;;;;PENDENTE;True;0,797095439283433;1,0;0,7476818966748722;0,0;0,6586441863669917;0,13845125291644123;0,0
Societário;Atas de Reunião e Assembleia;;Davi;2026-03-03 09:14:00;2026-11-13 11:00:00.000000000;2026-11-13 15:00:00.000000000;2,0;;4,0;2026-11-13 15:00:00.000000000;;AHP_APRENDIZAGEM_ESPECIALIZACAO_WORKLOAD;;;;;PENDENTE;True;0,797095439283433;1,0;0,7476818966748722;0,0;0,6586441863669917;0,13845125291644123;0,0
Contencioso;Contencioso Tributário e Administrativo;;Jacó;2026-03-04 09:00:00;2026-06-25 09:05:59.999999999;2026-06-29 09:05:59.999999999;4,0;;16,0;2026-06-29 09:05:59.999999999;;AHP_APRENDIZAGEM_ESPECIALIZACAO_WORKLOAD;;;;;PENDENTE;True;0,9342388495867524;1,0;1,0;0,5789448725548311;0,6586441863669917;0,1851740071976712;0,09042065602208954
Concorrencial;Análise de exclusividade, não concorrência e cláusulas MFN;;Eva;2026-03-04 09:01:00;2026-03-13 09:10:00.000000000;2026-03-13 11:10:00.000000000;1,0;;2,0;2026-03-13 11:10:00.000000000;;AHP_APRENDIZAGEM_ESPECIALIZACAO_WORKLOAD;;;;;CONCLUIDA;True;1,0;1,0;1,0;1,0;0,6586441863669917;0,1851740071976712;0,1561818064353371
Societário;Estruturação de veículos societários (SPVs);;Davi;2026-03-04 09:02:00;2026-11-13 15:00:00.000000000;2026-11-18 15:00:00.000000000;5,0;;24,0;2026-11-18 15:00:00.000000000;;AHP_APRENDIZAGEM_ESPECIALIZACAO_WORKLOAD;;;;;PENDENTE;True;0,7942273656908083;1,0;0,732193364369347;0,0;0,6586441863669917;0,13558317932381656;0,0
Societário;Elaboração e negociação de  SHA;;Davi;2026-03-04 09:03:00;2026-11-18 15:00:00.000000000;2026-11-19 15:00:00.000000000;3,0;;8,0;2026-11-19 15:00:00.000000000;;AHP_APRENDIZAGEM_ESPECIALIZACAO_WORKLOAD;;;;;PENDENTE;True;0,7942273656908083;1,0;0,732193364369347;0,0;0,6586441863669917;0,13558317932381656;0,0
Governança;Avaliação periódica da efetividade da governança;;Esaú;2026-03-04 09:04:00;2026-04-06 13:02:00.000000000;2026-04-07 13:02:00.000000000;3,0;;8,0;2026-04-07 13:02:00.000000000;;AHP_APRENDIZAGEM_ESPECIALIZACAO_WORKLOAD;;;;;PENDENTE;True;0,9858738405601376;1,0;1,0;0,9095531050493325;0,6586441863669917;0,1851740071976712;0,14205564699547468
Societário;Gestão de Advisors e Governança da Operação;;Davi;2026-03-04 09:05:00;2026-11-19 15:00:00.000000000;2026-11-20 15:00:00.000000000;3,0;;8,0;2026-11-20 15:00:00.000000000;;AHP_APRENDIZAGEM_ESPECIALIZACAO_WORKLOAD;;;;;PENDENTE;True;0,7942273656908083;1,0;0,732193364369347;0,0;0,6586441863669917;0,13558317932381656;0,0
Societário;Gestão de conflitos societários;;Davi;2026-03-04 09:06:00;2026-11-20 15:00:00.000000000;2026-11-20 17:00:00.000000000;1,0;;2,0;2026-11-20 17:00:00.000000000;;AHP_APRENDIZAGEM_ESPECIALIZACAO_WORKLOAD;;;;;PENDENTE;True;0,7942273656908083;1,0;0,732193364369347;0,0;0,6586441863669917;0,13558317932381656;0,0
Contratos;MoU;;Esaú;2026-03-04 09:07:00;2026-04-07 13:02:00.000000000;2026-04-07 15:02:00.000000000;1,0;;2,0;2026-04-07 15:02:00.000000000;;AHP_APRENDIZAGEM_ESPECIALIZACAO_WORKLOAD;;;;;PENDENTE;True;0,8306363916291272;1,0;0,1658063795082612;0,9046455331412103;0,6586441863669917;0,030703031712482558;0,14128917354965284
Societário;Elaboração e negociação de LOI;;Davi;2026-03-04 09:08:00;2026-11-23 09:00:00.000000000;2026-11-23 17:00:00.000000000;3,0;;8,0;2026-11-23 17:00:00.000000000;;AHP_APRENDIZAGEM_ESPECIALIZACAO_WORKLOAD;;;;;PENDENTE;True;0,7942273656908083;1,0;0,732193364369347;0,0;0,6586441863669917;0,13558317932381656;0,0
Direito digital;Avaliação de bases legais para tratamento de dados;;Eva;2026-03-04 09:09:00;2026-03-13 11:10:00.000000000;2026-03-13 15:10:00.000000000;2,0;;4,0;2026-03-13 15:10:00.000000000;;AHP_APRENDIZAGEM_ESPECIALIZACAO_WORKLOAD;;;;;CONCLUIDA;True;1,0;1,0;1,0;1,0;0,6586441863669917;0,1851740071976712;0,1561818064353371
Regulatório;Elaboração de defesas, manifestações e recursos;;Abraão;2026-03-04 09:10:00;2026-04-20 09:00:00.000000000;2026-04-21 17:00:00.000000000;4,0;;16,0;2026-04-21 17:00:00.000000000;;AHP_APRENDIZAGEM_ESPECIALIZACAO_WORKLOAD;;;;;PENDENTE;True;0,9782577115078523;1,0;1,0;0,8607885963903897;0,6586441863669917;0,1851740071976712;0,13443951794318937
Contratos;Contrato de Cessão de Direitos Autorais;;Esaú;2026-03-04 09:11:00;2026-04-07 15:02:00.000000000;2026-04-08 15:02:00.000000000;3,0;;8,0;2026-04-08 15:02:00.000000000;;AHP_APRENDIZAGEM_ESPECIALIZACAO_WORKLOAD;;;;;PENDENTE;True;0,830892927422492;1,0;0,1658063795082612;0,9062880790895506;0,6586441863669917;0,030703031712482558;0,14154570934301766
Contratos;Contratos de Seguros ou Previdência;;Esaú;2026-03-04 09:12:00;2026-04-08 15:02:00.000000000;2026-04-09 15:02:00.000000000;3,0;;8,0;2026-04-09 15:02:00.000000000;;AHP_APRENDIZAGEM_ESPECIALIZACAO_WORKLOAD;;;;;PENDENTE;True;0,8300311356408049;1,0;0,1658063795082612;0,9007702034716635;0,6586441863669917;0,030703031712482558;0,14068391756133056
Direito digital;Elaboração e atualização de políticas de privacidade e cookies;;Eva;2026-03-04 09:13:00;2026-03-13 15:10:00.000000000;2026-03-16 15:10:00.000000000;3,0;;8,0;2026-03-16 15:10:00.000000000;;AHP_APRENDIZAGEM_ESPECIALIZACAO_WORKLOAD;;;;;CONCLUIDA;True;1,0;1,0;1,0;1,0;0,6586441863669917;0,1851740071976712;0,1561818064353371
Societário;Gestão de conflitos societários;;Davi;2026-03-04 09:14:00;2026-11-24 09:00:00.000000000;2026-11-24 11:00:00.000000000;1,0;;2,0;2026-11-24 11:00:00.000000000;;AHP_APRENDIZAGEM_ESPECIALIZACAO_WORKLOAD;;;;;PENDENTE;True;0,7942273656908083;1,0;0,732193364369347;0,0;0,6586441863669917;0,13558317932381656;0,0
Societário;Integração societária;;Davi;2026-03-05 09:00:00;2026-11-24 11:00:00.000000000;2026-11-24 13:00:00.000000000;1,0;;2,0;2026-11-24 13:00:00.000000000;;AHP_APRENDIZAGEM_ESPECIALIZACAO_WORKLOAD;;;;;PENDENTE;True;0,8101861398056593;1,0;0,8183759466678185;0,0;0,6586441863669917;0,1515419534386676;0,0
Societário;Organização de livros societários;;Davi;2026-03-05 09:01:00;2026-11-24 13:00:00.000000000;2026-11-24 15:00:00.000000000;1,0;;2,0;2026-11-24 15:00:00.000000000;;AHP_APRENDIZAGEM_ESPECIALIZACAO_WORKLOAD;;;;;PENDENTE;True;0,8101861398056593;1,0;0,8183759466678185;0,0;0,6586441863669917;0,1515419534386676;0,0
Propriedade intelectual;Combate à pirataria, concorrência desleal e uso indevido;;Esaú;2026-03-05 09:02:00;2026-04-09 15:02:00.000000000;2026-04-10 11:02:00.000000000;2,0;;4,0;2026-04-10 11:02:00.000000000;;AHP_APRENDIZAGEM_ESPECIALIZACAO_WORKLOAD;;;;;PENDENTE;True;0,9844807027380014;1,0;1,0;0,9006331299643145;0,6586441863669917;0,1851740071976712;0,1406625091733384
Regulatório;Interface com áreas de produto, tecnologia e negócios;;Abraão;2026-03-05 09:03:00;2026-04-22 09:00:00.000000000;2026-04-22 11:00:00.000000000;1,0;;2,0;2026-04-22 11:00:00.000000000;;AHP_APRENDIZAGEM_ESPECIALIZACAO_WORKLOAD;;;;;PENDENTE;True;0,9773646950268113;1,0;1,0;0,8550707954414641;0,6586441863669917;0,1851740071976712;0,13354650146214847
Contratos;Letter of Intent;;Esaú;2026-03-05 09:04:00;2026-04-10 11:02:00.000000000;2026-04-10 13:02:00.000000000;1,0;;2,0;2026-04-10 13:02:00.000000000;;AHP_APRENDIZAGEM_ESPECIALIZACAO_WORKLOAD;;;;;PENDENTE;True;0,8335239083356869;1,0;0,1871142955706256;0,8978703810291239;0,6586441863669917;0,0346487039147822;0,140231018053913
Societário;Aumento e redução de capital;;Davi;2026-03-05 09:05:00;2026-11-24 15:00:00.000000000;2026-11-24 17:00:00.000000000;1,0;;2,0;2026-11-24 17:00:00.000000000;;AHP_APRENDIZAGEM_ESPECIALIZACAO_WORKLOAD;;;;;PENDENTE;True;0,8101469039767216;1,0;0,81816406040186;0,0;0,6586441863669917;0,1515027176097299;0,0
Societário;Gestão de earn-outs, ajustes de preço e garantias;;Davi;2026-03-05 09:06:00;2026-11-25 09:00:00.000000000;2026-11-25 11:00:00.000000000;1,0;;2,0;2026-11-25 11:00:00.000000000;;AHP_APRENDIZAGEM_ESPECIALIZACAO_WORKLOAD;;;;;PENDENTE;True;0,8101469039767216;1,0;0,81816406040186;0,0;0,6586441863669917;0,1515027176097299;0,0
Contratos;Contratos imobiliários;;Esaú;2026-03-05 09:07:00;2026-04-10 13:02:00.000000000;2026-04-13 13:02:00.000000000;3,0;;8,0;2026-04-13 13:02:00.000000000;;AHP_APRENDIZAGEM_ESPECIALIZACAO_WORKLOAD;;;;;PENDENTE;True;0,8333527037947536;1,0;0,1871142955706256;0,896774193548387;0,6586441863669917;0,0346487039147822;0,14005981351297972
Societário;Aumento e redução de capital;;Davi;2026-03-05 09:08:00;2026-11-25 11:00:00.000000000;2026-11-25 13:00:00.000000000;1,0;;2,0;2026-11-25 13:00:00.000000000;;AHP_APRENDIZAGEM_ESPECIALIZACAO_WORKLOAD;;;;;PENDENTE;True;0,8101469039767216;1,0;0,81816406040186;0,0;0,6586441863669917;0,1515027176097299;0,0
Societário;Due diligence;;Davi;2026-03-05 09:09:00;2026-11-25 13:00:00.000000000;2026-11-30 13:00:00.000000000;5,0;;24,0;2026-11-30 13:00:00.000000000;;AHP_APRENDIZAGEM_ESPECIALIZACAO_WORKLOAD;;;;;PENDENTE;True;0,8101469039767216;1,0;0,81816406040186;0,0;0,6586441863669917;0,1515027176097299;0,0
Societário;Gestão de earn-outs, ajustes de preço e garantias;;Davi;2026-03-05 09:10:00;2026-11-30 13:00:00.000000000;2026-11-30 15:00:00.000000000;1,0;;2,0;2026-11-30 15:00:00.000000000;;AHP_APRENDIZAGEM_ESPECIALIZACAO_WORKLOAD;;;;;PENDENTE;True;0,8101469039767216;1,0;0,81816406040186;0,0;0,6586441863669917;0,1515027176097299;0,0
Governança;Benchmarking de melhores práticas;;Esaú;2026-03-05 09:11:00;2026-04-13 13:02:00.000000000;2026-04-13 15:02:00.000000000;1,0;;2,0;2026-04-13 15:02:00.000000000;;AHP_APRENDIZAGEM_ESPECIALIZACAO_WORKLOAD;;;;;PENDENTE;True;0,9833387310445376;1,0;1,0;0,893321319968465;0,6586441863669917;0,1851740071976712;0,13952053747987464
Societário;Consolidação das versões finais dos documentos;;Davi;2026-03-05 09:12:00;2026-11-30 15:00:00.000000000;2026-11-30 17:00:00.000000000;1,0;;2,0;2026-11-30 17:00:00.000000000;;AHP_APRENDIZAGEM_ESPECIALIZACAO_WORKLOAD;;;;;PENDENTE;True;0,8101469039767216;1,0;0,81816406040186;0,0;0,6586441863669917;0,1515027176097299;0,0
Societário;Acordo de Sócios / Acionistas;;Davi;2026-03-05 09:13:00;2026-12-01 09:00:00.000000000;2026-12-01 17:00:00.000000000;3,0;;8,0;2026-12-01 17:00:00.000000000;;AHP_APRENDIZAGEM_ESPECIALIZACAO_WORKLOAD;;;;;PENDENTE;True;0,8101469039767216;1,0;0,81816406040186;0,0;0,6586441863669917;0,1515027176097299;0,0
Trabalhista;Análise de regimes de jornada e banco de horas;;Eva;2026-03-05 09:14:00;2026-03-16 15:10:00.000000000;2026-03-17 09:10:00.000000000;1,0;;2,0;2026-03-17 09:10:00.000000000;;AHP_APRENDIZAGEM_ESPECIALIZACAO_WORKLOAD;;;;;CONCLUIDA;True;1,0;1,0;1,0;1,0;0,6586441863669917;0,1851740071976712;0,1561818064353371
Societário;Gestão de conflitos societários;;Davi;2026-03-06 09:00:00;2026-12-02 09:00:00.000000000;2026-12-02 11:00:00.000000000;1,0;;2,0;2026-12-02 11:00:00.000000000;;AHP_APRENDIZAGEM_ESPECIALIZACAO_WORKLOAD;;;;;PENDENTE;True;0,8106162038598289;1,0;0,8206984327482243;0,0;0,6586441863669917;0,15197201749283715;0,0
Direito financeiro;Apoio em processos administrativos regulatórios;;Abraão;2026-03-06 09:01:00;2026-04-22 11:00:00.000000000;2026-04-23 11:00:00.000000000;3,0;;8,0;2026-04-23 11:00:00.000000000;;AHP_APRENDIZAGEM_ESPECIALIZACAO_WORKLOAD;;;;;PENDENTE;True;0,9780028085577455;1,0;1,0;0,859156505201764;0,6586441863669917;0,1851740071976712;0,1341846149930826
Governança;Gestão de fluxo de informações com Conselho de Administração;;Esaú;2026-03-06 09:02:00;2026-04-13 15:02:00.000000000;2026-04-14 09:02:00.000000000;1,0;;2,0;2026-04-14 09:02:00.000000000;;AHP_APRENDIZAGEM_ESPECIALIZACAO_WORKLOAD;;;;;PENDENTE;True;0,983450564150824;1,0;1,0;0,8940373643582626;0,6586441863669917;0,1851740071976712;0,13963237058616113
Direito financeiro;Interface com CFO, tesouraria e controladoria;;Abraão;2026-03-06 09:03:00;2026-04-23 11:00:00.000000000;2026-04-23 13:00:00.000000000;1,0;;2,0;2026-04-23 13:00:00.000000000;;AHP_APRENDIZAGEM_ESPECIALIZACAO_WORKLOAD;;;;;PENDENTE;True;0,9771641547140387;1,0;1,0;0,853786777044253;0,6586441863669917;0,1851740071976712;0,13334596114937583
Societário;Organização de livros societários;;Davi;2026-03-06 09:04:00;2026-12-02 11:00:00.000000000;2026-12-02 13:00:00.000000000;1,0;;2,0;2026-12-02 13:00:00.000000000;;AHP_APRENDIZAGEM_ESPECIALIZACAO_WORKLOAD;;;;;PENDENTE;True;0,8106162038598289;1,0;0,8206984327482243;0,0;0,6586441863669917;0,15197201749283715;0,0
Societário;Elaboração e negociação de  SHA;;Davi;2026-03-06 09:05:00;2026-12-02 13:00:00.000000000;2026-12-03 13:00:00.000000000;3,0;;8,0;2026-12-03 13:00:00.000000000;;AHP_APRENDIZAGEM_ESPECIALIZACAO_WORKLOAD;;;;;PENDENTE;True;0,8106162038598289;1,0;0,8206984327482243;0,0;0,6586441863669917;0,15197201749283715;0,0
Societário;SPA / SHA e documentos correlatos;;Davi;2026-03-06 09:06:00;2026-12-03 13:00:00.000000000;2026-12-03 15:00:00.000000000;1,0;;2,0;2026-12-03 15:00:00.000000000;;AHP_APRENDIZAGEM_ESPECIALIZACAO_WORKLOAD;;;;;PENDENTE;True;0,8106162038598289;1,0;0,8206984327482243;0,0;0,6586441863669917;0,15197201749283715;0,0
Societário;Estruturação de regras de governança;;Davi;2026-03-06 09:07:00;2026-12-03 15:00:00.000000000;2026-12-08 15:00:00.000000000;5,0;;24,0;2026-12-08 15:00:00.000000000;;AHP_APRENDIZAGEM_ESPECIALIZACAO_WORKLOAD;;;;;PENDENTE;True;0,8106162038598289;1,0;0,8206984327482243;0,0;0,6586441863669917;0,15197201749283715;0,0
Societário;Gestão de Advisors e Governança da Operação;;Davi;2026-03-06 09:08:00;2026-12-08 15:00:00.000000000;2026-12-09 15:00:00.000000000;3,0;;8,0;2026-12-09 15:00:00.000000000;;AHP_APRENDIZAGEM_ESPECIALIZACAO_WORKLOAD;;;;;PENDENTE;True;0,8106162038598289;1,0;0,8206984327482243;0,0;0,6586441863669917;0,15197201749283715;0,0
Societário;Estruturação de veículos societários (SPVs);;Davi;2026-03-06 09:09:00;2026-12-09 15:00:00.000000000;2026-12-14 15:00:00.000000000;5,0;;24,0;2026-12-14 15:00:00.000000000;;AHP_APRENDIZAGEM_ESPECIALIZACAO_WORKLOAD;;;;;PENDENTE;True;0,8106162038598289;1,0;0,8206984327482243;0,0;0,6586441863669917;0,15197201749283715;0,0
Direito financeiro;Gestão de vencimentos, liberações e substituições de garantias;;Abraão;2026-03-06 09:10:00;2026-04-23 13:00:00.000000000;2026-04-23 15:00:00.000000000;1,0;;2,0;2026-04-23 15:00:00.000000000;;AHP_APRENDIZAGEM_ESPECIALIZACAO_WORKLOAD;;;;;PENDENTE;True;0,9779604362160658;1,0;1,0;0,8588852038085554;0,6586441863669917;0,1851740071976712;0,13414224265140284
Societário;Suporte jurídico às negociações comerciais;;Davi;2026-03-06 09:11:00;2026-12-14 15:00:00.000000000;2026-12-15 15:00:00.000000000;3,0;;8,0;2026-12-15 15:00:00.000000000;;AHP_APRENDIZAGEM_ESPECIALIZACAO_WORKLOAD;;;;;PENDENTE;True;0,8106162038598289;1,0;0,8206984327482243;0,0;0,6586441863669917;0,15197201749283715;0,0
Societário;Avaliação de impactos (societário, contratual, regulatório, concorrencial, trabalhista, tributário);;Davi;2026-03-06 09:12:00;2026-12-15 15:00:00.000000000;2026-12-16 15:00:00.000000000;3,0;;8,0;2026-12-16 15:00:00.000000000;;AHP_APRENDIZAGEM_ESPECIALIZACAO_WORKLOAD;;;;;PENDENTE;True;0,8106162038598289;1,0;0,8206984327482243;0,0;0,6586441863669917;0,15197201749283715;0,0
Contencioso;Elaboração de recursos;;Jacó;2026-03-06 09:13:00;2026-06-29 09:05:59.999999999;2026-07-01 09:05:59.999999999;4,0;;16,0;2026-07-01 09:05:59.999999999;;AHP_APRENDIZAGEM_ESPECIALIZACAO_WORKLOAD;;;;;PENDENTE;True;0,94125857209193;1,0;1,0;0,6238907126971259;0,6586441863669917;0,1851740071976712;0,09744037852726703
Societário;Atas de Reunião e Assembleia;;Davi;2026-03-06 09:14:00;2026-12-16 15:00:00.000000000;2026-12-17 11:00:00.000000000;2,0;;4,0;2026-12-17 11:00:00.000000000;;AHP_APRENDIZAGEM_ESPECIALIZACAO_WORKLOAD;;;;;PENDENTE;True;0,8106162038598289;1,0;0,8206984327482243;0,0;0,6586441863669917;0,15197201749283715;0,0
Contratos;Contrato de Agência, Franquia ou Parceria Empresarial;;Esaú;2026-03-09 09:00:00;2026-04-14 09:02:00.000000000;2026-04-15 09:01:59.999999999;3,0;;8,0;2026-04-15 09:01:59.999999999;;AHP_APRENDIZAGEM_ESPECIALIZACAO_WORKLOAD;;;;;PENDENTE;True;0,8418647091093855;1,0;0,23147479667836965;0,8986796239567447;0,6586441863669917;0,042863115666199894;0,14035740707619385
Direito digital;Análise de responsabilidades em falhas de segurança;;Eva;2026-03-09 09:01:00;2026-03-17 09:10:00.000000000;2026-03-17 11:10:00.000000000;1,0;;2,0;2026-03-17 11:10:00.000000000;;AHP_APRENDIZAGEM_ESPECIALIZACAO_WORKLOAD;;;;;CONCLUIDA;True;1,0;1,0;1,0;1,0;0,6586441863669917;0,1851740071976712;0,1561818064353371
Governança;Trasnparência e divulgação de informações;;Esaú;2026-03-09 09:02:00;2026-04-15 09:01:59.999999999;2026-04-15 11:01:59.999999999;1,0;;2,0;2026-04-15 11:01:59.999999999;;AHP_APRENDIZAGEM_ESPECIALIZACAO_WORKLOAD;;;;;PENDENTE;True;0,9835608531184896;1,0;1,0;0,8947435219459026;0,6586441863669917;0,1851740071976712;0,13974265955382675
Societário;Elaboração e negociação de  SPA;;Davi;2026-03-09 09:03:00;2026-12-17 11:00:00.000000000;2026-12-18 11:00:00.000000000;3,0;;8,0;2026-12-18 11:00:00.000000000;;AHP_APRENDIZAGEM_ESPECIALIZACAO_WORKLOAD;;;;;PENDENTE;True;0,8133428733492682;1,0;0,835423336803083;0,0;0,6586441863669917;0,15469868698227657;0,0
Societário;Estruturação de regras de governança;;Davi;2026-03-09 09:04:00;2026-12-18 11:00:00.000000000;2026-12-23 11:00:00.000000000;5,0;;24,0;2026-12-23 11:00:00.000000000;;AHP_APRENDIZAGEM_ESPECIALIZACAO_WORKLOAD;;;;;PENDENTE;True;0,8133428733492682;1,0;0,835423336803083;0,0;0,6586441863669917;0,15469868698227657;0,0
Societário;Consolidação das versões finais dos documentos;;Davi;2026-03-09 09:05:00;2026-12-23 11:00:00.000000000;2026-12-23 13:00:00.000000000;1,0;;2,0;2026-12-23 13:00:00.000000000;;AHP_APRENDIZAGEM_ESPECIALIZACAO_WORKLOAD;;;;;PENDENTE;True;0,8133428733492682;1,0;0,835423336803083;0,0;0,6586441863669917;0,15469868698227657;0,0
Regulatório;Resposta a ofícios, exigências e questionamentos da CVM e do BCB;;Abraão;2026-03-09 09:06:00;2026-04-23 15:00:00.000000000;2026-04-23 17:00:00.000000000;1,0;;2,0;2026-04-23 17:00:00.000000000;;AHP_APRENDIZAGEM_ESPECIALIZACAO_WORKLOAD;;;;;PENDENTE;True;0,9786723467555198;1,0;1,0;0,86344342064381;0,6586441863669917;0,1851740071976712;0,1348541531908569
Direito financeiro;Apoio jurídico em renegociação de dívidas;;Abraão;2026-03-09 09:07:00;2026-04-24 09:00:00.000000000;2026-04-24 17:00:00.000000000;3,0;;8,0;2026-04-24 17:00:00.000000000;;AHP_APRENDIZAGEM_ESPECIALIZACAO_WORKLOAD;;;;;PENDENTE;True;0,9784783120027272;1,0;1,0;0,8622010560097902;0,6586441863669917;0,1851740071976712;0,1346601184380643
Societário;Closing da operação;;Davi;2026-03-09 09:08:00;2026-12-23 13:00:00.000000000;2026-12-23 15:00:00.000000000;1,0;;2,0;2026-12-23 15:00:00.000000000;;AHP_APRENDIZAGEM_ESPECIALIZACAO_WORKLOAD;;;;;PENDENTE;True;0,8133428733492682;1,0;0,835423336803083;0,0;0,6586441863669917;0,15469868698227657;0,0
Societário;Consolidação das versões finais dos documentos;;Davi;2026-03-09 09:09:00;2026-12-23 15:00:00.000000000;2026-12-23 17:00:00.000000000;1,0;;2,0;2026-12-23 17:00:00.000000000;;AHP_APRENDIZAGEM_ESPECIALIZACAO_WORKLOAD;;;;;PENDENTE;True;0,8133428733492682;1,0;0,835423336803083;0,0;0,6586441863669917;0,15469868698227657;0,0
Societário;Estruturação de veículos societários (SPVs);;Davi;2026-03-09 09:10:00;2026-12-24 09:00:00.000000000;2026-12-28 17:00:00.000000000;5,0;;24,0;2026-12-28 17:00:00.000000000;;AHP_APRENDIZAGEM_ESPECIALIZACAO_WORKLOAD;;;;;PENDENTE;True;0,8133428733492682;1,0;0,835423336803083;0,0;0,6586441863669917;0,15469868698227657;0,0
Societário;Atos perante Junta Comercial;;Davi;2026-03-09 09:11:00;2026-12-29 09:00:00.000000000;2026-12-29 11:00:00.000000000;1,0;;2,0;2026-12-29 11:00:00.000000000;;AHP_APRENDIZAGEM_ESPECIALIZACAO_WORKLOAD;;;;;PENDENTE;True;0,8133428733492682;1,0;0,835423336803083;0,0;0,6586441863669917;0,15469868698227657;0,0
Societário;Avaliação de impactos (societário, contratual, regulatório, concorrencial, trabalhista, tributário);;Davi;2026-03-09 09:12:00;2026-12-29 11:00:00.000000000;2026-12-30 11:00:00.000000000;3,0;;8,0;2026-12-30 11:00:00.000000000;;AHP_APRENDIZAGEM_ESPECIALIZACAO_WORKLOAD;;;;;PENDENTE;True;0,8133428733492682;1,0;0,835423336803083;0,0;0,6586441863669917;0,15469868698227657;0,0
Societário;Aumento e redução de capital;;Davi;2026-03-09 09:13:00;2026-12-30 11:00:00.000000000;2026-12-30 13:00:00.000000000;1,0;;2,0;2026-12-30 13:00:00.000000000;;AHP_APRENDIZAGEM_ESPECIALIZACAO_WORKLOAD;;;;;PENDENTE;True;0,8133428733492682;1,0;0,835423336803083;0,0;0,6586441863669917;0,15469868698227657;0,0
Contratos;Contrato de Mútuo, Doação ou Comodato;;Esaú;2026-03-09 09:14:00;2026-04-15 11:01:59.999999999;2026-04-16 11:02:00.000000000;3,0;;8,0;2026-04-16 11:02:00.000000000;;AHP_APRENDIZAGEM_ESPECIALIZACAO_WORKLOAD;;;;;PENDENTE;True;0,8417979764913689;1,0;0,23147479667836965;0,8982523487219419;0,6586441863669917;0,042863115666199894;0,14029067445817725
Contratos;Contrato de Transferência de Tecnologia;;Esaú;2026-03-10 09:00:00;2026-04-16 11:02:00.000000000;2026-04-17 11:02:00.000000000;3,0;;8,0;2026-04-17 11:02:00.000000000;;AHP_APRENDIZAGEM_ESPECIALIZACAO_WORKLOAD;;;;;PENDENTE;True;0,8408462869968159;1,0;0,23042514679351708;0,8934033740781898;0,6586441863669917;0,04266874779086717;0,1395333528389569
Direito financeiro;Monitoramento de mudanças regulatórias;;Abraão;2026-03-10 09:01:00;2026-04-27 09:00:00.000000000;2026-04-27 17:00:00.000000000;3,0;;8,0;2026-04-27 17:00:00.000000000;;AHP_APRENDIZAGEM_ESPECIALIZACAO_WORKLOAD;;;;;PENDENTE;True;0,9782427809804698;1,0;1,0;0,8606929992928579;0,6586441863669917;0,1851740071976712;0,13442458741580687
Regulatório;Apoio jurídico em consultas públicas e audiências regulatórias;;Abraão;2026-03-10 09:02:00;2026-04-28 09:00:00.000000000;2026-04-28 17:00:00.000000000;3,0;;8,0;2026-04-28 17:00:00.000000000;;AHP_APRENDIZAGEM_ESPECIALIZACAO_WORKLOAD;;;;;PENDENTE;True;0,9774854593612258;1,0;1,0;0,8558440246489545;0,6586441863669917;0,1851740071976712;0,13366726579656288
Societário;Aprovações regulatórias e concorrenciais;;Davi;2026-03-10 09:03:00;2026-12-30 13:00:00.000000000;2026-12-31 13:00:00.000000000;3,0;;8,0;2026-12-31 13:00:00.000000000;;AHP_APRENDIZAGEM_ESPECIALIZACAO_WORKLOAD;;;;;PENDENTE;True;0,8113942399656833;1,0;0,8249000813361058;0,0;0,6586441863669917;0,1527500535986916;0,0
Contratos;Contrato de trabalho;;Esaú;2026-03-10 09:04:00;2026-04-17 11:02:00.000000000;2026-04-17 13:02:00.000000000;1,0;;2,0;2026-04-17 13:02:00.000000000;;AHP_APRENDIZAGEM_ESPECIALIZACAO_WORKLOAD;;;;;PENDENTE;True;0,8401729582608883;1,0;0,23042514679351708;0,8890921885995777;0,6586441863669917;0,04266874779086717;0,13886002410302947
Contratos;Contratos Administrativos;;Esaú;2026-03-10 09:05:00;2026-04-17 13:02:00.000000000;2026-04-20 13:02:00.000000000;3,0;;8,0;2026-04-20 13:02:00.000000000;;AHP_APRENDIZAGEM_ESPECIALIZACAO_WORKLOAD;;;;;PENDENTE;True;0,8399845414842497;1,0;0,23042514679351708;0,8878857947119734;0,6586441863669917;0,04266874779086717;0,1386716073263909
Societário;Gestão jurídica do encerramento de operações;;Davi;2026-03-10 09:06:00;2026-12-31 13:00:00.000000000;2026-12-31 15:00:00.000000000;1,0;;2,0;2026-12-31 15:00:00.000000000;;AHP_APRENDIZAGEM_ESPECIALIZACAO_WORKLOAD;;;;;PENDENTE;True;0,8113942399656833;1,0;0,8249000813361058;0,0;0,6586441863669917;0,1527500535986916;0,0
Societário;Consolidação das versões finais dos documentos;;Davi;2026-03-10 09:07:00;2026-12-31 15:00:00.000000000;2026-12-31 17:00:00.000000000;1,0;;2,0;2026-12-31 17:00:00.000000000;;AHP_APRENDIZAGEM_ESPECIALIZACAO_WORKLOAD;;;;;PENDENTE;True;0,8113942399656833;1,0;0,8249000813361058;0,0;0,6586441863669917;0,1527500535986916;0,0
Societário;Aumento e redução de capital;;Davi;2026-03-10 09:08:00;2027-01-01 09:00:00.000000000;2027-01-01 11:00:00.000000000;1,0;;2,0;2027-01-01 11:00:00.000000000;;AHP_APRENDIZAGEM_ESPECIALIZACAO_WORKLOAD;;;;;PENDENTE;True;0,8113942399656833;1,0;0,8249000813361058;0,0;0,6586441863669917;0,1527500535986916;0,0
Societário;Elaboração e negociação de  SHA;;Davi;2026-03-10 09:09:00;2027-01-01 11:00:00.000000000;2027-01-04 11:00:00.000000000;3,0;;8,0;2027-01-04 11:00:00.000000000;;AHP_APRENDIZAGEM_ESPECIALIZACAO_WORKLOAD;;;;;PENDENTE;True;0,8113942399656833;1,0;0,8249000813361058;0,0;0,6586441863669917;0,1527500535986916;0,0
Governança;Código de Conduta;;Esaú;2026-03-10 09:10:00;2026-04-20 13:02:00.000000000;2026-04-20 15:02:00.000000000;1,0;;2,0;2026-04-20 15:02:00.000000000;;AHP_APRENDIZAGEM_ESPECIALIZACAO_WORKLOAD;;;;;PENDENTE;True;0,9818890761394095;1,0;1,0;0,88403947761938;0,6586441863669917;0,1851740071976712;0,13807088257474653
Propriedade intelectual;Depósito, acompanhamento e manutenção de registros de marcas;;Esaú;2026-03-10 09:11:00;2026-04-20 15:02:00.000000000;2026-04-21 09:02:00.000000000;1,0;;2,0;2026-04-21 09:02:00.000000000;;AHP_APRENDIZAGEM_ESPECIALIZACAO_WORKLOAD;;;;;PENDENTE;True;0,9817022371724845;1,0;1,0;0,8828431861230187;0,6586441863669917;0,1851740071976712;0,1378840436078216
Societário;Estruturação de regras de governança;;Davi;2026-03-10 09:12:00;2027-01-04 11:00:00.000000000;2027-01-07 11:00:00.000000000;5,0;;24,0;2027-01-07 11:00:00.000000000;;AHP_APRENDIZAGEM_ESPECIALIZACAO_WORKLOAD;;;;;PENDENTE;True;0,8113942399656833;1,0;0,8249000813361058;0,0;0,6586441863669917;0,1527500535986916;0,0
Concorrencial;Contencioso Administrativo Concorrencial;;Eva;2026-03-10 09:13:00;2026-03-17 11:10:00.000000000;2026-03-19 11:10:00.000000000;4,0;;16,0;2026-03-19 11:10:00.000000000;;AHP_APRENDIZAGEM_ESPECIALIZACAO_WORKLOAD;;;;;CONCLUIDA;True;1,0;1,0;1,0;1,0;0,6586441863669917;0,1851740071976712;0,1561818064353371
Direito financeiro;Avaliação de endividamento e garantias;;Abraão;2026-03-10 09:14:00;2026-04-29 09:00:00.000000000;2026-04-29 11:00:00.000000000;1,0;;2,0;2026-04-29 11:00:00.000000000;;AHP_APRENDIZAGEM_ESPECIALIZACAO_WORKLOAD;;;;;PENDENTE;True;0,9786313412963261;1,0;1,0;0,8631808711181665;0,6586441863669917;0,1851740071976712;0,13481314773166314
Trabalhista;Gestão de escritórios externos;;Eva;2026-03-11 09:00:00;2026-03-19 11:10:00.000000000;2026-03-19 13:10:00.000000000;1,0;;2,0;2026-03-19 13:10:00.000000000;;AHP_APRENDIZAGEM_ESPECIALIZACAO_WORKLOAD;;;;;CONCLUIDA;True;1,0;1,0;1,0;1,0;0,6586441863669917;0,1851740071976712;0,1561818064353371
Contratos;Contrato de Joint Venture;;Esaú;2026-03-11 09:01:00;2026-04-21 09:02:00.000000000;2026-04-24 09:01:59.999999999;5,0;;24,0;2026-04-24 09:01:59.999999999;;AHP_APRENDIZAGEM_ESPECIALIZACAO_WORKLOAD;;;;;PENDENTE;True;0,8526177885885944;1,0;0,29450547251191267;0,8927982517135195;0,6586441863669917;0,05453475848667447;0,13943884373492826
Societário;Acordo de Sócios / Acionistas;;Davi;2026-03-11 09:02:00;2027-01-07 11:00:00.000000000;2027-01-08 11:00:00.000000000;3,0;;8,0;2027-01-08 11:00:00.000000000;;AHP_APRENDIZAGEM_ESPECIALIZACAO_WORKLOAD;;;;;PENDENTE;True;0,8110948371478124;1,0;0,8232832085233281;0,0;0,6586441863669917;0,1524506507808206;0,0
Regulatório;Atuação em processos administrativos na CVM e no BCB;;Abraão;2026-03-11 09:03:00;2026-04-29 11:00:00.000000000;2026-04-29 13:00:00.000000000;1,0;;2,0;2026-04-29 13:00:00.000000000;;AHP_APRENDIZAGEM_ESPECIALIZACAO_WORKLOAD;;;;;PENDENTE;True;0,9787073938631409;1,0;1,0;0,8636678200692041;0,6586441863669917;0,1851740071976712;0,13488920029847798
Societário;Due diligence;;Davi;2026-03-11 09:04:00;2027-01-08 11:00:00.000000000;2027-01-13 11:00:00.000000000;5,0;;24,0;2027-01-13 11:00:00.000000000;;AHP_APRENDIZAGEM_ESPECIALIZACAO_WORKLOAD;;;;;PENDENTE;True;0,8110948371478124;1,0;0,8232832085233281;0,0;0,6586441863669917;0,1524506507808206;0,0
Societário;Reorganizações societárias internas;;Davi;2026-03-11 09:05:00;2027-01-13 11:00:00.000000000;2027-01-18 11:00:00.000000000;5,0;;24,0;2027-01-18 11:00:00.000000000;;AHP_APRENDIZAGEM_ESPECIALIZACAO_WORKLOAD;;;;;PENDENTE;True;0,8110948371478124;1,0;0,8232832085233281;0,0;0,6586441863669917;0,1524506507808206;0,0
Societário;Acordo de Sócios / Acionistas;;Davi;2026-03-11 09:06:00;2027-01-18 11:00:00.000000000;2027-01-19 11:00:00.000000000;3,0;;8,0;2027-01-19 11:00:00.000000000;;AHP_APRENDIZAGEM_ESPECIALIZACAO_WORKLOAD;;;;;PENDENTE;True;0,8110948371478124;1,0;0,8232832085233281;0,0;0,6586441863669917;0,1524506507808206;0,0
Societário;Suporte jurídico às negociações comerciais;;Davi;2026-03-11 09:07:00;2027-01-19 11:00:00.000000000;2027-01-20 11:00:00.000000000;3,0;;8,0;2027-01-20 11:00:00.000000000;;AHP_APRENDIZAGEM_ESPECIALIZACAO_WORKLOAD;;;;;PENDENTE;True;0,8110948371478124;1,0;0,8232832085233281;0,0;0,6586441863669917;0,1524506507808206;0,0
Societário;Due diligence societária;;Davi;2026-03-11 09:08:00;2027-01-20 11:00:00.000000000;2027-01-25 11:00:00.000000000;5,0;;24,0;2027-01-25 11:00:00.000000000;;AHP_APRENDIZAGEM_ESPECIALIZACAO_WORKLOAD;;;;;PENDENTE;True;0,8110948371478124;1,0;0,8232832085233281;0,0;0,6586441863669917;0,1524506507808206;0,0
Societário;Reorganizações societárias internas;;Davi;2026-03-11 09:09:00;2027-01-25 11:00:00.000000000;2027-01-28 11:00:00.000000000;5,0;;24,0;2027-01-28 11:00:00.000000000;;AHP_APRENDIZAGEM_ESPECIALIZACAO_WORKLOAD;;;;;PENDENTE;True;0,8110948371478124;1,0;0,8232832085233281;0,0;0,6586441863669917;0,1524506507808206;0,0
Direito digital;Apoio jurídico ao Encarregado/DPO;;Eva;2026-03-11 09:10:00;2026-03-19 13:10:00.000000000;2026-03-19 15:10:00.000000000;1,0;;2,0;2026-03-19 15:10:00.000000000;;AHP_APRENDIZAGEM_ESPECIALIZACAO_WORKLOAD;;;;;CONCLUIDA;True;1,0;1,0;1,0;1,0;0,6586441863669917;0,1851740071976712;0,1561818064353371
Contratos;Contrato de Hosting;;Esaú;2026-03-11 09:11:00;2026-04-24 09:01:59.999999999;2026-04-27 09:01:59.999999999;3,0;;8,0;2026-04-27 09:01:59.999999999;;AHP_APRENDIZAGEM_ESPECIALIZACAO_WORKLOAD;;;;;PENDENTE;True;0,8518046117108613;1,0;0,29450547251191267;0,8875916473317866;0,6586441863669917;0,05453475848667447;0,1386256668571951
Societário;Gestão de passivos;;Davi;2026-03-11 09:12:00;2027-01-28 11:00:00.000000000;2027-01-28 13:00:00.000000000;1,0;;2,0;2027-01-28 13:00:00.000000000;;AHP_APRENDIZAGEM_ESPECIALIZACAO_WORKLOAD;;;;;PENDENTE;True;0,8110948371478124;1,0;0,8232832085233281;0,0;0,6586441863669917;0,1524506507808206;0,0
Societário;Gestão de passivos;;Davi;2026-03-11 09:13:00;2027-01-28 13:00:00.000000000;2027-01-28 15:00:00.000000000;1,0;;2,0;2027-01-28 15:00:00.000000000;;AHP_APRENDIZAGEM_ESPECIALIZACAO_WORKLOAD;;;;;PENDENTE;True;0,8110948371478124;1,0;0,8232832085233281;0,0;0,6586441863669917;0,1524506507808206;0,0
Societário;Integração societária;;Davi;2026-03-11 09:14:00;2027-01-28 15:00:00.000000000;2027-01-28 17:00:00.000000000;1,0;;2,0;2027-01-28 17:00:00.000000000;;AHP_APRENDIZAGEM_ESPECIALIZACAO_WORKLOAD;;;;;PENDENTE;True;0,8110948371478124;1,0;0,8232832085233281;0,0;0,6586441863669917;0,1524506507808206;0,0
Contratos;Contrato de Cessão de Crédito;;Esaú;2026-03-12 09:00:00;2026-04-27 09:01:59.999999999;2026-04-28 09:01:59.999999999;3,0;;8,0;2026-04-28 09:01:59.999999999;;AHP_APRENDIZAGEM_ESPECIALIZACAO_WORKLOAD;;;;;PENDENTE;True;0,8509596276053499;1,0;0,29337135036939554;0,8835260382943299;0,6586441863669917;0,05432474854489296;0,13799069269346526
Societário;Estruturação de regras de governança;;Eva;2026-03-12 09:01:00;2026-03-19 15:10:00.000000000;2026-03-24 15:10:00.000000000;5,0;;24,0;2026-03-24 15:10:00.000000000;;AHP_APRENDIZAGEM_ESPECIALIZACAO_WORKLOAD;;;;;CONCLUIDA;True;0,807670647660507;0,988820463283926;0,0011232231005002286;1,0;0,6512808495026733;0,00020799172249661989;0,1561818064353371
Contratos;Contratos de Seguros ou Previdência;;Esaú;2026-03-12 09:02:00;2026-04-28 09:01:59.999999999;2026-04-29 09:01:59.999999999;3,0;;8,0;2026-04-29 09:01:59.999999999;;AHP_APRENDIZAGEM_ESPECIALIZACAO_WORKLOAD;;;;;PENDENTE;True;0,8521196475771287;1,0;0,29337135036939554;0,8909534077060092;0,6586441863669917;0,05432474854489296;0,1391507126652439
Societário;Estruturação de veículos societários (SPVs);;Eva;2026-03-12 09:03:00;2026-03-24 15:10:00.000000000;2026-03-27 15:10:00.000000000;5,0;;24,0;2026-03-27 15:10:00.000000000;;AHP_APRENDIZAGEM_ESPECIALIZACAO_WORKLOAD;;;;;CONCLUIDA;True;0,8077615074786944;0,988958982528622;0,0011211975622657778;1,0;0,6513720843978923;0,0002076166454650145;0,1561818064353371
Societário;Elaboração e negociação de  SPA;;Eva;2026-03-12 09:04:00;2026-03-27 15:10:00.000000000;2026-03-30 15:10:00.000000000;3,0;;8,0;2026-03-30 15:10:00.000000000;;AHP_APRENDIZAGEM_ESPECIALIZACAO_WORKLOAD;;;;;CONCLUIDA;True;0,8077615074786944;0,988958982528622;0,0011211975622657778;1,0;0,6513720843978923;0,0002076166454650145;0,1561818064353371
Concorrencial;Programa de Compliance Concorrencial;;Eva;2026-03-12 09:05:00;2026-03-30 15:10:00.000000000;2026-03-31 15:10:00.000000000;3,0;;8,0;2026-03-31 15:10:00.000000000;;AHP_APRENDIZAGEM_ESPECIALIZACAO_WORKLOAD;;;;;CONCLUIDA;True;1,0;1,0;1,0;1,0;0,6586441863669917;0,1851740071976712;0,1561818064353371
Societário;Due diligence;;Eva;2026-03-12 09:06:00;2026-03-31 15:10:00.000000000;2026-04-03 15:10:00.000000000;5,0;;24,0;2026-04-03 15:10:00.000000000;;AHP_APRENDIZAGEM_ESPECIALIZACAO_WORKLOAD;;;;;EM_EXECUCAO;True;0,8077615074786944;0,988958982528622;0,0011211975622657778;1,0;0,6513720843978923;0,0002076166454650145;0,1561818064353371
Contratos;Contrato de Cessão de Crédito;;Esaú;2026-03-12 09:07:00;2026-04-29 09:01:59.999999999;2026-04-30 09:01:59.999999999;3,0;;8,0;2026-04-30 09:01:59.999999999;;AHP_APRENDIZAGEM_ESPECIALIZACAO_WORKLOAD;;;;;PENDENTE;True;0,8565869379548936;1,0;0,29337135036939554;0,9195565496450452;0,6586441863669917;0,05432474854489296;0,1436180030430089
Societário;Análise jurídica preliminar e de estrutura da operação;;Eva;2026-03-12 09:08:00;2026-04-03 15:10:00.000000000;2026-04-08 15:10:00.000000000;5,0;;24,0;2026-04-08 15:10:00.000000000;;AHP_APRENDIZAGEM_ESPECIALIZACAO_WORKLOAD;;;;;PENDENTE;True;0,8077615074786944;0,988958982528622;0,0011211975622657778;1,0;0,6513720843978923;0,0002076166454650145;0,1561818064353371
Concorrencial;Gestão de canal de dúvidas;;Eva;2026-03-12 09:09:00;2026-04-08 15:10:00.000000000;2026-04-09 09:10:00.000000000;1,0;;2,0;2026-04-09 09:10:00.000000000;;AHP_APRENDIZAGEM_ESPECIALIZACAO_WORKLOAD;;;;;PENDENTE;True;1,0;1,0;1,0;1,0;0,6586441863669917;0,1851740071976712;0,1561818064353371
Societário;Due diligence societária;;Eva;2026-03-12 09:10:00;2026-04-09 09:10:00.000000000;2026-04-14 09:10:00.000000000;5,0;;24,0;2026-04-14 09:10:00.000000000;;AHP_APRENDIZAGEM_ESPECIALIZACAO_WORKLOAD;;;;;PENDENTE;True;0,8077615074786944;0,988958982528622;0,0011211975622657778;1,0;0,6513720843978923;0,0002076166454650145;0,1561818064353371
Societário;Atualização de Contrato Social / Estatuto;;Eva;2026-03-12 09:11:00;2026-04-14 09:10:00.000000000;2026-04-15 09:10:00.000000000;3,0;;8,0;2026-04-15 09:10:00.000000000;;AHP_APRENDIZAGEM_ESPECIALIZACAO_WORKLOAD;;;;;PENDENTE;True;0,8077615074786944;0,988958982528622;0,0011211975622657778;1,0;0,6513720843978923;0,0002076166454650145;0,1561818064353371
Societário;Closing da operação;;Eva;2026-03-12 09:12:00;2026-04-15 09:10:00.000000000;2026-04-15 11:10:00.000000000;1,0;;2,0;2026-04-15 11:10:00.000000000;;AHP_APRENDIZAGEM_ESPECIALIZACAO_WORKLOAD;;;;;PENDENTE;True;0,8077615074786944;0,988958982528622;0,0011211975622657778;1,0;0,6513720843978923;0,0002076166454650145;0,1561818064353371
Regulatório;Elaboração de defesas, manifestações e recursos;;Abraão;2026-03-12 09:13:00;2026-04-29 13:00:00.000000000;2026-05-01 13:00:00.000000000;4,0;;16,0;2026-05-01 13:00:00.000000000;;AHP_APRENDIZAGEM_ESPECIALIZACAO_WORKLOAD;;;;;PENDENTE;True;0,9922719674534163;1,0;1,0;0,950518996271289;0,6586441863669917;0,1851740071976712;0,14845377388875336
Contratos;MoU;;Esaú;2026-03-12 09:14:00;2026-04-30 09:01:59.999999999;2026-04-30 11:01:59.999999999;1,0;;2,0;2026-04-30 11:01:59.999999999;;AHP_APRENDIZAGEM_ESPECIALIZACAO_WORKLOAD;;;;;PENDENTE;True;0,8610418159541466;1,0;0,29337135036939554;0,9480802176761061;0,6586441863669917;0,05432474854489296;0,14807288104226188
Societário;Regularização societária;;Eva;2026-03-13 09:00:00;2026-04-15 11:10:00.000000000;2026-04-16 11:10:00.000000000;3,0;;8,0;2026-04-16 11:10:00.000000000;;AHP_APRENDIZAGEM_ESPECIALIZACAO_WORKLOAD;;;;;PENDENTE;True;0,8077615074786944;0,988958982528622;0,0011211975622657778;1,0;0,6513720843978923;0,0002076166454650145;0,1561818064353371
Societário;SPA / SHA e documentos correlatos;;Esaú;2026-03-13 09:01:00;2026-04-30 11:01:59.999999999;2026-04-30 13:01:59.999999999;1,0;;2,0;2026-04-30 13:01:59.999999999;;AHP_APRENDIZAGEM_ESPECIALIZACAO_WORKLOAD;;;;;PENDENTE;True;0,8078729072127948;1,0;0,003379975949777849;0,951473417721519;0,6586441863669917;0,0006258836908521189;0,14860283715495093
Contratos;Contratos imobiliários;;Esaú;2026-03-13 09:02:00;2026-04-30 13:01:59.999999999;2026-05-01 13:02:00.000000000;3,0;;8,0;2026-05-01 13:02:00.000000000;;AHP_APRENDIZAGEM_ESPECIALIZACAO_WORKLOAD;;;;;PENDENTE;True;0,8611892610896309;1,0;0,29233059723925087;0,9502582278481012;0,6586441863669917;0,05413202811728056;0,14841304660535862
Contratos;Contrato de SaaS;;Esaú;2026-03-13 09:03:00;2026-05-01 13:02:00.000000000;2026-05-04 13:02:00.000000000;3,0;;8,0;2026-05-04 13:02:00.000000000;;AHP_APRENDIZAGEM_ESPECIALIZACAO_WORKLOAD;;;;;PENDENTE;True;0,8604300988912617;1,0;0,29233059723925087;0,9453974683544303;0,6586441863669917;0,05413202811728056;0,14765388440698937
Societário;Integração societária;;Eva;2026-03-13 09:04:00;2026-04-16 11:10:00.000000000;2026-04-16 13:10:00.000000000;1,0;;2,0;2026-04-16 13:10:00.000000000;;AHP_APRENDIZAGEM_ESPECIALIZACAO_WORKLOAD;;;;;PENDENTE;True;0,8077615074786944;0,988958982528622;0,0011211975622657778;1,0;0,6513720843978923;0,0002076166454650145;0,1561818064353371
Societário;Atos perante Junta Comercial;;Eva;2026-03-13 09:05:00;2026-04-16 13:10:00.000000000;2026-04-16 15:10:00.000000000;1,0;;2,0;2026-04-16 15:10:00.000000000;;AHP_APRENDIZAGEM_ESPECIALIZACAO_WORKLOAD;;;;;PENDENTE;True;0,8077615074786944;0,988958982528622;0,0011211975622657778;1,0;0,6513720843978923;0,0002076166454650145;0,1561818064353371
Contratos;NDA;;Esaú;2026-03-13 09:06:00;2026-05-04 13:02:00.000000000;2026-05-04 15:02:00.000000000;1,0;;2,0;2026-05-04 15:02:00.000000000;;AHP_APRENDIZAGEM_ESPECIALIZACAO_WORKLOAD;;;;;PENDENTE;True;0,8600288164343407;1,0;0,29233059723925087;0,9428281392752004;0,6586441863669917;0,05413202811728056;0,1472526019500684
Contratos;Contrato de Licença de Uso de Marca;;Esaú;2026-03-13 09:07:00;2026-05-04 15:02:00.000000000;2026-05-05 15:02:00.000000000;3,0;;8,0;2026-05-05 15:02:00.000000000;;AHP_APRENDIZAGEM_ESPECIALIZACAO_WORKLOAD;;;;;PENDENTE;True;0,8598385634978648;1,0;0,29233059723925087;0,9416099888336209;0,6586441863669917;0,05413202811728056;0,14706234901359252
Societário;Closing da operação;;Eva;2026-03-13 09:08:00;2026-04-16 15:10:00.000000000;2026-04-17 09:10:00.000000000;1,0;;2,0;2026-04-17 09:10:00.000000000;;AHP_APRENDIZAGEM_ESPECIALIZACAO_WORKLOAD;;;;;PENDENTE;True;0,8077615074786944;0,988958982528622;0,0011211975622657778;1,0;0,6513720843978923;0,0002076166454650145;0,1561818064353371
Societário;Estruturação de regras de governança;;Eva;2026-03-13 09:09:00;2026-04-17 09:10:00.000000000;2026-04-22 09:10:00.000000000;5,0;;24,0;2026-04-22 09:10:00.000000000;;AHP_APRENDIZAGEM_ESPECIALIZACAO_WORKLOAD;;;;;PENDENTE;True;0,8077615074786944;0,988958982528622;0,0011211975622657778;1,0;0,6513720843978923;0,0002076166454650145;0,1561818064353371
Contratos;Contrato de compra e venda;;Esaú;2026-03-13 09:10:00;2026-05-05 15:02:00.000000000;2026-05-06 15:02:00.000000000;3,0;;8,0;2026-05-06 15:02:00.000000000;;AHP_APRENDIZAGEM_ESPECIALIZACAO_WORKLOAD;;;;;PENDENTE;True;0,8614316526920086;1,0;0,29233059723925087;0,9518102114492006;0,6586441863669917;0,05413202811728056;0,14865543820773633
Regulatório;Apoio jurídico à governança de instituições reguladas;;Abraão;2026-03-13 09:11:00;2026-05-01 13:00:00.000000000;2026-05-04 13:00:00.000000000;3,0;;8,0;2026-05-04 13:00:00.000000000;;AHP_APRENDIZAGEM_ESPECIALIZACAO_WORKLOAD;;;;;PENDENTE;True;0,9942166819483975;1,0;1,0;0,9629706034038165;0,6586441863669917;0,1851740071976712;0,15039848838373462
Governança;Política de PLDFTP e Fraudes;;Esaú;2026-03-13 09:12:00;2026-05-06 15:02:00.000000000;2026-05-07 15:02:00.000000000;3,0;;8,0;2026-05-07 15:02:00.000000000;;AHP_APRENDIZAGEM_ESPECIALIZACAO_WORKLOAD;;;;;PENDENTE;True;0,9917003747627142;1,0;1,0;0,9468592057761733;0,6586441863669917;0,1851740071976712;0,14788218119805133
Societário;Elaboração e negociação de LOI;;Eva;2026-03-13 09:13:00;2026-04-22 09:10:00.000000000;2026-04-23 09:10:00.000000000;3,0;;8,0;2026-04-23 09:10:00.000000000;;AHP_APRENDIZAGEM_ESPECIALIZACAO_WORKLOAD;;;;;PENDENTE;True;0,8077615074786944;0,988958982528622;0,0011211975622657778;1,0;0,6513720843978923;0,0002076166454650145;0,1561818064353371
Societário;Aumento e redução de capital;;Eva;2026-03-13 09:14:00;2026-04-23 09:10:00.000000000;2026-04-23 11:10:00.000000000;1,0;;2,0;2026-04-23 11:10:00.000000000;;AHP_APRENDIZAGEM_ESPECIALIZACAO_WORKLOAD;;;;;PENDENTE;True;0,8077615074786944;0,988958982528622;0,0011211975622657778;1,0;0,6513720843978923;0,0002076166454650145;0,1561818064353371
Contratos;Contrato de Manutenção de Sistemas;;Esaú;2026-03-16 09:00:00;2026-05-07 15:02:00.000000000;2026-05-08 15:02:00.000000000;3,0;;8,0;2026-05-08 15:02:00.000000000;;AHP_APRENDIZAGEM_ESPECIALIZACAO_WORKLOAD;;;;;PENDENTE;True;0,8845891152527606;1,0;0,42079293425154457;0,947773741567203;0,6586441863669917;0,0779199138358247;0,14802501504994411
Societário;Organização de livros societários;;Eva;2026-03-16 09:01:00;2026-04-23 11:10:00.000000000;2026-04-23 13:10:00.000000000;1,0;;2,0;2026-04-23 13:10:00.000000000;;AHP_APRENDIZAGEM_ESPECIALIZACAO_WORKLOAD;;;;;PENDENTE;True;0,8077615074786944;0,988958982528622;0,0011211975622657778;1,0;0,6513720843978923;0,0002076166454650145;0,1561818064353371
Societário;Regularização societária;;Eva;2026-03-16 09:02:00;2026-04-23 13:10:00.000000000;2026-04-24 13:09:59.999999999;3,0;;8,0;2026-04-24 13:09:59.999999999;;AHP_APRENDIZAGEM_ESPECIALIZACAO_WORKLOAD;;;;;PENDENTE;True;0,8077615074786944;0,988958982528622;0,0011211975622657778;1,0;0,6513720843978923;0,0002076166454650145;0,1561818064353371
Societário;Estruturação jurídica de carve-outs, spin-offs e alienação de ativos;;Eva;2026-03-16 09:03:00;2026-04-24 13:09:59.999999999;2026-04-29 13:10:00.000000000;5,0;;24,0;2026-04-29 13:10:00.000000000;;AHP_APRENDIZAGEM_ESPECIALIZACAO_WORKLOAD;;;;;PENDENTE;True;0,8077615074786944;0,988958982528622;0,0011211975622657778;1,0;0,6513720843978923;0,0002076166454650145;0,1561818064353371
Societário;Aprovações regulatórias e concorrenciais;;Esaú;2026-03-16 09:04:00;2026-05-08 15:02:00.000000000;2026-05-11 15:02:00.000000000;3,0;;8,0;2026-05-11 15:02:00.000000000;;AHP_APRENDIZAGEM_ESPECIALIZACAO_WORKLOAD;;;;;PENDENTE;True;0,8097020807987318;1,0;0,003379975949777849;0,9631852401654118;0,6586441863669917;0,0006258836908521189;0,15043201074088802
Concorrencial;Programa de Compliance Concorrencial;;Eva;2026-03-16 09:05:00;2026-04-29 13:10:00.000000000;2026-04-30 13:09:59.999999999;3,0;;8,0;2026-04-30 13:09:59.999999999;;AHP_APRENDIZAGEM_ESPECIALIZACAO_WORKLOAD;;;;;PENDENTE;True;1,0;1,0;1,0;1,0;0,6586441863669917;0,1851740071976712;0,1561818064353371
Contratos;Contrato de Distribuição;;Esaú;2026-03-16 09:06:00;2026-05-11 15:02:00.000000000;2026-05-12 15:02:00.000000000;3,0;;8,0;2026-05-12 15:02:00.000000000;;AHP_APRENDIZAGEM_ESPECIALIZACAO_WORKLOAD;;;;;PENDENTE;True;0,8869666970895711;1,0;0,42079293425154457;0,9629969093040605;0,6586441863669917;0,0779199138358247;0,15040259688675464
Contratos;Contrato de Agência, Franquia ou Parceria Empresarial;;Esaú;2026-03-16 09:07:00;2026-05-12 15:02:00.000000000;2026-05-13 15:02:00.000000000;3,0;;8,0;2026-05-13 15:02:00.000000000;;AHP_APRENDIZAGEM_ESPECIALIZACAO_WORKLOAD;;;;;PENDENTE;True;0,8861677280275552;1,0;0,42079293425154457;0,9578812746456357;0,6586441863669917;0,0779199138358247;0,14960362782473866
Contratos;Contrato de compra e venda;;Esaú;2026-03-16 09:08:00;2026-05-13 15:02:00.000000000;2026-05-14 15:02:00.000000000;3,0;;8,0;2026-05-14 15:02:00.000000000;;AHP_APRENDIZAGEM_ESPECIALIZACAO_WORKLOAD;;;;;PENDENTE;True;0,8853687589655391;1,0;0,42079293425154457;0,9527656399872109;0,6586441863669917;0,0779199138358247;0,14880465876272264
Direito financeiro;Interpretação de normas do Banco Central e do CMN;;Abraão;2026-03-16 09:09:00;2026-05-04 13:00:00.000000000;2026-05-04 15:00:00.000000000;1,0;;2,0;2026-05-04 15:00:00.000000000;;AHP_APRENDIZAGEM_ESPECIALIZACAO_WORKLOAD;;;;;PENDENTE;True;0,99841870706476;1,0;1,0;0,9898753064052009;0,6586441863669917;0,1851740071976712;0,1546005135000971
Regulatório;Resposta a ofícios, exigências e questionamentos da CVM e do BCB;;Abraão;2026-03-16 09:10:00;2026-05-04 15:00:00.000000000;2026-05-04 17:00:00.000000000;1,0;;2,0;2026-05-04 17:00:00.000000000;;AHP_APRENDIZAGEM_ESPECIALIZACAO_WORKLOAD;;;;;PENDENTE;True;0,998218964799256;1,0;1,0;0,9885963977405946;0,6586441863669917;0,1851740071976712;0,1544007712345931
Societário;Consolidação das versões finais dos documentos;;Eva;2026-03-16 09:11:00;2026-04-30 13:09:59.999999999;2026-04-30 15:09:59.999999999;1,0;;2,0;2026-04-30 15:09:59.999999999;;AHP_APRENDIZAGEM_ESPECIALIZACAO_WORKLOAD;;;;;PENDENTE;True;0,8077615074786944;0,988958982528622;0,0011211975622657778;1,0;0,6513720843978923;0,0002076166454650145;0,1561818064353371
Societário;Suporte jurídico às negociações comerciais;;Eva;2026-03-16 09:12:00;2026-04-30 15:09:59.999999999;2026-05-01 15:10:00.000000000;3,0;;8,0;2026-05-01 15:10:00.000000000;;AHP_APRENDIZAGEM_ESPECIALIZACAO_WORKLOAD;;;;;PENDENTE;True;0,8077615074786944;0,988958982528622;0,0011211975622657778;1,0;0,6513720843978923;0,0002076166454650145;0,1561818064353371
Societário;Organização de livros societários;;Esaú;2026-03-16 09:13:00;2026-05-14 15:02:00.000000000;2026-05-15 09:02:00.000000000;1,0;;2,0;2026-05-15 09:02:00.000000000;;AHP_APRENDIZAGEM_ESPECIALIZACAO_WORKLOAD;;;;;PENDENTE;True;0,8082282794820347;1,0;0,003379975949777849;0,9537487933068756;0,6586441863669917;0,0006258836908521189;0,14895820942419077
Societário;Atas de Reunião e Assembleia;;Esaú;2026-03-16 09:14:00;2026-05-15 09:02:00.000000000;2026-05-15 13:02:00.000000000;2,0;;4,0;2026-05-15 13:02:00.000000000;;AHP_APRENDIZAGEM_ESPECIALIZACAO_WORKLOAD;;;;;PENDENTE;True;0,8080272517358988;1,0;0,003379975949777849;0,9524616539740428;0,6586441863669917;0,0006258836908521189;0,148757181678055
Societário;Atualização de Contrato Social / Estatuto;;Eva;2026-03-17 09:00:00;2026-05-01 15:10:00.000000000;2026-05-04 15:10:00.000000000;3,0;;8,0;2026-05-04 15:10:00.000000000;;AHP_APRENDIZAGEM_ESPECIALIZACAO_WORKLOAD;;;;;PENDENTE;True;0,8077615074786944;0,988958982528622;0,0011211975622657778;1,0;0,6513720843978923;0,0002076166454650145;0,1561818064353371
Societário;Estruturação de regras de governança;;Esaú;2026-03-17 09:01:00;2026-05-15 13:02:00.000000000;2026-05-20 13:01:59.999999999;5,0;;24,0;2026-05-20 13:01:59.999999999;;AHP_APRENDIZAGEM_ESPECIALIZACAO_WORKLOAD;;;;;PENDENTE;True;0,8083929640125671;1,0;0,003379975949777849;0,9548032345013476;0,6586441863669917;0,0006258836908521189;0,14912289395472325
Direito digital;Atendimento a direitos dos titulares (DSARs);;Eva;2026-03-17 09:02:00;2026-05-04 15:10:00.000000000;2026-05-05 09:10:00.000000000;1,0;;2,0;2026-05-05 09:10:00.000000000;;AHP_APRENDIZAGEM_ESPECIALIZACAO_WORKLOAD;;;;;PENDENTE;True;1,0;1,0;1,0;1,0;0,6586441863669917;0,1851740071976712;0,1561818064353371
Societário;Due diligence;;Abraão;2026-03-17 09:03:00;2026-05-05 09:00:00.000000000;2026-05-07 17:00:00.000000000;5,0;;24,0;2026-05-07 17:00:00.000000000;;AHP_APRENDIZAGEM_ESPECIALIZACAO_WORKLOAD;;;;;PENDENTE;True;0,8081005875017223;0,9894760187853101;0,0011132974168689554;1,0;0,6517126273225008;0,0002061537438844407;0,1561818064353371
Societário;Estruturação societária internacional;;Eva;2026-03-17 09:04:00;2026-05-05 09:10:00.000000000;2026-05-08 09:10:00.000000000;5,0;;24,0;2026-05-08 09:10:00.000000000;;AHP_APRENDIZAGEM_ESPECIALIZACAO_WORKLOAD;;;;;PENDENTE;True;0,8081005875017223;0,9894760187853101;0,0011132974168689554;1,0;0,6517126273225008;0,0002061537438844407;0,1561818064353371
Governança;Política de PLDFTP e Fraudes;;Esaú;2026-03-17 09:05:00;2026-05-20 13:01:59.999999999;2026-05-21 13:02:00.000000000;3,0;;8,0;2026-05-21 13:02:00.000000000;;AHP_APRENDIZAGEM_ESPECIALIZACAO_WORKLOAD;;;;;PENDENTE;True;0,9930094941461728;1,0;1,0;0,9552412280701754;0,6586441863669917;0,1851740071976712;0,14919130058150984
Direito digital;Avaliação de fornecedores sob a ótica de privacidade (vendor assessment);;Eva;2026-03-17 09:06:00;2026-05-08 09:10:00.000000000;2026-05-08 11:10:00.000000000;1,0;;2,0;2026-05-08 11:10:00.000000000;;AHP_APRENDIZAGEM_ESPECIALIZACAO_WORKLOAD;;;;;PENDENTE;True;0,9999828748019259;1,0;1,0;0,9998903508771931;0,6586441863669917;0,1851740071976712;0,15616468123726307
Contratos;Outros tipos contratuais;;Esaú;2026-03-17 09:07:00;2026-05-21 13:02:00.000000000;2026-05-22 13:02:00.000000000;3,0;;8,0;2026-05-22 13:02:00.000000000;;AHP_APRENDIZAGEM_ESPECIALIZACAO_WORKLOAD;;;;;PENDENTE;True;0,8849333912767718;1,0;0,42079293425154457;0,9499780701754384;0,6586441863669917;0,0779199138358247;0,1483692910739554
Contratos;Contrato de Representação Comercial;;Esaú;2026-03-17 09:08:00;2026-05-22 13:02:00.000000000;2026-05-25 13:02:00.000000000;3,0;;8,0;2026-05-25 13:02:00.000000000;;AHP_APRENDIZAGEM_ESPECIALIZACAO_WORKLOAD;;;;;PENDENTE;True;0,8841113817692176;1,0;0,42079293425154457;0,9447149122807018;0,6586441863669917;0,0779199138358247;0,14754728156640104
Propriedade intelectual;Depósito, acompanhamento e manutenção de registros de marcas;;Esaú;2026-03-17 09:09:00;2026-05-25 13:02:00.000000000;2026-05-25 15:02:00.000000000;1,0;;2,0;2026-05-25 15:02:00.000000000;;AHP_APRENDIZAGEM_ESPECIALIZACAO_WORKLOAD;;;;;PENDENTE;True;0,9905434656235096;1,0;1,0;0,939451754385965;0,6586441863669917;0,1851740071976712;0,14672527205884664
Contratos;Contrato de Licenciamento de Software;;Esaú;2026-03-17 09:10:00;2026-05-25 15:02:00.000000000;2026-05-27 15:02:00.000000000;4,0;;16,0;2026-05-27 15:02:00.000000000;;AHP_APRENDIZAGEM_ESPECIALIZACAO_WORKLOAD;;;;;PENDENTE;True;0,8830838698847745;1,0;0,42079293425154457;0,9381359649122807;0,6586441863669917;0,0779199138358247;0,146519769681958
Societário;Análise jurídica preliminar e de estrutura da operação;;Abraão;2026-03-17 09:11:00;2026-05-08 09:00:00.000000000;2026-05-12 17:00:00.000000000;5,0;;24,0;2026-05-12 17:00:00.000000000;;AHP_APRENDIZAGEM_ESPECIALIZACAO_WORKLOAD;;;;;PENDENTE;True;0,8081005875017223;0,9894760187853101;0,0011132974168689554;1,0;0,6517126273225008;0,0002061537438844407;0,1561818064353371
Societário;Elaboração e negociação de  SHA;;Eva;2026-03-17 09:12:00;2026-05-08 11:10:00.000000000;2026-05-11 11:10:00.000000000;3,0;;8,0;2026-05-11 11:10:00.000000000;;AHP_APRENDIZAGEM_ESPECIALIZACAO_WORKLOAD;;;;;PENDENTE;True;0,8081005875017223;0,9894760187853101;0,0011132974168689554;1,0;0,6517126273225008;0,0002061537438844407;0,1561818064353371
Societário;Elaboração e negociação de LOI;;Eva;2026-03-17 09:13:00;2026-05-11 11:10:00.000000000;2026-05-12 11:10:00.000000000;3,0;;8,0;2026-05-12 11:10:00.000000000;;AHP_APRENDIZAGEM_ESPECIALIZACAO_WORKLOAD;;;;;PENDENTE;True;0,8081005875017223;0,9894760187853101;0,0011132974168689554;1,0;0,6517126273225008;0,0002061537438844407;0,1561818064353371
Concorrencial;Contencioso Administrativo Concorrencial;;Eva;2026-03-17 09:14:00;2026-05-12 11:10:00.000000000;2026-05-14 11:10:00.000000000;4,0;;16,0;2026-05-14 11:10:00.000000000;;AHP_APRENDIZAGEM_ESPECIALIZACAO_WORKLOAD;;;;;PENDENTE;True;1,0;1,0;1,0;1,0;0,6586441863669917;0,1851740071976712;0,1561818064353371
Direito financeiro;Negociação jurídica com bancos e instituições de crédito;;Abraão;2026-03-18 09:00:00;2026-05-13 09:00:00.000000000;2026-05-13 17:00:00.000000000;3,0;;8,0;2026-05-13 17:00:00.000000000;;AHP_APRENDIZAGEM_ESPECIALIZACAO_WORKLOAD;;;;;PENDENTE;True;1,0;1,0;1,0;1,0;0,6586441863669917;0,1851740071976712;0,1561818064353371
Contratos;Contrato de Desenvolvimento de Software;;Esaú;2026-03-18 09:01:00;2026-05-27 15:02:00.000000000;2026-05-28 15:02:00.000000000;3,0;;8,0;2026-05-28 15:02:00.000000000;;AHP_APRENDIZAGEM_ESPECIALIZACAO_WORKLOAD;;;;;PENDENTE;True;0,8882421443055578;1,0;0,440702239830994;0,9475582437275986;0,6586441863669917;0,08160659973049429;0,14799135820807177
Trabalhista;Gestão de escritórios externos;;Eva;2026-03-18 09:02:00;2026-05-14 11:10:00.000000000;2026-05-14 13:10:00.000000000;1,0;;2,0;2026-05-14 13:10:00.000000000;;AHP_APRENDIZAGEM_ESPECIALIZACAO_WORKLOAD;;;;;PENDENTE;True;0,9997725847352532;1,0;1,0;0,9985439068100359;0,6586441863669917;0,1851740071976712;0,15595439117059032
Governança;Política de Governaça Corporativa;;Esaú;2026-03-18 09:03:00;2026-05-28 15:02:00.000000000;2026-05-29 15:02:00.000000000;3,0;;8,0;2026-05-29 15:02:00.000000000;;AHP_APRENDIZAGEM_ESPECIALIZACAO_WORKLOAD;;;;;PENDENTE;True;0,9909698646413911;1,0;1,0;0,9421818996417638;0,6586441863669917;0,1851740071976712;0,14715167107672816
Concorrencial;Monitoramento regulatório e jurisprudencial;;Eva;2026-03-18 09:04:00;2026-05-14 13:10:00.000000000;2026-05-15 13:09:59.999999999;3,0;;8,0;2026-05-15 13:09:59.999999999;;AHP_APRENDIZAGEM_ESPECIALIZACAO_WORKLOAD;;;;;PENDENTE;True;0,99956266295241;1,0;1,0;0,9971998207885305;0,6586441863669917;0,1851740071976712;0,15574446938774714
Societário;Elaboração e negociação de  SHA;;Abraão;2026-03-18 09:05:00;2026-05-14 09:00:00.000000000;2026-05-14 17:00:00.000000000;3,0;;8,0;2026-05-14 17:00:00.000000000;;AHP_APRENDIZAGEM_ESPECIALIZACAO_WORKLOAD;;;;;PENDENTE;True;0,8081506807264616;0,9895524154681277;0,001112082309739607;1,0;0,6517629455534963;0,00020592873762812478;0,1561818064353371
Contratos;Contrato de Representação Comercial;;Esaú;2026-03-18 09:06:00;2026-05-29 15:02:00.000000000;2026-06-01 15:02:00.000000000;3,0;;8,0;2026-06-01 15:02:00.000000000;;AHP_APRENDIZAGEM_ESPECIALIZACAO_WORKLOAD;;;;;PENDENTE;True;0,8873536456317352;1,0;0,440702239830994;0,9418693693695571;0,6586441863669917;0,08160659973049429;0,1471028595342492
Contencioso;Análise de decisões judiciais;;Jacó;2026-03-18 09:07:00;2026-07-01 09:05:59.999999999;2026-07-01 11:05:59.999999999;1,0;;2,0;2026-07-01 11:05:59.999999999;;AHP_APRENDIZAGEM_ESPECIALIZACAO_WORKLOAD;;;;;PENDENTE;True;0,9721299898110997;1,0;1,0;0,821554054054054;0,6586441863669917;0,1851740071976712;0,12831179624643674
Societário;Reorganizações societárias internas;;Abraão;2026-03-18 09:08:00;2026-05-15 09:00:00.000000000;2026-05-19 17:00:00.000000000;5,0;;24,0;2026-05-19 17:00:00.000000000;;AHP_APRENDIZAGEM_ESPECIALIZACAO_WORKLOAD;;;;;PENDENTE;True;0,8081506807264616;0,9895524154681277;0,001112082309739607;1,0;0,6517629455534963;0,00020592873762812478;0,1561818064353371
Contencioso;Monitoramento processual e de prazos;;Jacó;2026-03-18 09:09:00;2026-07-01 11:05:59.999999999;2026-07-01 13:05:59.999999999;1,0;;2,0;2026-07-01 13:05:59.999999999;;AHP_APRENDIZAGEM_ESPECIALIZACAO_WORKLOAD;;;;;PENDENTE;True;0,972280595483481;1,0;1,0;0,8225183512140033;0,6586441863669917;0,1851740071976712;0,12846240191881808
Societário;Elaboração e negociação de LOI;;Eva;2026-03-18 09:10:00;2026-05-15 13:09:59.999999999;2026-05-18 13:09:59.999999999;3,0;;8,0;2026-05-18 13:09:59.999999999;;AHP_APRENDIZAGEM_ESPECIALIZACAO_WORKLOAD;;;;;PENDENTE;True;0,8081506807264616;0,9895524154681277;0,001112082309739607;1,0;0,6517629455534963;0,00020592873762812478;0,1561818064353371
Societário;Acordo de Sócios / Acionistas;;Eva;2026-03-18 09:11:00;2026-05-18 13:09:59.999999999;2026-05-19 13:09:59.999999999;3,0;;8,0;2026-05-19 13:09:59.999999999;;AHP_APRENDIZAGEM_ESPECIALIZACAO_WORKLOAD;;;;;PENDENTE;True;0,8074990328496805;0,9895524154681277;0,001112082309739607;0,9958276326055246;0,6517629455534963;0,00020592873762812478;0,15553015855855604
Governança;Política de Conflito de Interesses e de Partes Relacionadas;;Esaú;2026-03-18 09:12:00;2026-06-01 15:02:00.000000000;2026-06-02 15:02:00.000000000;3,0;;8,0;2026-06-02 15:02:00.000000000;;AHP_APRENDIZAGEM_ESPECIALIZACAO_WORKLOAD;;;;;PENDENTE;True;0,990673841633415;1,0;1,0;0,9402865251757332;0,6586441863669917;0,1851740071976712;0,1468556480687521
Direito financeiro;Análise de condições contratuais e riscos sistêmicos;;Abraão;2026-03-18 09:13:00;2026-05-20 09:00:00.000000000;2026-05-20 11:00:00.000000000;1,0;;2,0;2026-05-20 11:00:00.000000000;;AHP_APRENDIZAGEM_ESPECIALIZACAO_WORKLOAD;;;;;PENDENTE;True;0,9980945039050224;1,0;1,0;0,9877995002204909;0,6586441863669917;0,1851740071976712;0,15427631034035943
Societário;Due diligence societária;;Eva;2026-03-18 09:14:00;2026-05-19 13:09:59.999999999;2026-05-22 13:10:00.000000000;5,0;;24,0;2026-05-22 13:10:00.000000000;;AHP_APRENDIZAGEM_ESPECIALIZACAO_WORKLOAD;;;;;PENDENTE;True;0,8066513608148433;0,9895524154681277;0,001112082309739607;0,9904001628240934;0,6517629455534963;0,00020592873762812478;0,1546824865237189
Regulatório;Interface direta com equipes técnicas dos reguladores;;Abraão;2026-03-19 09:00:00;2026-05-20 11:00:00.000000000;2026-05-21 11:00:00.000000000;3,0;;8,0;2026-05-21 11:00:00.000000000;;AHP_APRENDIZAGEM_ESPECIALIZACAO_WORKLOAD;;;;;PENDENTE;True;0,9978825858963131;1,0;1,0;0,9864426327751331;0,6586441863669917;0,1851740071976712;0,15406439233165017
Contratos;Contrato de Locação;;Esaú;2026-03-19 09:01:00;2026-06-02 15:02:00.000000000;2026-06-03 15:02:00.000000000;3,0;;8,0;2026-06-03 15:02:00.000000000;;AHP_APRENDIZAGEM_ESPECIALIZACAO_WORKLOAD;;;;;PENDENTE;True;0,8860824961958778;1,0;0,4397503463217986;0,9348590553943019;0,6586441863669917;0,08143033379497114;0,14600797603391494
Societário;Gestão de Advisors e Governança da Operação;;Abraão;2026-03-19 09:02:00;2026-05-21 11:00:00.000000000;2026-05-22 11:00:00.000000000;3,0;;8,0;2026-05-22 11:00:00.000000000;;AHP_APRENDIZAGEM_ESPECIALIZACAO_WORKLOAD;;;;;PENDENTE;True;0,805231140322084;0,9896218799772349;0,0011109662733208884;0,9810151629937018;0,6518086979485787;0,00020572207669229212;0,15321672029681302
Societário;Elaboração e negociação de LOI;;Adão;2026-03-19 09:03:00;2026-05-15 15:01:00.000000000;2026-05-18 15:01:00.000000000;3,0;;8,0;2026-05-18 15:01:00.000000000;;AHP_APRENDIZAGEM_ESPECIALIZACAO_WORKLOAD;;;;;PENDENTE;True;0,8045837118633575;0,9844494475910178;0,0;1,0;0,6484019054280205;0,0;0,1561818064353371
Societário;Elaboração e negociação de LOI;;Esaú;2026-03-19 09:04:00;2026-06-03 15:02:00.000000000;2026-06-04 15:02:00.000000000;3,0;;8,0;2026-06-04 15:02:00.000000000;;AHP_APRENDIZAGEM_ESPECIALIZACAO_WORKLOAD;;;;;PENDENTE;True;0,8052168152140486;1,0;0,0033491325803906825;0,9345035755296976;0,6586441863669917;0,0006201723005472193;0,14595245654650968
Societário;Suporte jurídico às negociações comerciais;;Abraão;2026-03-19 09:05:00;2026-05-22 11:00:00.000000000;2026-05-25 11:00:00.000000000;3,0;;8,0;2026-05-25 11:00:00.000000000;;AHP_APRENDIZAGEM_ESPECIALIZACAO_WORKLOAD;;;;;PENDENTE;True;0,8052149595862128;0,9896218799772349;0,0011109662733208884;0,980911561068225;0,6518086979485787;0,00020572207669229212;0,15320053956094187
Societário;Gestão de earn-outs, ajustes de preço e garantias;;Eva;2026-03-19 09:06:00;2026-05-22 13:10:00.000000000;2026-05-22 15:10:00.000000000;1,0;;2,0;2026-05-22 15:10:00.000000000;;AHP_APRENDIZAGEM_ESPECIALIZACAO_WORKLOAD;;;;;PENDENTE;True;0,8049841289169625;0,9896218799772349;0,0011109662733208884;0,979433599745336;0,6518086979485787;0,00020572207669229212;0,1529697088916915
Societário;Análise jurídica preliminar e de estrutura da operação;;Eva;2026-03-19 09:07:00;2026-05-22 15:10:00.000000000;2026-05-27 15:10:00.000000000;5,0;;24,0;2026-05-27 15:10:00.000000000;;AHP_APRENDIZAGEM_ESPECIALIZACAO_WORKLOAD;;;;;PENDENTE;True;0,8047710544530391;0,9896218799772349;0,0011109662733208884;0,9780693277549768;0,6518086979485787;0,00020572207669229212;0,15275663442776807
Direito digital;Apoio jurídico ao Encarregado/DPO;;Eva;2026-03-19 09:08:00;2026-05-27 15:10:00.000000000;2026-05-28 09:10:00.000000000;1,0;;2,0;2026-05-28 09:10:00.000000000;;AHP_APRENDIZAGEM_ESPECIALIZACAO_WORKLOAD;;;;;PENDENTE;True;0,9940179344253499;1,0;1,0;0,9616980638706669;0,6586441863669917;0,1851740071976712;0,15019974086068696
Contratos;Contrato de Joint Venture;;Esaú;2026-03-19 09:09:00;2026-06-04 15:02:00.000000000;2026-06-09 15:02:00.000000000;5,0;;24,0;2026-06-09 15:02:00.000000000;;AHP_APRENDIZAGEM_ESPECIALIZACAO_WORKLOAD;;;;;PENDENTE;True;0,8851746788527788;1,0;0,4397503463217986;0,929046487568261;0,6586441863669917;0,08143033379497114;0,14510015869081597
Contencioso;Gestão de provas e documentos;;Jacó;2026-03-19 09:10:00;2026-07-01 13:05:59.999999999;2026-07-01 15:05:59.999999999;1,0;;2,0;2026-07-01 15:05:59.999999999;;AHP_APRENDIZAGEM_ESPECIALIZACAO_WORKLOAD;;;;;PENDENTE;True;0,9729306649790617;1,0;1,0;0,8266806125581238;0,6586441863669917;0,1851740071976712;0,1291124714143988
Societário;SPA / SHA e documentos correlatos;;Adão;2026-03-19 09:11:00;2026-05-18 15:01:00.000000000;2026-05-19 09:00:59.999999999;1,0;;2,0;2026-05-19 09:00:59.999999999;;AHP_APRENDIZAGEM_ESPECIALIZACAO_WORKLOAD;;;;;PENDENTE;True;0,8045837118633575;0,9844494475910178;0,0;1,0;0,6484019054280205;0,0;0,1561818064353371
Contratos;Contratos Financeiros ou Bancários;;Esaú;2026-03-19 09:12:00;2026-06-09 15:02:00.000000000;2026-06-10 15:02:00.000000000;3,0;;8,0;2026-06-10 15:02:00.000000000;;AHP_APRENDIZAGEM_ESPECIALIZACAO_WORKLOAD;;;;;PENDENTE;True;0,8828125187391165;1,0;0,4397503463217986;0,913922061954447;0,6586441863669917;0,08143033379497114;0,1427379985771536
Societário;Estruturação societária internacional;;Adão;2026-03-19 09:13:00;2026-05-19 09:00:59.999999999;2026-05-22 09:00:59.999999999;5,0;;24,0;2026-05-22 09:00:59.999999999;;AHP_APRENDIZAGEM_ESPECIALIZACAO_WORKLOAD;;;;;PENDENTE;True;0,8045837118633575;0,9844494475910178;0,0;1,0;0,6484019054280205;0,0;0,1561818064353371
Contratos;Contrato de SaaS;;Esaú;2026-03-19 09:14:00;2026-06-10 15:02:00.000000000;2026-06-11 15:02:00.000000000;3,0;;8,0;2026-06-11 15:02:00.000000000;;AHP_APRENDIZAGEM_ESPECIALIZACAO_WORKLOAD;;;;;PENDENTE;True;0,8843238261716346;1,0;0,4397503463217986;0,9235986527623777;0,6586441863669917;0,08143033379497114;0,1442493060096718
Direito digital;Apoio jurídico ao Encarregado/DPO;;Eva;2026-03-20 09:00:00;2026-05-28 09:10:00.000000000;2026-05-28 11:10:00.000000000;1,0;;2,0;2026-05-28 11:10:00.000000000;;AHP_APRENDIZAGEM_ESPECIALIZACAO_WORKLOAD;;;;;PENDENTE;True;0,9965129838931728;1,0;1,0;0,9776733527008414;0,6586441863669917;0,1851740071976712;0,15269479032850988
Societário;Elaboração e negociação de LOI;;Abraão;2026-03-20 09:01:00;2026-05-25 11:00:00.000000000;2026-05-26 11:00:00.000000000;3,0;;8,0;2026-05-26 11:00:00.000000000;;AHP_APRENDIZAGEM_ESPECIALIZACAO_WORKLOAD;;;;;PENDENTE;True;0,8071241554694137;0,989638245014874;0,001110701779112909;0,9930670493871456;0,6518194766854792;0,00020567309923992;0,15509900568469454
Societário;Organização de livros societários;;Abraão;2026-03-20 09:02:00;2026-05-26 11:00:00.000000000;2026-05-26 13:00:00.000000000;1,0;;2,0;2026-05-26 13:00:00.000000000;;AHP_APRENDIZAGEM_ESPECIALIZACAO_WORKLOAD;;;;;PENDENTE;True;0,8062564687243245;0,989638245014874;0,001110701779112909;0,9875114295304344;0,6518194766854792;0,00020567309923992;0,15423131893960534
Societário;Estruturação societária internacional;;Abraão;2026-03-20 09:03:00;2026-05-26 13:00:00.000000000;2026-05-29 13:00:00.000000000;5,0;;24,0;2026-05-29 13:00:00.000000000;;AHP_APRENDIZAGEM_ESPECIALIZACAO_WORKLOAD;;;;;PENDENTE;True;0,8060395470380521;0,989638245014874;0,001110701779112909;0,9861225245662566;0,6518194766854792;0,00020567309923992;0,15401439725333305
Societário;Elaboração e negociação de  SPA;;Adão;2026-03-20 09:04:00;2026-05-22 09:00:59.999999999;2026-05-25 09:00:59.999999999;3,0;;8,0;2026-05-25 09:00:59.999999999;;AHP_APRENDIZAGEM_ESPECIALIZACAO_WORKLOAD;;;;;PENDENTE;True;0,8045998626992227;0,9844739689277265;0,0;1,0;0,6484180562638856;0,0;0,1561818064353371
Societário;Due diligence;;Eva;2026-03-20 09:05:00;2026-05-28 11:10:00.000000000;2026-06-02 11:10:00.000000000;5,0;;24,0;2026-06-02 11:10:00.000000000;;AHP_APRENDIZAGEM_ESPECIALIZACAO_WORKLOAD;;;;;PENDENTE;True;0,8053548600097065;0,989638245014874;0,001110701779112909;0,981738614276237;0,6518194766854792;0,00020567309923992;0,15332971022498731
Societário;Gestão de passivos;;Adão;2026-03-20 09:06:00;2026-05-25 09:00:59.999999999;2026-05-25 11:00:59.999999999;1,0;;2,0;2026-05-25 11:00:59.999999999;;AHP_APRENDIZAGEM_ESPECIALIZACAO_WORKLOAD;;;;;PENDENTE;True;0,8045998626992227;0,9844739689277265;0,0;1,0;0,6484180562638856;0,0;0,1561818064353371
Societário;Elaboração e negociação de  SPA;;Adão;2026-03-20 09:07:00;2026-05-25 11:00:59.999999999;2026-05-26 11:01:00.000000000;3,0;;8,0;2026-05-26 11:01:00.000000000;;AHP_APRENDIZAGEM_ESPECIALIZACAO_WORKLOAD;;;;;PENDENTE;True;0,8045998626992227;0,9844739689277265;0,0;1,0;0,6484180562638856;0,0;0,1561818064353371
Contencioso;Suporte técnico às áreas internas envolvidas;;Jacó;2026-03-20 09:08:00;2026-07-01 15:05:59.999999999;2026-07-02 09:06:00.000000000;1,0;;2,0;2026-07-02 09:06:00.000000000;;AHP_APRENDIZAGEM_ESPECIALIZACAO_WORKLOAD;;;;;PENDENTE;True;0,9767060855508192;1,0;1,0;0,8508538543583491;0,6586441863669917;0,1851740071976712;0,1328878919861562
Societário;Atas de Reunião e Assembleia;;Abraão;2026-03-20 09:09:00;2026-05-29 13:00:00.000000000;2026-05-29 17:00:00.000000000;2,0;;4,0;2026-05-29 17:00:00.000000000;;AHP_APRENDIZAGEM_ESPECIALIZACAO_WORKLOAD;;;;;PENDENTE;True;0,8053531084694651;0,989638245014874;0,001110701779112909;0,981727399524139;0,6518194766854792;0,00020567309923992;0,15332795868474594
Direito financeiro;Interface com processos de recuperação judicial e extrajudicial;;Adão;2026-03-20 09:10:00;2026-05-26 11:01:00.000000000;2026-05-28 11:00:59.999999999;4,0;;16,0;2026-05-28 11:00:59.999999999;;AHP_APRENDIZAGEM_ESPECIALIZACAO_WORKLOAD;;;;;PENDENTE;True;0,8148259928023288;1,0;0,0;1,0;0,6586441863669917;0,0;0,1561818064353371
Direito digital;Comunicação de incidentes às autoridades competentes;;Eva;2026-03-20 09:11:00;2026-06-02 11:10:00.000000000;2026-06-02 13:10:00.000000000;1,0;;2,0;2026-06-02 13:10:00.000000000;;AHP_APRENDIZAGEM_ESPECIALIZACAO_WORKLOAD;;;;;PENDENTE;True;0,9973173290635877;1,0;1,0;0,9828234094761673;0,6586441863669917;0,1851740071976712;0,15349913549892483
Societário;Gestão de earn-outs, ajustes de preço e garantias;;Abraão;2026-03-20 09:12:00;2026-06-01 09:00:00.000000000;2026-06-01 11:00:00.000000000;1,0;;2,0;2026-06-01 11:00:00.000000000;;AHP_APRENDIZAGEM_ESPECIALIZACAO_WORKLOAD;;;;;PENDENTE;True;0,8066536360574269;0,989638245014874;0,001110701779112909;0,9900544103178084;0,6518194766854792;0,00020567309923992;0,15462848627270778
Contratos;Contrato de Hosting;;Esaú;2026-03-20 09:13:00;2026-06-11 15:02:00.000000000;2026-06-12 15:02:00.000000000;3,0;;8,0;2026-06-12 15:02:00.000000000;;AHP_APRENDIZAGEM_ESPECIALIZACAO_WORKLOAD;;;;;PENDENTE;True;0,8914948340186697;1,0;0,4644373325207459;0,9402434832088653;0,6586441863669917;0,08600172195506381;0,14684892569661415
Direito digital;Revisão jurídica de contratos com provedores de tecnologia e SaaS;;Eva;2026-03-20 09:14:00;2026-06-02 13:10:00.000000000;2026-06-03 13:09:59.999999999;3,0;;8,0;2026-06-03 13:09:59.999999999;;AHP_APRENDIZAGEM_ESPECIALIZACAO_WORKLOAD;;;;;PENDENTE;True;0,9970951616982534;1,0;1,0;0,9814009175073198;0,6586441863669917;0,1851740071976712;0,15327696813359046
Trabalhista;Estruturação de planos de remuneração fixa e variável;;Eva;2026-03-23 09:00:00;2026-06-03 13:09:59.999999999;2026-06-08 13:10:00.000000000;5,0;;24,0;2026-06-08 13:10:00.000000000;;AHP_APRENDIZAGEM_ESPECIALIZACAO_WORKLOAD;;;;;PENDENTE;True;0,9962064922368858;1,0;1,0;0,9757109496317374;0,6586441863669917;0,1851740071976712;0,15238829867222298
Societário;Aumento e redução de capital;;Abraão;2026-03-23 09:01:00;2026-06-01 11:00:00.000000000;2026-06-01 13:00:00.000000000;1,0;;2,0;2026-06-01 13:00:00.000000000;;AHP_APRENDIZAGEM_ESPECIALIZACAO_WORKLOAD;;;;;PENDENTE;True;0,8064314686920621;0,989638245014874;0,001110701779112909;0,9886319183487656;0,6518194766854792;0,00020567309923992;0,1544063189073429
Contratos;Contrato de Licenciamento de Software;;Esaú;2026-03-23 09:02:00;2026-06-12 15:02:00.000000000;2026-06-16 15:02:00.000000000;4,0;;16,0;2026-06-16 15:02:00.000000000;;AHP_APRENDIZAGEM_ESPECIALIZACAO_WORKLOAD;;;;;PENDENTE;True;0,8908414529194512;1,0;0,4657079663734088;0,9345535153330934;0,6586441863669917;0,0862370103172424;0,14596025623521705
Societário;Regularização societária;;Abraão;2026-03-23 09:03:00;2026-06-01 13:00:00.000000000;2026-06-02 13:00:00.000000000;3,0;;8,0;2026-06-02 13:00:00.000000000;;AHP_APRENDIZAGEM_ESPECIALIZACAO_WORKLOAD;;;;;PENDENTE;True;0,8062093013267277;0,989638245014874;0,001110701779112909;0,9872094263799185;0,6518194766854792;0,00020567309923992;0,1541841515420086
Societário;Gestão jurídica do encerramento de operações;;Abraão;2026-03-23 09:04:00;2026-06-02 13:00:00.000000000;2026-06-02 15:00:00.000000000;1,0;;2,0;2026-06-02 15:00:00.000000000;;AHP_APRENDIZAGEM_ESPECIALIZACAO_WORKLOAD;;;;;PENDENTE;True;0,8053206318653905;0,989638245014874;0,001110701779112909;0,9815194585045299;0,6518194766854792;0,00020567309923992;0,1532954820806714
Societário;Due diligence;;Abraão;2026-03-23 09:05:00;2026-06-02 15:00:00.000000000;2026-06-05 15:00:00.000000000;5,0;;24,0;2026-06-05 15:00:00.000000000;;AHP_APRENDIZAGEM_ESPECIALIZACAO_WORKLOAD;;;;;PENDENTE;True;0,8050984645000562;0,989638245014874;0,001110701779112909;0,9800969665356827;0,6518194766854792;0,00020567309923992;0,15307331471533706
Societário;Suporte jurídico às negociações comerciais;;Adão;2026-03-23 09:06:00;2026-05-28 11:00:59.999999999;2026-05-29 11:01:00.000000000;3,0;;8,0;2026-05-29 11:01:00.000000000;;AHP_APRENDIZAGEM_ESPECIALIZACAO_WORKLOAD;;;;;PENDENTE;True;0,8045998626992227;0,9844739689277265;0,0;1,0;0,6484180562638856;0,0;0,1561818064353371
Contencioso;Suporte técnico às áreas internas envolvidas;;Jacó;2026-03-23 09:07:00;2026-07-02 09:06:00.000000000;2026-07-02 11:06:00.000000000;1,0;;2,0;2026-07-02 11:06:00.000000000;;AHP_APRENDIZAGEM_ESPECIALIZACAO_WORKLOAD;;;;;PENDENTE;True;0,9787640112257268;1,0;1,0;0,864030329402897;0,6586441863669917;0,1851740071976712;0,1349458176610638
Contratos;Contrato de Distribuição;;Esaú;2026-03-23 09:08:00;2026-06-16 15:02:00.000000000;2026-06-17 15:02:00.000000000;3,0;;8,0;2026-06-17 15:02:00.000000000;;AHP_APRENDIZAGEM_ESPECIALIZACAO_WORKLOAD;;;;;PENDENTE;True;0,8898892049052283;1,0;0,4657079663734088;0,9284564670535477;0,6586441863669917;0,0862370103172424;0,14500800822099413
Contratos;Contrato de trabalho;;Esaú;2026-03-23 09:09:00;2026-06-17 15:02:00.000000000;2026-06-18 09:02:00.000000000;1,0;;2,0;2026-06-18 09:02:00.000000000;;AHP_APRENDIZAGEM_ESPECIALIZACAO_WORKLOAD;;;;;PENDENTE;True;0,888995450007233;1,0;0,4657079663734088;0,922733938172661;0,6586441863669917;0,0862370103172424;0,14411425332299885
Societário;Closing da operação;;Adão;2026-03-23 09:10:00;2026-05-29 11:01:00.000000000;2026-05-29 13:01:00.000000000;1,0;;2,0;2026-05-29 13:01:00.000000000;;AHP_APRENDIZAGEM_ESPECIALIZACAO_WORKLOAD;;;;;PENDENTE;True;0,8045998626992227;0,9844739689277265;0,0;1,0;0,6484180562638856;0,0;0,1561818064353371
Societário;Gestão de conflitos societários;;Adão;2026-03-23 09:11:00;2026-05-29 13:01:00.000000000;2026-05-29 15:01:00.000000000;1,0;;2,0;2026-05-29 15:01:00.000000000;;AHP_APRENDIZAGEM_ESPECIALIZACAO_WORKLOAD;;;;;PENDENTE;True;0,8045998626992227;0,9844739689277265;0,0;1,0;0,6484180562638856;0,0;0,1561818064353371
Societário;Aprovações regulatórias e concorrenciais;;Adão;2026-03-23 09:12:00;2026-05-29 15:01:00.000000000;2026-06-01 15:01:00.000000000;3,0;;8,0;2026-06-01 15:01:00.000000000;;AHP_APRENDIZAGEM_ESPECIALIZACAO_WORKLOAD;;;;;PENDENTE;True;0,8045998626992227;0,9844739689277265;0,0;1,0;0,6484180562638856;0,0;0,1561818064353371
Societário;Acordo de Sócios / Acionistas;;Abraão;2026-03-23 09:13:00;2026-06-05 15:00:00.000000000;2026-06-08 15:00:00.000000000;3,0;;8,0;2026-06-08 15:00:00.000000000;;AHP_APRENDIZAGEM_ESPECIALIZACAO_WORKLOAD;;;;;PENDENTE;True;0,8046028618159394;0,989638245014874;0,001110701779112909;0,976923724431315;0,6518194766854792;0,00020567309923992;0,15257771203122025
Societário;Organização de livros societários;;Adão;2026-03-23 09:14:00;2026-06-01 15:01:00.000000000;2026-06-02 09:00:59.999999999;1,0;;2,0;2026-06-02 09:00:59.999999999;;AHP_APRENDIZAGEM_ESPECIALIZACAO_WORKLOAD;;;;;PENDENTE;True;0,8045998626992227;0,9844739689277265;0,0;1,0;0,6484180562638856;0,0;0,1561818064353371
Societário;Consolidação das versões finais dos documentos;;Esaú;2026-03-24 09:00:00;2026-06-18 09:02:00.000000000;2026-06-18 11:02:00.000000000;1,0;;2,0;2026-06-18 11:02:00.000000000;;AHP_APRENDIZAGEM_ESPECIALIZACAO_WORKLOAD;;;;;PENDENTE;True;0,8046105860686735;1,0;0,003348335232900897;0,930622960295578;0,6586441863669917;0,0006200246525174067;0,14534637504916437
Regulatório;Gestão de prazos regulatórios críticos;;Abraão;2026-03-24 09:01:00;2026-06-08 15:00:00.000000000;2026-06-09 15:00:00.000000000;3,0;;8,0;2026-06-09 15:00:00.000000000;;AHP_APRENDIZAGEM_ESPECIALIZACAO_WORKLOAD;;;;;PENDENTE;True;0,9957136003941682;1,0;1,0;0,9725550644875756;0,6586441863669917;0,1851740071976712;0,15189540682950534
Regulatório;Atuação em processos administrativos na CVM e no BCB;;Abraão;2026-03-24 09:02:00;2026-06-09 15:00:00.000000000;2026-06-09 17:00:00.000000000;1,0;;2,0;2026-06-09 17:00:00.000000000;;AHP_APRENDIZAGEM_ESPECIALIZACAO_WORKLOAD;;;;;PENDENTE;True;0,9948108045140522;1,0;1,0;0,966774648056743;0,6586441863669917;0,1851740071976712;0,15099261094938937
Direito financeiro;Interface com processos de recuperação judicial e extrajudicial;;Adão;2026-03-24 09:03:00;2026-06-02 09:00:59.999999999;2026-06-04 09:00:59.999999999;4,0;;16,0;2026-06-04 09:00:59.999999999;;AHP_APRENDIZAGEM_ESPECIALIZACAO_WORKLOAD;;;;;PENDENTE;True;0,8148259928023288;1,0;0,0;1,0;0,6586441863669917;0,0;0,1561818064353371
Governança;Gestão de fluxo de informações com Conselho de Administração;;Esaú;2026-03-24 09:04:00;2026-06-18 11:02:00.000000000;2026-06-18 13:02:00.000000000;1,0;;2,0;2026-06-18 13:02:00.000000000;;AHP_APRENDIZAGEM_ESPECIALIZACAO_WORKLOAD;;;;;PENDENTE;True;0,9906362081717524;1,0;1,0;0,9400455658570929;0,6586441863669917;0,1851740071976712;0,14681801460708943
Contratos;Contrato de SaaS;;Esaú;2026-03-24 09:05:00;2026-06-18 13:02:00.000000000;2026-06-19 13:02:00.000000000;3,0;;8,0;2026-06-19 13:02:00.000000000;;AHP_APRENDIZAGEM_ESPECIALIZACAO_WORKLOAD;;;;;PENDENTE;True;0,891470872535098;1,0;0,4657079663734088;0,9385835597410342;0,6586441863669917;0,0862370103172424;0,14658967585086388
Societário;Elaboração e negociação de LOI;;Eva;2026-03-24 09:06:00;2026-06-08 13:10:00.000000000;2026-06-09 13:09:59.999999999;3,0;;8,0;2026-06-09 13:09:59.999999999;;AHP_APRENDIZAGEM_ESPECIALIZACAO_WORKLOAD;;;;;PENDENTE;True;0,8059064432510521;0,989638245014874;0,001110701779112909;0,9852702883805063;0,6518194766854792;0,00020567309923992;0,153881293466333
Societário;SPA / SHA e documentos correlatos;;Eva;2026-03-24 09:07:00;2026-06-09 13:09:59.999999999;2026-06-09 15:09:59.999999999;1,0;;2,0;2026-06-09 15:09:59.999999999;;AHP_APRENDIZAGEM_ESPECIALIZACAO_WORKLOAD;;;;;PENDENTE;True;0,80499308822615;0,989638245014874;0,001110701779112909;0,9794222639162719;0,6518194766854792;0,00020567309923992;0,15296793844143083
Governança;Treinamentos corporativos;;Esaú;2026-03-24 09:08:00;2026-06-19 13:02:00.000000000;2026-06-19 15:02:00.000000000;1,0;;2,0;2026-06-19 15:02:00.000000000;;AHP_APRENDIZAGEM_ESPECIALIZACAO_WORKLOAD;;;;;PENDENTE;True;0,9894945143906246;1,0;1,0;0,9327355352767998;0,6586441863669917;0,1851740071976712;0,14567632082596169
Societário;Estruturação de veículos societários (SPVs);;Eva;2026-03-24 09:09:00;2026-06-09 15:09:59.999999999;2026-06-12 15:10:00.000000000;5,0;;24,0;2026-06-12 15:10:00.000000000;;AHP_APRENDIZAGEM_ESPECIALIZACAO_WORKLOAD;;;;;PENDENTE;True;0,8047647494699244;0,989638245014874;0,001110701779112909;0,9779602578002132;0,6518194766854792;0,00020567309923992;0,15273959968520529
Propriedade intelectual;Avaliação de riscos de infração a patentes de terceiros (FTO);;Esaú;2026-03-24 09:10:00;2026-06-19 15:02:00.000000000;2026-06-23 15:02:00.000000000;4,0;;16,0;2026-06-23 15:02:00.000000000;;AHP_APRENDIZAGEM_ESPECIALIZACAO_WORKLOAD;;;;;PENDENTE;True;0,9892661756343991;1,0;1,0;0,9312735291607414;0,6586441863669917;0,1851740071976712;0,14544798206973616
Concorrencial;Relacionamento CADE;;Eva;2026-03-24 09:11:00;2026-06-12 15:10:00.000000000;2026-06-15 09:10:00.000000000;1,0;;2,0;2026-06-15 09:10:00.000000000;;AHP_APRENDIZAGEM_ESPECIALIZACAO_WORKLOAD;;;;;PENDENTE;True;0,9938177281751617;1,0;1,0;0,9604161844075098;0,6586441863669917;0,1851740071976712;0,14999953461049872
Contratos;Contrato de Representação Comercial;;Esaú;2026-03-24 09:12:00;2026-06-23 15:02:00.000000000;2026-06-24 15:02:00.000000000;3,0;;8,0;2026-06-24 15:02:00.000000000;;AHP_APRENDIZAGEM_ESPECIALIZACAO_WORKLOAD;;;;;PENDENTE;True;0,8885024687041659;1,0;0,4657079663734088;0,9195774802322724;0,6586441863669917;0,0862370103172424;0,1436212720199318
Contratos;Contrato de trabalho;;Esaú;2026-03-24 09:13:00;2026-06-24 15:02:00.000000000;2026-06-25 09:02:00.000000000;1,0;;2,0;2026-06-25 09:02:00.000000000;;AHP_APRENDIZAGEM_ESPECIALIZACAO_WORKLOAD;;;;;PENDENTE;True;0,8875891136792637;1,0;0,4657079663734088;0,9137294557680379;0,6586441863669917;0,0862370103172424;0,1427079169950296
Direito digital;Apoio a litígios envolvendo dados, tecnologia e plataformas;;Eva;2026-03-24 09:14:00;2026-06-15 09:10:00.000000000;2026-06-17 09:10:00.000000000;4,0;;16,0;2026-06-17 09:10:00.000000000;;AHP_APRENDIZAGEM_ESPECIALIZACAO_WORKLOAD;;;;;PENDENTE;True;0,993589389418936;1,0;1,0;0,9589541782914511;0,6586441863669917;0,1851740071976712;0,14977119585427318
Societário;Due diligence societária;;Eva;2026-03-25 09:00:00;2026-06-17 09:10:00.000000000;2026-06-22 09:10:00.000000000;5,0;;24,0;2026-06-22 09:10:00.000000000;;AHP_APRENDIZAGEM_ESPECIALIZACAO_WORKLOAD;;;;;PENDENTE;True;0,8209701425045527;1,0;0,07766462772342572;0,9472581293631744;0,6586441863669917;0,014381470333062089;0,14794448580449882
Contratos;NDA;;Esaú;2026-03-25 09:01:00;2026-06-25 09:02:00.000000000;2026-06-25 11:02:00.000000000;1,0;;2,0;2026-06-25 11:02:00.000000000;;AHP_APRENDIZAGEM_ESPECIALIZACAO_WORKLOAD;;;;;PENDENTE;True;0,8993398582109309;1,0;0,5303989209471589;0,9122674496521644;0,6586441863669917;0,09821609360510623;0,14247957823883298
Societário;Gestão de passivos;;Eva;2026-03-25 09:02:00;2026-06-22 09:10:00.000000000;2026-06-22 11:10:00.000000000;1,0;;2,0;2026-06-22 11:10:00.000000000;;AHP_APRENDIZAGEM_ESPECIALIZACAO_WORKLOAD;;;;;PENDENTE;True;0,8182300774298457;1,0;0,07766462772342572;0,9297140559704675;0,6586441863669917;0,014381470333062089;0,14520442072979173
Regulatório;Análise de requisitos prudenciais e de liquidez;;Abraão;2026-03-25 09:03:00;2026-06-10 09:00:00.000000000;2026-06-10 11:00:00.000000000;1,0;;2,0;2026-06-10 11:00:00.000000000;;AHP_APRENDIZAGEM_ESPECIALIZACAO_WORKLOAD;;;;;PENDENTE;True;0,9963484827233591;1,0;1,0;0,9766200855273578;0,6586441863669917;0,1851740071976712;0,15253028915869615
Societário;Reorganizações societárias internas;;Eva;2026-03-25 09:04:00;2026-06-22 11:10:00.000000000;2026-06-25 11:10:00.000000000;5,0;;24,0;2026-06-25 11:10:00.000000000;;AHP_APRENDIZAGEM_ESPECIALIZACAO_WORKLOAD;;;;;PENDENTE;True;0,81800173867362;1,0;0,07766462772342572;0,9282520498544087;0,6586441863669917;0,014381470333062089;0,14497608197356615
Societário;Aumento e redução de capital;;Eva;2026-03-25 09:05:00;2026-06-25 11:10:00.000000000;2026-06-25 13:10:00.000000000;1,0;;2,0;2026-06-25 13:10:00.000000000;;AHP_APRENDIZAGEM_ESPECIALIZACAO_WORKLOAD;;;;;PENDENTE;True;0,8152616735989129;1,0;0,07766462772342572;0,9107079764617017;0,6586441863669917;0,014381470333062089;0,14223601689885904
Societário;Elaboração e negociação de  SPA;;Eva;2026-03-25 09:06:00;2026-06-25 13:10:00.000000000;2026-06-26 13:09:59.999999999;3,0;;8,0;2026-06-26 13:09:59.999999999;;AHP_APRENDIZAGEM_ESPECIALIZACAO_WORKLOAD;;;;;PENDENTE;True;0,8150333348426873;1,0;0,07766462772342572;0,9092459703456427;0,6586441863669917;0,014381470333062089;0,14200767814263343
Concorrencial;M&A Concorrencial;;Eva;2026-03-25 09:07:00;2026-06-26 13:09:59.999999999;2026-07-01 13:10:00.000000000;5,0;;24,0;2026-07-01 13:10:00.000000000;;AHP_APRENDIZAGEM_ESPECIALIZACAO_WORKLOAD;;;;;PENDENTE;True;0,984912516682394;1,0;1,0;0,903397945881407;0,6586441863669917;0,1851740071976712;0,14109432311773104
Concorrencial;Gestão de canal de dúvidas;;Eva;2026-03-25 09:08:00;2026-07-01 13:10:00.000000000;2026-07-01 15:10:00.000000000;1,0;;2,0;2026-07-01 15:10:00.000000000;;AHP_APRENDIZAGEM_ESPECIALIZACAO_WORKLOAD;;;;;PENDENTE;True;0,9821724516076868;1,0;1,0;0,8858538724886998;0,6586441863669917;0,1851740071976712;0,13835425804302393
Societário;Atas de Reunião e Assembleia;;Eva;2026-03-25 09:09:00;2026-07-01 15:10:00.000000000;2026-07-02 11:10:00.000000000;2,0;;4,0;2026-07-02 11:10:00.000000000;;AHP_APRENDIZAGEM_ESPECIALIZACAO_WORKLOAD;;;;;PENDENTE;True;0,8111515759868522;1,0;0,07766462772342572;0,8843918663726411;0,6586441863669917;0,014381470333062089;0,13812591928679835
Societário;Gestão de passivos;;Eva;2026-03-25 09:10:00;2026-07-02 11:10:00.000000000;2026-07-02 13:10:00.000000000;1,0;;2,0;2026-07-02 13:10:00.000000000;;AHP_APRENDIZAGEM_ESPECIALIZACAO_WORKLOAD;;;;;PENDENTE;True;0,810694898474401;1,0;0,07766462772342572;0,8814678541405232;0,6586441863669917;0,014381470333062089;0,13766924177434717
Societário;Avaliação de impactos (societário, contratual, regulatório, concorrencial, trabalhista, tributário);;Eva;2026-03-25 09:11:00;2026-07-02 13:10:00.000000000;2026-07-03 13:09:59.999999999;3,0;;8,0;2026-07-03 13:09:59.999999999;;AHP_APRENDIZAGEM_ESPECIALIZACAO_WORKLOAD;;;;;PENDENTE;True;0,8104665597181754;1,0;0,07766462772342572;0,8800058480244641;0,6586441863669917;0,014381470333062089;0,13744090301812154
Contratos;Contrato de Manutenção de Sistemas;;Esaú;2026-03-25 09:12:00;2026-06-25 11:02:00.000000000;2026-06-26 11:02:00.000000000;3,0;;8,0;2026-06-26 11:02:00.000000000;;AHP_APRENDIZAGEM_ESPECIALIZACAO_WORKLOAD;;;;;PENDENTE;True;0,8991115194547054;1,0;0,5303989209471589;0,9108054435361055;0,6586441863669917;0,09821609360510623;0,1422512394826074
Regulatório;Resposta a ofícios, exigências e questionamentos da CVM e do BCB;;Abraão;2026-03-25 09:13:00;2026-06-10 11:00:00.000000000;2026-06-10 13:00:00.000000000;1,0;;2,0;2026-06-10 13:00:00.000000000;;AHP_APRENDIZAGEM_ESPECIALIZACAO_WORKLOAD;;;;;PENDENTE;True;0,9961201439671334;1,0;1,0;0,9751580794112988;0,6586441863669917;0,1851740071976712;0,15230195040247058
Contratos;Contrato de Distribuição;;Esaú;2026-03-25 09:14:00;2026-06-26 11:02:00.000000000;2026-06-29 11:02:00.000000000;3,0;;8,0;2026-06-29 11:02:00.000000000;;AHP_APRENDIZAGEM_ESPECIALIZACAO_WORKLOAD;;;;;PENDENTE;True;0,8981981644298029;1,0;0,5303989209471589;0,9049574190718698;0,6586441863669917;0,09821609360510623;0,141337884457705
Direito digital;Atendimento a direitos dos titulares (DSARs);;Eva;2026-03-26 09:00:00;2026-07-03 13:09:59.999999999;2026-07-03 15:09:59.999999999;1,0;;2,0;2026-07-03 15:09:59.999999999;;AHP_APRENDIZAGEM_ESPECIALIZACAO_WORKLOAD;;;;;PENDENTE;True;0,9803457415578544;1,0;1,0;0,8741578235600511;0,6586441863669917;0,1851740071976712;0,13652754799319147
Contratos;Contrato de Escrow de Código-Fonte;;Esaú;2026-03-26 09:01:00;2026-06-29 11:02:00.000000000;2026-06-30 11:02:00.000000000;3,0;;8,0;2026-06-30 11:02:00.000000000;;AHP_APRENDIZAGEM_ESPECIALIZACAO_WORKLOAD;;;;;PENDENTE;True;0,8971420997622745;1,0;0,5296282423581001;0,8991093946074515;0,6586441863669917;0,09807338396250877;0,14042452943277411
Contratos;MoU;;Esaú;2026-03-26 09:02:00;2026-06-30 11:02:00.000000000;2026-06-30 13:02:00.000000000;1,0;;2,0;2026-06-30 13:02:00.000000000;;AHP_APRENDIZAGEM_ESPECIALIZACAO_WORKLOAD;;;;;PENDENTE;True;0,8962287447373725;1,0;0,5296282423581001;0,893261370143217;0,6586441863669917;0,09807338396250877;0,13951117440787195
Societário;Atualização de Contrato Social / Estatuto;;Eva;2026-03-26 09:03:00;2026-07-03 15:09:59.999999999;2026-07-06 15:10:00.000000000;3,0;;8,0;2026-07-06 15:10:00.000000000;;AHP_APRENDIZAGEM_ESPECIALIZACAO_WORKLOAD;;;;;PENDENTE;True;0,809315657613433;1,0;0,07761489977442199;0,8726958174439925;0,6586441863669917;0,014372262009475344;0,13629920923696592
Societário;Estruturação jurídica de carve-outs, spin-offs e alienação de ativos;;Eva;2026-03-26 09:04:00;2026-07-06 15:10:00.000000000;2026-07-09 15:10:00.000000000;5,0;;24,0;2026-07-09 15:10:00.000000000;;AHP_APRENDIZAGEM_ESPECIALIZACAO_WORKLOAD;;;;;PENDENTE;True;0,8084023025885309;1,0;0,07761489977442199;0,866847792979758;0,6586441863669917;0,014372262009475344;0,13538585421206373
Societário;Atos perante Junta Comercial;;Eva;2026-03-26 09:05:00;2026-07-09 15:10:00.000000000;2026-07-10 09:10:00.000000000;1,0;;2,0;2026-07-10 09:10:00.000000000;;AHP_APRENDIZAGEM_ESPECIALIZACAO_WORKLOAD;;;;;PENDENTE;True;0,8056622375138243;1,0;0,07761489977442199;0,8493037195870543;0,6586441863669917;0,014372262009475344;0,13264578913735714
Governança;Política de Governaça Corporativa;;Esaú;2026-03-26 09:06:00;2026-06-30 13:02:00.000000000;2026-07-01 13:02:00.000000000;3,0;;8,0;2026-07-01 13:02:00.000000000;;AHP_APRENDIZAGEM_ESPECIALIZACAO_WORKLOAD;;;;;PENDENTE;True;0,9831010292163094;1,0;1,0;0,8917993640271584;0,6586441863669917;0,1851740071976712;0,1392828356516464
Direito financeiro;Operações de Crédito e Financiamento;;Adão;2026-03-26 09:07:00;2026-06-04 09:00:59.999999999;2026-06-04 11:00:59.999999999;1,0;;2,0;2026-06-04 11:00:59.999999999;;AHP_APRENDIZAGEM_ESPECIALIZACAO_WORKLOAD;;;;;PENDENTE;True;0,8148259928023288;1,0;0,0;1,0;0,6586441863669917;0,0;0,1561818064353371
Societário;Estruturação de veículos societários (SPVs);;Eva;2026-03-26 09:08:00;2026-07-10 09:10:00.000000000;2026-07-15 09:10:00.000000000;5,0;;24,0;2026-07-15 09:10:00.000000000;;AHP_APRENDIZAGEM_ESPECIALIZACAO_WORKLOAD;;;;;PENDENTE;True;0,8056277773315899;1,0;0,07761489977442199;0,8490830781242554;0,6586441863669917;0,014372262009475344;0,13261132895512268
Societário;Suporte jurídico às negociações comerciais;;Eva;2026-03-26 09:09:00;2026-07-15 09:10:00.000000000;2026-07-16 09:10:00.000000000;3,0;;8,0;2026-07-16 09:10:00.000000000;;AHP_APRENDIZAGEM_ESPECIALIZACAO_WORKLOAD;;;;;PENDENTE;True;0,8028837003996258;1,0;0,07761489977442199;0,831513317634258;0,6586441863669917;0,014372262009475344;0,12986725202315866
Direito digital;Avaliação jurídica de campanhas de marketing digital;;Eva;2026-03-26 09:10:00;2026-07-16 09:10:00.000000000;2026-07-16 11:10:00.000000000;1,0;;2,0;2026-07-16 11:10:00.000000000;;AHP_APRENDIZAGEM_ESPECIALIZACAO_WORKLOAD;;;;;PENDENTE;True;0,9727707532771669;1,0;1,0;0,8256567308042587;0,6586441863669917;0,1851740071976712;0,12895255971250397
Societário;Integração societária;;Eva;2026-03-26 09:11:00;2026-07-16 11:10:00.000000000;2026-07-16 13:10:00.000000000;1,0;;2,0;2026-07-16 13:10:00.000000000;;AHP_APRENDIZAGEM_ESPECIALIZACAO_WORKLOAD;;;;;PENDENTE;True;0,8017403350113075;1,0;0,07761489977442199;0,8241925840967589;0,6586441863669917;0,014372262009475344;0,1287238866348403
Regulatório;Revisão de prospectos, formulários de referência e fatos relevantes;;Abraão;2026-03-26 09:12:00;2026-06-10 13:00:00.000000000;2026-06-11 13:00:00.000000000;3,0;;8,0;2026-06-11 13:00:00.000000000;;AHP_APRENDIZAGEM_ESPECIALIZACAO_WORKLOAD;;;;;PENDENTE;True;0,9961144632886665;1,0;1,0;0,9751217071948628;0,6586441863669917;0,1851740071976712;0,15229626972400354
Societário;Estruturação de veículos societários (SPVs);;Eva;2026-03-26 09:13:00;2026-07-16 13:10:00.000000000;2026-07-21 13:10:00.000000000;5,0;;24,0;2026-07-21 13:10:00.000000000;;AHP_APRENDIZAGEM_ESPECIALIZACAO_WORKLOAD;;;;;PENDENTE;True;0,8015116619336438;1,0;0,07761489977442199;0,8227284373892592;0,6586441863669917;0,014372262009475344;0,12849521355717664
Societário;Gestão de Advisors e Governança da Operação;;Eva;2026-03-26 09:14:00;2026-07-21 13:10:00.000000000;2026-07-22 13:09:59.999999999;3,0;;8,0;2026-07-22 13:09:59.999999999;;AHP_APRENDIZAGEM_ESPECIALIZACAO_WORKLOAD;;;;;PENDENTE;True;0,7987675850016798;1,0;0,07761489977442199;0,8051586768992616;0,6586441863669917;0,014372262009475344;0,1257511366252126
Contratos;Contrato de SaaS;;Esaú;2026-03-27 09:00:00;2026-07-01 13:02:00.000000000;2026-07-02 13:02:00.000000000;3,0;;8,0;2026-07-02 13:02:00.000000000;;AHP_APRENDIZAGEM_ESPECIALIZACAO_WORKLOAD;;;;;PENDENTE;True;0,8997689820874184;1,0;0,5538181272099507;0,8872485022999305;0,6586441863669917;0,10255272187417619;0,13857207384625048
Regulatório;Elaboração de defesas, manifestações e recursos;;Abraão;2026-03-27 09:01:00;2026-06-11 13:00:00.000000000;2026-06-15 13:00:00.000000000;4,0;;16,0;2026-06-15 13:00:00.000000000;;AHP_APRENDIZAGEM_ESPECIALIZACAO_WORKLOAD;;;;;PENDENTE;True;0,9951997709780425;1,0;1,0;0,9692651203650605;0,6586441863669917;0,1851740071976712;0,1513815774133796
Societário;Elaboração e negociação de LOI;;Eva;2026-03-27 09:02:00;2026-07-22 13:09:59.999999999;2026-07-23 13:09:59.999999999;3,0;;8,0;2026-07-23 13:09:59.999999999;;AHP_APRENDIZAGEM_ESPECIALIZACAO_WORKLOAD;;;;;PENDENTE;True;0,7978515497011351;1,0;0,0776076471911059;0,7993020900694251;0,6586441863669917;0,014370919019560169;0,12483644431458334
Societário;Atos perante Junta Comercial;;Eva;2026-03-27 09:03:00;2026-07-23 13:09:59.999999999;2026-07-23 15:09:59.999999999;1,0;;2,0;2026-07-23 15:09:59.999999999;;AHP_APRENDIZAGEM_ESPECIALIZACAO_WORKLOAD;;;;;PENDENTE;True;0,7969368573904803;1,0;0,0776076471911059;0,7934455032394246;0,6586441863669917;0,014370919019560169;0,12392175200392846
Governança;Política de Governaça Corporativa;;Esaú;2026-03-27 09:04:00;2026-07-02 13:02:00.000000000;2026-07-03 13:02:00.000000000;3,0;;8,0;2026-07-03 13:02:00.000000000;;AHP_APRENDIZAGEM_ESPECIALIZACAO_WORKLOAD;;;;;PENDENTE;True;0,9814755751002585;1,0;1,0;0,8813919154699301;0,6586441863669917;0,1851740071976712;0,13765738153559562
Concorrencial;Revisão concorrencial de documentos;;Eva;2026-03-27 09:05:00;2026-07-23 15:09:59.999999999;2026-07-24 15:10:00.000000000;3,0;;8,0;2026-07-24 15:10:00.000000000;;AHP_APRENDIZAGEM_ESPECIALIZACAO_WORKLOAD;;;;;PENDENTE;True;0,9675112724909276;1,0;1,0;0,7919813565319246;0,6586441863669917;0,1851740071976712;0,12369307892626474
Societário;Aprovações regulatórias e concorrenciais;;Eva;2026-03-27 09:06:00;2026-07-24 15:10:00.000000000;2026-07-27 15:10:00.000000000;3,0;;8,0;2026-07-27 15:10:00.000000000;;AHP_APRENDIZAGEM_ESPECIALIZACAO_WORKLOAD;;;;;PENDENTE;True;0,7957934920021618;1,0;0,0776076471911059;0,7861247697019241;0,6586441863669917;0,014370919019560169;0,12277838661560987
Direito digital;Elaboração e atualização de políticas de privacidade e cookies;;Eva;2026-03-27 09:07:00;2026-07-27 15:10:00.000000000;2026-07-28 15:10:00.000000000;3,0;;8,0;2026-07-28 15:10:00.000000000;;AHP_APRENDIZAGEM_ESPECIALIZACAO_WORKLOAD;;;;;PENDENTE;True;0,965681887869618;1,0;1,0;0,7802681828719238;0,6586441863669917;0,1851740071976712;0,12186369430495501
Societário;Avaliação de impactos (societário, contratual, regulatório, concorrencial, trabalhista, tributário);;Eva;2026-03-27 09:08:00;2026-07-28 15:10:00.000000000;2026-07-29 15:10:00.000000000;3,0;;8,0;2026-07-29 15:10:00.000000000;;AHP_APRENDIZAGEM_ESPECIALIZACAO_WORKLOAD;;;;;PENDENTE;True;0,793964107380852;1,0;0,0776076471911059;0,7744115960419233;0,6586441863669917;0,014370919019560169;0,12094900199430014
Contratos;Contratos Financeiros ou Bancários;;Esaú;2026-03-27 09:09:00;2026-07-03 13:02:00.000000000;2026-07-06 13:02:00.000000000;3,0;;8,0;2026-07-06 13:02:00.000000000;;AHP_APRENDIZAGEM_ESPECIALIZACAO_WORKLOAD;;;;;PENDENTE;True;0,8979395974661087;1,0;0,5538181272099507;0,8755353286399299;0,6586441863669917;0,10255272187417619;0,1367426892249408
Societário;Atualização de Contrato Social / Estatuto;;Eva;2026-03-27 09:10:00;2026-07-29 15:10:00.000000000;2026-07-30 15:10:00.000000000;3,0;;8,0;2026-07-30 15:10:00.000000000;;AHP_APRENDIZAGEM_ESPECIALIZACAO_WORKLOAD;;;;;PENDENTE;True;0,7930494150701971;1,0;0,0776076471911059;0,7685550092119231;0,6586441863669917;0,014370919019560169;0,1200343096836453
Societário;Organização de livros societários;;Eva;2026-03-27 09:11:00;2026-07-30 15:10:00.000000000;2026-07-31 09:10:00.000000000;1,0;;2,0;2026-07-31 09:10:00.000000000;;AHP_APRENDIZAGEM_ESPECIALIZACAO_WORKLOAD;;;;;PENDENTE;True;0,7921347227595423;1,0;0,0776076471911059;0,7626984223819228;0,6586441863669917;0,014370919019560169;0,11911961737299044
Governança;Avaliação periódica da efetividade da governança;;Esaú;2026-03-27 09:12:00;2026-07-06 13:02:00.000000000;2026-07-07 13:02:00.000000000;3,0;;8,0;2026-07-07 13:02:00.000000000;;AHP_APRENDIZAGEM_ESPECIALIZACAO_WORKLOAD;;;;;PENDENTE;True;0,9796461904789489;1,0;1,0;0,8696787418099293;0,6586441863669917;0,1851740071976712;0,1358279969142859
Concorrencial;M&A Concorrencial;;Eva;2026-03-27 09:13:00;2026-07-31 09:10:00.000000000;2026-08-05 09:10:00.000000000;5,0;;24,0;2026-08-05 09:10:00.000000000;;AHP_APRENDIZAGEM_ESPECIALIZACAO_WORKLOAD;;;;;PENDENTE;True;0,9627091378599896;1,0;1,0;0,7612342756744225;0,6586441863669917;0,1851740071976712;0,11889094429532669
Contencioso;Avaliação de riscos, êxito e impacto financeiro;;Jacó;2026-03-27 09:14:00;2026-07-02 11:06:00.000000000;2026-07-02 13:06:00.000000000;1,0;;2,0;2026-07-02 13:06:00.000000000;;AHP_APRENDIZAGEM_ESPECIALIZACAO_WORKLOAD;;;;;PENDENTE;True;0,9816966257420001;1,0;1,0;0,8828072572871802;0,6586441863669917;0,1851740071976712;0,13787843217733722
Societário;Análise jurídica preliminar e de estrutura da operação;;Eva;2026-03-30 09:00:00;2026-08-05 09:10:00.000000000;2026-08-10 09:10:00.000000000;5,0;;24,0;2026-08-10 09:10:00.000000000;;AHP_APRENDIZAGEM_ESPECIALIZACAO_WORKLOAD;;;;;PENDENTE;True;0,8070551536078516;1,0;0,174236656460535;0,7436645151842702;0,6586441863669917;0,03226409987752127;0,11614686736333851
Societário;Estruturação jurídica de carve-outs, spin-offs e alienação de ativos;;Eva;2026-03-30 09:01:00;2026-08-10 09:10:00.000000000;2026-08-13 09:10:00.000000000;5,0;;24,0;2026-08-13 09:10:00.000000000;;AHP_APRENDIZAGEM_ESPECIALIZACAO_WORKLOAD;;;;;PENDENTE;True;0,8043110766758875;1,0;0,174236656460535;0,7260947546942728;0,6586441863669917;0,03226409987752127;0,11340279043137448
Societário;Estruturação de regras de governança;;Eva;2026-03-30 09:02:00;2026-08-13 09:10:00.000000000;2026-08-18 09:10:00.000000000;5,0;;24,0;2026-08-18 09:10:00.000000000;;AHP_APRENDIZAGEM_ESPECIALIZACAO_WORKLOAD;;;;;PENDENTE;True;0,8015669997439235;1,0;0,174236656460535;0,7085249942042752;0,6586441863669917;0,03226409987752127;0,11065871349941045
Societário;Atas de Reunião e Assembleia;;Eva;2026-03-30 09:03:00;2026-08-18 09:10:00.000000000;2026-08-18 13:10:00.000000000;2,0;;4,0;2026-08-18 13:10:00.000000000;;AHP_APRENDIZAGEM_ESPECIALIZACAO_WORKLOAD;;;;;PENDENTE;True;0,7988229228119594;1,0;0,174236656460535;0,6909552337142777;0,6586441863669917;0,03226409987752127;0,10791463656744643
Contratos;Contrato de Licença de Uso de Marca;;Esaú;2026-03-30 09:04:00;2026-07-07 13:02:00.000000000;2026-07-08 13:02:00.000000000;3,0;;8,0;2026-07-08 13:02:00.000000000;;AHP_APRENDIZAGEM_ESPECIALIZACAO_WORKLOAD;;;;;PENDENTE;True;0,8959859082791718;1,0;0,5531468420361788;0,8638221549797533;0,6586441863669917;0,10242841730857646;0,1349133046036036
Societário;Estruturação de veículos societários (SPVs);;Eva;2026-03-30 09:05:00;2026-08-18 13:10:00.000000000;2026-08-21 13:10:00.000000000;5,0;;24,0;2026-08-21 13:10:00.000000000;;AHP_APRENDIZAGEM_ESPECIALIZACAO_WORKLOAD;;;;;PENDENTE;True;0,7983655766566322;1,0;0,174236656460535;0,6880269402992781;0,6586441863669917;0,03226409987752127;0,1074572904121191
Societário;Aumento e redução de capital;;Eva;2026-03-30 09:06:00;2026-08-21 13:10:00.000000000;2026-08-21 15:10:00.000000000;1,0;;2,0;2026-08-21 15:10:00.000000000;;AHP_APRENDIZAGEM_ESPECIALIZACAO_WORKLOAD;;;;;PENDENTE;True;0,7956214997246681;1,0;0,174236656460535;0,6704571798092807;0,6586441863669917;0,03226409987752127;0,10471321348015508
Societário;Estruturação de veículos societários (SPVs);;Eva;2026-03-30 09:07:00;2026-08-21 15:10:00.000000000;2026-08-26 15:10:00.000000000;5,0;;24,0;2026-08-26 15:10:00.000000000;;AHP_APRENDIZAGEM_ESPECIALIZACAO_WORKLOAD;;;;;PENDENTE;True;0,7953928266470045;1,0;0,174236656460535;0,6689930331017808;0,6586441863669917;0,03226409987752127;0,1044845404024914
Contratos;Contrato de Hosting;;Esaú;2026-03-30 09:08:00;2026-07-08 13:02:00.000000000;2026-07-09 13:02:00.000000000;3,0;;8,0;2026-07-09 13:02:00.000000000;;AHP_APRENDIZAGEM_ESPECIALIZACAO_WORKLOAD;;;;;PENDENTE;True;0,8950712159685171;1,0;0,5531468420361788;0,8579655681497541;0,6586441863669917;0,10242841730857646;0,13399861229294893
Concorrencial;Análise de exclusividade, não concorrência e cláusulas MFN;;Eva;2026-03-30 09:09:00;2026-08-26 15:10:00.000000000;2026-08-27 09:10:00.000000000;1,0;;2,0;2026-08-27 09:10:00.000000000;;AHP_APRENDIZAGEM_ESPECIALIZACAO_WORKLOAD;;;;;PENDENTE;True;0,9455586570351903;1,0;1,0;0,6514232726117832;0,6586441863669917;0,1851740071976712;0,10174046347052737
Regulatório;Resposta a ofícios, exigências e questionamentos da CVM e do BCB;;Abraão;2026-03-30 09:10:00;2026-06-15 13:00:00.000000000;2026-06-15 15:00:00.000000000;1,0;;2,0;2026-06-15 15:00:00.000000000;;AHP_APRENDIZAGEM_ESPECIALIZACAO_WORKLOAD;;;;;PENDENTE;True;0,9933703863567024;1,0;1,0;0,9575519467048652;0,6586441863669917;0,1851740071976712;0,1495521927920395
Contratos;Contrato de Joint Venture;;Esaú;2026-03-30 09:11:00;2026-07-09 13:02:00.000000000;2026-07-14 13:01:59.999999999;5,0;;24,0;2026-07-14 13:01:59.999999999;;AHP_APRENDIZAGEM_ESPECIALIZACAO_WORKLOAD;;;;;PENDENTE;True;0,8941565236578625;1,0;0,5531468420361788;0,8521089813197551;0,6586441863669917;0,10242841730857646;0,13308391998229427
Societário;Atos perante Junta Comercial;;Eva;2026-03-30 09:12:00;2026-08-27 09:10:00.000000000;2026-08-27 11:10:00.000000000;1,0;;2,0;2026-08-27 11:10:00.000000000;;AHP_APRENDIZAGEM_ESPECIALIZACAO_WORKLOAD;;;;;PENDENTE;True;0,7924200766373768;1,0;0,174236656460535;0,6499591259042835;0,6586441863669917;0,03226409987752127;0,1015117903928637
Contratos;Contrato de Locação;;Esaú;2026-03-30 09:13:00;2026-07-14 13:01:59.999999999;2026-07-15 13:02:00.000000000;3,0;;8,0;2026-07-15 13:02:00.000000000;;AHP_APRENDIZAGEM_ESPECIALIZACAO_WORKLOAD;;;;;PENDENTE;True;0,8914124467258984;1,0;0,5531468420361788;0,8345392208297575;0,6586441863669917;0,10242841730857646;0,13033984305033022
Societário;Reorganizações societárias internas;;Eva;2026-03-30 09:14:00;2026-08-27 11:10:00.000000000;2026-09-01 11:10:00.000000000;5,0;;24,0;2026-09-01 11:10:00.000000000;;AHP_APRENDIZAGEM_ESPECIALIZACAO_WORKLOAD;;;;;PENDENTE;True;0,7921914035597131;1,0;0,174236656460535;0,6484949791967837;0,6586441863669917;0,03226409987752127;0,10128311731520002
Societário;Estruturação de regras de governança;;Eva;2026-03-31 09:00:00;2026-09-01 11:10:00.000000000;2026-09-04 11:10:00.000000000;5,0;;24,0;2026-09-04 11:10:00.000000000;;AHP_APRENDIZAGEM_ESPECIALIZACAO_WORKLOAD;;;;;PENDENTE;True;0,7934467658654522;1,0;0,19583493204050773;0,6309252187067862;0,6586441863669917;0,036263539115224425;0,098539040383236
Contratos;Contrato de Mútuo, Doação ou Comodato;;Esaú;2026-03-31 09:01:00;2026-07-15 13:02:00.000000000;2026-07-16 13:02:00.000000000;3,0;;8,0;2026-07-16 13:02:00.000000000;;AHP_APRENDIZAGEM_ESPECIALIZACAO_WORKLOAD;;;;;PENDENTE;True;0,8904977544152437;1,0;0,5531468420361788;0,8286826339997583;0,6586441863669917;0,10242841730857646;0,12942515073967556
Societário;Acordo de Sócios / Acionistas;;Eva;2026-03-31 09:02:00;2026-09-04 11:10:00.000000000;2026-09-07 11:10:00.000000000;3,0;;8,0;2026-09-07 11:10:00.000000000;;AHP_APRENDIZAGEM_ESPECIALIZACAO_WORKLOAD;;;;;PENDENTE;True;0,790702688933488;1,0;0,19583493204050773;0,6133554582167886;0,6586441863669917;0,036263539115224425;0,09579496345127197
Societário;Estruturação societária internacional;;Eva;2026-03-31 09:03:00;2026-09-07 11:10:00.000000000;2026-09-10 11:10:00.000000000;5,0;;24,0;2026-09-10 11:10:00.000000000;;AHP_APRENDIZAGEM_ESPECIALIZACAO_WORKLOAD;;;;;PENDENTE;True;0,7897879966228334;1,0;0,19583493204050773;0,6074988713867894;0,6586441863669917;0,036263539115224425;0,09488027114061728
Trabalhista;Análise de regimes de jornada e banco de horas;;Eva;2026-03-31 09:04:00;2026-09-10 11:10:00.000000000;2026-09-10 13:10:00.000000000;1,0;;2,0;2026-09-10 13:10:00.000000000;;AHP_APRENDIZAGEM_ESPECIALIZACAO_WORKLOAD;;;;;PENDENTE;True;0,9359543877733162;1,0;1,0;0,5899291108967919;0,6586441863669917;0,1851740071976712;0,09213619420865327
Governança;Acompanhamento de planos de mitigação;;Esaú;2026-03-31 09:05:00;2026-07-16 13:02:00.000000000;2026-07-16 15:02:00.000000000;1,0;;2,0;2026-07-16 15:02:00.000000000;;AHP_APRENDIZAGEM_ESPECIALIZACAO_WORKLOAD;;;;;PENDENTE;True;0,9723286519936838;1,0;1,0;0,822826047169759;0,6586441863669917;0,1851740071976712;0,12851045842902087
Contratos;Contratos imobiliários;;Esaú;2026-03-31 09:06:00;2026-07-16 15:02:00.000000000;2026-07-17 15:02:00.000000000;3,0;;8,0;2026-07-17 15:02:00.000000000;;AHP_APRENDIZAGEM_ESPECIALIZACAO_WORKLOAD;;;;;PENDENTE;True;0,8893543890269253;1,0;0,5531468420361788;0,8213619004622593;0,6586441863669917;0,10242841730857646;0,1282817853513572
Contratos;Letter of Intent;;Esaú;2026-03-31 09:07:00;2026-07-17 15:02:00.000000000;2026-07-20 09:02:00.000000000;1,0;;2,0;2026-07-20 09:02:00.000000000;;AHP_APRENDIZAGEM_ESPECIALIZACAO_WORKLOAD;;;;;PENDENTE;True;0,8884396967162707;1,0;0,5531468420361788;0,8155053136322602;0,6586441863669917;0,10242841730857646;0,12736709304070254
Contratos;Contrato de Licenciamento de Software;;Esaú;2026-03-31 09:08:00;2026-07-20 09:02:00.000000000;2026-07-22 09:01:59.999999999;4,0;;16,0;2026-07-22 09:01:59.999999999;;AHP_APRENDIZAGEM_ESPECIALIZACAO_WORKLOAD;;;;;PENDENTE;True;0,888211023638607;1,0;0,5531468420361788;0,8140411669247604;0,6586441863669917;0,10242841730857646;0,12713841996303887
Contratos;Contrato de compra e venda;;Esaú;2026-03-31 09:09:00;2026-07-22 09:01:59.999999999;2026-07-23 09:01:59.999999999;3,0;;8,0;2026-07-23 09:01:59.999999999;;AHP_APRENDIZAGEM_ESPECIALIZACAO_WORKLOAD;;;;;PENDENTE;True;0,8863816390172977;1,0;0,5531468420361788;0,8023279932647621;0,6586441863669917;0,10242841730857646;0,12530903534172952
Contratos;Contratos Administrativos;;Esaú;2026-03-31 09:10:00;2026-07-23 09:01:59.999999999;2026-07-24 09:01:59.999999999;3,0;;8,0;2026-07-24 09:01:59.999999999;;AHP_APRENDIZAGEM_ESPECIALIZACAO_WORKLOAD;;;;;PENDENTE;True;0,885466946706643;1,0;0,5531468420361788;0,7964714064347629;0,6586441863669917;0,10242841730857646;0,12439434303107484
Governança;Planejamento de Agenda do Conselho de Administração;;Esaú;2026-03-31 09:11:00;2026-07-24 09:01:59.999999999;2026-07-24 11:01:59.999999999;1,0;;2,0;2026-07-24 11:01:59.999999999;;AHP_APRENDIZAGEM_ESPECIALIZACAO_WORKLOAD;;;;;PENDENTE;True;0,9672978442850831;1,0;1,0;0,7906148196047638;0,6586441863669917;0,1851740071976712;0,12347965072042018
Governança;Gestão de documentos de governança;;Esaú;2026-03-31 09:12:00;2026-07-24 11:01:59.999999999;2026-07-27 11:02:00.000000000;3,0;;8,0;2026-07-27 11:02:00.000000000;;AHP_APRENDIZAGEM_ESPECIALIZACAO_WORKLOAD;;;;;PENDENTE;True;0,9670691712074194;1,0;1,0;0,7891506728972639;0,6586441863669917;0,1851740071976712;0,1232509776427565
Contratos;Contrato de Mútuo, Doação ou Comodato;;Esaú;2026-03-31 09:13:00;2026-07-27 11:02:00.000000000;2026-07-28 11:02:00.000000000;3,0;;8,0;2026-07-28 11:02:00.000000000;;AHP_APRENDIZAGEM_ESPECIALIZACAO_WORKLOAD;;;;;PENDENTE;True;0,88340888900767;1,0;0,5531468420361788;0,7832940860672648;0,6586441863669917;0,10242841730857646;0,12233628533210184
Contratos;Contrato de Locação;;Esaú;2026-03-31 09:14:00;2026-07-28 11:02:00.000000000;2026-07-29 11:02:00.000000000;3,0;;8,0;2026-07-29 11:02:00.000000000;;AHP_APRENDIZAGEM_ESPECIALIZACAO_WORKLOAD;;;;;PENDENTE;True;0,8824941966970153;1,0;0,5531468420361788;0,7774374992372656;0,6586441863669917;0,10242841730857646;0,12142159302144714
Societário;Análise jurídica preliminar e de estrutura da operação;;Eva;2026-04-01 09:00:00;2026-09-10 13:10:00.000000000;2026-09-15 13:10:00.000000000;5,0;;24,0;2026-09-15 13:10:00.000000000;;AHP_APRENDIZAGEM_ESPECIALIZACAO_WORKLOAD;;;;;PENDENTE;True;0,7868152466132244;1,0;0,19583493204050773;0,5884649641894119;0,6586441863669917;0,036263539115224425;0,09190752113100831
Contratos;Outros tipos contratuais;;Esaú;2026-04-01 09:01:00;2026-07-29 11:02:00.000000000;2026-07-30 11:02:00.000000000;3,0;;8,0;2026-07-30 11:02:00.000000000;;AHP_APRENDIZAGEM_ESPECIALIZACAO_WORKLOAD;;;;;PENDENTE;True;0,8856903338623707;1,0;0,5753466612127295;0,7715809124074232;0,6586441863669917;0,10653924678456206;0,12050690071081696
Contratos;NDA;;Esaú;2026-04-01 09:02:00;2026-07-30 11:02:00.000000000;2026-07-30 13:02:00.000000000;1,0;;2,0;2026-07-30 13:02:00.000000000;;AHP_APRENDIZAGEM_ESPECIALIZACAO_WORKLOAD;;;;;PENDENTE;True;0,8851375410251348;1,0;0,5773010363374875;0,7657243255774229;0,6586441863669917;0,10690114625798094;0,1195922084001621
Direito financeiro;Registro de garantias em cartórios e sistemas competentes;;Adão;2026-04-01 09:03:00;2026-06-04 11:00:59.999999999;2026-06-04 13:00:59.999999999;1,0;;2,0;2026-06-04 13:00:59.999999999;;AHP_APRENDIZAGEM_ESPECIALIZACAO_WORKLOAD;;;;;PENDENTE;True;0,8148259928023288;1,0;0,0;1,0;0,6586441863669917;0,0;0,1561818064353371
Contratos;Contratos Financeiros ou Bancários;;Esaú;2026-04-01 09:04:00;2026-07-30 13:02:00.000000000;2026-07-31 13:02:00.000000000;3,0;;8,0;2026-07-31 13:02:00.000000000;;AHP_APRENDIZAGEM_ESPECIALIZACAO_WORKLOAD;;;;;PENDENTE;True;0,8850838899325724;1,0;0,5773010363374875;0,7653808086609074;0,6586441863669917;0,10690114625798094;0,11953855730759963
Concorrencial;Avaliação de riscos concorrenciais;;Eva;2026-04-01 09:05:00;2026-09-15 13:10:00.000000000;2026-09-15 15:10:00.000000000;1,0;;2,0;2026-09-15 15:10:00.000000000;;AHP_APRENDIZAGEM_ESPECIALIZACAO_WORKLOAD;;;;;PENDENTE;True;0,9331123775491865;1,0;1,0;0,5717323036693996;0,6586441863669917;0,1851740071976712;0,08929418398452355
Contratos;Contrato de trabalho;;Esaú;2026-04-01 09:06:00;2026-07-31 13:02:00.000000000;2026-07-31 15:02:00.000000000;1,0;;2,0;2026-07-31 15:02:00.000000000;;AHP_APRENDIZAGEM_ESPECIALIZACAO_WORKLOAD;;;;;PENDENTE;True;0,8841678564144579;1,0;0,5773010363374875;0,7595156343552584;0,6586441863669917;0,10690114625798094;0,11862252378948523
Societário;Integração societária;;Eva;2026-04-01 09:07:00;2026-09-15 15:10:00.000000000;2026-09-16 09:10:00.000000000;1,0;;2,0;2026-09-16 09:10:00.000000000;;AHP_APRENDIZAGEM_ESPECIALIZACAO_WORKLOAD;;;;;PENDENTE;True;0,7839729010872111;1,0;0,19583493204050773;0,5702660100929875;0,6586441863669917;0,036263539115224425;0,08906517560499497
Contencioso;Gestão de provas e documentos;;Jacó;2026-04-01 09:08:00;2026-07-02 13:06:00.000000000;2026-07-02 15:06:00.000000000;1,0;;2,0;2026-07-02 15:06:00.000000000;;AHP_APRENDIZAGEM_ESPECIALIZACAO_WORKLOAD;;;;;PENDENTE;True;0,9816697876219307;1,0;1,0;0,8826354183215418;0,6586441863669917;0,1851740071976712;0,13785159405726782
Regulatório;Elaboração de defesas, manifestações e recursos;;Abraão;2026-04-01 09:09:00;2026-06-15 15:00:00.000000000;2026-06-17 15:00:00.000000000;4,0;;16,0;2026-06-17 15:00:00.000000000;;AHP_APRENDIZAGEM_ESPECIALIZACAO_WORKLOAD;;;;;PENDENTE;True;0,9933606653968337;1,0;1,0;0,9574897053971824;0,6586441863669917;0,1851740071976712;0,14954247183217068
Societário;Estruturação de holdings e grupos;;Eva;2026-04-01 09:10:00;2026-09-16 09:10:00.000000000;2026-09-21 09:10:00.000000000;5,0;;24,0;2026-09-21 09:10:00.000000000;;AHP_APRENDIZAGEM_ESPECIALIZACAO_WORKLOAD;;;;;PENDENTE;True;0,7837438927076825;1,0;0,19583493204050773;0,5687997165165752;0,6586441863669917;0,036263539115224425;0,08883616722546638
Societário;Aprovações regulatórias e concorrenciais;;Eva;2026-04-01 09:11:00;2026-09-21 09:10:00.000000000;2026-09-22 09:10:00.000000000;3,0;;8,0;2026-09-22 09:10:00.000000000;;AHP_APRENDIZAGEM_ESPECIALIZACAO_WORKLOAD;;;;;PENDENTE;True;0,7809957921533394;1,0;0,19583493204050773;0,5512041935996286;0,6586441863669917;0,036263539115224425;0,08608806667112327
Direito financeiro;Apoio jurídico à governança financeira corporativa;;Adão;2026-04-01 09:12:00;2026-06-04 13:00:59.999999999;2026-06-05 13:01:00.000000000;3,0;;8,0;2026-06-05 13:01:00.000000000;;AHP_APRENDIZAGEM_ESPECIALIZACAO_WORKLOAD;;;;;PENDENTE;True;0,8148259928023288;1,0;0,0;1,0;0,6586441863669917;0,0;0,1561818064353371
Contratos;Contrato de Representação Comercial;;Esaú;2026-04-01 09:13:00;2026-07-31 15:02:00.000000000;2026-08-03 15:02:00.000000000;3,0;;8,0;2026-08-03 15:02:00.000000000;;AHP_APRENDIZAGEM_ESPECIALIZACAO_WORKLOAD;;;;;PENDENTE;True;0,8846373434367507;1,0;0,5773010363374875;0,7625216632456151;0,6586441863669917;0,10690114625798094;0,11909201081177796
Societário;Avaliação de impactos (societário, contratual, regulatório, concorrencial, trabalhista, tributário);;Eva;2026-04-01 09:14:00;2026-09-22 09:10:00.000000000;2026-09-23 09:10:00.000000000;3,0;;8,0;2026-09-23 09:10:00.000000000;;AHP_APRENDIZAGEM_ESPECIALIZACAO_WORKLOAD;;;;;PENDENTE;True;0,7805822546825393;1,0;0,19583493204050773;0,5485563981858184;0,6586441863669917;0,036263539115224425;0,08567452920032319
Concorrencial;Contencioso Administrativo Concorrencial;;Eva;2026-04-02 09:00:00;2026-09-23 09:10:00.000000000;2026-09-25 09:10:00.000000000;4,0;;16,0;2026-09-25 09:10:00.000000000;;AHP_APRENDIZAGEM_ESPECIALIZACAO_WORKLOAD;;;;;PENDENTE;True;0,9285712848529055;1,0;1,0;0,5426566206565961;0,6586441863669917;0,1851740071976712;0,08475309128824265
Societário;Estruturação de holdings e grupos;;Eva;2026-04-02 09:01:00;2026-09-25 09:10:00.000000000;2026-09-30 09:10:00.000000000;5,0;;24,0;2026-09-30 09:10:00.000000000;;AHP_APRENDIZAGEM_ESPECIALIZACAO_WORKLOAD;;;;;PENDENTE;True;0,7777413214212788;1,0;0,19542116162975542;0,5308570655981514;0,6586441863669917;0,0361869195902056;0,08291021546408153
Societário;Due diligence;;Eva;2026-04-02 09:02:00;2026-09-30 09:10:00.000000000;2026-10-05 09:10:00.000000000;5,0;;24,0;2026-10-05 09:10:00.000000000;;AHP_APRENDIZAGEM_ESPECIALIZACAO_WORKLOAD;;;;;PENDENTE;True;0,7749770076850372;1,0;0,19542116162975542;0,5131577330104845;0,6586441863669917;0,0361869195902056;0,08014590172783989
Concorrencial;Gestão de canal de dúvidas;;Eva;2026-04-02 09:03:00;2026-10-05 09:10:00.000000000;2026-10-05 11:10:00.000000000;1,0;;2,0;2026-10-05 11:10:00.000000000;;AHP_APRENDIZAGEM_ESPECIALIZACAO_WORKLOAD;;;;;PENDENTE;True;0,9211997815562611;1,0;1,0;0,4954584004228173;0,6586441863669917;0,1851740071976712;0,0773815879915982
Societário;Consolidação das versões finais dos documentos;;Eva;2026-04-02 09:04:00;2026-10-05 11:10:00.000000000;2026-10-05 13:10:00.000000000;1,0;;2,0;2026-10-05 13:10:00.000000000;;AHP_APRENDIZAGEM_ESPECIALIZACAO_WORKLOAD;;;;;PENDENTE;True;0,7719823344707755;1,0;0,19542116162975542;0,4939834560405119;0,6586441863669917;0,0361869195902056;0,07715122851357809
Direito financeiro;Interface com escritórios externos;;Adão;2026-04-02 09:05:00;2026-06-05 13:01:00.000000000;2026-06-05 15:01:00.000000000;1,0;;2,0;2026-06-05 15:01:00.000000000;;AHP_APRENDIZAGEM_ESPECIALIZACAO_WORKLOAD;;;;;PENDENTE;True;0,8148259928023288;1,0;0,0;1,0;0,6586441863669917;0,0;0,1561818064353371
Governança;Política de Conflito de Interesses e de Partes Relacionadas;;Esaú;2026-04-02 09:06:00;2026-08-03 15:02:00.000000000;2026-08-04 15:02:00.000000000;3,0;;8,0;2026-08-04 15:02:00.000000000;;AHP_APRENDIZAGEM_ESPECIALIZACAO_WORKLOAD;;;;;PENDENTE;True;0,9621633189422092;1,0;1,0;0,7577395093489581;0,6586441863669917;0,1851740071976712;0,11834512537754628
Societário;Estruturação de regras de governança;;Eva;2026-04-02 09:07:00;2026-10-05 13:10:00.000000000;2026-10-08 13:10:00.000000000;5,0;;24,0;2026-10-08 13:10:00.000000000;;AHP_APRENDIZAGEM_ESPECIALIZACAO_WORKLOAD;;;;;PENDENTE;True;0,771865596581946;1,0;0,19542116162975542;0,49323600733637785;0,6586441863669917;0,0361869195902056;0,07703449062474868
Societário;Elaboração e negociação de  SHA;;Eva;2026-04-02 09:08:00;2026-10-08 13:10:00.000000000;2026-10-09 13:09:59.999999999;3,0;;8,0;2026-10-09 13:09:59.999999999;;AHP_APRENDIZAGEM_ESPECIALIZACAO_WORKLOAD;;;;;PENDENTE;True;0,7690971996141487;1,0;0,19542116162975542;0,47551053065645815;0,6586441863669917;0,0361869195902056;0,07426609365695137
Contratos;Letter of Intent;;Esaú;2026-04-02 09:09:00;2026-08-04 15:02:00.000000000;2026-08-05 09:02:00.000000000;1,0;;2,0;2026-08-05 09:02:00.000000000;;AHP_APRENDIZAGEM_ESPECIALIZACAO_WORKLOAD;;;;;PENDENTE;True;0,8832256903500332;1,0;0,5786944896665206;0,7518310171223181;0,6586441863669917;0,10715917759476094;0,11742232638828051
Regulatório;Análise de risco sancionador e reputacional;;Abraão;2026-04-02 09:10:00;2026-06-17 15:00:00.000000000;2026-06-17 17:00:00.000000000;1,0;;2,0;2026-06-17 17:00:00.000000000;;AHP_APRENDIZAGEM_ESPECIALIZACAO_WORKLOAD;;;;;PENDENTE;True;0,9926195305837682;1,0;1,0;0,9527443715456864;0,6586441863669917;0,1851740071976712;0,14880133701910528
Contratos;Contrato de Locação;;Esaú;2026-04-02 09:11:00;2026-08-05 09:02:00.000000000;2026-08-06 09:01:59.999999999;3,0;;8,0;2026-08-06 09:01:59.999999999;;AHP_APRENDIZAGEM_ESPECIALIZACAO_WORKLOAD;;;;;PENDENTE;True;0,8829949906027167;1,0;0,5786944896665206;0,750353894065658;0,6586441863669917;0,10715917759476094;0,11719162664096404
Societário;Estruturação de regras de governança;;Eva;2026-04-02 09:12:00;2026-10-09 13:09:59.999999999;2026-10-14 13:10:00.000000000;5,0;;24,0;2026-10-14 13:10:00.000000000;;AHP_APRENDIZAGEM_ESPECIALIZACAO_WORKLOAD;;;;;PENDENTE;True;0,768174400624883;1,0;0,19542116162975542;0,4696020384298181;0,6586441863669917;0,0361869195902056;0,07334329466768559
Societário;Gestão de earn-outs, ajustes de preço e garantias;;Eva;2026-04-02 09:13:00;2026-10-14 13:10:00.000000000;2026-10-14 15:10:00.000000000;1,0;;2,0;2026-10-14 15:10:00.000000000;;AHP_APRENDIZAGEM_ESPECIALIZACAO_WORKLOAD;;;;;PENDENTE;True;0,7654060036570856;1,0;0,19542116162975542;0,4518765617498984;0,6586441863669917;0,0361869195902056;0,07057489769988828
Societário;Due diligence societária;;Eva;2026-04-02 09:14:00;2026-10-14 15:10:00.000000000;2026-10-19 15:10:00.000000000;5,0;;24,0;2026-10-19 15:10:00.000000000;;AHP_APRENDIZAGEM_ESPECIALIZACAO_WORKLOAD;;;;;PENDENTE;True;0,7651753039097692;1,0;0,19542116162975542;0,4503994386932384;0,6586441863669917;0,0361869195902056;0,07034419795257184
Societário;Elaboração e negociação de  SHA;;Eva;2026-04-03 09:00:00;2026-10-19 15:10:00.000000000;2026-10-20 15:10:00.000000000;3,0;;8,0;2026-10-20 15:10:00.000000000;;AHP_APRENDIZAGEM_ESPECIALIZACAO_WORKLOAD;;;;;PENDENTE;True;0,7623953487036078;1,0;0,19535874337495293;0,43267396201331865;0,6586441863669917;0,03617536135184153;0,06757580098477453
Societário;Suporte jurídico às negociações comerciais;;Eva;2026-04-03 09:01:00;2026-10-20 15:10:00.000000000;2026-10-21 15:10:00.000000000;3,0;;8,0;2026-10-21 15:10:00.000000000;;AHP_APRENDIZAGEM_ESPECIALIZACAO_WORKLOAD;;;;;PENDENTE;True;0,761472549714342;1,0;0,19535874337495293;0,42676546978667873;0,6586441863669917;0,03617536135184153;0,06665300199550876
Societário;Estruturação jurídica de carve-outs, spin-offs e alienação de ativos;;Eva;2026-04-03 09:02:00;2026-10-21 15:10:00.000000000;2026-10-26 15:10:00.000000000;5,0;;24,0;2026-10-26 15:10:00.000000000;;AHP_APRENDIZAGEM_ESPECIALIZACAO_WORKLOAD;;;;;PENDENTE;True;0,7605497507250762;1,0;0,19535874337495293;0,420856977560039;0,6586441863669917;0,03617536135184153;0,06573020300624302
Governança;Outras atividades de governança;;Esaú;2026-04-03 09:03:00;2026-08-06 09:01:59.999999999;2026-08-07 09:01:59.999999999;3,0;;8,0;2026-08-07 09:01:59.999999999;;AHP_APRENDIZAGEM_ESPECIALIZACAO_WORKLOAD;;;;;PENDENTE;True;0,9600870212163612;1,0;1,0;0,7444454018390182;0,6586441863669917;0,1851740071976712;0,11626882765169828
Contratos;Contrato de trabalho;;Esaú;2026-04-03 09:04:00;2026-08-07 09:01:59.999999999;2026-08-07 11:01:59.999999999;1,0;;2,0;2026-08-07 11:01:59.999999999;;AHP_APRENDIZAGEM_ESPECIALIZACAO_WORKLOAD;;;;;PENDENTE;True;0,8853317757617173;1,0;0,6012807219397546;0,7385369096123783;0,6586441863669917;0,11134156073229304;0,11534602866243251
Societário;Suporte jurídico às negociações comerciais;;Eva;2026-04-03 09:05:00;2026-10-26 15:10:00.000000000;2026-10-27 15:10:00.000000000;3,0;;8,0;2026-10-27 15:10:00.000000000;;AHP_APRENDIZAGEM_ESPECIALIZACAO_WORKLOAD;;;;;PENDENTE;True;0,757781353757279;1,0;0,19535874337495293;0,4031315008801193;0,6586441863669917;0,03617536135184153;0,06296180603844571
Societário;Gestão de earn-outs, ajustes de preço e garantias;;Eva;2026-04-03 09:06:00;2026-10-27 15:10:00.000000000;2026-10-28 09:10:00.000000000;1,0;;2,0;2026-10-28 09:10:00.000000000;;AHP_APRENDIZAGEM_ESPECIALIZACAO_WORKLOAD;;;;;PENDENTE;True;0,7568585547680132;1,0;0,19535874337495293;0,39722300865347937;0,6586441863669917;0,03617536135184153;0,06203900704917995
Societário;Gestão de passivos;;Eva;2026-04-03 09:07:00;2026-10-28 09:10:00.000000000;2026-10-28 11:10:00.000000000;1,0;;2,0;2026-10-28 11:10:00.000000000;;AHP_APRENDIZAGEM_ESPECIALIZACAO_WORKLOAD;;;;;PENDENTE;True;0,7566278550206967;1,0;0,19535874337495293;0,3957458855968193;0,6586441863669917;0,03617536135184153;0,06180830730186349
Societário;Avaliação de impactos (societário, contratual, regulatório, concorrencial, trabalhista, tributário);;Eva;2026-04-03 09:08:00;2026-10-28 11:10:00.000000000;2026-10-29 11:10:00.000000000;3,0;;8,0;2026-10-29 11:10:00.000000000;;AHP_APRENDIZAGEM_ESPECIALIZACAO_WORKLOAD;;;;;PENDENTE;True;0,7563971552733803;1,0;0,19535874337495293;0,3942687625401593;0,6586441863669917;0,03617536135184153;0,06157760755454705
Societário;Análise jurídica preliminar e de estrutura da operação;;Eva;2026-04-03 09:09:00;2026-10-29 11:10:00.000000000;2026-11-03 11:10:00.000000000;5,0;;24,0;2026-11-03 11:10:00.000000000;;AHP_APRENDIZAGEM_ESPECIALIZACAO_WORKLOAD;;;;;PENDENTE;True;0,7554743562841145;1,0;0,19535874337495293;0,3883602703135194;0,6586441863669917;0,03617536135184153;0,06065480856528128
